bout_id,fight_date,decision,fotn,card_position,is_title,in_sample_b,D,S
17881,2015-09-05,unanimous,False,,,False,1.051141,-0.780963
17878,2015-09-05,unanimous,False,main_event,True,False,0.68326,-0.497595
17879,2015-09-05,unanimous,False,co_main,False,False,0.877514,-0.635597
17883,2015-09-05,split,False,prelims,False,True,0.844789,-1.071102
17783,2015-09-26,unanimous,False,main_card,False,False,-0.056647,-0.322599
17781,2015-09-26,unanimous,False,main_event,False,False,0.007182,0.01829
17784,2015-09-26,unanimous,False,main_card,False,False,0.011065,-0.26673
17871,2015-10-03,unanimous,False,prelims,False,False,0.850354,0.010399
17876,2015-10-03,unanimous,False,prelims,False,False,-0.116065,0.190587
17870,2015-10-03,unanimous,False,main_card,False,False,0.349551,-0.239627
17866,2015-10-03,split,True,main_event,True,True,0.165206,0.027444
17867,2015-10-03,unanimous,False,co_main,False,False,0.46534,0.072455
17868,2015-10-03,unanimous,False,main_card,False,False,-0.307104,0.207825
17869,2015-10-03,unanimous,False,main_card,False,False,0.390324,-0.312945
17777,2015-10-24,split,False,prelims,False,True,0.491872,-0.16528
17779,2015-10-24,unanimous,False,prelims,False,False,0.158465,-0.008866
17772,2015-10-24,unanimous,False,co_main,False,False,0.311238,0.252291
17864,2015-11-07,split,False,prelims,False,True,0.161872,-0.211195
17857,2015-11-07,unanimous,False,main_card,False,False,-0.094325,0.193665
17858,2015-11-07,unanimous,False,main_card,False,False,0.243449,-0.059427
17860,2015-11-07,unanimous,False,prelims,False,False,0.519476,0.118961
17863,2015-11-07,unanimous,False,prelims,False,False,-0.011945,-0.049397
17843,2015-11-14,unanimous,False,main_card,False,False,0.950673,-0.140228
17841,2015-11-14,unanimous,False,co_main,True,False,0.524701,0.504088
17844,2015-11-14,unanimous,False,main_card,False,False,0.106532,0.319464
17848,2015-11-14,unanimous,False,prelims,False,False,0.468318,0.169056
17827,2015-11-21,split,True,main_event,False,True,0.481808,0.675412
17833,2015-11-21,unanimous,False,prelims,False,False,0.188417,0.198213
17829,2015-11-21,split,False,main_card,False,True,0.090404,0.232647
17832,2015-11-21,unanimous,False,main_card,False,False,0.15743,0.115102
17828,2015-11-21,unanimous,False,co_main,False,False,0.366803,1.140607
17816,2015-11-28,split,False,main_event,False,True,0.563678,0.893264
17821,2015-11-28,split,False,prelims,False,True,0.194338,0.336708
17728,2015-12-10,unanimous,False,main_card,False,False,-0.081561,0.061069
17735,2015-12-10,split,False,prelims,False,True,0.06445,0.13052
17752,2015-12-11,unanimous,False,main_card,False,False,0.33966,0.709307
17756,2015-12-11,unanimous,False,prelims,False,False,0.264067,0.064033
17808,2015-12-12,unanimous,False,main_card,False,False,0.446148,0.728577
17807,2015-12-12,unanimous,False,main_card,False,False,0.87077,0.473463
17806,2015-12-12,split,False,main_card,False,True,0.191352,0.238929
17809,2015-12-12,unanimous,False,prelims,False,False,0.507482,0.058538
17814,2015-12-12,split,False,prelims,False,True,0.307909,0.295398
17793,2015-12-19,unanimous,True,main_card,False,False,1.108427,1.132578
17797,2015-12-19,split,False,prelims,False,True,2.751599,1.110758
17799,2015-12-19,split,False,prelims,False,True,1.057419,1.004476
17739,2016-01-02,split,False,main_card,False,True,0.128681,0.077939
17745,2016-01-02,unanimous,False,prelims,False,False,0.023146,-0.066938
17746,2016-01-02,unanimous,False,prelims,False,False,0.460696,-0.372745
17737,2016-01-02,split,True,main_event,True,True,-0.054567,0.232207
17744,2016-01-02,unanimous,False,,,False,-0.206162,-0.335503
17747,2016-01-02,split,False,prelims,False,True,-0.205888,0.497127
17712,2016-01-17,split,True,main_event,True,True,0.874598,-0.243229
17713,2016-01-17,split,False,co_main,False,True,0.70342,-0.161065
17715,2016-01-17,unanimous,False,main_card,False,False,0.073249,-0.000206
17680,2016-01-30,unanimous,False,prelims,False,False,0.075644,-0.47423
17682,2016-01-30,unanimous,False,prelims,False,False,-0.035154,0.380391
17677,2016-01-30,unanimous,True,main_card,False,False,0.782493,-0.114658
17679,2016-01-30,unanimous,False,prelims,False,False,-0.479307,0.213265
17702,2016-02-06,unanimous,False,main_card,False,False,0.515226,-0.152797
17701,2016-02-06,unanimous,False,co_main,False,False,0.481151,-0.091551
17703,2016-02-06,unanimous,False,main_card,False,False,0.039662,-0.187292
17706,2016-02-06,unanimous,False,prelims,False,False,-0.449536,0.140058
17708,2016-02-06,unanimous,False,prelims,False,False,1.524654,0.721566
17674,2016-02-21,unanimous,False,prelims,False,False,-0.192287,-0.431672
17665,2016-02-21,unanimous,False,main_card,False,False,0.071873,0.068513
17667,2016-02-21,unanimous,False,main_card,False,False,0.154721,-0.214333
17651,2016-02-27,unanimous,False,main_card,False,False,0.364522,-0.439089
17657,2016-02-27,unanimous,False,prelims,False,False,0.311686,-0.006052
17653,2016-02-27,unanimous,False,prelims,False,False,0.574001,-0.002188
17649,2016-02-27,unanimous,True,main_event,False,False,-0.159951,0.468701
17650,2016-02-27,unanimous,False,co_main,False,False,0.947818,0.10622
17652,2016-02-27,split,False,main_card,False,True,0.51668,-0.167951
17658,2016-02-27,unanimous,False,prelims,False,False,0.079799,0.269003
17697,2016-03-05,unanimous,False,prelims,False,False,0.057782,0.377224
17696,2016-03-05,unanimous,False,prelims,False,False,0.731265,-0.135731
17692,2016-03-05,unanimous,False,main_card,False,False,0.686884,0.303928
17690,2016-03-05,unanimous,False,main_card,False,False,-0.498929,-0.112506
17691,2016-03-05,unanimous,False,main_card,False,False,0.429435,0.202721
17642,2016-03-19,unanimous,False,main_card,False,False,0.333063,0.2048
17646,2016-03-19,unanimous,False,prelims,False,False,0.238902,-0.155555
17647,2016-03-19,split,False,prelims,False,True,0.119427,-0.186101
17589,2016-04-10,unanimous,False,main_event,False,False,0.463279,-0.192577
17593,2016-04-10,unanimous,False,,,False,0.162702,-0.483435
17599,2016-04-10,split,False,prelims,False,True,-0.072104,-0.230793
17595,2016-04-10,unanimous,False,prelims,False,False,0.652907,-0.292124
17603,2016-04-16,unanimous,False,,,False,0.342623,0.248687
17607,2016-04-16,split,False,prelims,False,True,0.366238,-0.04483
17605,2016-04-16,unanimous,False,main_card,False,False,0.157693,-0.288261
17580,2016-04-23,unanimous,False,main_card,False,False,0.453567,-0.091477
17588,2016-04-23,unanimous,False,prelims,False,False,0.301327,-0.098256
17579,2016-04-23,unanimous,False,main_card,False,False,0.619531,-0.068026
17582,2016-04-23,unanimous,False,prelims,False,False,0.116226,-0.16536
17577,2016-04-23,unanimous,False,main_event,True,False,0.395418,-0.787853
17584,2016-04-23,unanimous,False,prelims,False,False,0.25166,-0.191836
17574,2016-05-08,unanimous,False,prelims,False,False,1.21428,-1.070449
17569,2016-05-08,unanimous,False,main_card,False,False,0.898507,-0.24123
17570,2016-05-08,unanimous,False,prelims,False,False,0.011653,-0.526817
17616,2016-05-14,split,False,main_card,False,True,0.211854,-0.460745
17617,2016-05-14,unanimous,False,main_card,False,False,0.157047,0.349547
17620,2016-05-14,unanimous,True,prelims,False,False,-0.193971,0.286905
17536,2016-05-29,split,False,prelims,False,True,0.02086,0.135678
17527,2016-05-29,unanimous,True,co_main,False,False,0.375136,0.457617
17528,2016-05-29,unanimous,False,main_card,False,False,0.232602,0.27559
17529,2016-05-29,unanimous,False,main_card,False,False,0.584462,0.078722
17530,2016-05-29,split,False,main_card,False,True,-0.021031,0.126083
17531,2016-05-29,unanimous,False,main_card,False,False,-0.070172,0.448813
17532,2016-05-29,unanimous,False,prelims,False,False,0.011359,-0.087141
17560,2016-06-04,split,False,prelims,False,True,0.347205,-0.00456
17553,2016-06-04,unanimous,False,main_card,False,False,0.574879,0.276646
17552,2016-06-04,unanimous,False,co_main,True,False,0.056705,-0.302821
17559,2016-06-04,unanimous,False,prelims,False,False,1.916321,0.170862
17543,2016-06-18,split,False,prelims,False,True,0.375409,-0.144904
17538,2016-06-18,unanimous,False,main_event,False,False,0.201321,0.141315
17547,2016-06-18,unanimous,False,prelims,False,False,-1.340101,0.563069
17515,2016-07-07,split,False,co_main,False,True,0.710773,0.116156
17634,2016-07-08,unanimous,False,prelims,False,False,-0.320995,-0.125107
17625,2016-07-08,unanimous,True,main_event,True,False,0.931217,-0.069326
17628,2016-07-08,unanimous,False,main_card,False,False,-1.821919,0.464799
17765,2016-07-09,unanimous,False,prelims,False,False,0.311442,0.524334
17764,2016-07-09,unanimous,False,prelims,False,False,0.46176,0.586805
17762,2016-07-09,unanimous,False,main_card,True,False,0.481205,0.058173
17761,2016-07-09,unanimous,False,main_card,True,False,0.008805,0.112773
17766,2016-07-09,unanimous,False,prelims,False,False,0.777154,-0.816963
17481,2016-07-13,majority,False,,,False,0.898901,0.435933
17487,2016-07-13,unanimous,False,prelims,False,False,0.350852,0.114168
17504,2016-07-23,unanimous,False,co_main,False,False,0.066514,0.296595
17508,2016-07-23,unanimous,False,,,False,0.149714,0.298289
17503,2016-07-23,unanimous,False,main_event,False,False,0.507205,0.178667
17511,2016-07-23,unanimous,False,prelims,False,False,0.464461,0.060107
17457,2016-07-30,split,True,co_main,False,True,0.270005,0.438469
17459,2016-07-30,unanimous,False,main_card,False,False,0.085406,0.405875
17460,2016-07-30,split,False,main_card,False,True,0.100248,1.062996
17462,2016-07-30,unanimous,False,prelims,False,False,0.896893,-0.340804
17417,2016-08-06,unanimous,False,prelims,False,False,-0.105105,-0.060286
17414,2016-08-06,unanimous,False,main_card,False,False,0.189262,0.444005
17411,2016-08-06,split,True,main_event,False,True,0.380083,0.380029
17412,2016-08-06,unanimous,False,,,False,0.411246,0.161403
17421,2016-08-06,unanimous,False,prelims,False,False,0.446286,0.045239
17423,2016-08-20,majority,True,main_event,False,False,0.162232,0.402302
17429,2016-08-20,unanimous,False,prelims,False,False,0.343894,0.171947
17404,2016-08-27,split,True,main_card,False,True,0.177369,-0.619704
17468,2016-09-03,unanimous,False,,,False,0.199656,-0.20938
17474,2016-09-03,unanimous,False,prelims,False,False,-0.283678,0.035147
17477,2016-09-03,unanimous,False,prelims,False,False,-0.232173,-0.074817
17470,2016-09-03,unanimous,False,main_card,False,False,0.54279,0.146467
17472,2016-09-03,unanimous,False,prelims,False,False,0.084819,0.048277
17441,2016-09-10,split,False,prelims,False,True,-0.067846,0.408374
17436,2016-09-10,unanimous,False,co_main,False,False,-0.005177,0.33825
17438,2016-09-10,unanimous,False,main_card,False,False,0.256486,0.297704
17440,2016-09-10,split,False,prelims,False,True,-0.266982,0.157198
17393,2016-09-17,unanimous,False,main_card,False,False,0.217746,0.470936
17392,2016-09-17,split,False,main_card,False,True,0.114555,0.1613
17382,2016-09-24,unanimous,False,prelims,False,False,-0.167668,0.507586
17386,2016-09-24,unanimous,False,prelims,False,False,-0.008845,-0.276326
17377,2016-09-24,unanimous,False,co_main,False,False,0.636388,-0.140213
17383,2016-09-24,unanimous,False,prelims,False,False,0.310453,-0.220659
17384,2016-09-24,unanimous,False,prelims,False,False,0.357795,-0.236346
17320,2016-10-01,unanimous,False,prelims,False,False,0.399977,-0.314104
17315,2016-10-01,split,False,main_event,False,True,0.287586,0.381647
17321,2016-10-01,split,False,prelims,False,True,1.368018,0.530221
17276,2016-10-08,unanimous,True,main_event,True,False,0.156645,-0.063419
17286,2016-10-08,split,False,prelims,False,True,0.625787,-0.579573
17494,2016-11-05,unanimous,False,main_card,False,False,0.603898,-0.101038
17491,2016-11-05,unanimous,False,co_main,False,False,0.575463,0.060379
17495,2016-11-05,unanimous,False,main_card,False,False,0.167817,0.215888
17490,2016-11-05,unanimous,True,main_event,False,False,0.649306,0.908695
17496,2016-11-05,split,False,prelims,False,True,0.488752,-0.433723
17454,2016-11-12,unanimous,False,prelims,False,False,0.395339,-0.251859
17449,2016-11-12,unanimous,False,main_card,False,False,-0.250064,0.355158
17447,2016-11-12,unanimous,False,main_card,True,False,0.329659,-0.397545
17450,2016-11-12,unanimous,False,prelims,False,False,1.326524,-0.227789
17254,2016-11-19,unanimous,False,main_card,False,False,0.46816,0.009588
17255,2016-11-19,unanimous,False,main_card,False,False,-0.114509,0.825962
17265,2016-11-19,split,False,main_card,False,True,-0.452071,0.016228
17268,2016-11-19,unanimous,False,prelims,False,False,0.283366,0.489037
17264,2016-11-19,split,False,co_main,False,True,-0.521375,0.098662
17266,2016-11-19,unanimous,False,main_card,False,False,0.586343,0.838392
17240,2016-11-26,unanimous,False,main_card,False,False,-0.207321,0.62997
17244,2016-11-26,unanimous,False,prelims,False,False,0.567291,0.307762
17247,2016-11-26,unanimous,False,prelims,False,False,0.037465,0.275483
17226,2016-12-03,unanimous,False,main_event,True,False,-0.077789,0.500803
17227,2016-12-03,split,False,co_main,False,True,0.42471,0.244729
17232,2016-12-03,unanimous,False,prelims,False,False,0.152452,0.234891
17235,2016-12-03,unanimous,False,prelims,False,False,-0.4513,0.408227
17204,2016-12-10,unanimous,True,main_card,False,False,0.488624,0.908158
17212,2016-12-10,unanimous,False,prelims,False,False,0.472639,-0.222829
17213,2016-12-10,split,False,prelims,False,True,1.275677,-0.292274
17196,2016-12-17,unanimous,False,prelims,False,False,0.401473,0.575808
17195,2016-12-17,unanimous,False,prelims,False,False,0.728866,0.114595
17198,2016-12-17,unanimous,True,prelims,False,False,0.463086,0.405862
17192,2016-12-17,unanimous,False,main_card,False,False,0.631291,0.497744
17191,2016-12-17,unanimous,False,main_card,False,False,0.67091,0.639124
17194,2016-12-17,unanimous,False,prelims,False,False,0.041304,-0.024979
17184,2016-12-30,unanimous,False,prelims,False,False,-0.068645,0.273945
17180,2016-12-30,unanimous,True,co_main,True,False,0.957741,0.511263
17181,2016-12-30,unanimous,False,main_card,False,False,0.426298,0.321151
17182,2016-12-30,split,False,main_card,False,True,-0.201619,-0.010092
17183,2016-12-30,unanimous,False,main_card,False,False,0.753381,0.340544
17169,2017-01-15,unanimous,False,main_card,False,False,0.414776,-0.033809
17168,2017-01-15,split,False,co_main,False,True,-0.13291,0.327236
17170,2017-01-15,unanimous,False,main_card,False,False,0.116273,-0.134914
17174,2017-01-15,unanimous,False,prelims,False,False,0.572013,-0.432293
17160,2017-01-28,split,False,prelims,False,True,-0.231996,-0.323261
17159,2017-01-28,unanimous,False,prelims,False,False,0.882758,0.194284
17152,2017-02-04,unanimous,False,,,False,-0.166035,-0.353392
17148,2017-02-04,unanimous,True,main_card,False,False,0.774143,0.580974
17144,2017-02-04,unanimous,False,co_main,False,False,0.337857,-0.056393
17136,2017-02-11,unanimous,False,main_card,False,False,1.189683,-0.364464
17140,2017-02-11,unanimous,False,prelims,False,False,0.439108,-0.045821
17138,2017-02-11,unanimous,False,prelims,False,False,1.119358,-0.056452
17137,2017-02-11,majority,True,main_card,False,False,0.57577,0.03635
17139,2017-02-11,unanimous,False,,,False,1.774139,0.694409
17133,2017-02-11,unanimous,False,main_event,True,False,0.73695,-0.9036
17134,2017-02-11,unanimous,False,co_main,False,False,0.231214,-0.158143
17142,2017-02-11,unanimous,False,prelims,False,False,0.489496,-0.101675
17128,2017-02-19,unanimous,False,prelims,False,False,0.276153,0.033309
17129,2017-02-19,split,False,prelims,False,True,0.527639,-0.178564
17123,2017-02-19,unanimous,False,co_main,False,False,-0.556797,-0.120958
17125,2017-02-19,unanimous,False,main_card,False,False,0.639198,0.60869
17111,2017-03-04,majority,False,main_event,True,False,0.183518,-0.430341
17113,2017-03-04,split,False,main_card,False,True,0.460425,0.056627
17102,2017-03-11,unanimous,False,main_card,False,False,0.63356,0.751172
17107,2017-03-11,unanimous,False,prelims,False,False,0.333449,0.119094
17094,2017-03-18,split,False,prelims,False,True,0.871949,0.061838
17095,2017-03-18,unanimous,False,prelims,False,False,0.65267,-0.453486
17091,2017-03-18,split,False,main_card,False,True,0.196734,-0.028175
17097,2017-03-18,split,False,prelims,False,True,0.341206,0.023961
17092,2017-03-18,unanimous,False,,,False,0.024597,0.121623
17068,2017-04-08,majority,False,,,False,0.479978,-0.274471
17066,2017-04-08,unanimous,False,prelims,False,False,0.697279,-0.440892
17063,2017-04-08,unanimous,False,main_card,False,False,-0.357655,-0.136377
17014,2017-04-15,unanimous,False,prelims,False,False,0.302272,0.146068
17017,2017-04-15,unanimous,True,prelims,False,False,0.198245,0.420034
17016,2017-04-15,split,False,,,True,-0.156079,0.050772
17026,2017-04-22,unanimous,False,main_card,False,False,0.540553,0.289781
17027,2017-04-22,majority,False,main_card,False,False,0.238271,0.4792
17023,2017-04-22,unanimous,True,main_event,False,False,1.003184,0.177465
17029,2017-04-22,unanimous,False,prelims,False,False,0.517117,-0.254755
17033,2017-04-22,unanimous,False,prelims,False,False,-0.091816,0.287074
17052,2017-05-13,split,False,main_card,False,True,0.324936,-0.291375
17049,2017-05-13,unanimous,False,co_main,True,False,0.896239,0.261222
17050,2017-05-13,split,False,main_card,False,True,0.498777,-0.01224
16982,2017-05-28,split,False,prelims,False,True,-0.869243,-0.113027
16980,2017-05-28,unanimous,False,prelims,False,False,0.536003,-0.233919
16977,2017-05-28,split,False,main_card,False,True,0.482146,-0.218232
16981,2017-05-28,unanimous,False,prelims,False,False,-0.504651,0.065058
17000,2017-06-03,unanimous,False,main_card,False,False,0.159287,-0.105263
17003,2017-06-03,split,False,prelims,False,True,0.405718,-0.332723
16987,2017-06-17,unanimous,False,co_main,False,False,-0.119454,0.091036
16988,2017-06-17,unanimous,False,main_card,False,False,0.947018,0.351969
16989,2017-06-17,unanimous,False,main_card,False,False,0.296431,0.061348
16921,2017-06-25,unanimous,False,prelims,False,False,0.053181,0.302143
16923,2017-06-25,unanimous,False,prelims,False,False,-0.384881,-0.176282
16919,2017-06-25,unanimous,False,main_card,False,False,0.549228,0.294842
16917,2017-06-25,unanimous,False,main_card,False,False,-0.819069,1.700377
16920,2017-06-25,majority,False,main_card,False,False,0.323569,0.407212
16926,2017-06-25,unanimous,False,prelims,False,False,0.337563,-0.020637
16908,2017-07-07,unanimous,False,main_card,False,False,0.249011,0.347936
16909,2017-07-07,unanimous,False,main_card,False,False,0.210919,-0.261775
16912,2017-07-07,unanimous,False,prelims,False,False,0.184173,-0.074603
16914,2017-07-07,unanimous,False,prelims,False,False,-0.345376,-0.009529
16895,2017-07-08,unanimous,False,main_card,False,False,0.077316,0.319639
16893,2017-07-08,unanimous,True,main_event,True,False,0.43993,0.447959
16901,2017-07-08,unanimous,False,prelims,False,False,0.256686,-0.042159
16896,2017-07-08,unanimous,False,main_card,False,False,0.564592,0.061626
16894,2017-07-08,majority,False,co_main,False,False,0.364209,0.041551
16961,2017-07-16,unanimous,False,prelims,False,False,-0.513146,0.654792
16952,2017-07-16,unanimous,False,,,False,0.586292,0.063755
16887,2017-07-22,unanimous,False,prelims,False,False,0.476006,-0.105644
16881,2017-07-22,split,False,co_main,False,True,0.638779,0.06679
16882,2017-07-22,split,False,main_card,False,True,0.563004,0.571571
16883,2017-07-22,unanimous,False,main_card,False,False,0.780714,0.351648
16891,2017-07-22,unanimous,False,,,False,1.016726,0.715949
17042,2017-07-29,unanimous,False,prelims,False,False,0.608422,0.156732
17037,2017-07-29,unanimous,False,co_main,True,False,0.823704,0.114492
17039,2017-07-29,unanimous,False,main_card,False,False,0.145736,0.080175
17045,2017-07-29,unanimous,False,prelims,False,False,1.234447,0.609661
16857,2017-08-05,unanimous,False,main_event,False,False,0.603616,0.370934
16858,2017-08-05,split,False,co_main,False,True,0.102291,0.158043
16861,2017-08-05,split,False,main_card,False,True,0.099703,0.410947
16862,2017-08-05,split,False,main_card,False,True,-0.435809,0.480968
16943,2017-09-02,unanimous,False,prelims,False,False,2.194357,1.911586
16942,2017-09-02,unanimous,False,main_card,False,False,0.135566,0.079774
16946,2017-09-02,unanimous,False,prelims,False,False,0.530707,-0.38747
16869,2017-09-09,split,False,main_event,True,True,-0.35,-0.121097
16878,2017-09-09,unanimous,False,prelims,False,False,0.392101,0.412121
16872,2017-09-09,unanimous,False,main_card,False,False,0.694604,0.055723
16873,2017-09-09,unanimous,True,main_card,False,False,-0.167822,0.201417
16762,2017-09-16,split,False,prelims,False,True,0.024878,0.190065
16853,2017-09-22,split,False,prelims,False,True,0.828207,-0.216418
16848,2017-09-22,unanimous,True,co_main,False,False,0.570826,0.754959
16834,2017-10-07,unanimous,False,prelims,False,False,0.140175,0.304059
16829,2017-10-07,split,False,prelims,False,True,0.499095,0.144857
16938,2017-10-21,unanimous,False,prelims,False,False,0.837567,-0.393787
16935,2017-10-21,unanimous,False,prelims,False,False,0.645061,0.904437
16929,2017-10-21,unanimous,False,co_main,False,False,1.27456,0.382693
16747,2017-10-28,unanimous,False,main_card,False,False,-0.912984,0.162646
16752,2017-10-28,unanimous,False,prelims,False,False,-0.251764,0.548405
16749,2017-10-28,unanimous,False,main_card,False,False,0.938446,0.498516
16745,2017-10-28,unanimous,False,co_main,False,False,1.251539,1.332006
16797,2017-11-04,unanimous,False,prelims,False,False,0.143855,0.110779
16792,2017-11-04,unanimous,False,main_card,False,False,0.669186,0.301074
16691,2017-11-11,unanimous,False,prelims,False,False,-0.011217,0.173328
16688,2017-11-11,unanimous,False,prelims,False,False,0.902124,0.310399
16690,2017-11-11,unanimous,False,,,False,0.093781,0.337327
16687,2017-11-11,split,False,prelims,False,True,2.221453,1.392509
16684,2017-11-11,split,False,main_card,False,True,-0.076767,0.270704
16692,2017-11-11,unanimous,False,prelims,False,False,0.393783,0.089694
16811,2017-11-18,unanimous,False,main_event,False,False,0.104977,-0.118932
16813,2017-11-18,split,False,main_card,False,True,-0.30302,0.186315
16814,2017-11-18,split,False,main_card,False,True,0.210939,-0.634799
16815,2017-11-18,unanimous,False,main_card,False,False,0.40537,0.014186
16820,2017-11-18,split,True,prelims,False,True,0.092894,0.495462
16821,2017-11-18,unanimous,False,prelims,False,False,0.403931,0.331849
16802,2017-12-01,split,False,main_card,False,True,0.078412,-0.216234
16783,2017-12-02,unanimous,False,prelims,False,False,-0.567127,0.381567
16778,2017-12-02,unanimous,False,main_card,False,False,0.375318,-0.28237
16780,2017-12-02,unanimous,False,,,False,0.198035,0.175123
16784,2017-12-02,split,False,prelims,False,True,-0.048187,0.195291
16700,2017-12-09,split,False,prelims,False,True,0.336439,0.517755
16695,2017-12-09,unanimous,False,co_main,False,False,0.260086,0.532413
16697,2017-12-09,unanimous,False,main_card,False,False,0.146169,1.199026
16704,2017-12-09,unanimous,False,prelims,False,False,0.13336,0.331719
16711,2017-12-16,unanimous,False,,,False,-0.095724,-0.204859
16709,2017-12-16,unanimous,False,main_card,False,False,0.585851,-0.318978
16707,2017-12-16,unanimous,False,main_event,False,False,0.597539,0.444755
16715,2017-12-16,unanimous,False,prelims,False,False,-0.525553,0.54782
16717,2017-12-16,unanimous,False,prelims,False,False,0.506906,0.239364
16770,2017-12-30,unanimous,False,main_card,False,False,0.081253,-0.140718
16767,2017-12-30,unanimous,False,co_main,False,False,1.132492,0.533951
16766,2017-12-30,unanimous,True,main_event,,False,0.436726,0.436929
16774,2017-12-30,unanimous,False,prelims,False,False,0.057793,0.048145
16769,2017-12-30,unanimous,False,main_card,False,False,-0.129213,-0.22136
16772,2017-12-30,unanimous,False,prelims,False,False,0.168408,-0.315345
16652,2018-01-14,unanimous,False,co_main,False,False,-0.737749,0.076361
16653,2018-01-14,unanimous,False,main_card,False,False,0.464852,-0.40794
16655,2018-01-14,unanimous,False,prelims,False,False,0.215239,-0.210115
16662,2018-01-20,unanimous,False,main_event,True,False,1.436311,-0.432659
16665,2018-01-20,split,False,main_card,False,True,0.752323,0.037553
16671,2018-01-20,unanimous,False,prelims,False,False,-0.910787,0.390017
16669,2018-01-20,unanimous,False,prelims,False,False,0.470943,-0.354681
16607,2018-01-27,unanimous,True,main_card,False,False,-1.612408,1.586117
16613,2018-01-27,unanimous,False,prelims,False,False,0.592818,-0.10628
16605,2018-01-27,split,False,co_main,False,True,0.671583,-0.019342
16608,2018-01-27,unanimous,False,,,False,0.51919,0.293594
16611,2018-01-27,unanimous,False,prelims,False,False,0.302519,-0.174013
16612,2018-01-27,split,False,prelims,False,True,-0.717384,-0.615315
16640,2018-02-03,split,False,main_event,False,True,1.23041,-0.194117
16644,2018-02-03,unanimous,False,main_card,False,False,0.249932,0.665202
16642,2018-02-03,unanimous,False,main_card,False,False,0.507344,0.469305
16647,2018-02-03,unanimous,False,prelims,False,False,0.289449,0.011317
16646,2018-02-03,split,False,prelims,False,True,-1.010272,-0.259228
16629,2018-02-10,unanimous,False,co_main,False,False,-0.196417,-0.121565
16633,2018-02-10,split,False,prelims,False,True,-0.017778,-0.597025
16637,2018-02-10,unanimous,False,prelims,False,False,0.282191,-0.102767
16638,2018-02-10,unanimous,False,prelims,False,False,-0.014791,0.126237
16639,2018-02-10,unanimous,False,prelims,False,False,0.078388,-0.233778
16601,2018-02-18,unanimous,False,prelims,False,False,0.249776,0.212007
16594,2018-02-18,unanimous,False,main_card,False,False,0.545756,0.070845
16597,2018-02-18,unanimous,False,main_card,False,False,0.27768,0.023374
16583,2018-02-24,unanimous,False,main_card,False,False,-0.314847,0.427293
16590,2018-02-24,unanimous,False,prelims,False,False,0.489668,0.329991
16581,2018-02-24,unanimous,False,,,False,0.383263,0.103467
16586,2018-02-24,unanimous,False,prelims,False,False,1.136373,-0.161846
16584,2018-02-24,unanimous,False,prelims,False,False,0.576176,0.374673
16621,2018-03-03,split,False,prelims,False,True,0.415547,0.428297
16620,2018-03-03,split,False,main_card,False,True,0.121735,-0.015092
16618,2018-03-03,unanimous,True,main_card,False,False,0.494584,1.005766
16623,2018-03-03,split,False,prelims,False,True,0.881803,-1.035869
16626,2018-03-03,split,False,prelims,False,True,1.240572,0.088608
16619,2018-03-03,unanimous,False,main_card,False,False,0.3477,-0.210839
16627,2018-03-03,split,False,prelims,False,True,0.802298,-0.418972
16571,2018-03-17,unanimous,True,,,False,0.611974,-0.171129
16578,2018-03-17,split,False,prelims,False,True,0.07758,0.044522
16572,2018-03-17,unanimous,False,main_card,False,False,1.391163,-0.85941
16548,2018-04-07,unanimous,False,co_main,True,False,0.290252,0.220314
16547,2018-04-07,unanimous,False,main_event,True,False,-1.035244,1.092861
16550,2018-04-07,unanimous,True,main_card,False,False,-0.113961,1.717833
16552,2018-04-07,split,False,prelims,False,True,0.124933,0.094838
16554,2018-04-07,unanimous,False,prelims,False,False,-0.362868,-0.151747
16535,2018-04-14,split,False,main_card,False,True,-0.554015,-0.236701
16539,2018-04-14,unanimous,False,prelims,False,False,0.438741,0.184869
16536,2018-04-14,split,False,main_card,False,True,0.171302,0.278155
16543,2018-04-14,unanimous,False,prelims,False,False,0.388179,0.043469
16546,2018-04-14,unanimous,False,prelims,False,False,0.397984,-0.078371
16515,2018-04-21,unanimous,False,main_card,False,False,0.610766,-0.079003
16512,2018-04-21,unanimous,False,co_main,False,False,-0.610417,-0.867672
16517,2018-04-21,unanimous,False,prelims,False,False,0.417815,-0.126023
16520,2018-04-21,unanimous,False,prelims,False,False,0.007829,-0.137714
16521,2018-04-21,unanimous,False,prelims,False,False,-0.164189,-0.176138
16499,2018-05-12,split,True,co_main,False,True,0.426532,0.454593
16509,2018-05-12,unanimous,False,prelims,False,False,0.53141,-0.355182
16467,2018-05-19,unanimous,False,prelims,False,False,1.448476,-0.144544
16466,2018-05-19,split,False,prelims,False,True,0.047254,0.111063
16460,2018-05-19,unanimous,False,main_event,False,False,-0.537499,0.150506
16463,2018-05-19,unanimous,False,main_card,False,False,0.231035,0.137325
16440,2018-05-27,split,False,main_card,False,True,0.335862,0.165993
16437,2018-05-27,unanimous,False,main_event,False,False,0.105559,0.034599
16447,2018-05-27,unanimous,False,prelims,False,False,-0.210945,-0.560905
16482,2018-06-01,unanimous,False,prelims,False,False,0.844028,-0.323438
16479,2018-06-01,unanimous,False,prelims,False,False,0.039507,-0.016918
16478,2018-06-01,split,False,main_card,False,True,0.359931,0.372012
16480,2018-06-01,unanimous,False,prelims,False,False,0.439764,-0.029519
16488,2018-06-09,unanimous,False,main_card,False,False,0.247646,0.305719
16485,2018-06-09,split,True,main_event,True,True,0.018448,0.113281
16495,2018-06-09,split,False,prelims,False,True,0.723366,0.23862
16486,2018-06-09,unanimous,False,co_main,True,False,0.463093,-0.309898
16491,2018-06-09,split,False,prelims,False,True,-0.055077,-0.247216
16487,2018-06-09,unanimous,False,main_card,False,False,0.592961,-0.316516
16492,2018-06-09,split,False,prelims,False,True,0.378643,0.040559
16370,2018-06-23,split,False,prelims,False,True,0.704771,-0.627132
16369,2018-06-23,unanimous,False,prelims,False,False,0.344361,-0.31949
16360,2018-06-23,unanimous,False,main_event,False,False,-0.242774,-0.221691
16362,2018-06-23,unanimous,False,main_card,False,False,0.438659,-0.178271
16448,2018-07-06,unanimous,False,main_event,False,False,1.617093,1.168201
16453,2018-07-06,split,False,main_card,False,True,-0.973207,0.309296
16451,2018-07-06,split,True,main_card,False,True,0.589185,-0.203454
16458,2018-07-06,split,False,prelims,False,False,0.713766,-0.411943
16523,2018-07-07,unanimous,False,co_main,False,False,0.295785,0.064237
16524,2018-07-07,split,False,main_card,False,True,0.140874,0.352754
16528,2018-07-07,unanimous,False,prelims,False,False,0.585009,0.230679
16529,2018-07-07,unanimous,False,prelims,False,False,0.322448,0.049634
16530,2018-07-07,unanimous,False,prelims,False,False,0.513917,-0.453222
16532,2018-07-07,unanimous,False,prelims,False,False,0.595438,0.428239
16431,2018-07-14,unanimous,False,prelims,False,False,0.621654,0.274801
16434,2018-07-14,unanimous,False,prelims,False,False,0.653111,-0.053298
16424,2018-07-14,unanimous,False,main_event,False,False,0.407083,-0.089708
16426,2018-07-14,split,False,main_card,False,True,-0.064983,0.430743
16429,2018-07-14,unanimous,False,main_card,False,False,-0.893271,-0.556007
16430,2018-07-14,unanimous,False,prelims,False,False,0.530614,0.507813
16436,2018-07-14,unanimous,False,prelims,False,False,-0.075984,-0.471527
16414,2018-07-22,unanimous,False,main_card,False,False,0.321914,-0.483437
16417,2018-07-22,split,False,prelims,False,True,0.144967,0.170186
16412,2018-07-22,unanimous,False,co_main,False,False,0.553132,0.660987
16420,2018-07-22,unanimous,False,prelims,False,False,0.567717,0.18896
16402,2018-07-28,unanimous,False,prelims,False,False,0.340217,-0.044634
16400,2018-07-28,unanimous,False,,,False,0.166994,0.249055
16407,2018-07-28,unanimous,False,,,False,0.371764,0.165295
16406,2018-07-28,unanimous,True,prelims,False,False,0.007189,0.23176
16409,2018-07-28,unanimous,False,,,False,0.241898,0.272247
16391,2018-08-04,unanimous,False,prelims,False,False,-0.212609,0.335441
16387,2018-08-04,split,True,co_main,True,True,0.860387,0.673238
16393,2018-08-04,split,False,prelims,False,True,0.099836,-0.121298
16381,2018-08-25,unanimous,False,prelims,False,False,-0.5925,-0.552898
16384,2018-08-25,unanimous,False,prelims,False,False,0.302149,-0.238898
16374,2018-08-25,split,False,co_main,False,True,0.223867,0.067678
16375,2018-08-25,split,False,main_card,False,True,0.00093,-0.029089
16346,2018-09-08,split,True,prelims,False,True,-0.679244,-0.019712
16338,2018-09-08,unanimous,False,main_card,False,False,0.397122,-0.676665
16359,2018-09-15,unanimous,False,prelims,False,False,-2.159002,-1.775396
16350,2018-09-15,unanimous,False,main_card,False,False,0.455467,0.529215
16354,2018-09-15,split,False,prelims,False,True,1.213793,0.171893
16355,2018-09-15,unanimous,False,prelims,False,False,1.246032,-0.051614
16332,2018-09-22,unanimous,False,prelims,False,False,0.070459,0.260433
16318,2018-10-06,unanimous,False,,,False,0.598802,-0.170816
16311,2018-10-06,unanimous,False,main_card,False,False,0.208139,0.645985
16313,2018-10-06,unanimous,False,main_card,False,False,0.675571,0.224243
16314,2018-10-06,unanimous,False,prelims,False,False,-0.052261,0.110529
16301,2018-10-27,unanimous,False,main_card,False,False,0.656808,0.06857
16308,2018-10-27,unanimous,False,early_prelims,False,False,0.828944,-0.606854
16297,2018-10-27,unanimous,False,co_main,False,False,-0.108226,-1.003869
16300,2018-10-27,split,False,main_card,False,True,0.499883,0.261213
16287,2018-11-03,unanimous,False,main_card,False,False,0.254571,-0.20079
16289,2018-11-03,unanimous,False,prelims,False,False,-0.132716,0.05409
16290,2018-11-03,unanimous,False,prelims,False,False,-0.846465,-0.823083
16274,2018-11-10,unanimous,False,main_card,False,False,0.236598,0.321217
16257,2018-11-24,unanimous,False,early_prelims,False,False,3.66533,1.662336
16235,2018-11-30,unanimous,False,main_event,False,False,1.579659,0.132886
16240,2018-11-30,unanimous,False,main_card,False,False,1.00107,0.98825
16230,2018-12-01,unanimous,False,prelims,False,False,-0.110159,0.087855
16225,2018-12-01,unanimous,False,main_card,False,False,0.842421,0.168103
16233,2018-12-01,unanimous,False,early_prelims,False,False,0.032189,0.389516
16218,2018-12-08,split,False,prelims,False,True,0.198235,0.16777
16217,2018-12-08,split,False,,,True,1.037935,0.507685
16211,2018-12-08,unanimous,False,co_main,True,False,0.650755,0.691275
16213,2018-12-08,split,False,main_card,False,True,0.401701,0.253553
16215,2018-12-08,unanimous,False,,,False,1.747832,1.270719
16216,2018-12-08,unanimous,False,prelims,False,False,0.464932,0.446257
16200,2018-12-15,unanimous,False,main_card,False,False,0.804502,0.508976
16198,2018-12-15,unanimous,False,main_event,False,False,0.633713,0.511168
16203,2018-12-15,unanimous,False,,,False,-0.624842,0.321695
16206,2018-12-15,unanimous,False,prelims,False,False,0.057406,-0.111915
16188,2018-12-29,unanimous,False,main_card,False,False,1.118847,0.474695
16196,2018-12-29,unanimous,False,early_prelims,False,False,0.310325,-0.173579
16153,2019-01-19,unanimous,False,main_card,False,False,-0.159959,0.252457
16145,2019-02-02,split,False,prelims,False,True,0.239615,0.053911
16163,2019-02-09,unanimous,True,main_event,False,False,0.345718,0.355563
16131,2019-02-17,unanimous,False,prelims,False,False,0.571474,0.229491
16130,2019-02-17,unanimous,False,main_card,False,False,0.51655,-0.008651
16133,2019-02-17,unanimous,False,prelims,False,False,-0.214671,0.168338
16126,2019-02-17,unanimous,False,co_main,False,False,0.490969,0.515289
16127,2019-02-17,unanimous,False,main_card,False,False,0.124329,0.044032
16134,2019-02-17,unanimous,False,prelims,False,False,-0.18212,0.055161
16053,2019-02-23,unanimous,False,main_card,False,False,0.134813,-0.170821
16054,2019-02-23,unanimous,False,main_card,False,False,-0.373182,-0.431558
16061,2019-02-23,unanimous,False,prelims,False,False,-0.030978,0.553235
16113,2019-03-02,unanimous,False,main_event,True,False,1.206391,-0.641582
16120,2019-03-02,unanimous,False,prelims,False,False,0.374675,0.069138
16114,2019-03-02,unanimous,False,co_main,True,False,0.776485,0.463311
16118,2019-03-02,unanimous,False,prelims,False,False,-0.123312,-0.010968
16107,2019-03-09,unanimous,False,,,False,0.036105,0.089197
16105,2019-03-09,unanimous,False,main_card,False,False,0.21583,-0.053464
16103,2019-03-09,unanimous,False,main_card,False,False,0.831396,0.342646
16106,2019-03-09,unanimous,False,prelims,False,False,0.942623,-0.215567
16090,2019-03-16,split,False,main_card,False,True,0.53458,-0.351741
16089,2019-03-16,split,False,co_main,False,True,0.175038,0.185527
16094,2019-03-16,unanimous,False,prelims,False,False,0.241141,0.184985
16093,2019-03-16,split,False,main_card,False,False,1.869766,-0.224893
16095,2019-03-16,unanimous,False,prelims,False,False,0.043999,0.1481
16077,2019-03-23,unanimous,False,co_main,False,False,-0.025431,0.06823
16079,2019-03-23,unanimous,False,main_card,False,False,0.81683,0.107736
16080,2019-03-23,unanimous,False,main_card,False,False,-0.419359,-0.009683
16084,2019-03-23,unanimous,False,prelims,False,False,-0.046026,-0.232039
16075,2019-03-30,unanimous,False,early_prelims,False,False,0.104035,-0.122811
16066,2019-03-30,unanimous,False,main_card,False,False,0.328784,0.518872
16037,2019-04-13,unanimous,True,main_event,True,False,0.716759,-0.118637
16038,2019-04-13,unanimous,True,co_main,True,False,0.406772,0.235259
16039,2019-04-13,unanimous,False,main_card,False,False,0.900279,1.033896
16042,2019-04-13,unanimous,False,prelims,False,False,-3.564535,2.591536
16046,2019-04-13,unanimous,False,early_prelims,False,False,1.714281,-0.863092
16029,2019-04-20,split,False,main_card,False,True,0.584855,0.435939
16032,2019-04-20,unanimous,False,prelims,False,False,0.570946,-0.132549
16017,2019-04-27,split,False,main_card,False,True,0.840348,0.440294
16015,2019-04-27,unanimous,True,main_card,False,False,0.31572,0.420983
16013,2019-04-27,unanimous,False,main_event,False,False,0.266476,-0.393891
16020,2019-04-27,split,False,prelims,False,True,-0.05221,0.069178
16021,2019-04-27,unanimous,False,prelims,False,False,0.38083,0.253455
16024,2019-04-27,unanimous,False,early_prelims,False,False,-0.411648,-0.184292
16025,2019-04-27,split,False,early_prelims,False,True,1.314542,0.277283
16001,2019-05-04,unanimous,True,main_event,False,False,0.771674,0.149104
16002,2019-05-04,unanimous,False,co_main,False,False,-1.165762,0.310241
16003,2019-05-04,split,False,main_card,False,True,0.459248,0.239219
15991,2019-05-11,unanimous,False,main_card,False,False,0.858407,0.108902
15997,2019-05-11,unanimous,False,prelims,False,False,0.176219,0.598774
15982,2019-05-18,unanimous,True,prelims,False,False,0.94449,0.418972
15967,2019-06-01,unanimous,False,main_card,False,False,0.210847,-0.039964
15970,2019-06-01,unanimous,False,prelims,False,False,0.146818,-0.114215
15955,2019-06-08,unanimous,False,main_card,False,False,0.293311,0.349205
15957,2019-06-08,unanimous,False,prelims,False,False,1.409296,0.007043
15954,2019-06-08,unanimous,False,main_card,False,False,0.400097,0.250428
15956,2019-06-08,unanimous,False,,,False,-1.680803,0.593128
15960,2019-06-08,unanimous,False,early_prelims,False,False,0.431253,-0.258248
15958,2019-06-08,unanimous,False,prelims,False,False,0.831728,0.08375
15963,2019-06-08,unanimous,False,,,False,0.34444,0.200391
15944,2019-06-22,unanimous,False,main_card,False,False,0.861999,0.558552
15946,2019-06-22,unanimous,False,prelims,False,False,0.610655,-0.094145
15943,2019-06-22,unanimous,False,main_card,False,False,0.585417,0.395723
15930,2019-06-29,majority,False,main_card,False,False,1.345353,0.439406
15916,2019-07-06,split,False,main_event,True,True,0.428847,-0.006732
15921,2019-07-06,unanimous,False,prelims,False,False,0.447023,0.484344
15920,2019-07-06,unanimous,False,main_card,False,False,0.686433,0.533686
15923,2019-07-06,unanimous,False,prelims,False,False,0.083501,-0.042578
15883,2019-07-13,unanimous,False,main_card,False,False,1.070034,0.292719
15887,2019-07-13,unanimous,False,prelims,False,False,0.977527,0.789262
15870,2019-07-20,unanimous,False,main_card,False,False,-0.348274,0.327174
15873,2019-07-20,split,False,prelims,False,True,-0.056843,0.002158
15866,2019-07-20,unanimous,False,main_event,False,False,0.427704,0.590984
15871,2019-07-20,unanimous,False,main_card,False,False,0.159636,0.123669
15872,2019-07-20,unanimous,False,prelims,False,False,0.13243,0.178681
15875,2019-07-20,unanimous,False,prelims,False,False,0.649944,0.542277
15863,2019-07-27,unanimous,True,prelims,False,False,0.610083,0.096391
15856,2019-07-27,unanimous,False,,,False,0.760854,0.134887
15855,2019-07-27,unanimous,False,main_event,True,False,0.150306,0.178396
15858,2019-07-27,unanimous,False,main_card,False,False,0.114245,-0.057122
15843,2019-08-03,unanimous,False,main_event,False,False,1.17265,0.413131
15831,2019-08-10,split,True,co_main,False,True,-0.757798,0.811865
15830,2019-08-10,unanimous,False,main_event,True,False,0.534022,-0.407966
15905,2019-08-17,unanimous,False,co_main,False,False,0.806761,0.662058
15911,2019-08-17,unanimous,False,prelims,False,False,0.015565,0.066882
15910,2019-08-17,unanimous,False,prelims,False,False,1.008366,0.15708
15914,2019-08-17,split,False,early_prelims,False,True,0.232747,-0.238514
15906,2019-08-17,unanimous,True,main_card,False,False,0.763658,0.387336
15821,2019-08-31,unanimous,False,main_card,False,False,1.821076,0.651354
15822,2019-08-31,unanimous,False,main_card,False,False,0.272514,-0.400411
15893,2019-09-07,unanimous,False,main_card,False,False,0.375408,0.160264
15895,2019-09-07,unanimous,False,main_card,False,False,0.463231,-0.073654
15892,2019-09-07,split,False,co_main,False,True,-0.241592,0.340828
15896,2019-09-07,split,False,,,True,0.564058,0.050476
15902,2019-09-07,unanimous,False,early_prelims,False,False,0.291014,-0.110223
15811,2019-09-14,split,False,main_card,False,True,-0.011347,0.218012
15808,2019-09-14,split,False,co_main,False,True,0.375789,0.272853
15803,2019-09-21,unanimous,False,prelims,False,False,-0.057009,-0.297523
15796,2019-09-21,majority,True,co_main,False,False,-0.004982,0.283228
15805,2019-09-21,unanimous,False,prelims,False,False,0.058875,-0.071668
15692,2019-09-28,unanimous,False,main_card,False,False,0.18693,0.087146
15701,2019-09-28,unanimous,False,prelims,False,False,0.081657,-0.212032
15700,2019-09-28,unanimous,False,prelims,False,False,0.181866,-0.198242
15695,2019-09-28,unanimous,False,main_card,False,False,0.264143,-0.328093
15680,2019-10-05,unanimous,False,co_main,False,False,1.259617,0.012173
15682,2019-10-05,split,False,main_card,False,True,0.890968,-0.079544
15677,2019-10-12,unanimous,False,prelims,False,False,0.490023,-0.403196
15670,2019-10-12,split,False,main_card,False,True,-0.121234,-0.090204
15673,2019-10-12,unanimous,False,prelims,False,False,-0.15531,-0.086866
15666,2019-10-12,unanimous,True,co_main,False,False,0.580481,0.271166
15665,2019-10-12,unanimous,False,main_event,False,False,0.048806,0.121225
15669,2019-10-12,split,False,main_card,False,True,-0.361279,0.614674
15653,2019-10-18,unanimous,True,co_main,False,False,0.042753,-0.810419
15642,2019-10-26,majority,False,co_main,False,False,0.819237,-0.508704
15646,2019-10-26,split,False,prelims,False,True,0.319648,-0.327463
15632,2019-11-02,split,False,main_card,False,True,0.639391,0.376045
15630,2019-11-02,split,False,co_main,False,True,0.957516,-0.005791
15631,2019-11-02,unanimous,True,main_card,False,False,0.620868,0.017727
15640,2019-11-02,split,False,early_prelims,False,True,0.469361,-0.297505
15638,2019-11-02,unanimous,False,,,False,1.454057,0.162178
15567,2019-11-09,unanimous,False,co_main,False,False,0.992364,-0.892761
15577,2019-11-09,unanimous,False,prelims,False,False,-0.207693,-0.234722
15566,2019-11-09,unanimous,True,main_event,False,False,0.375993,-0.236437
15570,2019-11-09,unanimous,False,main_card,False,False,0.245065,-0.111737
15617,2019-11-16,split,False,main_event,,True,0.848522,-0.213669
15624,2019-11-16,unanimous,False,,,False,0.09994,-0.045707
15626,2019-11-16,unanimous,False,prelims,False,False,-0.207536,0.756296
15610,2019-12-07,unanimous,True,main_card,False,False,-0.193934,0.454937
15593,2019-12-14,unanimous,False,co_main,True,False,0.133738,0.587692
15602,2019-12-14,unanimous,False,early_prelims,False,False,0.337654,0.306817
15595,2019-12-14,split,False,main_card,False,True,0.118988,0.197974
15599,2019-12-14,unanimous,False,prelims,False,False,0.135094,0.154607
15594,2019-12-14,unanimous,False,main_card,True,False,0.606944,-0.206316
15580,2019-12-21,split,False,co_main,False,True,0.328702,-0.167186
15584,2019-12-21,split,False,main_card,False,True,0.155665,-0.034047
15549,2020-01-18,unanimous,False,prelims,False,False,0.327721,-0.418463
15544,2020-01-18,unanimous,False,co_main,False,False,0.341875,0.111781
15548,2020-01-18,unanimous,False,prelims,False,False,0.615497,0.921806
15560,2020-01-25,unanimous,False,prelims,False,False,-0.0909,0.398174
15555,2020-01-25,unanimous,False,co_main,False,False,1.215162,0.277323
15561,2020-01-25,unanimous,False,prelims,False,False,-0.358577,0.215058
15563,2020-01-25,unanimous,False,prelims,False,False,-0.185914,0.121752
15535,2020-02-08,unanimous,False,main_card,False,False,0.026823,-0.197338
15531,2020-02-08,unanimous,False,main_event,True,False,0.220162,-0.283276
15534,2020-02-08,split,False,main_card,False,True,0.702334,-0.233894
15537,2020-02-08,split,False,prelims,False,True,-0.186661,0.298494
15541,2020-02-08,split,False,early_prelims,False,True,0.242494,0.164809
15536,2020-02-08,split,True,prelims,False,True,0.413698,1.299353
15514,2020-02-15,unanimous,True,prelims,False,False,0.003871,0.174654
15508,2020-02-15,unanimous,False,main_card,False,False,0.351098,0.387473
15511,2020-02-15,unanimous,False,main_card,False,False,0.246613,0.139691
15501,2020-02-23,unanimous,False,prelims,False,False,0.615487,-0.150769
15494,2020-02-23,split,True,main_event,False,True,0.66235,0.415439
15503,2020-02-23,unanimous,False,prelims,False,False,0.780803,0.151855
15496,2020-02-23,unanimous,False,main_card,False,False,0.28429,0.804811
15504,2020-02-23,unanimous,False,,,False,0.256199,-0.064132
15478,2020-02-29,unanimous,False,prelims,False,False,-5.066926,2.461884
15479,2020-02-29,unanimous,False,prelims,False,False,-0.691503,0.948234
15487,2020-03-07,split,False,main_card,False,True,0.443814,0.22515
15484,2020-03-07,split,True,co_main,True,True,-0.255435,0.703162
15483,2020-03-07,unanimous,False,main_event,True,False,0.280896,-0.269052
15522,2020-03-14,unanimous,False,main_card,False,False,0.582764,0.076266
15526,2020-03-14,unanimous,False,prelims,False,False,-0.096856,-0.142279
15524,2020-03-14,unanimous,False,prelims,False,False,1.312286,-0.622179
15523,2020-03-14,unanimous,False,main_card,False,False,-0.216626,0.188531
15470,2020-05-09,split,False,early_prelims,False,True,0.085807,0.178924
15469,2020-05-09,unanimous,False,early_prelims,False,False,0.835783,1.228248
15467,2020-05-09,split,False,prelims,False,True,0.52256,0.502162
15465,2020-05-09,unanimous,False,prelims,False,False,-0.141629,0.036551
15466,2020-05-09,split,False,prelims,False,True,0.505856,0.589967
15388,2020-05-13,unanimous,False,main_card,False,False,-0.247435,0.71838
15387,2020-05-13,split,False,main_card,False,True,0.012016,0.955242
15385,2020-05-13,split,False,co_main,False,True,0.323894,0.584727
15390,2020-05-13,unanimous,False,prelims,False,False,0.243562,0.059235
15441,2020-05-16,unanimous,False,main_card,False,False,0.349469,0.555485
15440,2020-05-16,split,False,main_card,False,True,1.007679,0.489201
15442,2020-05-16,unanimous,True,main_card,False,False,1.022158,1.1266
15439,2020-05-16,split,False,co_main,False,True,0.250922,0.934623
15374,2020-05-30,split,False,co_main,False,True,0.011468,-0.001564
15378,2020-05-30,unanimous,False,,,False,0.388813,0.943796
15373,2020-05-30,unanimous,False,main_event,False,False,1.355685,0.928542
15429,2020-06-06,unanimous,False,main_card,False,False,0.495901,0.378296
15431,2020-06-06,unanimous,False,prelims,False,False,2.888791,-0.848711
15433,2020-06-06,unanimous,False,prelims,False,False,1.654853,-0.106928
15426,2020-06-06,unanimous,False,main_event,True,False,0.681292,0.149795
15406,2020-06-13,unanimous,False,main_event,False,False,0.598382,0.738017
15408,2020-06-13,split,False,main_card,False,True,-1.555779,-0.77789
15394,2020-06-20,unanimous,False,main_event,False,False,0.462709,-0.176474
15397,2020-06-20,unanimous,False,main_card,False,False,0.911873,0.379752
15395,2020-06-20,unanimous,True,co_main,False,False,0.238922,1.012601
15400,2020-06-20,unanimous,False,,,False,0.168329,0.327446
15399,2020-06-20,unanimous,False,,,False,1.54215,0.881842
15404,2020-06-20,unanimous,False,prelims,False,False,0.485812,-0.007508
15396,2020-06-20,unanimous,False,main_card,False,False,-0.239635,0.102979
15416,2020-06-27,unanimous,True,main_event,False,False,0.111697,0.096311
15417,2020-06-27,unanimous,False,co_main,False,False,0.986574,0.893722
15369,2020-07-11,unanimous,False,early_prelims,False,False,0.096927,0.048463
15366,2020-07-11,split,False,prelims,False,True,0.427371,0.150986
15361,2020-07-11,split,False,co_main,True,True,-0.174702,-0.246193
15363,2020-07-11,split,True,main_card,False,True,0.407079,-0.19517
15360,2020-07-11,unanimous,False,main_event,True,False,-0.07739,0.053353
15330,2020-07-15,unanimous,False,prelims,False,False,0.523265,0.002103
15322,2020-07-15,unanimous,False,main_event,False,False,1.380491,-0.410972
15323,2020-07-15,unanimous,False,co_main,False,False,-0.312365,-0.211229
15324,2020-07-15,unanimous,False,main_card,False,False,1.445441,-1.016472
15358,2020-07-18,unanimous,False,prelims,False,False,5.617705,2.999601
15350,2020-07-18,unanimous,True,main_card,False,False,6.290702,3.353658
15354,2020-07-18,unanimous,False,prelims,False,False,-0.291652,0.523732
15356,2020-07-18,unanimous,False,prelims,False,False,0.351744,-0.229866
15352,2020-07-18,unanimous,False,main_card,False,False,4.65739,2.598928
15333,2020-07-25,unanimous,False,main_event,False,False,0.881815,-0.008191
15345,2020-07-25,unanimous,False,prelims,False,False,-0.366172,0.219965
15336,2020-07-25,split,False,main_card,False,True,0.863226,-0.473928
15334,2020-07-25,split,False,co_main,False,True,-0.02398,0.215659
15338,2020-07-25,unanimous,False,main_card,False,False,-0.631735,-0.297566
15317,2020-08-01,unanimous,True,,,False,-1.074162,-0.465687
15287,2020-08-08,unanimous,False,prelims,False,False,0.646134,-0.413218
15285,2020-08-08,unanimous,False,,,False,-0.584419,0.210275
15283,2020-08-08,unanimous,False,co_main,False,False,0.537927,-0.107092
15454,2020-08-15,unanimous,False,prelims,False,False,1.682846,-0.343301
15453,2020-08-15,unanimous,False,main_card,False,False,0.661268,-0.193515
15457,2020-08-15,unanimous,False,prelims,False,False,-0.307563,0.083976
15449,2020-08-15,unanimous,False,main_event,True,False,0.312265,0.279929
15294,2020-08-22,split,True,main_event,False,True,0.199666,-0.245315
15272,2020-08-29,unanimous,False,main_event,False,False,0.379999,0.352433
15273,2020-08-29,unanimous,False,co_main,False,False,0.479186,0.551671
15274,2020-08-29,unanimous,False,main_card,False,False,-0.095348,0.196037
15277,2020-08-29,unanimous,False,prelims,False,False,-0.237385,0.124213
15232,2020-09-05,unanimous,False,full_card,False,False,-0.030367,0.157496
15260,2020-09-12,split,True,main_event,False,True,0.133471,0.356683
15264,2020-09-12,unanimous,False,,,False,-0.691479,-0.233139
15266,2020-09-12,unanimous,False,prelims,False,False,1.903271,1.000744
15262,2020-09-12,unanimous,False,main_card,False,False,0.300726,0.132578
15251,2020-09-19,split,False,main_card,False,True,1.257052,-0.644848
15252,2020-09-19,unanimous,False,prelims,False,False,0.07383,-0.036915
15309,2020-09-26,unanimous,False,prelims,False,False,-0.302822,0.314923
15307,2020-09-26,split,False,main_card,False,True,0.057293,0.673469
15306,2020-09-26,unanimous,False,main_card,False,False,1.547139,0.295183
15221,2020-10-03,unanimous,False,prelims,False,False,-0.170174,0.320499
15224,2020-10-03,unanimous,False,,,False,0.04514,0.270715
15216,2020-10-03,unanimous,False,main_event,False,False,0.33837,0.393518
15194,2020-10-10,unanimous,False,main_card,False,False,0.523348,0.095682
15193,2020-10-10,unanimous,False,co_main,False,False,0.576196,0.712409
15212,2020-10-17,unanimous,False,prelims,False,False,4.381752,2.686162
15211,2020-10-17,unanimous,False,prelims,False,False,0.379941,0.136758
15205,2020-10-17,unanimous,False,main_event,False,False,0.37517,0.120006
15209,2020-10-17,unanimous,False,main_card,False,False,1.320496,0.299838
15208,2020-10-17,unanimous,False,main_card,False,False,0.931705,1.051271
15235,2020-10-24,unanimous,False,co_main,False,False,1.064596,-0.599424
15241,2020-10-24,unanimous,True,prelims,False,False,-0.629219,-0.231659
15166,2020-10-31,unanimous,False,prelims,False,False,2.207304,1.640461
15163,2020-10-31,unanimous,False,,,False,0.90644,-0.907215
15160,2020-10-31,unanimous,False,co_main,False,False,0.374018,0.567931
15171,2020-11-07,unanimous,False,co_main,False,False,0.560309,0.170311
15172,2020-11-07,unanimous,True,main_card,False,False,0.367928,0.809153
15174,2020-11-07,unanimous,False,main_card,False,False,0.560597,0.285753
15145,2020-11-14,unanimous,False,prelims,False,False,1.305313,-0.432812
15142,2020-11-14,unanimous,False,main_card,False,False,-2.915694,2.237905
15140,2020-11-14,split,True,main_event,False,True,-0.690821,0.282647
15188,2020-11-21,unanimous,False,prelims,False,False,0.094168,-0.009907
15183,2020-11-21,unanimous,False,,,False,-0.422594,-0.686819
15181,2020-11-21,unanimous,False,co_main,True,False,0.848906,-0.432697
15182,2020-11-21,unanimous,False,main_card,False,False,0.822544,0.284875
15125,2020-12-05,split,False,main_card,False,True,0.0,0.0
15122,2020-12-05,unanimous,True,main_event,False,False,1.754006,0.350396
15129,2020-12-05,unanimous,False,prelims,False,False,0.281733,-0.042046
15132,2020-12-12,unanimous,False,main_card,False,False,-0.092202,0.511979
15131,2020-12-12,unanimous,False,co_main,False,False,0.969983,0.120109
15137,2020-12-12,unanimous,False,prelims,False,False,0.787653,-0.063386
15110,2020-12-19,unanimous,False,main_event,False,False,0.981697,0.017661
15115,2020-12-19,unanimous,False,prelims,False,False,1.226768,0.083595
15111,2020-12-19,unanimous,False,co_main,False,False,0.424973,0.105853
15116,2020-12-19,unanimous,False,prelims,False,False,0.38213,-0.07645
15118,2020-12-19,unanimous,False,prelims,False,False,3.580986,1.597187
15106,2021-01-16,split,False,prelims,False,True,-0.362437,4.435608
15107,2021-01-16,split,False,prelims,False,True,-0.332512,-0.178735
15100,2021-01-16,unanimous,True,main_event,False,False,1.095529,0.677726
15101,2021-01-16,unanimous,False,co_main,False,False,0.432,0.417253
15108,2021-01-16,unanimous,False,prelims,False,False,0.20935,1.226282
15017,2021-01-20,unanimous,False,main_event,False,False,0.679359,0.222583
15025,2021-01-20,unanimous,False,prelims,False,False,0.216197,0.043091
15020,2021-01-20,unanimous,False,main_card,False,False,-0.171449,0.694271
15021,2021-01-20,split,False,main_card,False,True,0.447467,-0.032979
15026,2021-01-20,unanimous,False,prelims,False,False,3.27022,3.076592
15087,2021-01-23,unanimous,False,prelims,False,False,-0.349384,-0.231221
15085,2021-01-23,unanimous,False,prelims,False,False,0.189569,0.210516
15088,2021-01-23,split,False,early_prelims,False,True,-0.808106,0.196543
15089,2021-01-23,unanimous,False,early_prelims,False,False,0.0,0.0
15081,2021-01-23,unanimous,False,,,False,0.409427,0.404756
15084,2021-01-23,unanimous,False,prelims,False,False,0.452939,0.161667
15071,2021-02-06,split,True,main_card,False,True,1.300852,0.118121
15069,2021-02-06,unanimous,False,main_card,False,False,0.887962,0.21208
15076,2021-02-06,unanimous,False,prelims,False,False,-0.498922,-0.190808
15070,2021-02-06,unanimous,False,main_card,False,False,0.006032,0.003016
15077,2021-02-06,unanimous,False,prelims,False,False,-0.393145,0.569131
15092,2021-02-13,unanimous,False,main_card,False,False,0.260096,0.593306
15096,2021-02-13,unanimous,False,prelims,False,False,2.218114,2.209056
15093,2021-02-13,unanimous,False,main_card,False,False,-0.272564,-0.087176
15091,2021-02-13,unanimous,False,co_main,False,False,0.576905,0.449331
15098,2021-02-13,unanimous,False,prelims,False,False,0.519933,-0.192737
15032,2021-02-20,unanimous,False,,,False,1.059582,1.152436
15058,2021-02-27,unanimous,False,main_event,False,False,0.36267,0.659507
15059,2021-02-27,unanimous,False,co_main,False,False,-0.115402,0.456056
15066,2021-02-27,unanimous,False,prelims,False,False,-4.465137,2.672489
15063,2021-02-27,unanimous,False,prelims,False,False,-0.301187,0.089388
15061,2021-02-27,unanimous,True,main_card,False,False,-0.338508,0.184987
15064,2021-02-27,unanimous,False,prelims,False,False,0.898428,0.728238
15047,2021-03-06,unanimous,False,main_card,False,False,-0.193941,0.282305
15043,2021-03-06,unanimous,False,main_event,,False,0.506483,0.13711
15052,2021-03-06,unanimous,False,early_prelims,False,False,-0.858624,1.168513
15048,2021-03-06,split,False,prelims,False,True,0.762576,-0.121588
15050,2021-03-06,unanimous,False,prelims,False,False,-0.002645,0.328169
14998,2021-03-13,split,False,main_card,False,True,-4.991402,2.843493
15000,2021-03-13,unanimous,False,prelims,False,False,0.271496,-0.535717
15014,2021-03-20,unanimous,False,prelims,False,False,-4.87595,2.37533
15007,2021-03-20,unanimous,False,main_event,False,False,-0.035277,0.879948
15012,2021-03-20,unanimous,False,prelims,False,False,-0.966743,0.393396
14978,2021-03-27,split,False,prelims,False,True,-5.073358,2.965845
14974,2021-03-27,unanimous,False,main_card,False,False,1.026353,-0.23576
14979,2021-03-27,unanimous,False,prelims,False,False,0.213107,0.399798
14981,2021-04-10,unanimous,False,main_event,False,False,1.889199,-0.243755
14985,2021-04-10,unanimous,False,main_card,False,False,-0.413457,0.531386
14982,2021-04-10,unanimous,False,co_main,False,False,1.05913,0.311077
14990,2021-04-10,split,False,prelims,False,True,3.59122,1.162893
14962,2021-04-17,unanimous,False,co_main,False,False,-1.044529,-0.052409
14961,2021-04-17,unanimous,True,main_event,False,False,0.459713,0.100349
14964,2021-04-17,split,False,main_card,False,True,0.478473,1.020639
14940,2021-05-01,unanimous,False,main_card,False,False,0.745375,0.240499
14943,2021-05-01,split,False,prelims,False,True,-0.167559,3.933535
14941,2021-05-01,unanimous,False,main_card,False,False,0.302481,-0.187547
14947,2021-05-01,unanimous,False,prelims,False,False,-0.46271,0.699271
14931,2021-05-08,unanimous,False,main_card,False,False,-0.479562,0.482544
14930,2021-05-08,unanimous,False,main_card,False,False,1.065872,-0.032503
14928,2021-05-08,unanimous,False,main_event,False,False,0.513229,0.38006
14917,2021-05-15,unanimous,False,co_main,False,False,0.392882,0.332106
14919,2021-05-15,unanimous,False,,,False,-0.027889,-0.27657
14922,2021-05-15,split,False,prelims,False,True,0.084533,0.609055
14909,2021-05-22,unanimous,False,main_card,False,False,0.242973,-0.248332
14911,2021-05-22,unanimous,False,prelims,False,False,-0.750363,0.51932
14904,2021-05-22,unanimous,False,main_event,False,False,0.211196,0.330207
14907,2021-05-22,split,False,main_card,False,True,5.454991,2.351765
14908,2021-05-22,unanimous,False,main_card,False,False,-4.276276,1.689003
14871,2021-06-05,split,False,prelims,False,True,-1.963985,1.041371
14867,2021-06-05,unanimous,False,main_card,False,False,-0.537584,-0.160174
14872,2021-06-05,unanimous,False,prelims,False,False,0.846538,-0.231441
14868,2021-06-05,unanimous,True,main_card,False,False,0.107503,-0.106147
14876,2021-06-05,split,False,prelims,False,True,3.859795,2.272734
14903,2021-06-12,split,False,early_prelims,False,True,0.159726,-0.127738
14890,2021-06-12,unanimous,False,main_event,True,False,0.860506,-0.460881
14896,2021-06-12,unanimous,False,prelims,False,False,0.083909,-0.234705
14892,2021-06-12,unanimous,False,main_card,False,False,0.039,0.179367
14893,2021-06-12,unanimous,False,main_card,False,False,0.571211,-0.058296
14902,2021-06-12,majority,False,early_prelims,False,False,-0.581454,4.562111
14895,2021-06-12,unanimous,True,prelims,False,False,0.794115,0.050161
14898,2021-06-12,unanimous,False,prelims,False,False,0.598299,0.557686
14899,2021-06-12,unanimous,False,early_prelims,False,False,0.5677,-0.072426
14901,2021-06-12,unanimous,False,early_prelims,False,False,0.17028,0.037767
14897,2021-06-12,split,False,,,True,0.113298,-0.335857
14879,2021-06-19,unanimous,False,,,False,1.003162,0.486507
14880,2021-06-19,unanimous,True,main_card,False,False,1.259414,0.495625
14878,2021-06-19,unanimous,False,main_event,False,False,0.777068,0.235578
14884,2021-06-19,split,False,prelims,False,True,-3.548428,1.774214
14852,2021-06-26,unanimous,False,main_event,False,False,0.713371,0.573593
14856,2021-06-26,unanimous,False,main_card,False,False,-0.15943,0.222691
14854,2021-06-26,majority,True,main_card,False,False,0.582117,0.892507
14864,2021-06-26,unanimous,False,prelims,False,False,-0.332916,-0.898568
14863,2021-06-26,split,False,prelims,False,True,-0.775,1.071987
14850,2021-07-10,split,False,early_prelims,False,True,-0.09512,-0.05588
14846,2021-07-10,unanimous,False,prelims,False,False,-0.294778,-0.199297
14845,2021-07-10,unanimous,False,prelims,False,False,0.132055,-0.056222
14841,2021-07-10,unanimous,False,co_main,False,False,0.524345,-0.001173
14849,2021-07-10,unanimous,False,early_prelims,False,False,-0.431666,0.004904
14824,2021-07-24,unanimous,False,prelims,False,False,-3.430533,2.731837
14819,2021-07-24,split,False,main_event,False,True,0.045696,0.400398
14820,2021-07-24,majority,True,co_main,False,False,0.605497,0.941176
14822,2021-07-24,split,False,main_card,False,True,0.030453,0.348671
14783,2021-07-31,unanimous,False,main_event,False,False,0.760772,0.336919
14790,2021-07-31,unanimous,False,prelims,False,False,-0.35071,0.23338
14791,2021-07-31,unanimous,False,prelims,False,False,-0.303758,0.324351
14787,2021-07-31,majority,True,main_card,False,False,0.704309,0.480896
14813,2021-08-07,unanimous,False,prelims,False,False,-0.5956,-0.223373
14811,2021-08-07,unanimous,True,,,False,0.228503,0.965444
14810,2021-08-07,split,False,main_card,False,True,0.184174,-0.263095
14809,2021-08-07,unanimous,False,,,False,0.193033,0.117972
14807,2021-08-07,unanimous,False,co_main,False,False,0.139572,0.094363
14749,2021-08-21,unanimous,False,main_card,False,False,0.630074,0.032466
14747,2021-08-21,unanimous,False,main_event,False,False,0.289262,0.654535
14751,2021-08-21,unanimous,False,main_card,False,False,1.037511,0.235131
14748,2021-08-21,split,False,co_main,False,True,0.284267,0.347127
14754,2021-08-21,unanimous,False,prelims,False,False,-2.756926,2.118045
14774,2021-08-28,unanimous,False,main_card,False,False,-0.191547,-0.070175
14778,2021-08-28,split,False,prelims,False,True,-0.276062,0.231962
14732,2021-09-04,unanimous,False,prelims,False,False,0.412335,0.125693
14726,2021-09-04,unanimous,False,main_card,False,False,-0.079564,-0.002216
14729,2021-09-04,unanimous,True,prelims,False,False,1.255239,1.301346
14734,2021-09-18,unanimous,False,co_main,False,False,-0.305177,0.466693
14740,2021-09-18,unanimous,False,prelims,False,False,-0.298908,-0.157451
14739,2021-09-18,unanimous,False,prelims,False,False,3.937312,2.106541
14796,2021-09-25,unanimous,False,main_card,False,False,0.200018,-0.423838
14799,2021-09-25,unanimous,False,prelims,False,False,1.220114,0.573318
14793,2021-09-25,unanimous,True,main_event,True,False,0.343093,0.475367
14801,2021-09-25,unanimous,False,prelims,False,False,0.272959,0.245286
14759,2021-10-02,unanimous,False,main_event,False,False,0.095603,0.46856
14762,2021-10-02,split,False,main_card,False,True,0.378291,-0.132273
14764,2021-10-02,split,False,prelims,False,True,0.5925,0.55696
14766,2021-10-02,unanimous,False,prelims,False,False,0.203402,0.43692
14761,2021-10-02,unanimous,False,main_card,False,False,-0.163727,-0.003438
14716,2021-10-09,unanimous,False,co_main,False,False,0.108027,0.458611
14717,2021-10-09,unanimous,False,main_card,False,False,0.472657,0.102291
14715,2021-10-09,unanimous,True,main_event,False,False,0.453467,0.70697
14721,2021-10-09,unanimous,False,prelims,False,False,0.204236,0.374073
14719,2021-10-09,split,False,main_card,False,True,-0.437694,-0.316841
14692,2021-10-16,unanimous,False,co_main,False,False,0.529496,0.398011
14697,2021-10-16,split,False,prelims,False,True,0.292742,0.025416
14691,2021-10-16,unanimous,False,main_event,False,False,0.58819,0.06069
14694,2021-10-16,unanimous,False,main_card,False,False,5.45944,2.084984
14686,2021-10-23,unanimous,False,prelims,False,False,3.258621,2.056114
14677,2021-10-23,unanimous,False,main_event,False,False,0.105868,0.536598
14679,2021-10-23,unanimous,False,main_card,False,False,-3.038152,2.146253
14681,2021-10-23,split,False,main_card,False,True,0.477577,0.285051
14689,2021-10-23,unanimous,False,prelims,False,False,0.136439,0.766407
14704,2021-10-30,unanimous,False,main_card,False,False,0.538966,-0.226891
14706,2021-10-30,unanimous,False,main_card,False,False,0.301507,-0.05776
14702,2021-10-30,unanimous,True,co_main,True,False,0.580626,0.286906
14707,2021-10-30,unanimous,False,prelims,False,False,-0.504636,-0.430926
14708,2021-10-30,unanimous,False,prelims,False,False,0.506777,0.295613
14663,2021-11-06,unanimous,False,main_event,True,False,0.375781,0.304026
14664,2021-11-06,split,False,co_main,True,True,0.63396,0.244004
14666,2021-11-06,unanimous,False,main_card,False,False,0.345277,0.358224
14667,2021-11-06,unanimous,True,main_card,False,False,0.197244,0.854423
14674,2021-11-06,unanimous,False,early_prelims,False,False,-4.150758,2.064466
14652,2021-11-13,unanimous,True,main_event,False,False,0.345788,0.190513
14660,2021-11-13,unanimous,False,prelims,False,False,-0.635484,0.829352
14642,2021-11-20,unanimous,False,co_main,False,False,0.712179,0.89247
14645,2021-11-20,split,True,main_card,False,True,0.861192,0.921313
14641,2021-11-20,unanimous,False,main_event,False,False,0.023991,0.704505
14644,2021-11-20,unanimous,False,main_card,False,False,0.760372,0.481964
14606,2021-12-04,unanimous,False,main_card,False,False,0.175782,0.199663
14601,2021-12-04,unanimous,False,main_event,False,False,0.28013,0.412678
14610,2021-12-04,unanimous,True,prelims,False,False,0.804811,0.213842
14611,2021-12-04,unanimous,False,prelims,False,False,0.370531,0.08275
14629,2021-12-11,split,False,main_card,False,True,0.957133,-0.338762
14632,2021-12-11,unanimous,False,prelims,False,False,0.267548,0.345014
14637,2021-12-11,unanimous,False,early_prelims,False,False,0.496512,0.283866
14633,2021-12-11,unanimous,True,prelims,False,False,0.665472,0.43387
14638,2021-12-11,unanimous,False,early_prelims,False,False,0.66807,0.408393
14615,2021-12-18,unanimous,False,co_main,False,False,0.663143,0.61199
14623,2021-12-18,unanimous,False,prelims,False,False,1.262948,0.935354
14616,2021-12-18,split,True,main_card,False,True,0.228328,0.271272
14598,2022-01-15,unanimous,False,prelims,False,False,-3.659048,2.151768
14600,2022-01-15,unanimous,False,prelims,False,False,-0.243532,-0.017795
14591,2022-01-15,unanimous,True,main_event,False,False,0.675016,0.251745
14594,2022-01-15,unanimous,False,,,False,0.641792,0.110737
14599,2022-01-15,unanimous,False,prelims,False,False,0.052903,0.453904
14581,2022-01-22,unanimous,True,co_main,True,False,0.704313,0.039321
14585,2022-01-22,unanimous,False,prelims,False,False,-0.518602,0.259301
14580,2022-01-22,unanimous,False,main_event,True,False,0.804525,-0.085051
14574,2022-02-05,unanimous,False,prelims,False,False,0.338628,-0.117271
14576,2022-02-05,unanimous,False,prelims,False,False,0.115227,-0.325076
14567,2022-02-05,split,False,main_event,False,True,-0.186387,0.11343
14572,2022-02-05,split,True,main_card,False,True,0.161608,0.09202
14557,2022-02-12,unanimous,False,,,False,2.317749,2.037766
14558,2022-02-12,split,False,prelims,False,True,0.385562,0.404137
14559,2022-02-12,split,False,prelims,False,True,-0.618926,0.519375
14561,2022-02-12,unanimous,False,prelims,False,False,-4.185804,2.47682
14566,2022-02-12,unanimous,False,early_prelims,False,False,-0.234261,0.594393
14553,2022-02-12,unanimous,False,main_event,True,False,0.456239,0.104708
14549,2022-02-19,unanimous,False,prelims,False,False,3.051092,2.154675
14545,2022-02-19,split,False,main_card,False,True,0.390443,0.144988
14532,2022-02-26,unanimous,True,main_card,False,False,-0.132836,0.90319
14538,2022-02-26,unanimous,False,prelims,False,False,0.003561,0.06732
14490,2022-03-05,split,False,early_prelims,False,True,0.801324,-0.081845
14481,2022-03-05,unanimous,False,main_card,False,False,1.36302,0.75121
14489,2022-03-05,unanimous,False,early_prelims,False,False,-4.675432,3.601547
14485,2022-03-05,split,False,prelims,False,True,0.325523,0.089289
14479,2022-03-05,unanimous,True,main_event,False,False,0.349105,0.714938
14486,2022-03-05,split,False,prelims,False,True,0.54714,-0.198445
14491,2022-03-05,unanimous,False,early_prelims,False,False,0.391497,0.226872
14500,2022-03-12,unanimous,False,prelims,False,False,-3.619949,-1.539598
14497,2022-03-12,unanimous,False,main_card,False,False,0.074248,0.182564
14494,2022-03-12,unanimous,False,main_card,False,False,0.892737,0.464674
14492,2022-03-12,unanimous,False,main_event,False,False,0.586835,0.1132
14527,2022-03-19,unanimous,False,prelims,False,False,0.883397,-0.093841
14521,2022-03-19,unanimous,False,main_card,False,False,-0.540131,0.657086
14509,2022-03-26,unanimous,False,main_card,False,False,0.531657,0.770805
14516,2022-03-26,unanimous,False,prelims,False,False,0.316645,0.244342
14512,2022-03-26,unanimous,False,prelims,False,False,0.187947,0.423388
14515,2022-03-26,unanimous,False,prelims,False,False,-0.119667,0.233105
14508,2022-03-26,split,True,main_card,False,True,0.53132,0.649071
14510,2022-03-26,split,False,main_card,False,True,1.008937,0.39546
14455,2022-04-09,unanimous,True,main_card,False,False,-0.280305,-0.113087
14454,2022-04-09,split,False,co_main,True,True,0.756453,0.007244
14456,2022-04-09,split,False,,,True,-0.373111,0.46129
14457,2022-04-09,unanimous,False,main_card,False,False,0.309,0.198671
14460,2022-04-09,unanimous,False,prelims,False,False,1.462547,1.23069
14439,2022-04-16,unanimous,False,main_event,False,False,1.110621,0.232571
14446,2022-04-16,unanimous,False,prelims,False,False,0.167442,0.407012
14426,2022-04-23,unanimous,False,prelims,False,False,0.627427,0.153844
14419,2022-04-23,unanimous,False,main_card,False,False,0.018523,0.305596
14411,2022-04-30,unanimous,False,main_card,False,False,1.588113,-0.527279
14410,2022-04-30,unanimous,False,main_card,False,False,-4.815727,2.74722
14406,2022-04-30,unanimous,True,main_event,False,False,0.67729,0.455606
14407,2022-04-30,split,False,co_main,False,True,0.067908,-0.010894
14466,2022-05-07,split,False,co_main,True,True,0.369242,0.38443
14468,2022-05-07,split,False,main_card,False,True,0.128107,-0.271249
14469,2022-05-07,split,False,,,True,0.274282,-0.188482
14470,2022-05-07,unanimous,False,prelims,False,False,-0.16428,0.228986
14471,2022-05-07,split,False,prelims,False,True,0.114433,-0.226281
14473,2022-05-07,unanimous,False,prelims,False,False,0.457622,-0.47389
14475,2022-05-07,unanimous,False,early_prelims,False,False,-3.016618,2.544056
14477,2022-05-07,unanimous,False,early_prelims,False,False,0.428703,0.10263
14436,2022-05-14,unanimous,False,prelims,False,False,0.619882,0.112189
14431,2022-05-14,split,True,,,True,0.736011,0.111555
14434,2022-05-14,unanimous,False,prelims,False,False,0.173997,0.573244
14387,2022-05-21,split,False,main_card,False,True,0.132036,0.076648
14384,2022-05-21,split,True,co_main,False,True,0.780787,0.301165
14391,2022-05-21,unanimous,False,prelims,False,False,0.382744,-0.031261
14386,2022-05-21,unanimous,False,main_card,False,False,4.771327,2.597943
14383,2022-05-21,split,False,main_event,False,True,0.504537,0.540063
14346,2022-06-04,unanimous,False,co_main,False,False,0.67759,0.3183
14356,2022-06-04,split,False,prelims,False,True,5.239147,2.872494
14352,2022-06-04,majority,False,prelims,False,False,0.244502,0.621192
14341,2022-06-12,unanimous,False,prelims,False,False,0.98906,0.218948
14335,2022-06-12,split,False,co_main,True,True,0.559852,-0.391557
14339,2022-06-12,split,False,prelims,False,True,1.36871,-0.126576
14284,2022-06-18,split,True,main_event,False,True,0.594883,0.766822
14302,2022-06-25,unanimous,False,main_card,False,False,7.069663,4.505527
14297,2022-06-25,unanimous,True,main_event,False,False,0.912481,0.552616
14308,2022-06-25,split,False,prelims,False,True,4.941683,2.650862
14305,2022-06-25,unanimous,False,prelims,False,False,0.442812,0.609809
14402,2022-07-02,unanimous,False,prelims,False,False,6.267992,3.255087
14394,2022-07-02,unanimous,False,main_event,True,False,1.393402,0.012321
14401,2022-07-02,unanimous,False,prelims,False,False,6.181033,3.710728
14395,2022-07-02,unanimous,False,co_main,True,False,0.652286,0.482206
14403,2022-07-02,unanimous,False,early_prelims,False,False,0.206466,0.065161
14404,2022-07-02,unanimous,False,early_prelims,False,False,-0.029467,0.529924
14278,2022-07-09,split,True,main_card,False,True,1.428357,-0.185714
14275,2022-07-09,unanimous,False,main_card,False,False,0.270867,0.207263
14280,2022-07-09,split,False,prelims,False,True,-1.11127,0.50036
14271,2022-07-16,unanimous,False,prelims,False,False,-0.044228,0.912456
14265,2022-07-16,majority,False,main_card,False,False,0.52598,0.543658
14266,2022-07-16,unanimous,False,main_card,False,False,-0.208299,0.020691
14272,2022-07-16,unanimous,False,prelims,False,False,0.526886,-0.101645
14252,2022-07-23,unanimous,False,main_card,False,False,-0.421636,0.596167
14253,2022-07-23,unanimous,False,prelims,False,False,-0.090418,0.75789
14258,2022-07-23,unanimous,False,prelims,False,False,0.338763,-0.146931
14255,2022-07-23,unanimous,False,prelims,False,False,1.005242,0.710806
14254,2022-07-23,unanimous,False,prelims,False,False,0.28957,-0.177672
14248,2022-07-23,unanimous,False,co_main,False,False,-0.153464,-0.112808
14260,2022-07-23,unanimous,False,prelims,False,False,-1.998752,0.876152
14314,2022-07-30,unanimous,False,prelims,False,False,-0.715367,0.218605
14317,2022-07-30,unanimous,False,prelims,False,False,-0.161217,0.508348
14319,2022-07-30,split,False,early_prelims,False,True,-1.104148,-0.427905
14309,2022-07-30,unanimous,False,main_event,True,False,0.439062,0.341572
14200,2022-08-13,unanimous,False,prelims,False,False,0.099712,0.015339
14202,2022-08-13,split,False,prelims,False,True,-0.238971,-0.725934
14188,2022-08-20,unanimous,False,prelims,False,False,-0.201073,0.078405
14184,2022-08-20,unanimous,False,main_card,False,False,0.009477,0.464691
14183,2022-08-20,unanimous,True,co_main,False,False,0.055225,1.026976
14187,2022-08-20,majority,False,prelims,False,False,0.71121,-0.352005
14224,2022-09-03,unanimous,False,prelims,False,False,0.593362,-0.250349
14222,2022-09-03,unanimous,False,main_card,False,False,0.10147,-1.227881
14218,2022-09-03,unanimous,False,co_main,False,False,0.592769,0.482656
14219,2022-09-03,unanimous,False,main_card,False,False,-0.101249,0.464967
14174,2022-09-10,unanimous,False,prelims,False,False,-0.407332,-0.331395
14178,2022-09-10,unanimous,False,early_prelims,False,False,1.118635,0.047133
14147,2022-09-17,split,False,main_card,False,True,0.783239,0.556571
14156,2022-09-17,unanimous,False,prelims,False,False,0.062738,-0.031369
14149,2022-09-17,split,False,main_card,False,True,0.222059,-0.088517
14160,2022-10-01,unanimous,False,main_card,False,False,0.487192,-0.156023
14158,2022-10-01,majority,False,main_event,False,False,0.131021,0.02093
14159,2022-10-01,unanimous,False,co_main,False,False,0.061788,-0.244398
14164,2022-10-01,unanimous,False,,,False,-0.230356,0.489629
14134,2022-10-15,unanimous,False,main_event,False,False,0.624855,-0.146638
14140,2022-10-15,unanimous,False,prelims,False,False,-0.843487,0.705389
14137,2022-10-15,unanimous,False,main_card,False,False,0.358069,0.179034
14329,2022-10-22,unanimous,False,prelims,False,False,0.066286,0.16999
14325,2022-10-22,unanimous,False,main_card,False,False,0.852174,0.209542
14324,2022-10-22,split,True,main_card,False,True,0.23076,0.274576
14333,2022-10-22,majority,False,prelims,False,False,0.272926,-0.233662
14326,2022-10-22,unanimous,False,,,False,0.387638,-0.331793
14090,2022-10-29,split,False,main_card,False,True,-0.533615,0.532093
14087,2022-10-29,split,False,co_main,False,True,1.17211,-0.126764
14102,2022-11-05,unanimous,False,prelims,False,False,-0.077344,1.088284
14132,2022-11-12,unanimous,False,early_prelims,False,False,0.877693,-0.176751
14128,2022-11-12,unanimous,False,prelims,False,False,0.410611,-0.097077
14130,2022-11-12,unanimous,False,early_prelims,False,False,-0.676287,0.306535
14081,2022-11-19,unanimous,False,prelims,False,False,0.876001,-0.014286
14080,2022-11-19,unanimous,False,prelims,False,False,0.746024,-0.759138
14070,2022-12-03,unanimous,False,prelims,False,False,-0.061341,0.264934
14071,2022-12-03,unanimous,False,prelims,False,False,0.76795,0.527037
14068,2022-12-03,unanimous,False,prelims,False,False,0.153008,-0.101986
14069,2022-12-03,split,False,prelims,False,True,0.215024,0.604695
14109,2022-12-10,unanimous,False,co_main,False,False,0.305626,0.134604
14048,2022-12-17,split,False,main_event,False,True,-0.806639,0.470811
14055,2022-12-17,unanimous,False,prelims,False,False,0.641871,-0.191902
14059,2022-12-17,unanimous,False,prelims,False,False,0.77212,0.08154
14054,2022-12-17,unanimous,False,prelims,False,False,4.22723,2.178261
14049,2022-12-17,unanimous,False,co_main,False,False,-0.573016,0.261346
14060,2022-12-17,unanimous,False,prelims,False,False,0.351103,0.051043
14001,2023-01-14,unanimous,False,main_event,False,False,0.174004,-0.302141
14004,2023-01-14,split,False,main_card,False,True,0.433753,0.270256
14024,2023-01-21,unanimous,False,main_card,False,False,0.89731,1.314431
14021,2023-01-21,unanimous,True,main_event,True,False,0.243631,0.31841
14033,2023-01-21,split,False,early_prelims,False,True,-0.15512,-0.077436
13979,2023-02-04,unanimous,False,main_card,False,False,0.558409,0.303695
13978,2023-02-04,unanimous,False,co_main,False,False,0.720439,0.309394
13993,2023-02-11,unanimous,False,prelims,False,False,0.429716,0.172697
13988,2023-02-11,unanimous,True,main_event,True,False,0.09377,0.523429
13955,2023-02-18,unanimous,False,main_card,False,False,-0.476946,1.904589
13956,2023-02-18,unanimous,False,main_card,False,False,-0.310103,0.68268
13943,2023-02-25,unanimous,False,co_main,False,False,0.010401,0.268473
13966,2023-03-04,split,False,main_card,False,True,0.734402,-0.215805
13968,2023-03-04,unanimous,False,prelims,False,False,0.295485,0.361373
13970,2023-03-04,unanimous,False,prelims,False,False,0.015181,0.007685
13929,2023-03-11,unanimous,False,main_event,False,False,0.547367,1.14262
13932,2023-03-11,unanimous,False,main_card,False,False,1.007089,0.494849
13938,2023-03-11,split,False,prelims,False,True,-0.204088,0.102044
13941,2023-03-11,unanimous,False,prelims,False,False,-0.138541,-0.125393
13908,2023-03-18,unanimous,False,main_card,False,False,1.065086,0.486978
13905,2023-03-18,majority,True,co_main,False,False,0.985987,0.369664
13904,2023-03-18,majority,False,main_event,True,False,0.272994,0.834811
13907,2023-03-18,unanimous,False,main_card,False,False,0.097875,0.071282
13916,2023-03-18,split,False,early_prelims,False,True,0.073434,-0.802842
13919,2023-03-25,split,False,main_event,False,True,0.849677,0.655924
13920,2023-03-25,unanimous,False,co_main,False,False,0.295303,0.394878
13922,2023-03-25,split,False,main_card,False,True,-0.133623,-0.01575
13897,2023-04-08,unanimous,True,prelims,False,False,0.283996,0.577001
13900,2023-04-08,split,False,prelims,False,True,-0.786932,0.204145
13898,2023-04-08,split,False,prelims,False,True,4.615164,2.358131
13893,2023-04-08,unanimous,False,co_main,False,False,0.886649,0.527778
13880,2023-04-15,unanimous,False,main_card,False,False,1.193427,0.778848
13883,2023-04-15,unanimous,False,main_card,False,False,-0.126271,0.643612
13878,2023-04-15,unanimous,False,main_event,False,False,0.713537,0.215611
13882,2023-04-15,unanimous,False,main_card,False,False,-0.035523,0.084583
13891,2023-04-15,split,False,prelims,False,True,0.681225,0.584683
13871,2023-04-22,split,False,main_card,False,True,0.30203,0.531972
13874,2023-04-22,unanimous,False,prelims,False,False,0.789147,0.283021
13845,2023-05-06,unanimous,False,co_main,False,False,1.025572,-0.995961
13844,2023-05-06,split,False,main_event,True,True,0.667687,-0.157237
13848,2023-05-06,unanimous,False,main_card,False,False,0.082346,0.088905
13852,2023-05-06,unanimous,False,prelims,False,False,0.365573,0.77038
13834,2023-05-13,unanimous,False,co_main,False,False,0.264526,0.570905
13840,2023-05-13,unanimous,False,prelims,False,False,0.28148,-0.178574
13821,2023-05-20,unanimous,True,main_event,False,False,0.481106,0.846241
13823,2023-05-20,unanimous,False,main_card,False,False,-0.989289,-0.811172
13827,2023-05-20,unanimous,False,prelims,False,False,0.060179,0.270295
13829,2023-05-20,split,False,prelims,False,True,-0.931504,-0.00473
13800,2023-06-03,split,False,main_card,False,True,0.9625,0.681842
13795,2023-06-03,split,False,main_event,False,True,0.164012,0.203134
13805,2023-06-03,unanimous,False,prelims,False,False,-0.114283,-0.321401
13796,2023-06-03,unanimous,True,co_main,False,False,0.103831,0.059258
13807,2023-06-03,unanimous,False,prelims,False,False,-0.822546,-0.344471
13775,2023-06-10,unanimous,True,main_card,False,False,-0.241881,-0.025018
13774,2023-06-10,unanimous,False,main_card,False,False,0.452208,0.084071
13771,2023-06-10,unanimous,False,main_event,True,False,1.486076,0.188162
13759,2023-06-17,unanimous,True,main_event,False,False,0.567191,1.111797
13764,2023-06-17,unanimous,False,main_card,False,False,0.554844,0.133255
13751,2023-06-24,split,False,prelims,False,True,-0.382234,0.032357
13752,2023-06-24,unanimous,False,prelims,False,False,0.633626,0.363113
13746,2023-06-24,unanimous,True,main_event,False,False,0.439461,1.318446
13754,2023-06-24,unanimous,False,prelims,False,False,1.308437,-0.540323
13710,2023-07-01,unanimous,False,prelims,False,False,-0.193544,0.850909
13700,2023-07-01,unanimous,False,co_main,False,False,0.575453,0.633539
13702,2023-07-01,split,False,main_card,False,True,0.1217,0.315508
13707,2023-07-01,split,False,prelims,False,True,0.612169,0.414641
13811,2023-07-08,split,False,main_card,False,True,0.984815,0.505324
13809,2023-07-08,split,True,co_main,True,True,1.054557,0.681944
13679,2023-07-15,unanimous,False,main_card,False,False,-0.698226,1.029257
13741,2023-07-22,unanimous,False,prelims,False,False,0.097554,0.000219
13735,2023-07-22,unanimous,False,main_card,False,False,1.030999,-0.1219
13736,2023-07-22,unanimous,False,main_card,False,False,0.429563,0.121047
13733,2023-07-22,unanimous,False,main_card,False,False,0.209278,0.282497
13742,2023-07-22,unanimous,False,prelims,False,False,-0.574073,-0.663167
13689,2023-07-29,split,False,,,True,0.398765,0.304802
13642,2023-08-05,unanimous,False,main_card,False,False,0.150567,0.59762
13643,2023-08-05,unanimous,False,main_card,False,False,-0.041162,-0.116123
13638,2023-08-05,unanimous,False,main_event,False,False,0.770763,0.716751
13644,2023-08-05,unanimous,False,prelims,False,False,0.327302,0.186464
13646,2023-08-05,unanimous,False,prelims,False,False,1.012314,-0.617253
13650,2023-08-12,unanimous,False,main_event,False,False,0.191219,0.126913
13651,2023-08-12,unanimous,False,co_main,False,False,0.178213,0.312034
13665,2023-08-19,unanimous,False,main_card,False,False,0.77033,0.423926
13664,2023-08-19,unanimous,False,co_main,True,False,0.827942,0.414435
13667,2023-08-19,unanimous,False,main_card,False,False,0.658279,0.764469
13668,2023-08-19,unanimous,False,prelims,False,False,-0.283473,0.459954
13671,2023-08-19,unanimous,True,prelims,False,False,-1.410942,0.289752
13672,2023-08-19,split,False,early_prelims,False,True,0.400073,0.058176
13535,2023-08-26,split,False,co_main,False,True,0.217084,0.371782
13536,2023-08-26,unanimous,False,main_card,False,False,0.059419,-0.219747
13538,2023-08-26,unanimous,False,main_card,False,False,-0.016536,0.191579
13548,2023-09-02,unanimous,False,co_main,False,False,0.344769,0.220389
13626,2023-09-09,unanimous,False,main_event,True,False,0.873294,0.591507
13633,2023-09-09,unanimous,False,prelims,False,False,-0.595975,0.029588
13604,2023-09-16,split,False,co_main,False,True,0.964792,-0.447185
13593,2023-09-23,unanimous,False,co_main,False,False,0.715096,0.25265
13601,2023-09-23,unanimous,False,prelims,False,False,-0.940671,0.421857
13584,2023-10-07,unanimous,False,main_card,False,False,0.379115,-0.230994
13586,2023-10-07,unanimous,False,main_card,False,False,0.194837,-0.057314
13590,2023-10-07,unanimous,False,prelims,False,False,0.478369,-0.341853
13589,2023-10-07,unanimous,False,prelims,False,False,0.367292,-0.337372
13587,2023-10-07,unanimous,False,prelims,False,False,-0.513238,0.036803
13511,2023-10-14,unanimous,False,prelims,False,False,-0.537218,0.488325
13502,2023-10-14,unanimous,False,co_main,False,False,-0.377431,-0.061594
13501,2023-10-14,unanimous,True,main_event,False,False,0.474719,0.146431
13510,2023-10-14,unanimous,False,prelims,False,False,0.232884,0.139534
13783,2023-10-21,majority,False,co_main,False,False,0.371207,0.280652
13558,2023-11-04,unanimous,False,main_event,False,False,0.199004,0.137353
13560,2023-11-04,unanimous,False,main_card,False,False,0.32655,0.112731
13518,2023-11-11,split,False,,,True,-0.620786,-0.322041
13522,2023-11-11,unanimous,False,early_prelims,False,False,0.268405,-0.256789
13491,2023-12-02,unanimous,False,main_card,False,False,0.406495,0.590764
13493,2023-12-02,unanimous,False,main_card,False,False,-0.622749,0.467743
13478,2023-12-09,unanimous,False,main_event,False,False,-1.669672,1.632292
13488,2023-12-09,split,False,prelims,False,True,0.736595,-0.168377
13482,2023-12-09,split,False,main_card,False,True,-1.06988,-0.187213
13619,2023-12-16,unanimous,False,prelims,False,False,0.531648,0.079662
13614,2023-12-16,unanimous,False,main_event,True,False,0.12481,0.576319
13617,2023-12-16,unanimous,False,main_card,False,False,-0.033535,0.416058
13615,2023-12-16,unanimous,False,co_main,True,False,-0.092629,0.007361
13620,2023-12-16,unanimous,True,prelims,False,False,0.108795,0.2409
13469,2024-01-13,unanimous,False,main_card,False,False,0.029014,-0.168302
13455,2024-01-20,split,True,main_event,True,True,0.05482,0.116398
13458,2024-01-20,split,False,main_card,False,True,0.680328,0.623876
13459,2024-01-20,unanimous,False,main_card,False,False,0.766625,0.597574
13461,2024-01-20,split,False,prelims,False,True,0.850835,0.516917
13456,2024-01-20,unanimous,False,co_main,True,False,0.789647,0.552607
13431,2024-02-03,majority,False,main_event,False,False,-0.249371,0.014809
13434,2024-02-03,unanimous,False,main_card,False,False,0.47772,0.212732
13400,2024-02-10,unanimous,False,prelims,False,False,-0.586213,0.320539
13401,2024-02-10,split,False,prelims,False,True,0.196277,-0.362361
13420,2024-02-17,unanimous,False,co_main,False,False,-0.185924,-0.00528
13421,2024-02-17,split,False,main_card,False,True,0.716173,-0.043938
13422,2024-02-17,unanimous,False,main_card,False,False,0.897542,1.267665
13424,2024-02-17,unanimous,True,prelims,False,False,-0.806691,0.694659
13430,2024-02-17,unanimous,False,early_prelims,False,False,0.395093,0.011022
13387,2024-02-24,split,False,prelims,False,True,0.362508,0.255192
13379,2024-02-24,split,False,main_event,False,True,0.471354,0.74847
13449,2024-03-02,unanimous,False,prelims,False,False,-1.356804,0.153913
13451,2024-03-02,unanimous,False,prelims,False,False,0.912262,-0.178622
13446,2024-03-02,unanimous,False,main_card,False,False,0.363905,0.388223
13414,2024-03-09,unanimous,False,early_prelims,False,False,1.270189,0.683552
13407,2024-03-09,unanimous,False,main_card,False,False,0.032929,0.348611
13412,2024-03-09,unanimous,False,prelims,False,False,0.356599,0.281043
13409,2024-03-09,unanimous,False,main_card,False,False,0.228199,0.146078
13405,2024-03-09,unanimous,False,main_event,True,False,0.350069,0.427761
13413,2024-03-09,unanimous,False,prelims,False,False,0.289214,0.365413
13411,2024-03-09,unanimous,False,prelims,False,False,0.547852,0.673401
13418,2024-03-09,split,False,early_prelims,False,True,0.915894,0.296527
13355,2024-03-16,split,False,main_card,False,True,0.475057,0.269
13360,2024-03-16,unanimous,False,prelims,False,False,0.208229,0.154352
13348,2024-03-23,unanimous,False,prelims,False,False,0.426707,0.257654
13340,2024-03-23,unanimous,False,main_event,False,False,0.543522,0.486227
13366,2024-03-30,unanimous,False,main_event,False,False,0.551275,0.14352
13368,2024-03-30,technical_unanimous,False,main_card,False,False,-0.24263,0.770536
13373,2024-03-30,unanimous,False,,,False,0.767557,0.490799
13312,2024-04-06,split,False,main_event,False,True,0.362431,-0.177552
13317,2024-04-06,unanimous,False,prelims,False,False,0.198358,0.239872
13313,2024-04-06,split,False,co_main,False,True,-0.75394,0.071428
13319,2024-04-06,unanimous,False,prelims,False,False,-0.251185,0.236437
13327,2024-04-13,split,False,main_card,False,True,0.675836,0.328355
13335,2024-04-13,unanimous,False,,,False,0.360922,0.06401
13330,2024-04-13,unanimous,False,prelims,False,False,-0.377153,-0.26919
13325,2024-04-13,unanimous,False,co_main,True,False,0.326671,-0.221424
13334,2024-04-13,split,False,early_prelims,False,True,0.182494,-0.519687
13301,2024-04-27,unanimous,False,main_card,False,False,0.061462,-0.067338
13294,2024-05-04,unanimous,False,prelims,False,False,1.279653,-0.28353
13286,2024-05-04,unanimous,False,main_event,True,False,0.869838,-0.721155
13287,2024-05-04,unanimous,False,co_main,False,False,0.191026,-0.361753
13239,2024-05-11,unanimous,False,co_main,False,False,-1.676784,0.746879
13242,2024-05-11,unanimous,False,main_card,False,False,0.472623,0.108863
13246,2024-05-11,split,False,prelims,False,True,-0.207987,-0.356122
13261,2024-05-18,split,False,prelims,False,True,0.143816,0.035117
13250,2024-05-18,unanimous,True,main_event,False,False,0.565837,0.230366
13230,2024-06-01,unanimous,False,main_card,False,False,0.041086,-0.007073
13234,2024-06-01,unanimous,False,prelims,False,False,0.255427,-0.104304
13229,2024-06-01,unanimous,False,main_card,False,False,0.641681,-0.32953
13233,2024-06-01,unanimous,False,prelims,False,False,0.331376,-0.789658
13227,2024-06-01,split,False,co_main,False,True,0.214374,0.374203
13231,2024-06-01,split,False,prelims,False,True,0.566022,-0.692946
13193,2024-06-08,unanimous,False,main_card,False,False,0.670392,-0.081367
13194,2024-06-08,unanimous,False,prelims,False,False,0.972414,0.09816
13198,2024-06-08,unanimous,False,prelims,False,False,-0.582697,0.257934
13200,2024-06-08,unanimous,False,prelims,False,False,0.2345,0.219721
13197,2024-06-08,split,False,prelims,False,True,-0.079798,0.074847
13203,2024-06-15,unanimous,False,co_main,False,False,0.855236,0.059824
13276,2024-06-22,unanimous,False,co_main,False,False,0.453006,0.508762
13277,2024-06-22,unanimous,False,main_card,False,False,-0.172658,0.495897
13280,2024-06-22,split,False,prelims,False,True,-0.238532,0.241457
13282,2024-06-22,split,False,prelims,False,True,-0.432094,-0.220353
13268,2024-06-29,split,True,prelims,False,True,1.00617,-0.07457
13271,2024-06-29,unanimous,False,early_prelims,False,False,-0.47451,0.490345
13263,2024-06-29,unanimous,False,co_main,False,False,-1.297316,1.027617
13264,2024-06-29,unanimous,False,main_card,False,False,0.644258,-0.313675
13266,2024-06-29,unanimous,False,main_card,False,False,0.570209,0.069394
13165,2024-07-13,split,False,co_main,False,True,0.077705,-0.295799
13164,2024-07-13,unanimous,False,main_event,False,False,0.003232,0.328453
13120,2024-07-20,unanimous,False,prelims,False,False,0.134834,0.489328
13122,2024-07-27,unanimous,False,main_event,True,False,1.391803,0.437453
13126,2024-07-27,unanimous,False,main_card,False,False,0.640185,0.175603
13127,2024-07-27,unanimous,False,prelims,False,False,0.12889,-0.113563
13130,2024-07-27,unanimous,False,prelims,False,False,1.366547,0.828011
13213,2024-08-03,unanimous,False,main_event,False,False,0.002336,0.185108
13215,2024-08-03,unanimous,False,main_card,False,False,0.380733,0.500174
13217,2024-08-03,unanimous,False,,,False,0.454478,0.742449
13214,2024-08-03,unanimous,True,co_main,False,False,-1.354178,-0.259425
13142,2024-08-10,unanimous,False,prelims,False,False,-0.000354,0.181211
13140,2024-08-10,unanimous,False,main_card,False,False,-0.18687,0.317541
13179,2024-08-17,split,False,main_card,False,True,-0.459429,0.110047
13178,2024-08-17,split,True,main_card,False,True,1.138741,0.629259
13186,2024-08-17,unanimous,False,early_prelims,False,False,-0.032363,-0.456535
13182,2024-08-17,split,False,prelims,False,True,0.056825,0.068867
13088,2024-08-24,unanimous,True,main_event,False,False,0.818486,0.710342
13089,2024-08-24,unanimous,False,co_main,False,False,0.930345,0.399643
13099,2024-09-07,unanimous,False,main_event,False,False,0.184966,-0.388984
13100,2024-09-07,unanimous,True,co_main,False,False,0.620633,0.280234
5863,2024-09-14,unanimous,False,main_card,False,False,0.832877,0.799758
5861,2024-09-14,unanimous,False,main_event,True,False,0.590103,0.399769
5866,2024-09-14,unanimous,False,prelims,False,False,-0.059629,1.049051
5862,2024-09-14,unanimous,False,co_main,True,False,0.710272,0.13305
5815,2024-09-28,unanimous,False,co_main,False,False,0.424697,-0.244631
5822,2024-09-28,unanimous,False,prelims,False,False,0.121929,-0.383785
5823,2024-09-28,unanimous,False,prelims,False,False,0.533205,-0.067345
5773,2024-10-05,split,False,prelims,False,True,0.004438,0.314998
5768,2024-10-05,split,False,main_card,False,True,0.481929,0.27381
5776,2024-10-05,unanimous,False,early_prelims,False,False,-0.079846,-0.09677
5770,2024-10-05,unanimous,False,main_card,False,False,0.953452,0.181075
5767,2024-10-05,split,False,co_main,True,True,0.83554,0.058571
5645,2024-10-12,split,True,main_event,False,True,0.646998,0.367275
5646,2024-10-12,split,False,co_main,False,True,0.723209,0.45934
5649,2024-10-12,split,False,main_card,False,True,-0.366492,0.36688
5652,2024-10-12,unanimous,False,prelims,False,False,0.2144,0.385574
5647,2024-10-12,unanimous,False,main_card,False,False,-0.232368,0.879552
5586,2024-10-19,unanimous,False,co_main,False,False,0.182654,0.149869
5590,2024-10-19,unanimous,False,prelims,False,False,-0.432209,0.712394
5595,2024-10-19,unanimous,False,prelims,False,False,-0.570539,1.57408
5593,2024-10-19,unanimous,False,prelims,False,False,-0.062079,0.501976
5589,2024-10-19,unanimous,True,main_card,False,False,-0.634243,0.989246
5793,2024-10-26,unanimous,False,main_card,False,False,0.390562,-0.017667
5801,2024-10-26,unanimous,False,prelims,False,False,0.714263,0.653408
5792,2024-10-26,unanimous,False,main_card,False,False,0.364715,0.12557
5538,2024-11-02,unanimous,False,main_event,False,False,0.436613,0.388221
5539,2024-11-02,unanimous,False,co_main,False,False,0.155159,0.459263
5543,2024-11-02,unanimous,False,main_card,False,False,0.485495,0.539547
5544,2024-11-02,unanimous,False,prelims,False,False,1.039858,0.269985
5547,2024-11-02,unanimous,False,prelims,False,False,0.789842,1.118256
5488,2024-11-09,unanimous,False,main_card,False,False,-0.207343,0.888767
5490,2024-11-09,unanimous,False,prelims,False,False,-0.588795,-0.121798
5474,2024-11-16,unanimous,True,co_main,False,False,0.057561,0.793894
5475,2024-11-16,unanimous,False,main_card,False,False,0.22341,0.101458
5476,2024-11-16,unanimous,False,main_card,False,False,0.089279,-0.303969
5439,2024-11-23,unanimous,False,main_event,False,False,0.247907,0.597637
5440,2024-11-23,unanimous,False,co_main,False,False,0.383507,-0.042758
5443,2024-11-23,unanimous,False,main_card,False,False,0.926037,0.10694
5658,2024-12-07,unanimous,False,co_main,False,False,-0.310113,-0.16259
5659,2024-12-07,split,False,main_card,False,True,-0.760665,-0.628257
5664,2024-12-07,unanimous,False,prelims,False,False,0.302575,0.297895
5430,2024-12-14,split,False,main_card,False,True,0.602418,-0.006351
5188,2025-01-18,unanimous,True,co_main,True,False,0.428143,0.456474
5192,2025-01-18,unanimous,False,prelims,False,False,-0.011533,0.794167
5195,2025-01-18,unanimous,False,prelims,False,False,0.513883,-0.302034
5048,2025-02-01,unanimous,False,co_main,False,False,0.684059,0.390182
5049,2025-02-01,unanimous,False,main_card,False,False,-1.495074,0.492999
5051,2025-02-01,unanimous,False,main_card,False,False,0.207005,0.497187
5055,2025-02-01,unanimous,False,prelims,False,False,0.493159,0.17046
5092,2025-02-08,unanimous,False,main_event,True,False,0.444868,0.084569
5093,2025-02-08,unanimous,False,co_main,True,False,0.74664,0.393791
4926,2025-02-15,unanimous,False,co_main,False,False,-0.012163,0.184342
4929,2025-02-15,unanimous,False,main_card,False,False,0.379749,0.487201
4931,2025-02-15,split,False,prelims,False,True,0.209538,0.033963
4936,2025-02-15,unanimous,False,prelims,False,False,-0.25166,0.552162
4937,2025-02-22,technical_unanimous,False,main_event,False,False,0.196458,0.092543
4938,2025-02-22,unanimous,False,co_main,False,False,0.471263,-0.159295
4900,2025-03-08,unanimous,False,main_event,True,False,0.306973,-0.068317
4901,2025-03-08,unanimous,True,co_main,False,False,0.319505,-0.095445
4887,2025-03-15,unanimous,False,main_event,False,False,0.26117,-0.382107
4889,2025-03-15,unanimous,False,main_card,False,False,-0.117319,0.131581
4912,2025-03-22,unanimous,False,main_card,False,False,-0.168575,-0.172755
4918,2025-03-22,unanimous,False,prelims,False,False,0.444805,-0.239253
4911,2025-03-22,unanimous,False,,,False,1.138564,-0.534505
4875,2025-03-29,unanimous,False,main_event,False,False,0.088574,0.116689
4878,2025-03-29,unanimous,False,main_card,False,False,0.774287,0.341066
4884,2025-03-29,unanimous,False,prelims,False,False,-0.538011,0.142008
4664,2025-04-05,unanimous,False,main_event,False,False,0.357564,0.367822
4667,2025-04-05,unanimous,False,main_card,False,False,-0.133512,0.287024
4675,2025-04-05,unanimous,False,prelims,False,False,-0.261942,0.284118
4249,2025-04-12,unanimous,True,main_event,True,False,0.572784,0.319292
4255,2025-04-12,unanimous,False,prelims,False,False,0.525202,0.076628
4256,2025-04-12,unanimous,False,prelims,False,False,0.56644,0.203241
4251,2025-04-12,unanimous,False,,,False,1.075852,-0.20999
4065,2025-04-26,unanimous,False,main_event,False,False,1.58358,-0.085513
4073,2025-04-26,split,False,prelims,False,True,1.091219,-0.669387
4032,2025-05-03,unanimous,False,main_card,False,False,0.556608,-0.195052
4034,2025-05-03,unanimous,False,main_card,False,False,0.255897,-0.143573
4035,2025-05-03,unanimous,False,prelims,False,False,-0.000259,0.292997
3993,2025-05-10,unanimous,True,main_event,True,False,1.302715,0.373146
3994,2025-05-10,unanimous,False,co_main,True,False,0.254715,0.359074
3995,2025-05-10,unanimous,False,main_card,False,False,0.416184,0.304804
3996,2025-05-10,unanimous,False,main_card,False,False,0.652937,0.61702
4000,2025-05-10,split,False,prelims,False,True,-0.03296,-0.063927
3910,2025-05-17,unanimous,False,main_card,False,False,0.277736,0.710053
3918,2025-05-17,unanimous,False,prelims,False,False,0.684289,0.186744
4020,2025-05-31,unanimous,False,main_event,False,False,0.528682,-0.115514
4023,2025-05-31,unanimous,False,main_card,False,False,0.58192,0.655512
3930,2025-06-07,unanimous,False,main_card,False,False,-0.118123,0.613807
3931,2025-06-07,unanimous,False,main_card,False,False,0.480791,0.068596
3935,2025-06-07,unanimous,False,prelims,False,False,0.553851,0.862954
3937,2025-06-07,unanimous,False,early_prelims,False,False,-0.346072,0.183774
3679,2025-06-14,unanimous,True,main_event,False,False,0.493682,0.190984
3680,2025-06-14,unanimous,False,co_main,False,False,0.546534,0.271154
3681,2025-06-14,unanimous,False,main_card,False,False,-0.296544,0.481995
3682,2025-06-14,unanimous,False,main_card,False,False,0.536492,1.084306
3686,2025-06-14,unanimous,False,prelims,False,False,0.288162,0.245082
3704,2025-06-21,unanimous,False,main_event,False,False,-0.013619,0.857037
3705,2025-06-21,unanimous,False,co_main,False,False,0.924568,0.337067
3711,2025-06-21,unanimous,False,prelims,False,False,0.312245,0.205573
3819,2025-06-28,unanimous,True,main_card,False,False,-0.030788,0.68924
3824,2025-06-28,unanimous,False,prelims,False,False,0.197063,0.194113
3560,2025-07-12,unanimous,False,main_card,False,False,0.021574,0.367209
3564,2025-07-12,split,False,prelims,False,True,0.291808,-0.04947
3456,2025-07-19,unanimous,False,main_event,True,False,0.041285,0.378372
3457,2025-07-19,unanimous,False,co_main,False,False,0.124404,0.611194
3458,2025-07-19,unanimous,False,main_card,False,False,1.474818,0.486817
3460,2025-07-19,unanimous,False,main_card,False,False,0.173308,0.384586
3462,2025-07-19,unanimous,True,prelims,False,False,0.25463,0.893237
3459,2025-07-19,unanimous,False,,,False,-0.065011,0.405402
3692,2025-07-26,split,False,main_event,False,True,0.537754,1.139028
3694,2025-07-26,unanimous,True,main_card,False,False,0.545255,0.836754
3697,2025-07-26,unanimous,False,prelims,False,False,-0.58027,0.487975
3349,2025-08-02,unanimous,False,main_card,False,False,0.087497,0.305539
3335,2025-08-09,unanimous,False,co_main,False,False,-1.223901,0.024165
3300,2025-08-16,unanimous,False,main_event,True,False,1.014624,0.111387
3303,2025-08-16,unanimous,False,main_card,False,False,0.109082,0.219325
3309,2025-08-16,unanimous,False,early_prelims,False,False,0.242566,-0.214918
3307,2025-08-16,unanimous,False,,,False,0.307869,0.269092
3229,2025-08-23,unanimous,False,co_main,False,False,0.14727,0.040299
3230,2025-08-23,unanimous,False,main_card,False,False,-0.002121,-0.444937
3235,2025-08-23,unanimous,False,prelims,False,False,-0.44974,0.336597
3126,2025-09-06,unanimous,False,main_event,False,False,0.030421,-0.605885
3582,2025-09-13,unanimous,False,main_card,False,False,-0.05386,0.244777
3586,2025-09-13,split,False,prelims,False,True,-0.129048,-0.558959
3587,2025-09-13,unanimous,False,prelims,False,False,0.59916,-0.197149
3072,2025-10-04,unanimous,False,co_main,True,False,0.58026,0.415179
3082,2025-10-04,unanimous,False,early_prelims,False,False,0.576153,0.079938
3084,2025-10-04,unanimous,False,early_prelims,False,False,0.436868,0.294168
3081,2025-10-04,unanimous,False,early_prelims,False,False,0.385756,0.532926
2731,2025-10-11,split,False,co_main,False,True,0.355337,0.103389
2732,2025-10-11,unanimous,False,main_card,False,False,-0.246046,0.091733
3059,2025-10-18,unanimous,False,co_main,False,False,-0.067935,-0.011199
3060,2025-10-18,split,False,main_card,False,True,0.405593,0.4409
3063,2025-10-18,unanimous,False,main_card,False,False,0.893212,0.439439
2876,2025-10-25,unanimous,False,co_main,True,False,1.150813,0.398427
2877,2025-10-25,unanimous,False,main_card,False,False,0.913524,-0.167737
2878,2025-10-25,split,False,main_card,False,True,-0.129349,0.136792
2881,2025-10-25,unanimous,False,prelims,False,False,0.048235,0.058619
2604,2025-11-01,unanimous,False,main_card,False,False,0.227377,0.496383
2611,2025-11-01,split,False,prelims,False,True,0.210799,0.387029
2540,2025-11-08,unanimous,False,prelims,False,False,-0.419925,-0.05267
2541,2025-11-08,unanimous,False,prelims,False,False,1.312156,0.82426
2542,2025-11-08,unanimous,False,prelims,False,False,0.202863,0.44866
2544,2025-11-08,unanimous,False,prelims,False,False,-0.242422,-0.053358
2547,2025-11-15,unanimous,False,main_event,True,False,1.109385,0.519652
2548,2025-11-15,unanimous,False,co_main,True,False,0.918686,0.17212
2553,2025-11-15,unanimous,False,prelims,False,False,0.624431,0.279407
2811,2025-11-22,unanimous,False,co_main,False,False,1.364612,0.435594
2564,2025-12-06,unanimous,False,main_card,False,False,0.530967,0.428887
2568,2025-12-06,unanimous,False,prelims,False,False,0.644935,-0.097214
2561,2025-12-06,unanimous,True,main_event,True,False,1.46168,0.265126
1986,2026-01-24,unanimous,True,main_event,True,False,0.692459,0.325537
1987,2026-01-24,unanimous,False,co_main,False,False,0.47575,-0.511649
1990,2026-01-24,unanimous,False,main_card,False,False,0.858304,0.397761
1991,2026-01-24,unanimous,False,prelims,False,False,0.650109,-0.458474
1989,2026-01-24,unanimous,False,main_card,False,False,-0.175996,0.288128
1932,2026-01-31,unanimous,True,main_event,True,False,0.172494,0.388807
1935,2026-01-31,unanimous,False,main_card,False,False,-0.542169,0.386275
1907,2026-02-07,unanimous,False,co_main,False,False,0.451447,0.446271
1908,2026-02-07,unanimous,False,main_card,False,False,-0.323435,1.446315
1909,2026-02-07,unanimous,True,main_card,False,False,0.032046,0.140858
1823,2026-02-21,unanimous,False,main_card,False,False,0.230082,-0.250764
1825,2026-02-21,split,False,main_card,False,True,0.425369,-0.075206
1830,2026-02-21,unanimous,False,prelims,False,False,1.092587,0.369526
1920,2026-02-28,unanimous,False,co_main,False,False,0.446388,0.312691
1847,2026-03-07,unanimous,False,main_event,True,False,0.440025,-0.148555
1848,2026-03-07,unanimous,False,co_main,False,False,0.279678,0.042294
1849,2026-03-07,unanimous,False,main_card,False,False,0.419816,0.018679
1807,2026-03-14,unanimous,False,co_main,False,False,0.256239,0.655058
1811,2026-03-14,split,False,main_card,False,True,-1.53395,-0.746352
1812,2026-03-14,unanimous,False,prelims,False,False,1.022726,0.144343
1816,2026-03-14,unanimous,False,prelims,False,False,0.502491,0.577897
1834,2026-03-21,majority,False,main_event,False,False,0.144803,-0.34724
1838,2026-03-21,unanimous,False,main_card,False,False,1.031366,-0.018832
1841,2026-03-21,split,False,prelims,False,True,0.625279,-0.100796
1799,2026-03-28,unanimous,True,prelims,False,False,0.797743,0.214443
1524,2026-04-04,unanimous,False,co_main,False,False,0.230524,0.213179
1652,2026-04-11,unanimous,True,main_card,False,False,1.82552,1.925329
1653,2026-04-11,split,False,main_card,False,True,0.05197,-0.040334
1656,2026-04-11,unanimous,False,prelims,False,False,0.141201,0.100523
1655,2026-04-11,unanimous,False,,,False,0.153385,-0.018675
1363,2026-04-18,unanimous,True,co_main,False,False,0.728202,0.299644
1365,2026-04-18,unanimous,False,main_card,False,False,0.952906,-0.200889
1344,2026-04-25,unanimous,False,main_event,False,False,0.363991,-0.058969
1345,2026-04-25,unanimous,False,co_main,False,False,0.328246,0.510526
1346,2026-04-25,unanimous,False,main_card,False,False,0.983944,0.152337
1348,2026-04-25,split,False,main_card,False,True,0.413156,-0.062077
1198,2026-05-02,unanimous,False,main_card,False,False,-0.165904,0.527273
1204,2026-05-02,unanimous,False,prelims,False,False,-0.16473,0.104557
1134,2026-05-09,split,False,main_event,True,True,0.815365,0.656844
1136,2026-05-09,unanimous,False,main_card,False,False,0.445936,0.440345
1137,2026-05-09,unanimous,False,main_card,False,False,0.149821,0.41637
1269,2026-05-16,unanimous,False,prelims,False,False,0.814292,0.420594
1405,2026-05-30,unanimous,False,main_card,False,False,-0.805927,0.228956
1082,2026-06-06,unanimous,False,main_event,False,False,0.223108,0.322235
1083,2026-06-06,unanimous,True,co_main,False,False,-0.071068,-0.096569
696,2026-06-27,unanimous,False,co_main,False,False,-0.487358,0.465143
1211,2026-07-11,unanimous,False,main_card,False,False,0.280721,0.151308
1218,2026-07-11,unanimous,False,early_prelims,False,False,0.293812,-0.138798
481,2026-07-18,unanimous,True,main_event,False,False,0.267913,0.227497
482,2026-07-18,unanimous,False,co_main,False,False,0.452238,0.353848
484,2026-07-18,unanimous,False,main_card,False,False,1.004241,1.61465
429,2026-08-01,unanimous,False,main_card,False,False,0.034425,0.109097
292,2026-08-08,unanimous,True,co_main,False,False,-0.157624,0.33223
546,2026-08-15,unanimous,False,co_main,True,False,0.201169,0.352175
545,2026-08-15,unanimous,False,main_event,True,False,0.643539,-0.19683
550,2026-08-15,unanimous,False,prelims,False,False,0.242932,0.008424
