bout_id,event_id,fight_date,event_name,decision,fotn,fotn_source,card_position,card_position_source,is_title,in_sample_b
292,89,2026-08-08,UFC Fight Night 284 - Gamrot vs. Salkilld,unanimous,True,wikipedia,co_main,wikipedia,False,False
294,89,2026-08-08,UFC Fight Night 284 - Gamrot vs. Salkilld,unanimous,False,wikipedia,main_card,wikipedia,False,False
296,89,2026-08-08,UFC Fight Night 284 - Gamrot vs. Salkilld,unanimous,False,wikipedia,prelims,wikipedia,False,False
299,89,2026-08-08,UFC Fight Night 284 - Gamrot vs. Salkilld,unanimous,False,wikipedia,prelims,wikipedia,False,False
302,89,2026-08-08,UFC Fight Night 284 - Gamrot vs. Salkilld,unanimous,False,wikipedia,prelims,wikipedia,False,False
305,90,2026-07-25,UFC Fight Night 282 - Ankalaev vs. Guskov,unanimous,False,wikipedia,main_card,wikipedia,False,False
307,90,2026-07-25,UFC Fight Night 282 - Ankalaev vs. Guskov,unanimous,False,wikipedia,main_card,wikipedia,False,False
312,90,2026-07-25,UFC Fight Night 282 - Ankalaev vs. Guskov,unanimous,False,wikipedia,prelims,wikipedia,False,False
313,90,2026-07-25,UFC Fight Night 282 - Ankalaev vs. Guskov,unanimous,False,wikipedia,prelims,wikipedia,False,False
429,103,2026-08-01,UFC Fight Night 283 - Medic vs. Rodriguez,unanimous,False,wikipedia,main_card,wikipedia,False,False
435,103,2026-08-01,UFC Fight Night 283 - Medic vs. Rodriguez,unanimous,False,wikipedia,prelims,wikipedia,False,False
481,110,2026-07-18,UFC Fight Night 281 - Du Plessis vs. Usman,unanimous,True,wikipedia,main_event,wikipedia,False,False
482,110,2026-07-18,UFC Fight Night 281 - Du Plessis vs. Usman,unanimous,False,wikipedia,co_main,wikipedia,False,False
484,110,2026-07-18,UFC Fight Night 281 - Du Plessis vs. Usman,unanimous,False,wikipedia,main_card,wikipedia,False,False
486,110,2026-07-18,UFC Fight Night 281 - Du Plessis vs. Usman,unanimous,False,wikipedia,prelims,wikipedia,False,False
487,110,2026-07-18,UFC Fight Night 281 - Du Plessis vs. Usman,unanimous,False,wikipedia,prelims,wikipedia,False,False
489,110,2026-07-18,UFC Fight Night 281 - Du Plessis vs. Usman,unanimous,False,wikipedia,prelims,wikipedia,False,False
490,110,2026-07-18,UFC Fight Night 281 - Du Plessis vs. Usman,unanimous,False,wikipedia,prelims,wikipedia,False,False
545,116,2026-08-15,UFC 330 - Makhachev vs. Garry,unanimous,False,wikipedia,main_event,wikipedia,True,False
546,116,2026-08-15,UFC 330 - Makhachev vs. Garry,unanimous,False,wikipedia,co_main,wikipedia,True,False
550,116,2026-08-15,UFC 330 - Makhachev vs. Garry,unanimous,False,wikipedia,prelims,wikipedia,False,False
553,116,2026-08-15,UFC 330 - Makhachev vs. Garry,unanimous,False,wikipedia,prelims,wikipedia,False,False
696,137,2026-06-27,UFC Fight Night 280 - Fiziev vs. Torres,unanimous,False,wikipedia,co_main,wikipedia,False,False
699,137,2026-06-27,UFC Fight Night 280 - Fiziev vs. Torres,unanimous,False,wikipedia,main_card,wikipedia,False,False
701,137,2026-06-27,UFC Fight Night 280 - Fiziev vs. Torres,unanimous,False,wikipedia,prelims,wikipedia,False,False
706,137,2026-06-27,UFC Fight Night 280 - Fiziev vs. Torres,unanimous,False,wikipedia,prelims,wikipedia,False,False
713,138,2026-06-20,UFC Fight Night 279 - Kape vs. Horiguchi 2,unanimous,False,wikipedia,prelims,wikipedia,False,False
715,138,2026-06-20,UFC Fight Night 279 - Kape vs. Horiguchi 2,split,False,wikipedia,prelims,wikipedia,False,False
716,138,2026-06-20,UFC Fight Night 279 - Kape vs. Horiguchi 2,unanimous,False,wikipedia,prelims,wikipedia,False,False
718,138,2026-06-20,UFC Fight Night 279 - Kape vs. Horiguchi 2,unanimous,False,wikipedia,prelims,wikipedia,False,False
719,138,2026-06-20,UFC Fight Night 279 - Kape vs. Horiguchi 2,unanimous,False,wikipedia,prelims,wikipedia,False,False
1082,208,2026-06-06,UFC Fight Night 278 - Muhammad vs. Bonfim,unanimous,False,wikipedia,main_event,wikipedia,False,False
1083,208,2026-06-06,UFC Fight Night 278 - Muhammad vs. Bonfim,unanimous,True,wikipedia,co_main,wikipedia,False,False
1084,208,2026-06-06,UFC Fight Night 278 - Muhammad vs. Bonfim,unanimous,False,wikipedia,main_card,wikipedia,False,False
1088,208,2026-06-06,UFC Fight Night 278 - Muhammad vs. Bonfim,unanimous,False,wikipedia,prelims,wikipedia,False,False
1092,208,2026-06-06,UFC Fight Night 278 - Muhammad vs. Bonfim,split,False,wikipedia,prelims,wikipedia,False,False
1134,213,2026-05-09,UFC 328 - Chimaev vs. Strickland,split,False,wikipedia,main_event,wikipedia,True,True
1136,213,2026-05-09,UFC 328 - Chimaev vs. Strickland,unanimous,False,wikipedia,main_card,wikipedia,False,False
1137,213,2026-05-09,UFC 328 - Chimaev vs. Strickland,unanimous,False,wikipedia,main_card,wikipedia,False,False
1143,213,2026-05-09,UFC 328 - Chimaev vs. Strickland,unanimous,False,wikipedia,early_prelims,wikipedia,False,False
1144,213,2026-05-09,UFC 328 - Chimaev vs. Strickland,unanimous,False,wikipedia,early_prelims,wikipedia,False,False
1146,213,2026-05-09,UFC 328 - Chimaev vs. Strickland,unanimous,False,wikipedia,early_prelims,wikipedia,False,False
1198,219,2026-05-02,UFC Fight Night 275 - Della Maddalena vs. Prates,unanimous,False,wikipedia,main_card,wikipedia,False,False
1201,219,2026-05-02,UFC Fight Night 275 - Della Maddalena vs. Prates,unanimous,False,wikipedia,main_card,wikipedia,False,False
1202,219,2026-05-02,UFC Fight Night 275 - Della Maddalena vs. Prates,unanimous,False,wikipedia,prelims,wikipedia,False,False
1204,219,2026-05-02,UFC Fight Night 275 - Della Maddalena vs. Prates,unanimous,False,wikipedia,prelims,wikipedia,False,False
1205,219,2026-05-02,UFC Fight Night 275 - Della Maddalena vs. Prates,unanimous,False,wikipedia,prelims,wikipedia,False,False
1207,219,2026-05-02,UFC Fight Night 275 - Della Maddalena vs. Prates,split,False,wikipedia,prelims,wikipedia,False,False
1211,220,2026-07-11,UFC 329 - McGregor vs. Holloway 2,unanimous,False,wikipedia,main_card,wikipedia,False,False
1218,220,2026-07-11,UFC 329 - McGregor vs. Holloway 2,unanimous,False,wikipedia,early_prelims,wikipedia,False,False
1220,220,2026-07-11,UFC 329 - McGregor vs. Holloway 2,unanimous,False,wikipedia,early_prelims,wikipedia,False,False
1261,224,2026-05-16,UFC Fight Night 276 - Allen vs. Costa,unanimous,False,wikipedia,main_event,wikipedia,False,False
1264,224,2026-05-16,UFC Fight Night 276 - Allen vs. Costa,split,False,wikipedia,main_card,wikipedia,False,False
1267,224,2026-05-16,UFC Fight Night 276 - Allen vs. Costa,unanimous,False,wikipedia,,unknown,,False
1269,224,2026-05-16,UFC Fight Night 276 - Allen vs. Costa,unanimous,False,wikipedia,prelims,wikipedia,False,False
1272,224,2026-05-16,UFC Fight Night 276 - Allen vs. Costa,unanimous,False,wikipedia,prelims,wikipedia,False,False
1344,231,2026-04-25,UFC Fight Night 274 - Sterling vs. Zalal,unanimous,False,wikipedia,main_event,wikipedia,False,False
1345,231,2026-04-25,UFC Fight Night 274 - Sterling vs. Zalal,unanimous,False,wikipedia,co_main,wikipedia,False,False
1346,231,2026-04-25,UFC Fight Night 274 - Sterling vs. Zalal,unanimous,False,wikipedia,main_card,wikipedia,False,False
1347,231,2026-04-25,UFC Fight Night 274 - Sterling vs. Zalal,unanimous,True,wikipedia,main_card,wikipedia,False,False
1348,231,2026-04-25,UFC Fight Night 274 - Sterling vs. Zalal,split,False,wikipedia,main_card,wikipedia,False,True
1350,231,2026-04-25,UFC Fight Night 274 - Sterling vs. Zalal,unanimous,False,wikipedia,prelims,wikipedia,False,False
1352,231,2026-04-25,UFC Fight Night 274 - Sterling vs. Zalal,unanimous,False,wikipedia,prelims,wikipedia,False,False
1353,231,2026-04-25,UFC Fight Night 274 - Sterling vs. Zalal,unanimous,False,wikipedia,prelims,wikipedia,False,False
1354,231,2026-04-25,UFC Fight Night 274 - Sterling vs. Zalal,unanimous,False,wikipedia,prelims,wikipedia,False,False
1355,231,2026-04-25,UFC Fight Night 274 - Sterling vs. Zalal,unanimous,False,wikipedia,prelims,wikipedia,False,False
1356,231,2026-04-25,UFC Fight Night 274 - Sterling vs. Zalal,unanimous,False,wikipedia,prelims,wikipedia,False,False
1363,235,2026-04-18,UFC Fight Night 273 - Burns vs. Malott,unanimous,True,wikipedia,co_main,wikipedia,False,False
1365,235,2026-04-18,UFC Fight Night 273 - Burns vs. Malott,unanimous,False,wikipedia,main_card,wikipedia,False,False
1366,235,2026-04-18,UFC Fight Night 273 - Burns vs. Malott,split,False,wikipedia,main_card,wikipedia,False,False
1370,235,2026-04-18,UFC Fight Night 273 - Burns vs. Malott,unanimous,False,wikipedia,prelims,wikipedia,False,False
1371,235,2026-04-18,UFC Fight Night 273 - Burns vs. Malott,unanimous,False,wikipedia,,unknown,,False
1405,239,2026-05-30,UFC Fight Night 277 - Song vs. Figueiredo,unanimous,False,wikipedia,main_card,wikipedia,False,False
1408,239,2026-05-30,UFC Fight Night 277 - Song vs. Figueiredo,split,False,wikipedia,prelims,wikipedia,False,False
1411,239,2026-05-30,UFC Fight Night 277 - Song vs. Figueiredo,unanimous,False,wikipedia,prelims,wikipedia,False,False
1524,250,2026-04-04,UFC Fight Night 272 - Moicano vs. Duncan,unanimous,False,wikipedia,co_main,wikipedia,False,False
1528,250,2026-04-04,UFC Fight Night 272 - Moicano vs. Duncan,unanimous,False,wikipedia,,unknown,,False
1529,250,2026-04-04,UFC Fight Night 272 - Moicano vs. Duncan,majority,False,wikipedia,prelims,wikipedia,False,False
1534,250,2026-04-04,UFC Fight Night 272 - Moicano vs. Duncan,majority,False,wikipedia,prelims,wikipedia,False,False
1535,250,2026-04-04,UFC Fight Night 272 - Moicano vs. Duncan,split,False,wikipedia,prelims,wikipedia,False,False
1652,271,2026-04-11,UFC 327 - Prochazka vs. Ulberg,unanimous,True,wikipedia,main_card,wikipedia,False,False
1653,271,2026-04-11,UFC 327 - Prochazka vs. Ulberg,split,False,wikipedia,main_card,wikipedia,False,True
1655,271,2026-04-11,UFC 327 - Prochazka vs. Ulberg,unanimous,False,wikipedia,,unknown,,False
1656,271,2026-04-11,UFC 327 - Prochazka vs. Ulberg,unanimous,False,wikipedia,prelims,wikipedia,False,False
1661,271,2026-04-11,UFC 327 - Prochazka vs. Ulberg,unanimous,False,wikipedia,early_prelims,wikipedia,False,False
1799,285,2026-03-28,UFC Fight Night 271 - Adesanya vs. Pyfer,unanimous,True,wikipedia,prelims,wikipedia,False,False
1801,285,2026-03-28,UFC Fight Night 271 - Adesanya vs. Pyfer,unanimous,False,wikipedia,prelims,wikipedia,False,False
1805,285,2026-03-28,UFC Fight Night 271 - Adesanya vs. Pyfer,unanimous,False,wikipedia,prelims,wikipedia,False,False
1807,286,2026-03-14,UFC Fight Night 269 - Emmett vs. Vallejos,unanimous,False,wikipedia,co_main,wikipedia,False,False
1808,286,2026-03-14,UFC Fight Night 269 - Emmett vs. Vallejos,split,False,wikipedia,main_card,wikipedia,False,False
1811,286,2026-03-14,UFC Fight Night 269 - Emmett vs. Vallejos,split,False,wikipedia,main_card,wikipedia,False,True
1812,286,2026-03-14,UFC Fight Night 269 - Emmett vs. Vallejos,unanimous,False,wikipedia,prelims,wikipedia,False,False
1813,286,2026-03-14,UFC Fight Night 269 - Emmett vs. Vallejos,unanimous,False,wikipedia,prelims,wikipedia,False,False
1816,286,2026-03-14,UFC Fight Night 269 - Emmett vs. Vallejos,unanimous,False,wikipedia,prelims,wikipedia,False,False
1818,286,2026-03-14,UFC Fight Night 269 - Emmett vs. Vallejos,unanimous,False,wikipedia,prelims,wikipedia,False,False
1819,286,2026-03-14,UFC Fight Night 269 - Emmett vs. Vallejos,unanimous,False,wikipedia,prelims,wikipedia,False,False
1823,287,2026-02-21,UFC Fight Night 267 - Strickland vs. Hernandez,unanimous,False,wikipedia,main_card,wikipedia,False,False
1825,287,2026-02-21,UFC Fight Night 267 - Strickland vs. Hernandez,split,False,wikipedia,main_card,wikipedia,False,True
1826,287,2026-02-21,UFC Fight Night 267 - Strickland vs. Hernandez,unanimous,False,wikipedia,prelims,wikipedia,False,False
1828,287,2026-02-21,UFC Fight Night 267 - Strickland vs. Hernandez,unanimous,False,wikipedia,prelims,wikipedia,False,False
1830,287,2026-02-21,UFC Fight Night 267 - Strickland vs. Hernandez,unanimous,False,wikipedia,prelims,wikipedia,False,False
1831,287,2026-02-21,UFC Fight Night 267 - Strickland vs. Hernandez,split,False,wikipedia,prelims,wikipedia,False,False
1832,287,2026-02-21,UFC Fight Night 267 - Strickland vs. Hernandez,unanimous,False,wikipedia,prelims,wikipedia,False,False
1833,287,2026-02-21,UFC Fight Night 267 - Strickland vs. Hernandez,unanimous,False,wikipedia,prelims,wikipedia,False,False
1834,288,2026-03-21,UFC Fight Night 270 - Evloev vs. Murphy,majority,False,wikipedia,main_event,wikipedia,False,False
1835,288,2026-03-21,UFC Fight Night 270 - Evloev vs. Murphy,unanimous,False,wikipedia,co_main,wikipedia,False,False
1836,288,2026-03-21,UFC Fight Night 270 - Evloev vs. Murphy,unanimous,False,wikipedia,main_card,wikipedia,False,False
1838,288,2026-03-21,UFC Fight Night 270 - Evloev vs. Murphy,unanimous,False,wikipedia,main_card,wikipedia,False,False
1840,288,2026-03-21,UFC Fight Night 270 - Evloev vs. Murphy,unanimous,True,wikipedia,prelims,wikipedia,False,False
1841,288,2026-03-21,UFC Fight Night 270 - Evloev vs. Murphy,split,False,wikipedia,prelims,wikipedia,False,True
1842,288,2026-03-21,UFC Fight Night 270 - Evloev vs. Murphy,unanimous,False,wikipedia,prelims,wikipedia,False,False
1843,288,2026-03-21,UFC Fight Night 270 - Evloev vs. Murphy,unanimous,False,wikipedia,prelims,wikipedia,False,False
1845,288,2026-03-21,UFC Fight Night 270 - Evloev vs. Murphy,unanimous,False,wikipedia,prelims,wikipedia,False,False
1847,289,2026-03-07,UFC 326 - Holloway vs. Oliveira 2,unanimous,False,wikipedia,main_event,wikipedia,True,False
1848,289,2026-03-07,UFC 326 - Holloway vs. Oliveira 2,unanimous,False,wikipedia,co_main,wikipedia,False,False
1849,289,2026-03-07,UFC 326 - Holloway vs. Oliveira 2,unanimous,False,wikipedia,main_card,wikipedia,False,False
1852,289,2026-03-07,UFC 326 - Holloway vs. Oliveira 2,unanimous,False,wikipedia,prelims,wikipedia,False,False
1853,289,2026-03-07,UFC 326 - Holloway vs. Oliveira 2,split,False,wikipedia,prelims,wikipedia,False,False
1855,289,2026-03-07,UFC 326 - Holloway vs. Oliveira 2,unanimous,False,wikipedia,prelims,wikipedia,False,False
1856,289,2026-03-07,UFC 326 - Holloway vs. Oliveira 2,unanimous,False,wikipedia,early_prelims,wikipedia,False,False
1857,289,2026-03-07,UFC 326 - Holloway vs. Oliveira 2,unanimous,False,wikipedia,early_prelims,wikipedia,False,False
1907,294,2026-02-07,UFC Fight Night 266 - Bautista vs. Oliveira,unanimous,False,wikipedia,co_main,wikipedia,False,False
1908,294,2026-02-07,UFC Fight Night 266 - Bautista vs. Oliveira,unanimous,False,wikipedia,main_card,wikipedia,False,False
1909,294,2026-02-07,UFC Fight Night 266 - Bautista vs. Oliveira,unanimous,True,wikipedia,main_card,wikipedia,False,False
1910,294,2026-02-07,UFC Fight Night 266 - Bautista vs. Oliveira,split,False,wikipedia,main_card,wikipedia,False,False
1912,294,2026-02-07,UFC Fight Night 266 - Bautista vs. Oliveira,unanimous,False,wikipedia,prelims,wikipedia,False,False
1914,294,2026-02-07,UFC Fight Night 266 - Bautista vs. Oliveira,unanimous,False,wikipedia,prelims,wikipedia,False,False
1915,294,2026-02-07,UFC Fight Night 266 - Bautista vs. Oliveira,unanimous,False,wikipedia,prelims,wikipedia,False,False
1916,294,2026-02-07,UFC Fight Night 266 - Bautista vs. Oliveira,unanimous,False,wikipedia,prelims,wikipedia,False,False
1918,294,2026-02-07,UFC Fight Night 266 - Bautista vs. Oliveira,unanimous,False,wikipedia,,unknown,,False
1919,295,2026-02-28,UFC Fight Night 268 - Moreno vs. Kavanagh,unanimous,False,wikipedia,main_event,wikipedia,False,False
1920,295,2026-02-28,UFC Fight Night 268 - Moreno vs. Kavanagh,unanimous,False,wikipedia,co_main,wikipedia,False,False
1922,295,2026-02-28,UFC Fight Night 268 - Moreno vs. Kavanagh,split,False,wikipedia,main_card,wikipedia,False,False
1924,295,2026-02-28,UFC Fight Night 268 - Moreno vs. Kavanagh,unanimous,False,wikipedia,main_card,wikipedia,False,False
1926,295,2026-02-28,UFC Fight Night 268 - Moreno vs. Kavanagh,unanimous,False,wikipedia,prelims,wikipedia,False,False
1927,295,2026-02-28,UFC Fight Night 268 - Moreno vs. Kavanagh,unanimous,False,wikipedia,prelims,wikipedia,False,False
1929,295,2026-02-28,UFC Fight Night 268 - Moreno vs. Kavanagh,unanimous,True,wikipedia,prelims,wikipedia,False,False
1932,296,2026-01-31,UFC 325 - Volkanovski vs. Lopes 2,unanimous,True,wikipedia,main_event,wikipedia,True,False
1935,296,2026-01-31,UFC 325 - Volkanovski vs. Lopes 2,unanimous,False,wikipedia,main_card,wikipedia,False,False
1939,296,2026-01-31,UFC 325 - Volkanovski vs. Lopes 2,unanimous,False,wikipedia,prelims,wikipedia,False,False
1941,296,2026-01-31,UFC 325 - Volkanovski vs. Lopes 2,majority,False,wikipedia,early_prelims,wikipedia,False,False
1942,296,2026-01-31,UFC 325 - Volkanovski vs. Lopes 2,unanimous,False,wikipedia,early_prelims,wikipedia,False,False
1944,296,2026-01-31,UFC 325 - Volkanovski vs. Lopes 2,split,False,wikipedia,,unknown,,False
1986,301,2026-01-24,UFC 324 - Gaethje vs. Pimblett,unanimous,True,wikipedia,main_event,wikipedia,True,False
1987,301,2026-01-24,UFC 324 - Gaethje vs. Pimblett,unanimous,False,wikipedia,co_main,wikipedia,False,False
1989,301,2026-01-24,UFC 324 - Gaethje vs. Pimblett,unanimous,False,wikipedia,main_card,wikipedia,False,False
1990,301,2026-01-24,UFC 324 - Gaethje vs. Pimblett,unanimous,False,wikipedia,main_card,wikipedia,False,False
1991,301,2026-01-24,UFC 324 - Gaethje vs. Pimblett,unanimous,False,wikipedia,prelims,wikipedia,False,False
1992,301,2026-01-24,UFC 324 - Gaethje vs. Pimblett,unanimous,False,wikipedia,prelims,wikipedia,False,False
2483,352,2025-12-13,UFC on ESPN 73 - Royval vs. Kape,unanimous,False,wikipedia,main_card,wikipedia,False,False
2486,352,2025-12-13,UFC on ESPN 73 - Royval vs. Kape,split,False,wikipedia,main_card,wikipedia,False,False
2488,352,2025-12-13,UFC on ESPN 73 - Royval vs. Kape,unanimous,False,wikipedia,prelims,wikipedia,False,False
2490,352,2025-12-13,UFC on ESPN 73 - Royval vs. Kape,unanimous,False,wikipedia,prelims,wikipedia,False,False
2491,352,2025-12-13,UFC on ESPN 73 - Royval vs. Kape,unanimous,False,wikipedia,prelims,wikipedia,False,False
2540,359,2025-11-08,UFC Fight Night 264 - Bonfim vs. Brown,unanimous,False,wikipedia,prelims,wikipedia,False,False
2541,359,2025-11-08,UFC Fight Night 264 - Bonfim vs. Brown,unanimous,False,wikipedia,prelims,wikipedia,False,False
2542,359,2025-11-08,UFC Fight Night 264 - Bonfim vs. Brown,unanimous,False,wikipedia,prelims,wikipedia,False,False
2544,359,2025-11-08,UFC Fight Night 264 - Bonfim vs. Brown,unanimous,False,wikipedia,prelims,wikipedia,False,False
2547,360,2025-11-15,UFC 322 - Della Maddalena vs. Makhachev,unanimous,False,wikipedia,main_event,wikipedia,True,False
2548,360,2025-11-15,UFC 322 - Della Maddalena vs. Makhachev,unanimous,False,wikipedia,co_main,wikipedia,True,False
2553,360,2025-11-15,UFC 322 - Della Maddalena vs. Makhachev,unanimous,False,wikipedia,prelims,wikipedia,False,False
2555,360,2025-11-15,UFC 322 - Della Maddalena vs. Makhachev,unanimous,False,wikipedia,prelims,wikipedia,False,False
2557,360,2025-11-15,UFC 322 - Della Maddalena vs. Makhachev,unanimous,False,wikipedia,,unknown,,False
2558,360,2025-11-15,UFC 322 - Della Maddalena vs. Makhachev,unanimous,False,wikipedia,early_prelims,wikipedia,False,False
2560,360,2025-11-15,UFC 322 - Della Maddalena vs. Makhachev,unanimous,False,wikipedia,early_prelims,wikipedia,False,False
2561,361,2025-12-06,UFC 323 - Dvalishvili vs. Yan 2,unanimous,True,wikipedia,main_event,wikipedia,True,False
2564,361,2025-12-06,UFC 323 - Dvalishvili vs. Yan 2,unanimous,False,wikipedia,main_card,wikipedia,False,False
2568,361,2025-12-06,UFC 323 - Dvalishvili vs. Yan 2,unanimous,False,wikipedia,prelims,wikipedia,False,False
2570,361,2025-12-06,UFC 323 - Dvalishvili vs. Yan 2,unanimous,False,wikipedia,early_prelims,wikipedia,False,False
2604,366,2025-11-01,UFC Fight Night 263 - Garcia vs. Onama,unanimous,False,wikipedia,main_card,wikipedia,False,False
2609,366,2025-11-01,UFC Fight Night 263 - Garcia vs. Onama,unanimous,False,wikipedia,prelims,wikipedia,False,False
2611,366,2025-11-01,UFC Fight Night 263 - Garcia vs. Onama,split,False,wikipedia,prelims,wikipedia,False,True
2612,366,2025-11-01,UFC Fight Night 263 - Garcia vs. Onama,unanimous,False,wikipedia,prelims,wikipedia,False,False
2613,366,2025-11-01,UFC Fight Night 263 - Garcia vs. Onama,unanimous,False,wikipedia,prelims,wikipedia,False,False
2731,382,2025-10-11,UFC Fight Night 261 - Oliveira vs. Gamrot,split,False,wikipedia,co_main,wikipedia,False,True
2732,382,2025-10-11,UFC Fight Night 261 - Oliveira vs. Gamrot,unanimous,False,wikipedia,main_card,wikipedia,False,False
2739,382,2025-10-11,UFC Fight Night 261 - Oliveira vs. Gamrot,unanimous,False,wikipedia,prelims,wikipedia,False,False
2800,387,2025-09-27,UFC Fight Night 260 - Ulberg vs. Reyes,unanimous,False,wikipedia,main_card,wikipedia,False,False
2803,387,2025-09-27,UFC Fight Night 260 - Ulberg vs. Reyes,unanimous,False,wikipedia,prelims,wikipedia,False,False
2805,387,2025-09-27,UFC Fight Night 260 - Ulberg vs. Reyes,unanimous,False,wikipedia,prelims,wikipedia,False,False
2806,387,2025-09-27,UFC Fight Night 260 - Ulberg vs. Reyes,unanimous,False,wikipedia,prelims,wikipedia,False,False
2807,387,2025-09-27,UFC Fight Night 260 - Ulberg vs. Reyes,unanimous,False,wikipedia,prelims,wikipedia,False,False
2809,387,2025-09-27,UFC Fight Night 260 - Ulberg vs. Reyes,unanimous,False,wikipedia,,unknown,,False
2811,388,2025-11-22,UFC Fight Night 265 - Tsarukyan vs. Hooker,unanimous,False,wikipedia,co_main,wikipedia,False,False
2817,388,2025-11-22,UFC Fight Night 265 - Tsarukyan vs. Hooker,split,False,wikipedia,prelims,wikipedia,False,False
2820,388,2025-11-22,UFC Fight Night 265 - Tsarukyan vs. Hooker,unanimous,False,wikipedia,prelims,wikipedia,False,False
2822,388,2025-11-22,UFC Fight Night 265 - Tsarukyan vs. Hooker,unanimous,False,wikipedia,prelims,wikipedia,False,False
2823,388,2025-11-22,UFC Fight Night 265 - Tsarukyan vs. Hooker,unanimous,False,wikipedia,,unknown,,False
2876,394,2025-10-25,UFC 321 - Aspinall vs. Gane,unanimous,False,wikipedia,co_main,wikipedia,True,False
2877,394,2025-10-25,UFC 321 - Aspinall vs. Gane,unanimous,False,wikipedia,main_card,wikipedia,False,False
2878,394,2025-10-25,UFC 321 - Aspinall vs. Gane,split,False,wikipedia,main_card,wikipedia,False,True
2881,394,2025-10-25,UFC 321 - Aspinall vs. Gane,unanimous,False,wikipedia,prelims,wikipedia,False,False
2882,394,2025-10-25,UFC 321 - Aspinall vs. Gane,majority,True,wikipedia,prelims,wikipedia,False,False
2884,394,2025-10-25,UFC 321 - Aspinall vs. Gane,unanimous,False,wikipedia,prelims,wikipedia,False,False
2885,394,2025-10-25,UFC 321 - Aspinall vs. Gane,unanimous,False,wikipedia,prelims,wikipedia,False,False
2886,394,2025-10-25,UFC 321 - Aspinall vs. Gane,unanimous,False,wikipedia,prelims,wikipedia,False,False
2887,394,2025-10-25,UFC 321 - Aspinall vs. Gane,unanimous,False,wikipedia,prelims,wikipedia,False,False
3059,412,2025-10-18,UFC Fight Night 262 - De Ridder vs. Allen,unanimous,False,wikipedia,co_main,wikipedia,False,False
3060,412,2025-10-18,UFC Fight Night 262 - De Ridder vs. Allen,split,False,wikipedia,main_card,wikipedia,False,True
3063,412,2025-10-18,UFC Fight Night 262 - De Ridder vs. Allen,unanimous,False,wikipedia,main_card,wikipedia,False,False
3067,412,2025-10-18,UFC Fight Night 262 - De Ridder vs. Allen,unanimous,False,wikipedia,prelims,wikipedia,False,False
3072,413,2025-10-04,UFC 320 - Ankalaev vs. Pereira 2,unanimous,False,wikipedia,co_main,wikipedia,True,False
3078,413,2025-10-04,UFC 320 - Ankalaev vs. Pereira 2,split,False,wikipedia,,unknown,,False
3080,413,2025-10-04,UFC 320 - Ankalaev vs. Pereira 2,unanimous,False,wikipedia,early_prelims,wikipedia,False,False
3081,413,2025-10-04,UFC 320 - Ankalaev vs. Pereira 2,unanimous,False,wikipedia,early_prelims,wikipedia,False,False
3082,413,2025-10-04,UFC 320 - Ankalaev vs. Pereira 2,unanimous,False,wikipedia,early_prelims,wikipedia,False,False
3084,413,2025-10-04,UFC 320 - Ankalaev vs. Pereira 2,unanimous,False,wikipedia,early_prelims,wikipedia,False,False
3126,418,2025-09-06,UFC Fight Night 258 - Imavov vs. Borralho,unanimous,False,wikipedia,main_event,wikipedia,False,False
3131,418,2025-09-06,UFC Fight Night 258 - Imavov vs. Borralho,unanimous,False,wikipedia,,unknown,,False
3229,431,2025-08-23,UFC Fight Night 257 - Walker vs. Zhang,unanimous,False,wikipedia,co_main,wikipedia,False,False
3230,431,2025-08-23,UFC Fight Night 257 - Walker vs. Zhang,unanimous,False,wikipedia,main_card,wikipedia,False,False
3231,431,2025-08-23,UFC Fight Night 257 - Walker vs. Zhang,unanimous,False,wikipedia,main_card,wikipedia,False,False
3233,431,2025-08-23,UFC Fight Night 257 - Walker vs. Zhang,unanimous,False,wikipedia,prelims,wikipedia,False,False
3235,431,2025-08-23,UFC Fight Night 257 - Walker vs. Zhang,unanimous,False,wikipedia,prelims,wikipedia,False,False
3238,431,2025-08-23,UFC Fight Night 257 - Walker vs. Zhang,unanimous,False,wikipedia,prelims,wikipedia,False,False
3300,439,2025-08-16,UFC 319 - Du Plessis vs. Chimaev,unanimous,False,wikipedia,main_event,wikipedia,True,False
3303,439,2025-08-16,UFC 319 - Du Plessis vs. Chimaev,unanimous,False,wikipedia,main_card,wikipedia,False,False
3307,439,2025-08-16,UFC 319 - Du Plessis vs. Chimaev,unanimous,False,wikipedia,,unknown,,False
3309,439,2025-08-16,UFC 319 - Du Plessis vs. Chimaev,unanimous,False,wikipedia,early_prelims,wikipedia,False,False
3310,439,2025-08-16,UFC 319 - Du Plessis vs. Chimaev,unanimous,False,wikipedia,early_prelims,wikipedia,False,False
3335,443,2025-08-09,UFC on ESPN 72 - Dolidze vs. Hernandez,unanimous,False,wikipedia,co_main,wikipedia,False,False
3336,443,2025-08-09,UFC on ESPN 72 - Dolidze vs. Hernandez,unanimous,False,wikipedia,main_card,wikipedia,False,False
3337,443,2025-08-09,UFC on ESPN 72 - Dolidze vs. Hernandez,split,False,wikipedia,main_card,wikipedia,False,False
3338,443,2025-08-09,UFC on ESPN 72 - Dolidze vs. Hernandez,split,False,wikipedia,main_card,wikipedia,False,False
3340,443,2025-08-09,UFC on ESPN 72 - Dolidze vs. Hernandez,unanimous,False,wikipedia,prelims,wikipedia,False,False
3344,443,2025-08-09,UFC on ESPN 72 - Dolidze vs. Hernandez,unanimous,False,wikipedia,prelims,wikipedia,False,False
3345,443,2025-08-09,UFC on ESPN 72 - Dolidze vs. Hernandez,split,False,wikipedia,prelims,wikipedia,False,False
3347,444,2025-08-02,UFC on ESPN 71 - Taira vs. Park,unanimous,True,wikipedia,co_main,wikipedia,False,False
3348,444,2025-08-02,UFC on ESPN 71 - Taira vs. Park,unanimous,True,wikipedia,main_card,wikipedia,False,False
3349,444,2025-08-02,UFC on ESPN 71 - Taira vs. Park,unanimous,False,wikipedia,main_card,wikipedia,False,False
3351,444,2025-08-02,UFC on ESPN 71 - Taira vs. Park,unanimous,False,wikipedia,main_card,wikipedia,False,False
3353,444,2025-08-02,UFC on ESPN 71 - Taira vs. Park,unanimous,False,wikipedia,prelims,wikipedia,False,False
3356,444,2025-08-02,UFC on ESPN 71 - Taira vs. Park,unanimous,False,wikipedia,prelims,wikipedia,False,False
3357,444,2025-08-02,UFC on ESPN 71 - Taira vs. Park,split,False,wikipedia,prelims,wikipedia,False,False
3456,461,2025-07-19,UFC 318 - Holloway vs. Poirier 3,unanimous,False,wikipedia,main_event,wikipedia,True,False
3457,461,2025-07-19,UFC 318 - Holloway vs. Poirier 3,unanimous,False,wikipedia,co_main,wikipedia,False,False
3458,461,2025-07-19,UFC 318 - Holloway vs. Poirier 3,unanimous,False,wikipedia,main_card,wikipedia,False,False
3459,461,2025-07-19,UFC 318 - Holloway vs. Poirier 3,unanimous,False,wikipedia,,unknown,,False
3460,461,2025-07-19,UFC 318 - Holloway vs. Poirier 3,unanimous,False,wikipedia,main_card,wikipedia,False,False
3461,461,2025-07-19,UFC 318 - Holloway vs. Poirier 3,unanimous,False,wikipedia,prelims,wikipedia,False,False
3462,461,2025-07-19,UFC 318 - Holloway vs. Poirier 3,unanimous,True,wikipedia,prelims,wikipedia,False,False
3463,461,2025-07-19,UFC 318 - Holloway vs. Poirier 3,split,False,wikipedia,prelims,wikipedia,False,False
3559,471,2025-07-12,UFC on ESPN 70 - Lewis vs. Teixeira,split,False,wikipedia,co_main,wikipedia,False,False
3560,471,2025-07-12,UFC on ESPN 70 - Lewis vs. Teixeira,unanimous,False,wikipedia,main_card,wikipedia,False,False
3564,471,2025-07-12,UFC on ESPN 70 - Lewis vs. Teixeira,split,False,wikipedia,prelims,wikipedia,False,True
3566,471,2025-07-12,UFC on ESPN 70 - Lewis vs. Teixeira,unanimous,False,wikipedia,prelims,wikipedia,False,False
3580,473,2025-09-13,UFC Fight Night 259 - Noche UFC: Lopes vs. Silva,unanimous,False,wikipedia,co_main,wikipedia,False,False
3582,473,2025-09-13,UFC Fight Night 259 - Noche UFC: Lopes vs. Silva,unanimous,False,wikipedia,main_card,wikipedia,False,False
3586,473,2025-09-13,UFC Fight Night 259 - Noche UFC: Lopes vs. Silva,split,False,wikipedia,prelims,wikipedia,False,True
3587,473,2025-09-13,UFC Fight Night 259 - Noche UFC: Lopes vs. Silva,unanimous,False,wikipedia,prelims,wikipedia,False,False
3588,473,2025-09-13,UFC Fight Night 259 - Noche UFC: Lopes vs. Silva,unanimous,False,wikipedia,prelims,wikipedia,False,False
3591,473,2025-09-13,UFC Fight Night 259 - Noche UFC: Lopes vs. Silva,split,False,wikipedia,prelims,wikipedia,False,False
3679,484,2025-06-14,UFC on ESPN 69 - Usman vs. Buckley,unanimous,True,wikipedia,main_event,wikipedia,False,False
3680,484,2025-06-14,UFC on ESPN 69 - Usman vs. Buckley,unanimous,False,wikipedia,co_main,wikipedia,False,False
3681,484,2025-06-14,UFC on ESPN 69 - Usman vs. Buckley,unanimous,False,wikipedia,main_card,wikipedia,False,False
3682,484,2025-06-14,UFC on ESPN 69 - Usman vs. Buckley,unanimous,False,wikipedia,main_card,wikipedia,False,False
3684,484,2025-06-14,UFC on ESPN 69 - Usman vs. Buckley,unanimous,False,wikipedia,main_card,wikipedia,False,False
3686,484,2025-06-14,UFC on ESPN 69 - Usman vs. Buckley,unanimous,False,wikipedia,prelims,wikipedia,False,False
3689,484,2025-06-14,UFC on ESPN 69 - Usman vs. Buckley,unanimous,False,wikipedia,prelims,wikipedia,False,False
3691,484,2025-06-14,UFC on ESPN 69 - Usman vs. Buckley,unanimous,False,wikipedia,prelims,wikipedia,False,False
3692,485,2025-07-26,UFC on ABC 9 - Whittaker vs. de Ridder,split,False,wikipedia,main_event,wikipedia,False,True
3693,485,2025-07-26,UFC on ABC 9 - Whittaker vs. de Ridder,unanimous,False,wikipedia,co_main,wikipedia,False,False
3694,485,2025-07-26,UFC on ABC 9 - Whittaker vs. de Ridder,unanimous,True,wikipedia,main_card,wikipedia,False,False
3695,485,2025-07-26,UFC on ABC 9 - Whittaker vs. de Ridder,unanimous,False,wikipedia,main_card,wikipedia,False,False
3697,485,2025-07-26,UFC on ABC 9 - Whittaker vs. de Ridder,unanimous,False,wikipedia,prelims,wikipedia,False,False
3699,485,2025-07-26,UFC on ABC 9 - Whittaker vs. de Ridder,unanimous,False,wikipedia,prelims,wikipedia,False,False
3701,485,2025-07-26,UFC on ABC 9 - Whittaker vs. de Ridder,unanimous,False,wikipedia,prelims,wikipedia,False,False
3703,485,2025-07-26,UFC on ABC 9 - Whittaker vs. de Ridder,unanimous,False,wikipedia,,unknown,,False
3704,486,2025-06-21,UFC on ABC 8 - Hill vs. Rountree,unanimous,False,wikipedia,main_event,wikipedia,False,False
3705,486,2025-06-21,UFC on ABC 8 - Hill vs. Rountree,unanimous,False,wikipedia,co_main,wikipedia,False,False
3706,486,2025-06-21,UFC on ABC 8 - Hill vs. Rountree,split,False,wikipedia,main_card,wikipedia,False,False
3709,486,2025-06-21,UFC on ABC 8 - Hill vs. Rountree,unanimous,False,wikipedia,main_card,wikipedia,False,False
3710,486,2025-06-21,UFC on ABC 8 - Hill vs. Rountree,unanimous,False,wikipedia,prelims,wikipedia,False,False
3711,486,2025-06-21,UFC on ABC 8 - Hill vs. Rountree,unanimous,False,wikipedia,prelims,wikipedia,False,False
3712,486,2025-06-21,UFC on ABC 8 - Hill vs. Rountree,unanimous,False,wikipedia,prelims,wikipedia,False,False
3713,486,2025-06-21,UFC on ABC 8 - Hill vs. Rountree,unanimous,False,wikipedia,,unknown,,False
3714,486,2025-06-21,UFC on ABC 8 - Hill vs. Rountree,unanimous,False,wikipedia,prelims,wikipedia,False,False
3715,486,2025-06-21,UFC on ABC 8 - Hill vs. Rountree,unanimous,False,wikipedia,prelims,wikipedia,False,False
3819,498,2025-06-28,UFC 317 - Topuria vs. Oliveira,unanimous,True,wikipedia,main_card,wikipedia,False,False
3820,498,2025-06-28,UFC 317 - Topuria vs. Oliveira,unanimous,False,wikipedia,,unknown,,False
3821,498,2025-06-28,UFC 317 - Topuria vs. Oliveira,unanimous,False,wikipedia,main_card,wikipedia,False,False
3824,498,2025-06-28,UFC 317 - Topuria vs. Oliveira,unanimous,False,wikipedia,prelims,wikipedia,False,False
3827,498,2025-06-28,UFC 317 - Topuria vs. Oliveira,unanimous,False,wikipedia,early_prelims,wikipedia,False,False
3909,510,2025-05-17,UFC Fight Night 256 - Burns vs. Morales,unanimous,False,wikipedia,co_main,wikipedia,False,False
3910,510,2025-05-17,UFC Fight Night 256 - Burns vs. Morales,unanimous,False,wikipedia,main_card,wikipedia,False,False
3911,510,2025-05-17,UFC Fight Night 256 - Burns vs. Morales,unanimous,True,wikipedia,main_card,wikipedia,False,False
3918,510,2025-05-17,UFC Fight Night 256 - Burns vs. Morales,unanimous,False,wikipedia,prelims,wikipedia,False,False
3930,512,2025-06-07,UFC 316 - Dvalishvili vs. O'Malley 2,unanimous,False,wikipedia,main_card,wikipedia,False,False
3931,512,2025-06-07,UFC 316 - Dvalishvili vs. O'Malley 2,unanimous,False,wikipedia,main_card,wikipedia,False,False
3935,512,2025-06-07,UFC 316 - Dvalishvili vs. O'Malley 2,unanimous,False,wikipedia,prelims,wikipedia,False,False
3936,512,2025-06-07,UFC 316 - Dvalishvili vs. O'Malley 2,unanimous,False,wikipedia,,unknown,,False
3937,512,2025-06-07,UFC 316 - Dvalishvili vs. O'Malley 2,unanimous,False,wikipedia,early_prelims,wikipedia,False,False
3939,512,2025-06-07,UFC 316 - Dvalishvili vs. O'Malley 2,unanimous,False,wikipedia,early_prelims,wikipedia,False,False
3940,512,2025-06-07,UFC 316 - Dvalishvili vs. O'Malley 2,unanimous,False,wikipedia,early_prelims,wikipedia,False,False
3993,520,2025-05-10,UFC 315 - Muhammad vs. Della Maddalena,unanimous,True,wikipedia,main_event,wikipedia,True,False
3994,520,2025-05-10,UFC 315 - Muhammad vs. Della Maddalena,unanimous,False,wikipedia,co_main,wikipedia,True,False
3995,520,2025-05-10,UFC 315 - Muhammad vs. Della Maddalena,unanimous,False,wikipedia,main_card,wikipedia,False,False
3996,520,2025-05-10,UFC 315 - Muhammad vs. Della Maddalena,unanimous,False,wikipedia,main_card,wikipedia,False,False
4000,520,2025-05-10,UFC 315 - Muhammad vs. Della Maddalena,split,False,wikipedia,prelims,wikipedia,False,True
4001,520,2025-05-10,UFC 315 - Muhammad vs. Della Maddalena,unanimous,False,wikipedia,prelims,wikipedia,False,False
4003,520,2025-05-10,UFC 315 - Muhammad vs. Della Maddalena,unanimous,False,wikipedia,early_prelims,wikipedia,False,False
4020,522,2025-05-31,UFC on ESPN 68 - Blanchfield vs. Barber,unanimous,False,wikipedia,main_event,wikipedia,False,False
4023,522,2025-05-31,UFC on ESPN 68 - Blanchfield vs. Barber,unanimous,False,wikipedia,main_card,wikipedia,False,False
4024,522,2025-05-31,UFC on ESPN 68 - Blanchfield vs. Barber,unanimous,False,wikipedia,main_card,wikipedia,False,False
4025,522,2025-05-31,UFC on ESPN 68 - Blanchfield vs. Barber,unanimous,False,wikipedia,prelims,wikipedia,False,False
4027,522,2025-05-31,UFC on ESPN 68 - Blanchfield vs. Barber,unanimous,False,wikipedia,prelims,wikipedia,False,False
4028,522,2025-05-31,UFC on ESPN 68 - Blanchfield vs. Barber,unanimous,True,wikipedia,prelims,wikipedia,False,False
4032,523,2025-05-03,UFC on ESPN 67 - Sandhagen vs. Figueiredo,unanimous,False,wikipedia,main_card,wikipedia,False,False
4033,523,2025-05-03,UFC on ESPN 67 - Sandhagen vs. Figueiredo,unanimous,False,wikipedia,main_card,wikipedia,False,False
4034,523,2025-05-03,UFC on ESPN 67 - Sandhagen vs. Figueiredo,unanimous,False,wikipedia,main_card,wikipedia,False,False
4035,523,2025-05-03,UFC on ESPN 67 - Sandhagen vs. Figueiredo,unanimous,False,wikipedia,prelims,wikipedia,False,False
4039,523,2025-05-03,UFC on ESPN 67 - Sandhagen vs. Figueiredo,unanimous,False,wikipedia,prelims,wikipedia,False,False
4040,523,2025-05-03,UFC on ESPN 67 - Sandhagen vs. Figueiredo,unanimous,False,wikipedia,prelims,wikipedia,False,False
4065,527,2025-04-26,UFC on ESPN 66 - Garry vs. Prates,unanimous,False,wikipedia,main_event,wikipedia,False,False
4067,527,2025-04-26,UFC on ESPN 66 - Garry vs. Prates,unanimous,False,wikipedia,main_card,wikipedia,False,False
4068,527,2025-04-26,UFC on ESPN 66 - Garry vs. Prates,unanimous,False,wikipedia,main_card,wikipedia,False,False
4071,527,2025-04-26,UFC on ESPN 66 - Garry vs. Prates,unanimous,False,wikipedia,prelims,wikipedia,False,False
4072,527,2025-04-26,UFC on ESPN 66 - Garry vs. Prates,unanimous,False,wikipedia,prelims,wikipedia,False,False
4073,527,2025-04-26,UFC on ESPN 66 - Garry vs. Prates,split,False,wikipedia,prelims,wikipedia,False,True
4074,527,2025-04-26,UFC on ESPN 66 - Garry vs. Prates,unanimous,False,wikipedia,prelims,wikipedia,False,False
4249,546,2025-04-12,UFC 314 - Volkanovski vs. Lopes,unanimous,True,wikipedia,main_event,wikipedia,True,False
4251,546,2025-04-12,UFC 314 - Volkanovski vs. Lopes,unanimous,False,wikipedia,,unknown,,False
4255,546,2025-04-12,UFC 314 - Volkanovski vs. Lopes,unanimous,False,wikipedia,prelims,wikipedia,False,False
4256,546,2025-04-12,UFC 314 - Volkanovski vs. Lopes,unanimous,False,wikipedia,prelims,wikipedia,False,False
4259,546,2025-04-12,UFC 314 - Volkanovski vs. Lopes,split,False,wikipedia,early_prelims,wikipedia,False,False
4664,620,2025-04-05,UFC on ESPN 65 - Emmett vs. Murphy,unanimous,False,wikipedia,main_event,wikipedia,False,False
4665,620,2025-04-05,UFC on ESPN 65 - Emmett vs. Murphy,unanimous,False,wikipedia,co_main,wikipedia,False,False
4667,620,2025-04-05,UFC on ESPN 65 - Emmett vs. Murphy,unanimous,False,wikipedia,main_card,wikipedia,False,False
4669,620,2025-04-05,UFC on ESPN 65 - Emmett vs. Murphy,split,False,wikipedia,main_card,wikipedia,False,False
4672,620,2025-04-05,UFC on ESPN 65 - Emmett vs. Murphy,unanimous,False,wikipedia,,unknown,,False
4673,620,2025-04-05,UFC on ESPN 65 - Emmett vs. Murphy,unanimous,False,wikipedia,prelims,wikipedia,False,False
4674,620,2025-04-05,UFC on ESPN 65 - Emmett vs. Murphy,unanimous,False,wikipedia,prelims,wikipedia,False,False
4675,620,2025-04-05,UFC on ESPN 65 - Emmett vs. Murphy,unanimous,False,wikipedia,prelims,wikipedia,False,False
4875,645,2025-03-29,UFC on ESPN 64 - Moreno vs. Erceg,unanimous,False,wikipedia,main_event,wikipedia,False,False
4878,645,2025-03-29,UFC on ESPN 64 - Moreno vs. Erceg,unanimous,False,wikipedia,main_card,wikipedia,False,False
4880,645,2025-03-29,UFC on ESPN 64 - Moreno vs. Erceg,unanimous,False,wikipedia,main_card,wikipedia,False,False
4882,645,2025-03-29,UFC on ESPN 64 - Moreno vs. Erceg,unanimous,False,wikipedia,prelims,wikipedia,False,False
4883,645,2025-03-29,UFC on ESPN 64 - Moreno vs. Erceg,unanimous,False,wikipedia,,unknown,,False
4884,645,2025-03-29,UFC on ESPN 64 - Moreno vs. Erceg,unanimous,False,wikipedia,prelims,wikipedia,False,False
4886,645,2025-03-29,UFC on ESPN 64 - Moreno vs. Erceg,split,False,wikipedia,prelims,wikipedia,False,False
4887,646,2025-03-15,UFC Fight Night 254 - Vettori vs. Dolidze 2,unanimous,False,wikipedia,main_event,wikipedia,False,False
4889,646,2025-03-15,UFC Fight Night 254 - Vettori vs. Dolidze 2,unanimous,False,wikipedia,main_card,wikipedia,False,False
4894,646,2025-03-15,UFC Fight Night 254 - Vettori vs. Dolidze 2,unanimous,False,wikipedia,,unknown,,False
4896,646,2025-03-15,UFC Fight Night 254 - Vettori vs. Dolidze 2,split,False,wikipedia,prelims,wikipedia,False,False
4900,647,2025-03-08,UFC 313 - Pereira vs. Ankalaev,unanimous,False,wikipedia,main_event,wikipedia,True,False
4901,647,2025-03-08,UFC 313 - Pereira vs. Ankalaev,unanimous,True,wikipedia,co_main,wikipedia,False,False
4903,647,2025-03-08,UFC 313 - Pereira vs. Ankalaev,unanimous,False,wikipedia,main_card,wikipedia,False,False
4905,647,2025-03-08,UFC 313 - Pereira vs. Ankalaev,unanimous,False,wikipedia,prelims,wikipedia,False,False
4908,647,2025-03-08,UFC 313 - Pereira vs. Ankalaev,split,False,wikipedia,prelims,wikipedia,False,False
4909,647,2025-03-08,UFC 313 - Pereira vs. Ankalaev,unanimous,False,wikipedia,,unknown,,False
4911,648,2025-03-22,UFC Fight Night 255 - Edwards vs. Brady,unanimous,False,wikipedia,,unknown,,False
4912,648,2025-03-22,UFC Fight Night 255 - Edwards vs. Brady,unanimous,False,wikipedia,main_card,wikipedia,False,False
4915,648,2025-03-22,UFC Fight Night 255 - Edwards vs. Brady,unanimous,False,wikipedia,main_card,wikipedia,False,False
4916,648,2025-03-22,UFC Fight Night 255 - Edwards vs. Brady,split,False,wikipedia,prelims,wikipedia,False,False
4917,648,2025-03-22,UFC Fight Night 255 - Edwards vs. Brady,unanimous,False,wikipedia,prelims,wikipedia,False,False
4918,648,2025-03-22,UFC Fight Night 255 - Edwards vs. Brady,unanimous,False,wikipedia,prelims,wikipedia,False,False
4919,648,2025-03-22,UFC Fight Night 255 - Edwards vs. Brady,unanimous,False,wikipedia,prelims,wikipedia,False,False
4921,648,2025-03-22,UFC Fight Night 255 - Edwards vs. Brady,split,False,wikipedia,prelims,wikipedia,False,False
4922,648,2025-03-22,UFC Fight Night 255 - Edwards vs. Brady,unanimous,False,wikipedia,prelims,wikipedia,False,False
4926,650,2025-02-15,UFC Fight Night 251 - Cannonier vs. Rodrigues,unanimous,False,wikipedia,co_main,wikipedia,False,False
4929,650,2025-02-15,UFC Fight Night 251 - Cannonier vs. Rodrigues,unanimous,False,wikipedia,main_card,wikipedia,False,False
4931,650,2025-02-15,UFC Fight Night 251 - Cannonier vs. Rodrigues,split,False,wikipedia,prelims,wikipedia,False,True
4932,650,2025-02-15,UFC Fight Night 251 - Cannonier vs. Rodrigues,unanimous,False,wikipedia,prelims,wikipedia,False,False
4934,650,2025-02-15,UFC Fight Night 251 - Cannonier vs. Rodrigues,unanimous,False,wikipedia,prelims,wikipedia,False,False
4936,650,2025-02-15,UFC Fight Night 251 - Cannonier vs. Rodrigues,unanimous,False,wikipedia,prelims,wikipedia,False,False
4937,651,2025-02-22,UFC Fight Night 252 - Cejudo vs. Song,technical_unanimous,False,wikipedia,main_event,wikipedia,False,False
4938,651,2025-02-22,UFC Fight Night 252 - Cejudo vs. Song,unanimous,False,wikipedia,co_main,wikipedia,False,False
4939,651,2025-02-22,UFC Fight Night 252 - Cejudo vs. Song,split,False,wikipedia,main_card,wikipedia,False,False
4941,651,2025-02-22,UFC Fight Night 252 - Cejudo vs. Song,split,True,wikipedia,main_card,wikipedia,False,False
4951,652,2025-03-01,UFC Fight Night 253 - Kape vs. Almabayev,split,True,wikipedia,main_card,wikipedia,False,False
4952,652,2025-03-01,UFC Fight Night 253 - Kape vs. Almabayev,split,False,wikipedia,main_card,wikipedia,False,False
4955,652,2025-03-01,UFC Fight Night 253 - Kape vs. Almabayev,unanimous,False,wikipedia,,unknown,,False
4956,652,2025-03-01,UFC Fight Night 253 - Kape vs. Almabayev,split,False,wikipedia,prelims,wikipedia,False,False
4957,652,2025-03-01,UFC Fight Night 253 - Kape vs. Almabayev,unanimous,False,wikipedia,,unknown,,False
4958,652,2025-03-01,UFC Fight Night 253 - Kape vs. Almabayev,unanimous,False,wikipedia,prelims,wikipedia,False,False
5048,663,2025-02-01,UFC Fight Night 250 - Adesanya vs. Imavov,unanimous,False,wikipedia,co_main,wikipedia,False,False
5049,663,2025-02-01,UFC Fight Night 250 - Adesanya vs. Imavov,unanimous,False,wikipedia,main_card,wikipedia,False,False
5050,663,2025-02-01,UFC Fight Night 250 - Adesanya vs. Imavov,unanimous,True,wikipedia,main_card,wikipedia,False,False
5051,663,2025-02-01,UFC Fight Night 250 - Adesanya vs. Imavov,unanimous,False,wikipedia,main_card,wikipedia,False,False
5052,663,2025-02-01,UFC Fight Night 250 - Adesanya vs. Imavov,unanimous,False,wikipedia,prelims,wikipedia,False,False
5055,663,2025-02-01,UFC Fight Night 250 - Adesanya vs. Imavov,unanimous,False,wikipedia,prelims,wikipedia,False,False
5057,663,2025-02-01,UFC Fight Night 250 - Adesanya vs. Imavov,split,False,wikipedia,prelims,wikipedia,False,False
5092,667,2025-02-08,UFC 312 - Du Plessis vs. Strickland 2,unanimous,False,wikipedia,main_event,wikipedia,True,False
5093,667,2025-02-08,UFC 312 - Du Plessis vs. Strickland 2,unanimous,False,wikipedia,co_main,wikipedia,True,False
5096,667,2025-02-08,UFC 312 - Du Plessis vs. Strickland 2,unanimous,False,wikipedia,main_card,wikipedia,False,False
5098,667,2025-02-08,UFC 312 - Du Plessis vs. Strickland 2,unanimous,False,wikipedia,prelims,wikipedia,False,False
5099,667,2025-02-08,UFC 312 - Du Plessis vs. Strickland 2,unanimous,False,wikipedia,prelims,wikipedia,False,False
5100,667,2025-02-08,UFC 312 - Du Plessis vs. Strickland 2,unanimous,False,wikipedia,prelims,wikipedia,False,False
5101,667,2025-02-08,UFC 312 - Du Plessis vs. Strickland 2,unanimous,True,wikipedia,early_prelims,wikipedia,False,False
5102,667,2025-02-08,UFC 312 - Du Plessis vs. Strickland 2,unanimous,False,wikipedia,early_prelims,wikipedia,False,False
5188,676,2025-01-18,UFC 311 - Makhachev vs. Moicano,unanimous,True,wikipedia,co_main,wikipedia,True,False
5192,676,2025-01-18,UFC 311 - Makhachev vs. Moicano,unanimous,False,wikipedia,prelims,wikipedia,False,False
5195,676,2025-01-18,UFC 311 - Makhachev vs. Moicano,unanimous,False,wikipedia,prelims,wikipedia,False,False
5196,676,2025-01-18,UFC 311 - Makhachev vs. Moicano,unanimous,False,wikipedia,early_prelims,wikipedia,False,False
5197,676,2025-01-18,UFC 311 - Makhachev vs. Moicano,unanimous,False,wikipedia,early_prelims,wikipedia,False,False
5198,676,2025-01-18,UFC 311 - Makhachev vs. Moicano,unanimous,False,wikipedia,,unknown,,False
5199,676,2025-01-18,UFC 311 - Makhachev vs. Moicano,unanimous,False,wikipedia,early_prelims,wikipedia,False,False
5241,689,2025-01-11,UFC Fight Night 249 - Dern vs. Ribas 2,unanimous,False,wikipedia,main_card,wikipedia,False,False
5245,689,2025-01-11,UFC Fight Night 249 - Dern vs. Ribas 2,unanimous,False,wikipedia,prelims,wikipedia,False,False
5247,689,2025-01-11,UFC Fight Night 249 - Dern vs. Ribas 2,split,False,wikipedia,prelims,wikipedia,False,False
5248,689,2025-01-11,UFC Fight Night 249 - Dern vs. Ribas 2,unanimous,False,wikipedia,prelims,wikipedia,False,False
5250,689,2025-01-11,UFC Fight Night 249 - Dern vs. Ribas 2,unanimous,False,wikipedia,prelims,wikipedia,False,False
5430,711,2024-12-14,UFC on ESPN 63 - Covington vs. Buckley,split,False,wikipedia,main_card,wikipedia,False,True
5431,711,2024-12-14,UFC on ESPN 63 - Covington vs. Buckley,unanimous,False,wikipedia,,unknown,,False
5435,711,2024-12-14,UFC on ESPN 63 - Covington vs. Buckley,unanimous,False,wikipedia,prelims,wikipedia,False,False
5436,711,2024-12-14,UFC on ESPN 63 - Covington vs. Buckley,unanimous,False,wikipedia,prelims,wikipedia,False,False
5437,711,2024-12-14,UFC on ESPN 63 - Covington vs. Buckley,unanimous,False,wikipedia,prelims,wikipedia,False,False
5438,711,2024-12-14,UFC on ESPN 63 - Covington vs. Buckley,unanimous,False,wikipedia,prelims,wikipedia,False,False
5439,712,2024-11-23,UFC Fight Night 248 - Yan vs. Figueiredo,unanimous,False,wikipedia,main_event,wikipedia,False,False
5440,712,2024-11-23,UFC Fight Night 248 - Yan vs. Figueiredo,unanimous,False,wikipedia,co_main,wikipedia,False,False
5443,712,2024-11-23,UFC Fight Night 248 - Yan vs. Figueiredo,unanimous,False,wikipedia,main_card,wikipedia,False,False
5445,712,2024-11-23,UFC Fight Night 248 - Yan vs. Figueiredo,unanimous,False,wikipedia,prelims,wikipedia,False,False
5448,712,2024-11-23,UFC Fight Night 248 - Yan vs. Figueiredo,split,False,wikipedia,prelims,wikipedia,False,False
5449,712,2024-11-23,UFC Fight Night 248 - Yan vs. Figueiredo,unanimous,False,wikipedia,prelims,wikipedia,False,False
5451,712,2024-11-23,UFC Fight Night 248 - Yan vs. Figueiredo,unanimous,False,wikipedia,prelims,wikipedia,False,False
5474,717,2024-11-16,UFC 309 - Jones vs. Miocic,unanimous,True,wikipedia,co_main,wikipedia,False,False
5475,717,2024-11-16,UFC 309 - Jones vs. Miocic,unanimous,False,wikipedia,main_card,wikipedia,False,False
5476,717,2024-11-16,UFC 309 - Jones vs. Miocic,unanimous,False,wikipedia,main_card,wikipedia,False,False
5477,717,2024-11-16,UFC 309 - Jones vs. Miocic,unanimous,False,wikipedia,main_card,wikipedia,False,False
5478,717,2024-11-16,UFC 309 - Jones vs. Miocic,unanimous,False,wikipedia,prelims,wikipedia,False,False
5480,717,2024-11-16,UFC 309 - Jones vs. Miocic,unanimous,False,wikipedia,prelims,wikipedia,False,False
5484,717,2024-11-16,UFC 309 - Jones vs. Miocic,unanimous,False,wikipedia,early_prelims,wikipedia,False,False
5487,718,2024-11-09,UFC Fight Night 247 - Magny vs. Prates,unanimous,False,wikipedia,main_card,wikipedia,False,False
5488,718,2024-11-09,UFC Fight Night 247 - Magny vs. Prates,unanimous,False,wikipedia,main_card,wikipedia,False,False
5490,718,2024-11-09,UFC Fight Night 247 - Magny vs. Prates,unanimous,False,wikipedia,prelims,wikipedia,False,False
5538,722,2024-11-02,UFC Fight Night 246 - Moreno vs. Albazi,unanimous,False,wikipedia,main_event,wikipedia,False,False
5539,722,2024-11-02,UFC Fight Night 246 - Moreno vs. Albazi,unanimous,False,wikipedia,co_main,wikipedia,False,False
5540,722,2024-11-02,UFC Fight Night 246 - Moreno vs. Albazi,split,False,wikipedia,main_card,wikipedia,False,False
5543,722,2024-11-02,UFC Fight Night 246 - Moreno vs. Albazi,unanimous,False,wikipedia,main_card,wikipedia,False,False
5544,722,2024-11-02,UFC Fight Night 246 - Moreno vs. Albazi,unanimous,False,wikipedia,prelims,wikipedia,False,False
5547,722,2024-11-02,UFC Fight Night 246 - Moreno vs. Albazi,unanimous,False,wikipedia,prelims,wikipedia,False,False
5548,722,2024-11-02,UFC Fight Night 246 - Moreno vs. Albazi,split,False,wikipedia,prelims,wikipedia,False,False
5549,722,2024-11-02,UFC Fight Night 246 - Moreno vs. Albazi,unanimous,False,wikipedia,prelims,wikipedia,False,False
5550,722,2024-11-02,UFC Fight Night 246 - Moreno vs. Albazi,split,False,wikipedia,prelims,wikipedia,False,False
5586,727,2024-10-19,UFC Fight Night 245 - Hernandez vs. Pereira,unanimous,False,wikipedia,co_main,wikipedia,False,False
5587,727,2024-10-19,UFC Fight Night 245 - Hernandez vs. Pereira,unanimous,False,wikipedia,main_card,wikipedia,False,False
5588,727,2024-10-19,UFC Fight Night 245 - Hernandez vs. Pereira,unanimous,False,wikipedia,main_card,wikipedia,False,False
5589,727,2024-10-19,UFC Fight Night 245 - Hernandez vs. Pereira,unanimous,True,wikipedia,main_card,wikipedia,False,False
5590,727,2024-10-19,UFC Fight Night 245 - Hernandez vs. Pereira,unanimous,False,wikipedia,prelims,wikipedia,False,False
5591,727,2024-10-19,UFC Fight Night 245 - Hernandez vs. Pereira,unanimous,False,wikipedia,prelims,wikipedia,False,False
5593,727,2024-10-19,UFC Fight Night 245 - Hernandez vs. Pereira,unanimous,False,wikipedia,prelims,wikipedia,False,False
5594,727,2024-10-19,UFC Fight Night 245 - Hernandez vs. Pereira,unanimous,False,wikipedia,prelims,wikipedia,False,False
5595,727,2024-10-19,UFC Fight Night 245 - Hernandez vs. Pereira,unanimous,False,wikipedia,prelims,wikipedia,False,False
5645,735,2024-10-12,UFC Fight Night 244 - Royval vs. Taira,split,True,wikipedia,main_event,wikipedia,False,True
5646,735,2024-10-12,UFC Fight Night 244 - Royval vs. Taira,split,False,wikipedia,co_main,wikipedia,False,True
5647,735,2024-10-12,UFC Fight Night 244 - Royval vs. Taira,unanimous,False,wikipedia,main_card,wikipedia,False,False
5649,735,2024-10-12,UFC Fight Night 244 - Royval vs. Taira,split,False,wikipedia,main_card,wikipedia,False,True
5652,735,2024-10-12,UFC Fight Night 244 - Royval vs. Taira,unanimous,False,wikipedia,prelims,wikipedia,False,False
5654,735,2024-10-12,UFC Fight Night 244 - Royval vs. Taira,split,False,wikipedia,prelims,wikipedia,False,False
5655,735,2024-10-12,UFC Fight Night 244 - Royval vs. Taira,unanimous,False,wikipedia,prelims,wikipedia,False,False
5658,736,2024-12-07,UFC 310 - Pantoja vs. Asakura,unanimous,False,wikipedia,co_main,wikipedia,False,False
5659,736,2024-12-07,UFC 310 - Pantoja vs. Asakura,split,False,wikipedia,main_card,wikipedia,False,True
5664,736,2024-12-07,UFC 310 - Pantoja vs. Asakura,unanimous,False,wikipedia,prelims,wikipedia,False,False
5665,736,2024-12-07,UFC 310 - Pantoja vs. Asakura,split,False,wikipedia,prelims,wikipedia,False,False
5667,736,2024-12-07,UFC 310 - Pantoja vs. Asakura,unanimous,False,wikipedia,early_prelims,wikipedia,False,False
5767,770,2024-10-05,UFC 307 - Pereira vs. Rountree,split,False,wikipedia,co_main,wikipedia,True,True
5768,770,2024-10-05,UFC 307 - Pereira vs. Rountree,split,False,wikipedia,main_card,wikipedia,False,True
5770,770,2024-10-05,UFC 307 - Pereira vs. Rountree,unanimous,False,wikipedia,main_card,wikipedia,False,False
5772,770,2024-10-05,UFC 307 - Pereira vs. Rountree,split,False,wikipedia,prelims,wikipedia,False,False
5773,770,2024-10-05,UFC 307 - Pereira vs. Rountree,split,False,wikipedia,prelims,wikipedia,False,True
5774,770,2024-10-05,UFC 307 - Pereira vs. Rountree,unanimous,False,wikipedia,prelims,wikipedia,False,False
5776,770,2024-10-05,UFC 307 - Pereira vs. Rountree,unanimous,False,wikipedia,early_prelims,wikipedia,False,False
5792,811,2024-10-26,UFC 308 - Topuria vs. Holloway,unanimous,False,wikipedia,main_card,wikipedia,False,False
5793,811,2024-10-26,UFC 308 - Topuria vs. Holloway,unanimous,False,wikipedia,main_card,wikipedia,False,False
5797,811,2024-10-26,UFC 308 - Topuria vs. Holloway,split,True,wikipedia,prelims,wikipedia,False,False
5800,811,2024-10-26,UFC 308 - Topuria vs. Holloway,unanimous,False,wikipedia,prelims,wikipedia,False,False
5801,811,2024-10-26,UFC 308 - Topuria vs. Holloway,unanimous,False,wikipedia,prelims,wikipedia,False,False
5802,811,2024-10-26,UFC 308 - Topuria vs. Holloway,unanimous,False,wikipedia,prelims,wikipedia,False,False
5815,827,2024-09-28,UFC Fight Night 243 - Moicano vs. St. Denis,unanimous,False,wikipedia,co_main,wikipedia,False,False
5816,827,2024-09-28,UFC Fight Night 243 - Moicano vs. St. Denis,split,False,wikipedia,main_card,wikipedia,False,False
5820,827,2024-09-28,UFC Fight Night 243 - Moicano vs. St. Denis,split,False,wikipedia,prelims,wikipedia,False,False
5821,827,2024-09-28,UFC Fight Night 243 - Moicano vs. St. Denis,unanimous,False,wikipedia,prelims,wikipedia,False,False
5822,827,2024-09-28,UFC Fight Night 243 - Moicano vs. St. Denis,unanimous,False,wikipedia,prelims,wikipedia,False,False
5823,827,2024-09-28,UFC Fight Night 243 - Moicano vs. St. Denis,unanimous,False,wikipedia,prelims,wikipedia,False,False
5825,827,2024-09-28,UFC Fight Night 243 - Moicano vs. St. Denis,unanimous,False,wikipedia,prelims,wikipedia,False,False
5826,827,2024-09-28,UFC Fight Night 243 - Moicano vs. St. Denis,split,False,wikipedia,prelims,wikipedia,False,False
5861,921,2024-09-14,UFC 306 - Noche UFC: O'Malley vs. Dvalishvili,unanimous,False,wikipedia,main_event,wikipedia,True,False
5862,921,2024-09-14,UFC 306 - Noche UFC: O'Malley vs. Dvalishvili,unanimous,False,wikipedia,co_main,wikipedia,True,False
5863,921,2024-09-14,UFC 306 - Noche UFC: O'Malley vs. Dvalishvili,unanimous,False,wikipedia,main_card,wikipedia,False,False
5864,921,2024-09-14,UFC 306 - Noche UFC: O'Malley vs. Dvalishvili,split,True,wikipedia,main_card,wikipedia,False,False
5865,921,2024-09-14,UFC 306 - Noche UFC: O'Malley vs. Dvalishvili,unanimous,False,wikipedia,main_card,wikipedia,False,False
5866,921,2024-09-14,UFC 306 - Noche UFC: O'Malley vs. Dvalishvili,unanimous,False,wikipedia,prelims,wikipedia,False,False
5869,921,2024-09-14,UFC 306 - Noche UFC: O'Malley vs. Dvalishvili,unanimous,False,wikipedia,prelims,wikipedia,False,False
5870,921,2024-09-14,UFC 306 - Noche UFC: O'Malley vs. Dvalishvili,unanimous,False,wikipedia,early_prelims,wikipedia,False,False
13088,764,2024-08-24,UFC on ESPN 62 - Cannonier vs. Borralho,unanimous,True,wikipedia,main_event,wikipedia,False,False
13089,764,2024-08-24,UFC on ESPN 62 - Cannonier vs. Borralho,unanimous,False,wikipedia,co_main,wikipedia,False,False
13094,764,2024-08-24,UFC on ESPN 62 - Cannonier vs. Borralho,split,False,wikipedia,prelims,wikipedia,False,False
13095,764,2024-08-24,UFC on ESPN 62 - Cannonier vs. Borralho,unanimous,False,wikipedia,prelims,wikipedia,False,False
13096,764,2024-08-24,UFC on ESPN 62 - Cannonier vs. Borralho,split,False,wikipedia,prelims,wikipedia,False,False
13097,764,2024-08-24,UFC on ESPN 62 - Cannonier vs. Borralho,split,False,wikipedia,prelims,wikipedia,False,False
13099,771,2024-09-07,UFC Fight Night 242 - Burns vs. Brady,unanimous,False,wikipedia,main_event,wikipedia,False,False
13100,771,2024-09-07,UFC Fight Night 242 - Burns vs. Brady,unanimous,True,wikipedia,co_main,wikipedia,False,False
13103,771,2024-09-07,UFC Fight Night 242 - Burns vs. Brady,unanimous,False,wikipedia,main_card,wikipedia,False,False
13106,771,2024-09-07,UFC Fight Night 242 - Burns vs. Brady,unanimous,False,wikipedia,prelims,wikipedia,False,False
13107,771,2024-09-07,UFC Fight Night 242 - Burns vs. Brady,unanimous,False,wikipedia,prelims,wikipedia,False,False
13109,771,2024-09-07,UFC Fight Night 242 - Burns vs. Brady,unanimous,False,wikipedia,prelims,wikipedia,False,False
13113,795,2024-07-20,UFC on ESPN 60 - Lemos vs. Jandiroba,unanimous,False,wikipedia,main_card,wikipedia,False,False
13118,795,2024-07-20,UFC on ESPN 60 - Lemos vs. Jandiroba,unanimous,False,wikipedia,prelims,wikipedia,False,False
13119,795,2024-07-20,UFC on ESPN 60 - Lemos vs. Jandiroba,unanimous,False,wikipedia,prelims,wikipedia,False,False
13120,795,2024-07-20,UFC on ESPN 60 - Lemos vs. Jandiroba,unanimous,False,wikipedia,prelims,wikipedia,False,False
13121,795,2024-07-20,UFC on ESPN 60 - Lemos vs. Jandiroba,unanimous,False,wikipedia,prelims,wikipedia,False,False
13122,796,2024-07-27,UFC 304 - Edwards vs. Muhammad 2,unanimous,False,wikipedia,main_event,wikipedia,True,False
13125,796,2024-07-27,UFC 304 - Edwards vs. Muhammad 2,unanimous,False,wikipedia,main_card,wikipedia,False,False
13126,796,2024-07-27,UFC 304 - Edwards vs. Muhammad 2,unanimous,False,wikipedia,main_card,wikipedia,False,False
13127,796,2024-07-27,UFC 304 - Edwards vs. Muhammad 2,unanimous,False,wikipedia,prelims,wikipedia,False,False
13128,796,2024-07-27,UFC 304 - Edwards vs. Muhammad 2,unanimous,False,wikipedia,prelims,wikipedia,False,False
13129,796,2024-07-27,UFC 304 - Edwards vs. Muhammad 2,unanimous,False,wikipedia,prelims,wikipedia,False,False
13130,796,2024-07-27,UFC 304 - Edwards vs. Muhammad 2,unanimous,False,wikipedia,prelims,wikipedia,False,False
13131,796,2024-07-27,UFC 304 - Edwards vs. Muhammad 2,unanimous,False,wikipedia,early_prelims,wikipedia,False,False
13135,796,2024-07-27,UFC 304 - Edwards vs. Muhammad 2,split,False,wikipedia,early_prelims,wikipedia,False,False
13137,797,2024-08-10,UFC on ESPN 61 - Tybura vs. Spivac 2,unanimous,False,wikipedia,,unknown,,False
13138,797,2024-08-10,UFC on ESPN 61 - Tybura vs. Spivac 2,split,False,wikipedia,main_card,wikipedia,False,False
13139,797,2024-08-10,UFC on ESPN 61 - Tybura vs. Spivac 2,unanimous,False,wikipedia,main_card,wikipedia,False,False
13140,797,2024-08-10,UFC on ESPN 61 - Tybura vs. Spivac 2,unanimous,False,wikipedia,main_card,wikipedia,False,False
13142,797,2024-08-10,UFC on ESPN 61 - Tybura vs. Spivac 2,unanimous,False,wikipedia,prelims,wikipedia,False,False
13143,797,2024-08-10,UFC on ESPN 61 - Tybura vs. Spivac 2,unanimous,False,wikipedia,prelims,wikipedia,False,False
13145,797,2024-08-10,UFC on ESPN 61 - Tybura vs. Spivac 2,unanimous,False,wikipedia,prelims,wikipedia,False,False
13164,820,2024-07-13,UFC on ESPN 59 - Namajunas vs. Cortez,unanimous,False,wikipedia,main_event,wikipedia,False,False
13165,820,2024-07-13,UFC on ESPN 59 - Namajunas vs. Cortez,split,False,wikipedia,co_main,wikipedia,False,True
13167,820,2024-07-13,UFC on ESPN 59 - Namajunas vs. Cortez,unanimous,False,wikipedia,main_card,wikipedia,False,False
13171,820,2024-07-13,UFC on ESPN 59 - Namajunas vs. Cortez,unanimous,False,wikipedia,prelims,wikipedia,False,False
13174,820,2024-07-13,UFC on ESPN 59 - Namajunas vs. Cortez,unanimous,False,wikipedia,prelims,wikipedia,False,False
13178,821,2024-08-17,UFC 305 - Du Plessis vs. Adesanya,split,True,wikipedia,main_card,wikipedia,False,True
13179,821,2024-08-17,UFC 305 - Du Plessis vs. Adesanya,split,False,wikipedia,main_card,wikipedia,False,True
13182,821,2024-08-17,UFC 305 - Du Plessis vs. Adesanya,split,False,wikipedia,prelims,wikipedia,False,True
13183,821,2024-08-17,UFC 305 - Du Plessis vs. Adesanya,unanimous,False,wikipedia,prelims,wikipedia,False,False
13185,821,2024-08-17,UFC 305 - Du Plessis vs. Adesanya,unanimous,False,wikipedia,early_prelims,wikipedia,False,False
13186,821,2024-08-17,UFC 305 - Du Plessis vs. Adesanya,unanimous,False,wikipedia,early_prelims,wikipedia,False,False
13193,825,2024-06-08,UFC on ESPN 57 - Cannonier vs. Imavov,unanimous,False,wikipedia,main_card,wikipedia,False,False
13194,825,2024-06-08,UFC on ESPN 57 - Cannonier vs. Imavov,unanimous,False,wikipedia,prelims,wikipedia,False,False
13196,825,2024-06-08,UFC on ESPN 57 - Cannonier vs. Imavov,unanimous,False,wikipedia,prelims,wikipedia,False,False
13197,825,2024-06-08,UFC on ESPN 57 - Cannonier vs. Imavov,split,False,wikipedia,prelims,wikipedia,False,True
13198,825,2024-06-08,UFC on ESPN 57 - Cannonier vs. Imavov,unanimous,False,wikipedia,prelims,wikipedia,False,False
13199,825,2024-06-08,UFC on ESPN 57 - Cannonier vs. Imavov,split,False,wikipedia,prelims,wikipedia,False,False
13200,825,2024-06-08,UFC on ESPN 57 - Cannonier vs. Imavov,unanimous,False,wikipedia,prelims,wikipedia,False,False
13201,825,2024-06-08,UFC on ESPN 57 - Cannonier vs. Imavov,split,False,wikipedia,prelims,wikipedia,False,False
13203,826,2024-06-15,UFC on ESPN 58 - Perez vs. Taira,unanimous,False,wikipedia,co_main,wikipedia,False,False
13204,826,2024-06-15,UFC on ESPN 58 - Perez vs. Taira,unanimous,False,wikipedia,main_card,wikipedia,False,False
13206,826,2024-06-15,UFC on ESPN 58 - Perez vs. Taira,unanimous,False,wikipedia,main_card,wikipedia,False,False
13207,826,2024-06-15,UFC on ESPN 58 - Perez vs. Taira,split,False,wikipedia,main_card,wikipedia,False,False
13208,826,2024-06-15,UFC on ESPN 58 - Perez vs. Taira,unanimous,False,wikipedia,prelims,wikipedia,False,False
13209,826,2024-06-15,UFC on ESPN 58 - Perez vs. Taira,split,True,wikipedia,prelims,wikipedia,False,False
13212,826,2024-06-15,UFC on ESPN 58 - Perez vs. Taira,unanimous,False,wikipedia,prelims,wikipedia,False,False
13213,846,2024-08-03,UFC on ABC 7 - Sandhagen vs. Nurmagomedov,unanimous,False,wikipedia,main_event,wikipedia,False,False
13214,846,2024-08-03,UFC on ABC 7 - Sandhagen vs. Nurmagomedov,unanimous,True,wikipedia,co_main,wikipedia,False,False
13215,846,2024-08-03,UFC on ABC 7 - Sandhagen vs. Nurmagomedov,unanimous,False,wikipedia,main_card,wikipedia,False,False
13217,846,2024-08-03,UFC on ABC 7 - Sandhagen vs. Nurmagomedov,unanimous,False,wikipedia,,unknown,,False
13221,846,2024-08-03,UFC on ABC 7 - Sandhagen vs. Nurmagomedov,unanimous,False,wikipedia,prelims,wikipedia,False,False
13222,846,2024-08-03,UFC on ABC 7 - Sandhagen vs. Nurmagomedov,unanimous,False,wikipedia,prelims,wikipedia,False,False
13223,846,2024-08-03,UFC on ABC 7 - Sandhagen vs. Nurmagomedov,split,False,wikipedia,prelims,wikipedia,False,False
13224,846,2024-08-03,UFC on ABC 7 - Sandhagen vs. Nurmagomedov,unanimous,False,wikipedia,prelims,wikipedia,False,False
13225,846,2024-08-03,UFC on ABC 7 - Sandhagen vs. Nurmagomedov,unanimous,False,wikipedia,prelims,wikipedia,False,False
13227,869,2024-06-01,UFC 302 - Makhachev vs. Poirier,split,False,wikipedia,co_main,wikipedia,False,True
13229,869,2024-06-01,UFC 302 - Makhachev vs. Poirier,unanimous,False,wikipedia,main_card,wikipedia,False,False
13230,869,2024-06-01,UFC 302 - Makhachev vs. Poirier,unanimous,False,wikipedia,main_card,wikipedia,False,False
13231,869,2024-06-01,UFC 302 - Makhachev vs. Poirier,split,False,wikipedia,prelims,wikipedia,False,True
13233,869,2024-06-01,UFC 302 - Makhachev vs. Poirier,unanimous,False,wikipedia,prelims,wikipedia,False,False
13234,869,2024-06-01,UFC 302 - Makhachev vs. Poirier,unanimous,False,wikipedia,prelims,wikipedia,False,False
13235,869,2024-06-01,UFC 302 - Makhachev vs. Poirier,unanimous,False,wikipedia,early_prelims,wikipedia,False,False
13236,869,2024-06-01,UFC 302 - Makhachev vs. Poirier,unanimous,False,wikipedia,early_prelims,wikipedia,False,False
13237,869,2024-06-01,UFC 302 - Makhachev vs. Poirier,split,False,wikipedia,early_prelims,wikipedia,False,False
13239,870,2024-05-11,UFC on ESPN 56 - Lewis vs. Nascimento,unanimous,False,wikipedia,co_main,wikipedia,False,False
13242,870,2024-05-11,UFC on ESPN 56 - Lewis vs. Nascimento,unanimous,False,wikipedia,main_card,wikipedia,False,False
13243,870,2024-05-11,UFC on ESPN 56 - Lewis vs. Nascimento,unanimous,False,wikipedia,main_card,wikipedia,False,False
13246,870,2024-05-11,UFC on ESPN 56 - Lewis vs. Nascimento,split,False,wikipedia,prelims,wikipedia,False,True
13247,870,2024-05-11,UFC on ESPN 56 - Lewis vs. Nascimento,unanimous,True,wikipedia,prelims,wikipedia,False,False
13248,870,2024-05-11,UFC on ESPN 56 - Lewis vs. Nascimento,unanimous,False,wikipedia,prelims,wikipedia,False,False
13249,870,2024-05-11,UFC on ESPN 56 - Lewis vs. Nascimento,unanimous,False,wikipedia,,unknown,,False
13250,871,2024-05-18,UFC Fight Night 241 - Barboza vs. Murphy,unanimous,True,wikipedia,main_event,wikipedia,False,False
13252,871,2024-05-18,UFC Fight Night 241 - Barboza vs. Murphy,unanimous,False,wikipedia,main_card,wikipedia,False,False
13258,871,2024-05-18,UFC Fight Night 241 - Barboza vs. Murphy,unanimous,False,wikipedia,prelims,wikipedia,False,False
13260,871,2024-05-18,UFC Fight Night 241 - Barboza vs. Murphy,unanimous,False,wikipedia,prelims,wikipedia,False,False
13261,871,2024-05-18,UFC Fight Night 241 - Barboza vs. Murphy,split,False,wikipedia,prelims,wikipedia,False,True
13263,875,2024-06-29,UFC 303 - Pereira vs. Prochazka 2,unanimous,False,wikipedia,co_main,wikipedia,False,False
13264,875,2024-06-29,UFC 303 - Pereira vs. Prochazka 2,unanimous,False,wikipedia,main_card,wikipedia,False,False
13266,875,2024-06-29,UFC 303 - Pereira vs. Prochazka 2,unanimous,False,wikipedia,main_card,wikipedia,False,False
13268,875,2024-06-29,UFC 303 - Pereira vs. Prochazka 2,split,True,wikipedia,prelims,wikipedia,False,True
13271,875,2024-06-29,UFC 303 - Pereira vs. Prochazka 2,unanimous,False,wikipedia,early_prelims,wikipedia,False,False
13272,875,2024-06-29,UFC 303 - Pereira vs. Prochazka 2,split,False,wikipedia,early_prelims,wikipedia,False,False
13273,875,2024-06-29,UFC 303 - Pereira vs. Prochazka 2,unanimous,False,wikipedia,early_prelims,wikipedia,False,False
13274,875,2024-06-29,UFC 303 - Pereira vs. Prochazka 2,unanimous,False,wikipedia,early_prelims,wikipedia,False,False
13276,879,2024-06-22,UFC on ABC 6 - Whittaker vs. Aliskerov,unanimous,False,wikipedia,co_main,wikipedia,False,False
13277,879,2024-06-22,UFC on ABC 6 - Whittaker vs. Aliskerov,unanimous,False,wikipedia,main_card,wikipedia,False,False
13280,879,2024-06-22,UFC on ABC 6 - Whittaker vs. Aliskerov,split,False,wikipedia,prelims,wikipedia,False,True
13282,879,2024-06-22,UFC on ABC 6 - Whittaker vs. Aliskerov,split,False,wikipedia,prelims,wikipedia,False,True
13283,879,2024-06-22,UFC on ABC 6 - Whittaker vs. Aliskerov,unanimous,False,wikipedia,prelims,wikipedia,False,False
13284,879,2024-06-22,UFC on ABC 6 - Whittaker vs. Aliskerov,majority,False,wikipedia,prelims,wikipedia,False,False
13285,879,2024-06-22,UFC on ABC 6 - Whittaker vs. Aliskerov,split,False,wikipedia,prelims,wikipedia,False,False
13286,888,2024-05-04,UFC 301 - Pantoja vs. Erceg,unanimous,False,wikipedia,main_event,wikipedia,True,False
13287,888,2024-05-04,UFC 301 - Pantoja vs. Erceg,unanimous,False,wikipedia,co_main,wikipedia,False,False
13292,888,2024-05-04,UFC 301 - Pantoja vs. Erceg,unanimous,False,wikipedia,prelims,wikipedia,False,False
13293,888,2024-05-04,UFC 301 - Pantoja vs. Erceg,unanimous,False,wikipedia,prelims,wikipedia,False,False
13294,888,2024-05-04,UFC 301 - Pantoja vs. Erceg,unanimous,False,wikipedia,prelims,wikipedia,False,False
13296,888,2024-05-04,UFC 301 - Pantoja vs. Erceg,unanimous,False,wikipedia,early_prelims,wikipedia,False,False
13297,888,2024-05-04,UFC 301 - Pantoja vs. Erceg,unanimous,False,wikipedia,early_prelims,wikipedia,False,False
13301,889,2024-04-27,UFC on ESPN 55 - Nicolau vs. Perez,unanimous,False,wikipedia,main_card,wikipedia,False,False
13303,889,2024-04-27,UFC on ESPN 55 - Nicolau vs. Perez,unanimous,False,wikipedia,main_card,wikipedia,False,False
13306,889,2024-04-27,UFC on ESPN 55 - Nicolau vs. Perez,unanimous,False,wikipedia,prelims,wikipedia,False,False
13307,889,2024-04-27,UFC on ESPN 55 - Nicolau vs. Perez,unanimous,False,wikipedia,prelims,wikipedia,False,False
13308,889,2024-04-27,UFC on ESPN 55 - Nicolau vs. Perez,unanimous,False,wikipedia,prelims,wikipedia,False,False
13311,889,2024-04-27,UFC on ESPN 55 - Nicolau vs. Perez,split,False,wikipedia,prelims,wikipedia,False,False
13312,913,2024-04-06,UFC Fight Night 240 - Allen vs. Curtis 2,split,False,wikipedia,main_event,wikipedia,False,True
13313,913,2024-04-06,UFC Fight Night 240 - Allen vs. Curtis 2,split,False,wikipedia,co_main,wikipedia,False,True
13314,913,2024-04-06,UFC Fight Night 240 - Allen vs. Curtis 2,split,True,wikipedia,,unknown,,False
13316,913,2024-04-06,UFC Fight Night 240 - Allen vs. Curtis 2,unanimous,False,wikipedia,main_card,wikipedia,False,False
13317,913,2024-04-06,UFC Fight Night 240 - Allen vs. Curtis 2,unanimous,False,wikipedia,prelims,wikipedia,False,False
13318,913,2024-04-06,UFC Fight Night 240 - Allen vs. Curtis 2,unanimous,False,wikipedia,,unknown,,False
13319,913,2024-04-06,UFC Fight Night 240 - Allen vs. Curtis 2,unanimous,False,wikipedia,prelims,wikipedia,False,False
13320,913,2024-04-06,UFC Fight Night 240 - Allen vs. Curtis 2,unanimous,False,wikipedia,prelims,wikipedia,False,False
13325,922,2024-04-13,UFC 300 - Pereira vs. Hill,unanimous,False,wikipedia,co_main,wikipedia,True,False
13327,922,2024-04-13,UFC 300 - Pereira vs. Hill,split,False,wikipedia,main_card,wikipedia,False,True
13330,922,2024-04-13,UFC 300 - Pereira vs. Hill,unanimous,False,wikipedia,prelims,wikipedia,False,False
13334,922,2024-04-13,UFC 300 - Pereira vs. Hill,split,False,wikipedia,early_prelims,wikipedia,False,True
13335,922,2024-04-13,UFC 300 - Pereira vs. Hill,unanimous,False,wikipedia,,unknown,,False
13340,929,2024-03-23,UFC on ESPN 53 - Ribas vs. Namajunas,unanimous,False,wikipedia,main_event,wikipedia,False,False
13341,929,2024-03-23,UFC on ESPN 53 - Ribas vs. Namajunas,unanimous,False,wikipedia,co_main,wikipedia,False,False
13346,929,2024-03-23,UFC on ESPN 53 - Ribas vs. Namajunas,unanimous,False,wikipedia,prelims,wikipedia,False,False
13348,929,2024-03-23,UFC on ESPN 53 - Ribas vs. Namajunas,unanimous,False,wikipedia,prelims,wikipedia,False,False
13349,929,2024-03-23,UFC on ESPN 53 - Ribas vs. Namajunas,unanimous,True,wikipedia,prelims,wikipedia,False,False
13350,929,2024-03-23,UFC on ESPN 53 - Ribas vs. Namajunas,unanimous,False,wikipedia,prelims,wikipedia,False,False
13352,929,2024-03-23,UFC on ESPN 53 - Ribas vs. Namajunas,unanimous,False,wikipedia,prelims,wikipedia,False,False
13355,930,2024-03-16,UFC Fight Night 239 - Tuivasa vs. Tybura,split,False,wikipedia,main_card,wikipedia,False,True
13356,930,2024-03-16,UFC Fight Night 239 - Tuivasa vs. Tybura,split,False,wikipedia,main_card,wikipedia,False,False
13360,930,2024-03-16,UFC Fight Night 239 - Tuivasa vs. Tybura,unanimous,False,wikipedia,prelims,wikipedia,False,False
13362,930,2024-03-16,UFC Fight Night 239 - Tuivasa vs. Tybura,split,False,wikipedia,prelims,wikipedia,False,False
13365,930,2024-03-16,UFC Fight Night 239 - Tuivasa vs. Tybura,unanimous,False,wikipedia,prelims,wikipedia,False,False
13366,938,2024-03-30,UFC on ESPN 54 - Blanchfield vs. Fiorot,unanimous,False,wikipedia,main_event,wikipedia,False,False
13368,938,2024-03-30,UFC on ESPN 54 - Blanchfield vs. Fiorot,technical_unanimous,False,wikipedia,main_card,wikipedia,False,False
13371,938,2024-03-30,UFC on ESPN 54 - Blanchfield vs. Fiorot,split,False,wikipedia,main_card,wikipedia,False,False
13373,938,2024-03-30,UFC on ESPN 54 - Blanchfield vs. Fiorot,unanimous,False,wikipedia,,unknown,,False
13378,938,2024-03-30,UFC on ESPN 54 - Blanchfield vs. Fiorot,unanimous,False,wikipedia,prelims,wikipedia,False,False
13379,1017,2024-02-24,UFC Fight Night 237 - Moreno vs. Royval 2,split,False,wikipedia,main_event,wikipedia,False,True
13381,1017,2024-02-24,UFC Fight Night 237 - Moreno vs. Royval 2,unanimous,True,wikipedia,main_card,wikipedia,False,False
13382,1017,2024-02-24,UFC Fight Night 237 - Moreno vs. Royval 2,unanimous,False,wikipedia,main_card,wikipedia,False,False
13385,1017,2024-02-24,UFC Fight Night 237 - Moreno vs. Royval 2,split,False,wikipedia,prelims,wikipedia,False,False
13387,1017,2024-02-24,UFC Fight Night 237 - Moreno vs. Royval 2,split,False,wikipedia,prelims,wikipedia,False,True
13389,1017,2024-02-24,UFC Fight Night 237 - Moreno vs. Royval 2,split,False,wikipedia,prelims,wikipedia,False,False
13391,1020,2024-02-10,UFC Fight Night 236 - Hermansson vs. Pyfer,unanimous,False,wikipedia,main_event,wikipedia,False,False
13393,1020,2024-02-10,UFC Fight Night 236 - Hermansson vs. Pyfer,unanimous,False,wikipedia,main_card,wikipedia,False,False
13395,1020,2024-02-10,UFC Fight Night 236 - Hermansson vs. Pyfer,unanimous,False,wikipedia,main_card,wikipedia,False,False
13398,1020,2024-02-10,UFC Fight Night 236 - Hermansson vs. Pyfer,split,False,wikipedia,prelims,wikipedia,False,False
13399,1020,2024-02-10,UFC Fight Night 236 - Hermansson vs. Pyfer,unanimous,False,wikipedia,,unknown,,False
13400,1020,2024-02-10,UFC Fight Night 236 - Hermansson vs. Pyfer,unanimous,False,wikipedia,prelims,wikipedia,False,False
13401,1020,2024-02-10,UFC Fight Night 236 - Hermansson vs. Pyfer,split,False,wikipedia,prelims,wikipedia,False,True
13405,1023,2024-03-09,UFC 299 - O'Malley vs. Vera 2,unanimous,False,wikipedia,main_event,wikipedia,True,False
13407,1023,2024-03-09,UFC 299 - O'Malley vs. Vera 2,unanimous,False,wikipedia,main_card,wikipedia,False,False
13409,1023,2024-03-09,UFC 299 - O'Malley vs. Vera 2,unanimous,False,wikipedia,main_card,wikipedia,False,False
13411,1023,2024-03-09,UFC 299 - O'Malley vs. Vera 2,unanimous,False,wikipedia,prelims,wikipedia,False,False
13412,1023,2024-03-09,UFC 299 - O'Malley vs. Vera 2,unanimous,False,wikipedia,prelims,wikipedia,False,False
13413,1023,2024-03-09,UFC 299 - O'Malley vs. Vera 2,unanimous,False,wikipedia,prelims,wikipedia,False,False
13414,1023,2024-03-09,UFC 299 - O'Malley vs. Vera 2,unanimous,False,wikipedia,early_prelims,wikipedia,False,False
13417,1023,2024-03-09,UFC 299 - O'Malley vs. Vera 2,unanimous,False,wikipedia,early_prelims,wikipedia,False,False
13418,1023,2024-03-09,UFC 299 - O'Malley vs. Vera 2,split,False,wikipedia,early_prelims,wikipedia,False,True
13420,1024,2024-02-17,UFC 298 - Volkanovski vs. Topuria,unanimous,False,wikipedia,co_main,wikipedia,False,False
13421,1024,2024-02-17,UFC 298 - Volkanovski vs. Topuria,split,False,wikipedia,main_card,wikipedia,False,True
13422,1024,2024-02-17,UFC 298 - Volkanovski vs. Topuria,unanimous,False,wikipedia,main_card,wikipedia,False,False
13424,1024,2024-02-17,UFC 298 - Volkanovski vs. Topuria,unanimous,True,wikipedia,prelims,wikipedia,False,False
13426,1024,2024-02-17,UFC 298 - Volkanovski vs. Topuria,unanimous,False,wikipedia,prelims,wikipedia,False,False
13429,1024,2024-02-17,UFC 298 - Volkanovski vs. Topuria,unanimous,False,wikipedia,early_prelims,wikipedia,False,False
13430,1024,2024-02-17,UFC 298 - Volkanovski vs. Topuria,unanimous,False,wikipedia,early_prelims,wikipedia,False,False
13431,1025,2024-02-03,UFC Fight Night 235 - Dolidze vs. Imavov,majority,False,wikipedia,main_event,wikipedia,False,False
13432,1025,2024-02-03,UFC Fight Night 235 - Dolidze vs. Imavov,unanimous,False,wikipedia,,unknown,,False
13434,1025,2024-02-03,UFC Fight Night 235 - Dolidze vs. Imavov,unanimous,False,wikipedia,main_card,wikipedia,False,False
13438,1025,2024-02-03,UFC Fight Night 235 - Dolidze vs. Imavov,unanimous,True,wikipedia,prelims,wikipedia,False,False
13440,1025,2024-02-03,UFC Fight Night 235 - Dolidze vs. Imavov,unanimous,False,wikipedia,prelims,wikipedia,False,False
13442,1025,2024-02-03,UFC Fight Night 235 - Dolidze vs. Imavov,unanimous,False,wikipedia,prelims,wikipedia,False,False
13443,1025,2024-02-03,UFC Fight Night 235 - Dolidze vs. Imavov,unanimous,False,wikipedia,prelims,wikipedia,False,False
13445,1029,2024-03-02,UFC Fight Night 238 - Rozenstruik vs. Gaziev,unanimous,False,wikipedia,co_main,wikipedia,False,False
13446,1029,2024-03-02,UFC Fight Night 238 - Rozenstruik vs. Gaziev,unanimous,False,wikipedia,main_card,wikipedia,False,False
13447,1029,2024-03-02,UFC Fight Night 238 - Rozenstruik vs. Gaziev,unanimous,False,wikipedia,main_card,wikipedia,False,False
13449,1029,2024-03-02,UFC Fight Night 238 - Rozenstruik vs. Gaziev,unanimous,False,wikipedia,prelims,wikipedia,False,False
13451,1029,2024-03-02,UFC Fight Night 238 - Rozenstruik vs. Gaziev,unanimous,False,wikipedia,prelims,wikipedia,False,False
13455,1051,2024-01-20,UFC 297 - Strickland vs. Du Plessis,split,True,wikipedia,main_event,wikipedia,True,True
13456,1051,2024-01-20,UFC 297 - Strickland vs. Du Plessis,unanimous,False,wikipedia,co_main,wikipedia,True,False
13458,1051,2024-01-20,UFC 297 - Strickland vs. Du Plessis,split,False,wikipedia,main_card,wikipedia,False,True
13459,1051,2024-01-20,UFC 297 - Strickland vs. Du Plessis,unanimous,False,wikipedia,main_card,wikipedia,False,False
13460,1051,2024-01-20,UFC 297 - Strickland vs. Du Plessis,unanimous,False,wikipedia,prelims,wikipedia,False,False
13461,1051,2024-01-20,UFC 297 - Strickland vs. Du Plessis,split,False,wikipedia,prelims,wikipedia,False,True
13462,1051,2024-01-20,UFC 297 - Strickland vs. Du Plessis,split,False,wikipedia,prelims,wikipedia,False,False
13469,1061,2024-01-13,UFC Fight Night 234 - Ankalaev vs. Walker 2,unanimous,False,wikipedia,main_card,wikipedia,False,False
13471,1061,2024-01-13,UFC Fight Night 234 - Ankalaev vs. Walker 2,unanimous,False,wikipedia,main_card,wikipedia,False,False
13472,1061,2024-01-13,UFC Fight Night 234 - Ankalaev vs. Walker 2,unanimous,False,wikipedia,prelims,wikipedia,False,False
13474,1061,2024-01-13,UFC Fight Night 234 - Ankalaev vs. Walker 2,unanimous,False,wikipedia,prelims,wikipedia,False,False
13478,1065,2023-12-09,UFC Fight Night 233 - Song vs. Gutierrez,unanimous,False,wikipedia,main_event,wikipedia,False,False
13482,1065,2023-12-09,UFC Fight Night 233 - Song vs. Gutierrez,split,False,wikipedia,main_card,wikipedia,False,True
13483,1065,2023-12-09,UFC Fight Night 233 - Song vs. Gutierrez,unanimous,False,wikipedia,prelims,wikipedia,False,False
13486,1065,2023-12-09,UFC Fight Night 233 - Song vs. Gutierrez,unanimous,False,wikipedia,prelims,wikipedia,False,False
13488,1065,2023-12-09,UFC Fight Night 233 - Song vs. Gutierrez,split,False,wikipedia,prelims,wikipedia,False,True
13491,1072,2023-12-02,UFC on ESPN 52 - Dariush vs. Tsarukyan,unanimous,False,wikipedia,main_card,wikipedia,False,False
13493,1072,2023-12-02,UFC on ESPN 52 - Dariush vs. Tsarukyan,unanimous,False,wikipedia,main_card,wikipedia,False,False
13500,1072,2023-12-02,UFC on ESPN 52 - Dariush vs. Tsarukyan,split,False,wikipedia,prelims,wikipedia,False,False
13501,1108,2023-10-14,UFC Fight Night 230 - Yusuff vs. Barboza,unanimous,True,wikipedia,main_event,wikipedia,False,False
13502,1108,2023-10-14,UFC Fight Night 230 - Yusuff vs. Barboza,unanimous,False,wikipedia,co_main,wikipedia,False,False
13505,1108,2023-10-14,UFC Fight Night 230 - Yusuff vs. Barboza,unanimous,False,wikipedia,main_card,wikipedia,False,False
13507,1108,2023-10-14,UFC Fight Night 230 - Yusuff vs. Barboza,unanimous,False,wikipedia,prelims,wikipedia,False,False
13509,1108,2023-10-14,UFC Fight Night 230 - Yusuff vs. Barboza,unanimous,False,wikipedia,prelims,wikipedia,False,False
13510,1108,2023-10-14,UFC Fight Night 230 - Yusuff vs. Barboza,unanimous,False,wikipedia,prelims,wikipedia,False,False
13511,1108,2023-10-14,UFC Fight Night 230 - Yusuff vs. Barboza,unanimous,False,wikipedia,prelims,wikipedia,False,False
13517,1115,2023-11-11,UFC 295 - Prochazka vs. Pereira,unanimous,False,wikipedia,prelims,wikipedia,False,False
13518,1115,2023-11-11,UFC 295 - Prochazka vs. Pereira,split,False,wikipedia,,unknown,,True
13522,1115,2023-11-11,UFC 295 - Prochazka vs. Pereira,unanimous,False,wikipedia,early_prelims,wikipedia,False,False
13523,1115,2023-11-11,UFC 295 - Prochazka vs. Pereira,unanimous,False,wikipedia,early_prelims,wikipedia,False,False
13535,1144,2023-08-26,UFC Fight Night 225 - Holloway vs. Korean Zombie,split,False,wikipedia,co_main,wikipedia,False,True
13536,1144,2023-08-26,UFC Fight Night 225 - Holloway vs. Korean Zombie,unanimous,False,wikipedia,main_card,wikipedia,False,False
13537,1144,2023-08-26,UFC Fight Night 225 - Holloway vs. Korean Zombie,unanimous,False,wikipedia,main_card,wikipedia,False,False
13538,1144,2023-08-26,UFC Fight Night 225 - Holloway vs. Korean Zombie,unanimous,False,wikipedia,main_card,wikipedia,False,False
13543,1144,2023-08-26,UFC Fight Night 225 - Holloway vs. Korean Zombie,unanimous,False,wikipedia,prelims,wikipedia,False,False
13546,1144,2023-08-26,UFC Fight Night 225 - Holloway vs. Korean Zombie,unanimous,False,wikipedia,prelims,wikipedia,False,False
13548,1151,2023-09-02,UFC Fight Night 226 - Gane vs. Spivak,unanimous,False,wikipedia,co_main,wikipedia,False,False
13553,1151,2023-09-02,UFC Fight Night 226 - Gane vs. Spivak,unanimous,False,wikipedia,prelims,wikipedia,False,False
13554,1151,2023-09-02,UFC Fight Night 226 - Gane vs. Spivak,unanimous,False,wikipedia,prelims,wikipedia,False,False
13555,1151,2023-09-02,UFC Fight Night 226 - Gane vs. Spivak,unanimous,False,wikipedia,prelims,wikipedia,False,False
13557,1151,2023-09-02,UFC Fight Night 226 - Gane vs. Spivak,unanimous,False,wikipedia,prelims,wikipedia,False,False
13558,1152,2023-11-04,UFC Fight Night 231 - Almeida vs. Lewis,unanimous,False,wikipedia,main_event,wikipedia,False,False
13560,1152,2023-11-04,UFC Fight Night 231 - Almeida vs. Lewis,unanimous,False,wikipedia,main_card,wikipedia,False,False
13561,1152,2023-11-04,UFC Fight Night 231 - Almeida vs. Lewis,unanimous,False,wikipedia,main_card,wikipedia,False,False
13565,1152,2023-11-04,UFC Fight Night 231 - Almeida vs. Lewis,unanimous,False,wikipedia,prelims,wikipedia,False,False
13567,1152,2023-11-04,UFC Fight Night 231 - Almeida vs. Lewis,split,False,wikipedia,prelims,wikipedia,False,False
13569,1153,2023-11-18,UFC Fight Night 232 - Allen vs. Craig,unanimous,False,wikipedia,co_main,wikipedia,False,False
13577,1153,2023-11-18,UFC Fight Night 232 - Allen vs. Craig,unanimous,False,wikipedia,prelims,wikipedia,False,False
13579,1153,2023-11-18,UFC Fight Night 232 - Allen vs. Craig,unanimous,False,wikipedia,prelims,wikipedia,False,False
13581,1153,2023-11-18,UFC Fight Night 232 - Allen vs. Craig,unanimous,False,wikipedia,prelims,wikipedia,False,False
13584,1154,2023-10-07,UFC Fight Night 229 - Dawson vs. Green,unanimous,False,wikipedia,main_card,wikipedia,False,False
13586,1154,2023-10-07,UFC Fight Night 229 - Dawson vs. Green,unanimous,False,wikipedia,main_card,wikipedia,False,False
13587,1154,2023-10-07,UFC Fight Night 229 - Dawson vs. Green,unanimous,False,wikipedia,prelims,wikipedia,False,False
13589,1154,2023-10-07,UFC Fight Night 229 - Dawson vs. Green,unanimous,False,wikipedia,prelims,wikipedia,False,False
13590,1154,2023-10-07,UFC Fight Night 229 - Dawson vs. Green,unanimous,False,wikipedia,prelims,wikipedia,False,False
13591,1154,2023-10-07,UFC Fight Night 229 - Dawson vs. Green,unanimous,False,wikipedia,,unknown,,False
13593,1155,2023-09-23,UFC Fight Night 228 - Fiziev vs. Gamrot,unanimous,False,wikipedia,co_main,wikipedia,False,False
13600,1155,2023-09-23,UFC Fight Night 228 - Fiziev vs. Gamrot,unanimous,False,wikipedia,prelims,wikipedia,False,False
13601,1155,2023-09-23,UFC Fight Night 228 - Fiziev vs. Gamrot,unanimous,False,wikipedia,prelims,wikipedia,False,False
13602,1155,2023-09-23,UFC Fight Night 228 - Fiziev vs. Gamrot,split,False,wikipedia,prelims,wikipedia,False,False
13604,1156,2023-09-16,UFC Fight Night 227 - Grasso vs. Shevchenko 2,split,False,wikipedia,co_main,wikipedia,False,True
13607,1156,2023-09-16,UFC Fight Night 227 - Grasso vs. Shevchenko 2,unanimous,False,wikipedia,main_card,wikipedia,False,False
13611,1156,2023-09-16,UFC Fight Night 227 - Grasso vs. Shevchenko 2,unanimous,False,wikipedia,prelims,wikipedia,False,False
13613,1156,2023-09-16,UFC Fight Night 227 - Grasso vs. Shevchenko 2,unanimous,False,wikipedia,prelims,wikipedia,False,False
13614,1157,2023-12-16,UFC 296 - Edwards vs. Covington,unanimous,False,wikipedia,main_event,wikipedia,True,False
13615,1157,2023-12-16,UFC 296 - Edwards vs. Covington,unanimous,False,wikipedia,co_main,wikipedia,True,False
13617,1157,2023-12-16,UFC 296 - Edwards vs. Covington,unanimous,False,wikipedia,main_card,wikipedia,False,False
13619,1157,2023-12-16,UFC 296 - Edwards vs. Covington,unanimous,False,wikipedia,prelims,wikipedia,False,False
13620,1157,2023-12-16,UFC 296 - Edwards vs. Covington,unanimous,True,wikipedia,prelims,wikipedia,False,False
13626,1158,2023-09-09,UFC 293 - Adesanya vs. Strickland,unanimous,False,wikipedia,main_event,wikipedia,True,False
13628,1158,2023-09-09,UFC 293 - Adesanya vs. Strickland,unanimous,True,wikipedia,main_card,wikipedia,False,False
13633,1158,2023-09-09,UFC 293 - Adesanya vs. Strickland,unanimous,False,wikipedia,prelims,wikipedia,False,False
13634,1158,2023-09-09,UFC 293 - Adesanya vs. Strickland,unanimous,False,wikipedia,prelims,wikipedia,False,False
13635,1158,2023-09-09,UFC 293 - Adesanya vs. Strickland,unanimous,False,wikipedia,early_prelims,wikipedia,False,False
13638,1169,2023-08-05,UFC on ESPN 50 - Sandhagen vs. Font,unanimous,False,wikipedia,main_event,wikipedia,False,False
13642,1169,2023-08-05,UFC on ESPN 50 - Sandhagen vs. Font,unanimous,False,wikipedia,main_card,wikipedia,False,False
13643,1169,2023-08-05,UFC on ESPN 50 - Sandhagen vs. Font,unanimous,False,wikipedia,main_card,wikipedia,False,False
13644,1169,2023-08-05,UFC on ESPN 50 - Sandhagen vs. Font,unanimous,False,wikipedia,prelims,wikipedia,False,False
13646,1169,2023-08-05,UFC on ESPN 50 - Sandhagen vs. Font,unanimous,False,wikipedia,prelims,wikipedia,False,False
13647,1169,2023-08-05,UFC on ESPN 50 - Sandhagen vs. Font,unanimous,False,wikipedia,prelims,wikipedia,False,False
13648,1169,2023-08-05,UFC on ESPN 50 - Sandhagen vs. Font,unanimous,False,wikipedia,prelims,wikipedia,False,False
13650,1174,2023-08-12,UFC on ESPN 51 - Luque vs. dos Anjos,unanimous,False,wikipedia,main_event,wikipedia,False,False
13651,1174,2023-08-12,UFC on ESPN 51 - Luque vs. dos Anjos,unanimous,False,wikipedia,co_main,wikipedia,False,False
13654,1174,2023-08-12,UFC on ESPN 51 - Luque vs. dos Anjos,unanimous,False,wikipedia,main_card,wikipedia,False,False
13655,1174,2023-08-12,UFC on ESPN 51 - Luque vs. dos Anjos,unanimous,False,wikipedia,main_card,wikipedia,False,False
13664,1189,2023-08-19,UFC 292 - Sterling vs. O'Malley,unanimous,False,wikipedia,co_main,wikipedia,True,False
13665,1189,2023-08-19,UFC 292 - Sterling vs. O'Malley,unanimous,False,wikipedia,main_card,wikipedia,False,False
13666,1189,2023-08-19,UFC 292 - Sterling vs. O'Malley,unanimous,False,wikipedia,main_card,wikipedia,False,False
13667,1189,2023-08-19,UFC 292 - Sterling vs. O'Malley,unanimous,False,wikipedia,main_card,wikipedia,False,False
13668,1189,2023-08-19,UFC 292 - Sterling vs. O'Malley,unanimous,False,wikipedia,prelims,wikipedia,False,False
13671,1189,2023-08-19,UFC 292 - Sterling vs. O'Malley,unanimous,True,wikipedia,prelims,wikipedia,False,False
13672,1189,2023-08-19,UFC 292 - Sterling vs. O'Malley,split,False,wikipedia,early_prelims,wikipedia,False,True
13673,1189,2023-08-19,UFC 292 - Sterling vs. O'Malley,unanimous,False,wikipedia,early_prelims,wikipedia,False,False
13676,1191,2023-07-15,UFC on ESPN 49 - Holm vs. Bueno Silva,split,True,wikipedia,co_main,wikipedia,False,False
13679,1191,2023-07-15,UFC on ESPN 49 - Holm vs. Bueno Silva,unanimous,False,wikipedia,main_card,wikipedia,False,False
13681,1191,2023-07-15,UFC on ESPN 49 - Holm vs. Bueno Silva,unanimous,False,wikipedia,prelims,wikipedia,False,False
13683,1191,2023-07-15,UFC on ESPN 49 - Holm vs. Bueno Silva,unanimous,False,wikipedia,prelims,wikipedia,False,False
13684,1191,2023-07-15,UFC on ESPN 49 - Holm vs. Bueno Silva,unanimous,False,wikipedia,prelims,wikipedia,False,False
13685,1191,2023-07-15,UFC on ESPN 49 - Holm vs. Bueno Silva,split,False,wikipedia,prelims,wikipedia,False,False
13686,1191,2023-07-15,UFC on ESPN 49 - Holm vs. Bueno Silva,unanimous,False,wikipedia,prelims,wikipedia,False,False
13687,1191,2023-07-15,UFC on ESPN 49 - Holm vs. Bueno Silva,unanimous,False,wikipedia,prelims,wikipedia,False,False
13689,1194,2023-07-29,UFC 291 - Poirier vs. Gaethje 2,split,False,wikipedia,,unknown,,True
13694,1194,2023-07-29,UFC 291 - Poirier vs. Gaethje 2,unanimous,False,wikipedia,prelims,wikipedia,False,False
13700,1195,2023-07-01,UFC on ESPN 48 - Strickland vs. Magomedov,unanimous,False,wikipedia,co_main,wikipedia,False,False
13701,1195,2023-07-01,UFC on ESPN 48 - Strickland vs. Magomedov,unanimous,False,wikipedia,main_card,wikipedia,False,False
13702,1195,2023-07-01,UFC on ESPN 48 - Strickland vs. Magomedov,split,False,wikipedia,main_card,wikipedia,False,True
13707,1195,2023-07-01,UFC on ESPN 48 - Strickland vs. Magomedov,split,False,wikipedia,prelims,wikipedia,False,True
13709,1195,2023-07-01,UFC on ESPN 48 - Strickland vs. Magomedov,unanimous,False,wikipedia,prelims,wikipedia,False,False
13710,1195,2023-07-01,UFC on ESPN 48 - Strickland vs. Magomedov,unanimous,False,wikipedia,prelims,wikipedia,False,False
13733,1210,2023-07-22,UFC Fight Night 224 - Aspinall vs. Tybura,unanimous,False,wikipedia,main_card,wikipedia,False,False
13735,1210,2023-07-22,UFC Fight Night 224 - Aspinall vs. Tybura,unanimous,False,wikipedia,main_card,wikipedia,False,False
13736,1210,2023-07-22,UFC Fight Night 224 - Aspinall vs. Tybura,unanimous,False,wikipedia,main_card,wikipedia,False,False
13737,1210,2023-07-22,UFC Fight Night 224 - Aspinall vs. Tybura,split,False,wikipedia,main_card,wikipedia,False,False
13740,1210,2023-07-22,UFC Fight Night 224 - Aspinall vs. Tybura,unanimous,False,wikipedia,prelims,wikipedia,False,False
13741,1210,2023-07-22,UFC Fight Night 224 - Aspinall vs. Tybura,unanimous,False,wikipedia,prelims,wikipedia,False,False
13742,1210,2023-07-22,UFC Fight Night 224 - Aspinall vs. Tybura,unanimous,False,wikipedia,prelims,wikipedia,False,False
13743,1210,2023-07-22,UFC Fight Night 224 - Aspinall vs. Tybura,unanimous,False,wikipedia,prelims,wikipedia,False,False
13744,1210,2023-07-22,UFC Fight Night 224 - Aspinall vs. Tybura,unanimous,False,wikipedia,prelims,wikipedia,False,False
13746,1213,2023-06-24,UFC on ABC 5 - Emmett vs. Topuria,unanimous,True,wikipedia,main_event,wikipedia,False,False
13751,1213,2023-06-24,UFC on ABC 5 - Emmett vs. Topuria,split,False,wikipedia,prelims,wikipedia,False,True
13752,1213,2023-06-24,UFC on ABC 5 - Emmett vs. Topuria,unanimous,False,wikipedia,prelims,wikipedia,False,False
13754,1213,2023-06-24,UFC on ABC 5 - Emmett vs. Topuria,unanimous,False,wikipedia,prelims,wikipedia,False,False
13755,1213,2023-06-24,UFC on ABC 5 - Emmett vs. Topuria,split,False,wikipedia,prelims,wikipedia,False,False
13756,1213,2023-06-24,UFC on ABC 5 - Emmett vs. Topuria,unanimous,False,wikipedia,,unknown,,False
13757,1213,2023-06-24,UFC on ABC 5 - Emmett vs. Topuria,split,False,wikipedia,prelims,wikipedia,False,False
13758,1213,2023-06-24,UFC on ABC 5 - Emmett vs. Topuria,unanimous,False,wikipedia,prelims,wikipedia,False,False
13759,1215,2023-06-17,UFC on ESPN 47 - Vettori vs. Cannonier,unanimous,True,wikipedia,main_event,wikipedia,False,False
13761,1215,2023-06-17,UFC on ESPN 47 - Vettori vs. Cannonier,unanimous,False,wikipedia,main_card,wikipedia,False,False
13764,1215,2023-06-17,UFC on ESPN 47 - Vettori vs. Cannonier,unanimous,False,wikipedia,main_card,wikipedia,False,False
13767,1215,2023-06-17,UFC on ESPN 47 - Vettori vs. Cannonier,technical_unanimous,False,wikipedia,prelims,wikipedia,False,False
13768,1215,2023-06-17,UFC on ESPN 47 - Vettori vs. Cannonier,unanimous,False,wikipedia,prelims,wikipedia,False,False
13770,1215,2023-06-17,UFC on ESPN 47 - Vettori vs. Cannonier,unanimous,False,wikipedia,prelims,wikipedia,False,False
13771,1221,2023-06-10,UFC 289 - Nunes vs. Aldana,unanimous,False,wikipedia,main_event,wikipedia,True,False
13774,1221,2023-06-10,UFC 289 - Nunes vs. Aldana,unanimous,False,wikipedia,main_card,wikipedia,False,False
13775,1221,2023-06-10,UFC 289 - Nunes vs. Aldana,unanimous,True,wikipedia,main_card,wikipedia,False,False
13777,1221,2023-06-10,UFC 289 - Nunes vs. Aldana,unanimous,False,wikipedia,prelims,wikipedia,False,False
13779,1221,2023-06-10,UFC 289 - Nunes vs. Aldana,unanimous,False,wikipedia,prelims,wikipedia,False,False
13780,1221,2023-06-10,UFC 289 - Nunes vs. Aldana,unanimous,False,wikipedia,early_prelims,wikipedia,False,False
13781,1221,2023-06-10,UFC 289 - Nunes vs. Aldana,unanimous,False,wikipedia,early_prelims,wikipedia,False,False
13783,1222,2023-10-21,UFC 294 - Makhachev vs. Volkanovski 2,majority,False,wikipedia,co_main,wikipedia,False,False
13788,1222,2023-10-21,UFC 294 - Makhachev vs. Volkanovski 2,unanimous,False,wikipedia,prelims,wikipedia,False,False
13790,1222,2023-10-21,UFC 294 - Makhachev vs. Volkanovski 2,unanimous,False,wikipedia,prelims,wikipedia,False,False
13792,1222,2023-10-21,UFC 294 - Makhachev vs. Volkanovski 2,unanimous,False,wikipedia,prelims,wikipedia,False,False
13793,1222,2023-10-21,UFC 294 - Makhachev vs. Volkanovski 2,unanimous,False,wikipedia,prelims,wikipedia,False,False
13794,1222,2023-10-21,UFC 294 - Makhachev vs. Volkanovski 2,unanimous,False,wikipedia,prelims,wikipedia,False,False
13795,1225,2023-06-03,UFC on ESPN 46 - Kara-France vs. Albazi,split,False,wikipedia,main_event,wikipedia,False,True
13796,1225,2023-06-03,UFC on ESPN 46 - Kara-France vs. Albazi,unanimous,True,wikipedia,co_main,wikipedia,False,False
13798,1225,2023-06-03,UFC on ESPN 46 - Kara-France vs. Albazi,unanimous,False,wikipedia,main_card,wikipedia,False,False
13800,1225,2023-06-03,UFC on ESPN 46 - Kara-France vs. Albazi,split,False,wikipedia,main_card,wikipedia,False,True
13801,1225,2023-06-03,UFC on ESPN 46 - Kara-France vs. Albazi,unanimous,False,wikipedia,prelims,wikipedia,False,False
13803,1225,2023-06-03,UFC on ESPN 46 - Kara-France vs. Albazi,unanimous,False,wikipedia,prelims,wikipedia,False,False
13805,1225,2023-06-03,UFC on ESPN 46 - Kara-France vs. Albazi,unanimous,False,wikipedia,prelims,wikipedia,False,False
13807,1225,2023-06-03,UFC on ESPN 46 - Kara-France vs. Albazi,unanimous,False,wikipedia,prelims,wikipedia,False,False
13809,1236,2023-07-08,UFC 290 - Volkanovski vs. Rodriguez,split,True,wikipedia,co_main,wikipedia,True,True
13811,1236,2023-07-08,UFC 290 - Volkanovski vs. Rodriguez,split,False,wikipedia,main_card,wikipedia,False,True
13814,1236,2023-07-08,UFC 290 - Volkanovski vs. Rodriguez,unanimous,False,wikipedia,prelims,wikipedia,False,False
13820,1236,2023-07-08,UFC 290 - Volkanovski vs. Rodriguez,unanimous,False,wikipedia,early_prelims,wikipedia,False,False
13821,1241,2023-05-20,UFC Fight Night 223 - Dern vs. Hill,unanimous,True,wikipedia,main_event,wikipedia,False,False
13823,1241,2023-05-20,UFC Fight Night 223 - Dern vs. Hill,unanimous,False,wikipedia,main_card,wikipedia,False,False
13827,1241,2023-05-20,UFC Fight Night 223 - Dern vs. Hill,unanimous,False,wikipedia,prelims,wikipedia,False,False
13829,1241,2023-05-20,UFC Fight Night 223 - Dern vs. Hill,split,False,wikipedia,prelims,wikipedia,False,True
13830,1241,2023-05-20,UFC Fight Night 223 - Dern vs. Hill,unanimous,False,wikipedia,prelims,wikipedia,False,False
13832,1241,2023-05-20,UFC Fight Night 223 - Dern vs. Hill,unanimous,False,wikipedia,prelims,wikipedia,False,False
13834,1251,2023-05-13,UFC on ABC 4 - Rozenstruik vs. Almeida,unanimous,False,wikipedia,co_main,wikipedia,False,False
13839,1251,2023-05-13,UFC on ABC 4 - Rozenstruik vs. Almeida,unanimous,False,wikipedia,prelims,wikipedia,False,False
13840,1251,2023-05-13,UFC on ABC 4 - Rozenstruik vs. Almeida,unanimous,False,wikipedia,prelims,wikipedia,False,False
13841,1251,2023-05-13,UFC on ABC 4 - Rozenstruik vs. Almeida,technical_split,False,wikipedia,prelims,wikipedia,False,False
13844,1271,2023-05-06,UFC 288 - Sterling vs. Cejudo,split,False,wikipedia,main_event,wikipedia,True,True
13845,1271,2023-05-06,UFC 288 - Sterling vs. Cejudo,unanimous,False,wikipedia,co_main,wikipedia,False,False
13847,1271,2023-05-06,UFC 288 - Sterling vs. Cejudo,unanimous,True,wikipedia,main_card,wikipedia,False,False
13848,1271,2023-05-06,UFC 288 - Sterling vs. Cejudo,unanimous,False,wikipedia,main_card,wikipedia,False,False
13851,1271,2023-05-06,UFC 288 - Sterling vs. Cejudo,split,False,wikipedia,,unknown,,False
13852,1271,2023-05-06,UFC 288 - Sterling vs. Cejudo,unanimous,False,wikipedia,prelims,wikipedia,False,False
13860,1272,2023-04-29,UFC on ESPN 45 - Song vs. Simon,unanimous,False,wikipedia,main_card,wikipedia,False,False
13861,1272,2023-04-29,UFC on ESPN 45 - Song vs. Simon,unanimous,False,wikipedia,main_card,wikipedia,False,False
13862,1272,2023-04-29,UFC on ESPN 45 - Song vs. Simon,unanimous,False,wikipedia,prelims,wikipedia,False,False
13863,1272,2023-04-29,UFC on ESPN 45 - Song vs. Simon,unanimous,False,wikipedia,prelims,wikipedia,False,False
13866,1272,2023-04-29,UFC on ESPN 45 - Song vs. Simon,unanimous,False,wikipedia,prelims,wikipedia,False,False
13870,1277,2023-04-22,UFC Fight Night 222 - Pavlovich vs. Blaydes,unanimous,False,wikipedia,main_card,wikipedia,False,False
13871,1277,2023-04-22,UFC Fight Night 222 - Pavlovich vs. Blaydes,split,False,wikipedia,main_card,wikipedia,False,True
13874,1277,2023-04-22,UFC Fight Night 222 - Pavlovich vs. Blaydes,unanimous,False,wikipedia,prelims,wikipedia,False,False
13875,1277,2023-04-22,UFC Fight Night 222 - Pavlovich vs. Blaydes,unanimous,False,wikipedia,prelims,wikipedia,False,False
13876,1277,2023-04-22,UFC Fight Night 222 - Pavlovich vs. Blaydes,split,False,wikipedia,prelims,wikipedia,False,False
13878,1278,2023-04-15,UFC on ESPN 44 - Holloway vs. Allen,unanimous,False,wikipedia,main_event,wikipedia,False,False
13880,1278,2023-04-15,UFC on ESPN 44 - Holloway vs. Allen,unanimous,False,wikipedia,main_card,wikipedia,False,False
13882,1278,2023-04-15,UFC on ESPN 44 - Holloway vs. Allen,unanimous,False,wikipedia,main_card,wikipedia,False,False
13883,1278,2023-04-15,UFC on ESPN 44 - Holloway vs. Allen,unanimous,False,wikipedia,main_card,wikipedia,False,False
13888,1278,2023-04-15,UFC on ESPN 44 - Holloway vs. Allen,unanimous,False,wikipedia,prelims,wikipedia,False,False
13890,1278,2023-04-15,UFC on ESPN 44 - Holloway vs. Allen,unanimous,False,wikipedia,prelims,wikipedia,False,False
13891,1278,2023-04-15,UFC on ESPN 44 - Holloway vs. Allen,split,False,wikipedia,prelims,wikipedia,False,True
13893,1294,2023-04-08,UFC 287 - Pereira vs. Adesanya 2,unanimous,False,wikipedia,co_main,wikipedia,False,False
13896,1294,2023-04-08,UFC 287 - Pereira vs. Adesanya 2,unanimous,False,wikipedia,main_card,wikipedia,False,False
13897,1294,2023-04-08,UFC 287 - Pereira vs. Adesanya 2,unanimous,True,wikipedia,prelims,wikipedia,False,False
13898,1294,2023-04-08,UFC 287 - Pereira vs. Adesanya 2,split,False,wikipedia,prelims,wikipedia,False,True
13900,1294,2023-04-08,UFC 287 - Pereira vs. Adesanya 2,split,False,wikipedia,prelims,wikipedia,False,True
13901,1294,2023-04-08,UFC 287 - Pereira vs. Adesanya 2,unanimous,False,wikipedia,early_prelims,wikipedia,False,False
13903,1294,2023-04-08,UFC 287 - Pereira vs. Adesanya 2,unanimous,False,wikipedia,early_prelims,wikipedia,False,False
13904,1310,2023-03-18,UFC 286 - Edwards vs. Usman 3,majority,False,wikipedia,main_event,wikipedia,True,False
13905,1310,2023-03-18,UFC 286 - Edwards vs. Usman 3,majority,True,wikipedia,co_main,wikipedia,False,False
13907,1310,2023-03-18,UFC 286 - Edwards vs. Usman 3,unanimous,False,wikipedia,main_card,wikipedia,False,False
13908,1310,2023-03-18,UFC 286 - Edwards vs. Usman 3,unanimous,False,wikipedia,main_card,wikipedia,False,False
13910,1310,2023-03-18,UFC 286 - Edwards vs. Usman 3,split,False,wikipedia,prelims,wikipedia,False,False
13913,1310,2023-03-18,UFC 286 - Edwards vs. Usman 3,split,False,wikipedia,early_prelims,wikipedia,False,False
13916,1310,2023-03-18,UFC 286 - Edwards vs. Usman 3,split,False,wikipedia,early_prelims,wikipedia,False,True
13918,1310,2023-03-18,UFC 286 - Edwards vs. Usman 3,unanimous,False,wikipedia,early_prelims,wikipedia,False,False
13919,1314,2023-03-25,UFC on ESPN 43 - Vera vs. Sandhagen,split,False,wikipedia,main_event,wikipedia,False,True
13920,1314,2023-03-25,UFC on ESPN 43 - Vera vs. Sandhagen,unanimous,False,wikipedia,co_main,wikipedia,False,False
13922,1314,2023-03-25,UFC on ESPN 43 - Vera vs. Sandhagen,split,False,wikipedia,main_card,wikipedia,False,True
13923,1314,2023-03-25,UFC on ESPN 43 - Vera vs. Sandhagen,split,False,wikipedia,main_card,wikipedia,False,False
13925,1314,2023-03-25,UFC on ESPN 43 - Vera vs. Sandhagen,unanimous,False,wikipedia,prelims,wikipedia,False,False
13926,1314,2023-03-25,UFC on ESPN 43 - Vera vs. Sandhagen,split,False,wikipedia,prelims,wikipedia,False,False
13928,1314,2023-03-25,UFC on ESPN 43 - Vera vs. Sandhagen,unanimous,False,wikipedia,prelims,wikipedia,False,False
13929,1319,2023-03-11,UFC Fight Night 221 - Yan vs. Dvalishvili,unanimous,False,wikipedia,main_event,wikipedia,False,False
13932,1319,2023-03-11,UFC Fight Night 221 - Yan vs. Dvalishvili,unanimous,False,wikipedia,main_card,wikipedia,False,False
13934,1319,2023-03-11,UFC Fight Night 221 - Yan vs. Dvalishvili,unanimous,True,wikipedia,main_card,wikipedia,False,False
13935,1319,2023-03-11,UFC Fight Night 221 - Yan vs. Dvalishvili,unanimous,False,wikipedia,,unknown,,False
13938,1319,2023-03-11,UFC Fight Night 221 - Yan vs. Dvalishvili,split,False,wikipedia,prelims,wikipedia,False,True
13939,1319,2023-03-11,UFC Fight Night 221 - Yan vs. Dvalishvili,unanimous,False,wikipedia,,unknown,,False
13941,1319,2023-03-11,UFC Fight Night 221 - Yan vs. Dvalishvili,unanimous,False,wikipedia,prelims,wikipedia,False,False
13943,1326,2023-02-25,UFC Fight Night 220 - Muniz vs. Allen,unanimous,False,wikipedia,co_main,wikipedia,False,False
13947,1326,2023-02-25,UFC Fight Night 220 - Muniz vs. Allen,unanimous,False,wikipedia,prelims,wikipedia,False,False
13949,1326,2023-02-25,UFC Fight Night 220 - Muniz vs. Allen,split,False,wikipedia,prelims,wikipedia,False,False
13951,1326,2023-02-25,UFC Fight Night 220 - Muniz vs. Allen,majority,False,wikipedia,prelims,wikipedia,False,False
13953,1340,2023-02-18,UFC Fight Night 219 - Andrade vs. Blanchfield,unanimous,False,wikipedia,co_main,wikipedia,False,False
13954,1340,2023-02-18,UFC Fight Night 219 - Andrade vs. Blanchfield,unanimous,False,wikipedia,main_card,wikipedia,False,False
13955,1340,2023-02-18,UFC Fight Night 219 - Andrade vs. Blanchfield,unanimous,False,wikipedia,main_card,wikipedia,False,False
13956,1340,2023-02-18,UFC Fight Night 219 - Andrade vs. Blanchfield,unanimous,False,wikipedia,main_card,wikipedia,False,False
13959,1340,2023-02-18,UFC Fight Night 219 - Andrade vs. Blanchfield,unanimous,False,wikipedia,prelims,wikipedia,False,False
13966,1343,2023-03-04,UFC 285 - Jones vs. Gane,split,False,wikipedia,main_card,wikipedia,False,True
13968,1343,2023-03-04,UFC 285 - Jones vs. Gane,unanimous,False,wikipedia,prelims,wikipedia,False,False
13970,1343,2023-03-04,UFC 285 - Jones vs. Gane,unanimous,False,wikipedia,prelims,wikipedia,False,False
13973,1343,2023-03-04,UFC 285 - Jones vs. Gane,majority,False,wikipedia,early_prelims,wikipedia,False,False
13975,1343,2023-03-04,UFC 285 - Jones vs. Gane,unanimous,False,wikipedia,early_prelims,wikipedia,False,False
13976,1343,2023-03-04,UFC 285 - Jones vs. Gane,unanimous,False,wikipedia,early_prelims,wikipedia,False,False
13978,1349,2023-02-04,UFC Fight Night 218 - Lewis vs. Spivak,unanimous,False,wikipedia,co_main,wikipedia,False,False
13979,1349,2023-02-04,UFC Fight Night 218 - Lewis vs. Spivak,unanimous,False,wikipedia,main_card,wikipedia,False,False
13983,1349,2023-02-04,UFC Fight Night 218 - Lewis vs. Spivak,split,False,wikipedia,prelims,wikipedia,False,False
13988,1786,2023-02-11,UFC 284 - Makhachev vs. Volkanovski,unanimous,True,wikipedia,main_event,wikipedia,True,False
13993,1786,2023-02-11,UFC 284 - Makhachev vs. Volkanovski,unanimous,False,wikipedia,prelims,wikipedia,False,False
13996,1786,2023-02-11,UFC 284 - Makhachev vs. Volkanovski,unanimous,False,wikipedia,prelims,wikipedia,False,False
13997,1786,2023-02-11,UFC 284 - Makhachev vs. Volkanovski,unanimous,False,wikipedia,early_prelims,wikipedia,False,False
13999,1786,2023-02-11,UFC 284 - Makhachev vs. Volkanovski,unanimous,False,wikipedia,early_prelims,wikipedia,False,False
14000,1786,2023-02-11,UFC 284 - Makhachev vs. Volkanovski,split,False,wikipedia,early_prelims,wikipedia,False,False
14001,1788,2023-01-14,UFC Fight Night 217 - Strickland vs. Imavov,unanimous,False,wikipedia,main_event,wikipedia,False,False
14004,1788,2023-01-14,UFC Fight Night 217 - Strickland vs. Imavov,split,False,wikipedia,main_card,wikipedia,False,True
14006,1788,2023-01-14,UFC Fight Night 217 - Strickland vs. Imavov,unanimous,False,wikipedia,prelims,wikipedia,False,False
14008,1788,2023-01-14,UFC Fight Night 217 - Strickland vs. Imavov,unanimous,False,wikipedia,prelims,wikipedia,False,False
14010,1788,2023-01-14,UFC Fight Night 217 - Strickland vs. Imavov,unanimous,False,wikipedia,prelims,wikipedia,False,False
14021,1825,2023-01-21,UFC 283 - Teixeira vs. Hill,unanimous,True,wikipedia,main_event,wikipedia,True,False
14024,1825,2023-01-21,UFC 283 - Teixeira vs. Hill,unanimous,False,wikipedia,main_card,wikipedia,False,False
14031,1825,2023-01-21,UFC 283 - Teixeira vs. Hill,unanimous,False,wikipedia,early_prelims,wikipedia,False,False
14033,1825,2023-01-21,UFC 283 - Teixeira vs. Hill,split,False,wikipedia,early_prelims,wikipedia,False,True
14034,1825,2023-01-21,UFC 283 - Teixeira vs. Hill,unanimous,False,wikipedia,early_prelims,wikipedia,False,False
14048,1850,2022-12-17,UFC Fight Night 216 - Cannonier vs. Strickland,split,False,wikipedia,main_event,wikipedia,False,True
14049,1850,2022-12-17,UFC Fight Night 216 - Cannonier vs. Strickland,unanimous,False,wikipedia,co_main,wikipedia,False,False
14054,1850,2022-12-17,UFC Fight Night 216 - Cannonier vs. Strickland,unanimous,False,wikipedia,prelims,wikipedia,False,False
14055,1850,2022-12-17,UFC Fight Night 216 - Cannonier vs. Strickland,unanimous,False,wikipedia,prelims,wikipedia,False,False
14057,1850,2022-12-17,UFC Fight Night 216 - Cannonier vs. Strickland,unanimous,False,wikipedia,prelims,wikipedia,False,False
14058,1850,2022-12-17,UFC Fight Night 216 - Cannonier vs. Strickland,unanimous,False,wikipedia,prelims,wikipedia,False,False
14059,1850,2022-12-17,UFC Fight Night 216 - Cannonier vs. Strickland,unanimous,False,wikipedia,prelims,wikipedia,False,False
14060,1850,2022-12-17,UFC Fight Night 216 - Cannonier vs. Strickland,unanimous,False,wikipedia,prelims,wikipedia,False,False
14068,1851,2022-12-03,UFC on ESPN 42 - Thompson vs. Holland,unanimous,False,wikipedia,prelims,wikipedia,False,False
14069,1851,2022-12-03,UFC on ESPN 42 - Thompson vs. Holland,split,False,wikipedia,prelims,wikipedia,False,True
14070,1851,2022-12-03,UFC on ESPN 42 - Thompson vs. Holland,unanimous,False,wikipedia,prelims,wikipedia,False,False
14071,1851,2022-12-03,UFC on ESPN 42 - Thompson vs. Holland,unanimous,False,wikipedia,prelims,wikipedia,False,False
14072,1851,2022-12-03,UFC on ESPN 42 - Thompson vs. Holland,unanimous,False,wikipedia,prelims,wikipedia,False,False
14076,1852,2022-11-19,UFC Fight Night 215 - Nzechukwu vs. Cutelaba,unanimous,False,wikipedia,co_main,wikipedia,False,False
14079,1852,2022-11-19,UFC Fight Night 215 - Nzechukwu vs. Cutelaba,split,False,wikipedia,main_card,wikipedia,False,False
14080,1852,2022-11-19,UFC Fight Night 215 - Nzechukwu vs. Cutelaba,unanimous,False,wikipedia,prelims,wikipedia,False,False
14081,1852,2022-11-19,UFC Fight Night 215 - Nzechukwu vs. Cutelaba,unanimous,False,wikipedia,prelims,wikipedia,False,False
14082,1852,2022-11-19,UFC Fight Night 215 - Nzechukwu vs. Cutelaba,split,False,wikipedia,prelims,wikipedia,False,False
14083,1852,2022-11-19,UFC Fight Night 215 - Nzechukwu vs. Cutelaba,unanimous,False,wikipedia,prelims,wikipedia,False,False
14084,1852,2022-11-19,UFC Fight Night 215 - Nzechukwu vs. Cutelaba,unanimous,False,wikipedia,prelims,wikipedia,False,False
14087,1853,2022-10-29,UFC Fight Night 213 - Kattar vs. Allen,split,False,wikipedia,co_main,wikipedia,False,True
14088,1853,2022-10-29,UFC Fight Night 213 - Kattar vs. Allen,unanimous,False,wikipedia,main_card,wikipedia,False,False
14090,1853,2022-10-29,UFC Fight Night 213 - Kattar vs. Allen,split,False,wikipedia,main_card,wikipedia,False,True
14095,1853,2022-10-29,UFC Fight Night 213 - Kattar vs. Allen,unanimous,False,wikipedia,prelims,wikipedia,False,False
14102,1854,2022-11-05,UFC Fight Night 214 - Rodriguez vs. Lemos,unanimous,False,wikipedia,prelims,wikipedia,False,False
14105,1854,2022-11-05,UFC Fight Night 214 - Rodriguez vs. Lemos,unanimous,False,wikipedia,prelims,wikipedia,False,False
14109,1855,2022-12-10,UFC 282 - Blachowicz vs. Ankalaev,unanimous,False,wikipedia,co_main,wikipedia,False,False
14128,1856,2022-11-12,UFC 281 - Adesanya vs. Pereira,unanimous,False,wikipedia,prelims,wikipedia,False,False
14130,1856,2022-11-12,UFC 281 - Adesanya vs. Pereira,unanimous,False,wikipedia,early_prelims,wikipedia,False,False
14132,1856,2022-11-12,UFC 281 - Adesanya vs. Pereira,unanimous,False,wikipedia,early_prelims,wikipedia,False,False
14134,1860,2022-10-15,UFC Fight Night 212 - Grasso vs. Araujo,unanimous,False,wikipedia,main_event,wikipedia,False,False
14137,1860,2022-10-15,UFC Fight Night 212 - Grasso vs. Araujo,unanimous,False,wikipedia,main_card,wikipedia,False,False
14139,1860,2022-10-15,UFC Fight Night 212 - Grasso vs. Araujo,split,False,wikipedia,prelims,wikipedia,False,False
14140,1860,2022-10-15,UFC Fight Night 212 - Grasso vs. Araujo,unanimous,False,wikipedia,prelims,wikipedia,False,False
14142,1860,2022-10-15,UFC Fight Night 212 - Grasso vs. Araujo,unanimous,False,wikipedia,prelims,wikipedia,False,False
14147,1868,2022-09-17,UFC Fight Night 210 - Sandhagen vs. Song,split,False,wikipedia,main_card,wikipedia,False,True
14149,1868,2022-09-17,UFC Fight Night 210 - Sandhagen vs. Song,split,False,wikipedia,main_card,wikipedia,False,True
14152,1868,2022-09-17,UFC Fight Night 210 - Sandhagen vs. Song,unanimous,False,wikipedia,prelims,wikipedia,False,False
14153,1868,2022-09-17,UFC Fight Night 210 - Sandhagen vs. Song,unanimous,False,wikipedia,,unknown,,False
14154,1868,2022-09-17,UFC Fight Night 210 - Sandhagen vs. Song,unanimous,False,wikipedia,prelims,wikipedia,False,False
14156,1868,2022-09-17,UFC Fight Night 210 - Sandhagen vs. Song,unanimous,False,wikipedia,prelims,wikipedia,False,False
14158,1880,2022-10-01,UFC Fight Night 211 - Dern vs. Yan,majority,False,wikipedia,main_event,wikipedia,False,False
14159,1880,2022-10-01,UFC Fight Night 211 - Dern vs. Yan,unanimous,False,wikipedia,co_main,wikipedia,False,False
14160,1880,2022-10-01,UFC Fight Night 211 - Dern vs. Yan,unanimous,False,wikipedia,main_card,wikipedia,False,False
14162,1880,2022-10-01,UFC Fight Night 211 - Dern vs. Yan,unanimous,False,wikipedia,main_card,wikipedia,False,False
14164,1880,2022-10-01,UFC Fight Night 211 - Dern vs. Yan,unanimous,False,wikipedia,,unknown,,False
14171,1892,2022-09-10,UFC 279 - Diaz vs. Ferguson,split,False,wikipedia,main_card,wikipedia,False,False
14174,1892,2022-09-10,UFC 279 - Diaz vs. Ferguson,unanimous,False,wikipedia,prelims,wikipedia,False,False
14178,1892,2022-09-10,UFC 279 - Diaz vs. Ferguson,unanimous,False,wikipedia,early_prelims,wikipedia,False,False
14179,1892,2022-09-10,UFC 279 - Diaz vs. Ferguson,unanimous,False,wikipedia,early_prelims,wikipedia,False,False
14180,1892,2022-09-10,UFC 279 - Diaz vs. Ferguson,unanimous,False,wikipedia,early_prelims,wikipedia,False,False
14181,1892,2022-09-10,UFC 279 - Diaz vs. Ferguson,split,False,wikipedia,early_prelims,wikipedia,False,False
14183,1894,2022-08-20,UFC 278 - Usman vs. Edwards 2,unanimous,True,wikipedia,co_main,wikipedia,False,False
14184,1894,2022-08-20,UFC 278 - Usman vs. Edwards 2,unanimous,False,wikipedia,main_card,wikipedia,False,False
14187,1894,2022-08-20,UFC 278 - Usman vs. Edwards 2,majority,False,wikipedia,prelims,wikipedia,False,False
14188,1894,2022-08-20,UFC 278 - Usman vs. Edwards 2,unanimous,False,wikipedia,prelims,wikipedia,False,False
14190,1894,2022-08-20,UFC 278 - Usman vs. Edwards 2,unanimous,False,wikipedia,prelims,wikipedia,False,False
14192,1894,2022-08-20,UFC 278 - Usman vs. Edwards 2,unanimous,False,wikipedia,early_prelims,wikipedia,False,False
14195,1895,2022-08-13,UFC on ESPN 41 - Vera vs. Cruz,majority,True,wikipedia,co_main,wikipedia,False,False
14196,1895,2022-08-13,UFC on ESPN 41 - Vera vs. Cruz,unanimous,False,wikipedia,main_card,wikipedia,False,False
14200,1895,2022-08-13,UFC on ESPN 41 - Vera vs. Cruz,unanimous,False,wikipedia,prelims,wikipedia,False,False
14201,1895,2022-08-13,UFC on ESPN 41 - Vera vs. Cruz,split,False,wikipedia,,unknown,,False
14202,1895,2022-08-13,UFC on ESPN 41 - Vera vs. Cruz,split,False,wikipedia,prelims,wikipedia,False,True
14218,1898,2022-09-03,UFC Fight Night 209 - Gane vs. Tuivasa,unanimous,False,wikipedia,co_main,wikipedia,False,False
14219,1898,2022-09-03,UFC Fight Night 209 - Gane vs. Tuivasa,unanimous,False,wikipedia,main_card,wikipedia,False,False
14221,1898,2022-09-03,UFC Fight Night 209 - Gane vs. Tuivasa,majority,False,wikipedia,main_card,wikipedia,False,False
14222,1898,2022-09-03,UFC Fight Night 209 - Gane vs. Tuivasa,unanimous,False,wikipedia,main_card,wikipedia,False,False
14224,1898,2022-09-03,UFC Fight Night 209 - Gane vs. Tuivasa,unanimous,False,wikipedia,prelims,wikipedia,False,False
14225,1898,2022-09-03,UFC Fight Night 209 - Gane vs. Tuivasa,unanimous,False,wikipedia,prelims,wikipedia,False,False
14248,1913,2022-07-23,UFC Fight Night 208 - Blaydes vs. Aspinall,unanimous,False,wikipedia,co_main,wikipedia,False,False
14252,1913,2022-07-23,UFC Fight Night 208 - Blaydes vs. Aspinall,unanimous,False,wikipedia,main_card,wikipedia,False,False
14253,1913,2022-07-23,UFC Fight Night 208 - Blaydes vs. Aspinall,unanimous,False,wikipedia,prelims,wikipedia,False,False
14254,1913,2022-07-23,UFC Fight Night 208 - Blaydes vs. Aspinall,unanimous,False,wikipedia,prelims,wikipedia,False,False
14255,1913,2022-07-23,UFC Fight Night 208 - Blaydes vs. Aspinall,unanimous,False,wikipedia,prelims,wikipedia,False,False
14257,1913,2022-07-23,UFC Fight Night 208 - Blaydes vs. Aspinall,unanimous,False,wikipedia,prelims,wikipedia,False,False
14258,1913,2022-07-23,UFC Fight Night 208 - Blaydes vs. Aspinall,unanimous,False,wikipedia,prelims,wikipedia,False,False
14259,1913,2022-07-23,UFC Fight Night 208 - Blaydes vs. Aspinall,unanimous,False,wikipedia,prelims,wikipedia,False,False
14260,1913,2022-07-23,UFC Fight Night 208 - Blaydes vs. Aspinall,unanimous,False,wikipedia,prelims,wikipedia,False,False
14265,1923,2022-07-16,UFC on ABC 3 - Ortega vs. Rodriguez,majority,False,wikipedia,main_card,wikipedia,False,False
14266,1923,2022-07-16,UFC on ABC 3 - Ortega vs. Rodriguez,unanimous,False,wikipedia,main_card,wikipedia,False,False
14271,1923,2022-07-16,UFC on ABC 3 - Ortega vs. Rodriguez,unanimous,False,wikipedia,prelims,wikipedia,False,False
14272,1923,2022-07-16,UFC on ABC 3 - Ortega vs. Rodriguez,unanimous,False,wikipedia,prelims,wikipedia,False,False
14274,1926,2022-07-09,UFC on ESPN 39 - Dos Anjos vs. Fiziev,unanimous,False,wikipedia,co_main,wikipedia,False,False
14275,1926,2022-07-09,UFC on ESPN 39 - Dos Anjos vs. Fiziev,unanimous,False,wikipedia,main_card,wikipedia,False,False
14277,1926,2022-07-09,UFC on ESPN 39 - Dos Anjos vs. Fiziev,unanimous,False,wikipedia,main_card,wikipedia,False,False
14278,1926,2022-07-09,UFC on ESPN 39 - Dos Anjos vs. Fiziev,split,True,wikipedia,main_card,wikipedia,False,True
14280,1926,2022-07-09,UFC on ESPN 39 - Dos Anjos vs. Fiziev,split,False,wikipedia,prelims,wikipedia,False,True
14283,1926,2022-07-09,UFC on ESPN 39 - Dos Anjos vs. Fiziev,unanimous,False,wikipedia,prelims,wikipedia,False,False
14284,1934,2022-06-18,UFC on ESPN 37 - Kattar vs. Emmett,split,True,wikipedia,main_event,wikipedia,False,True
14287,1934,2022-06-18,UFC on ESPN 37 - Kattar vs. Emmett,split,False,wikipedia,main_card,wikipedia,False,False
14290,1934,2022-06-18,UFC on ESPN 37 - Kattar vs. Emmett,unanimous,False,wikipedia,prelims,wikipedia,False,False
14293,1934,2022-06-18,UFC on ESPN 37 - Kattar vs. Emmett,split,False,wikipedia,prelims,wikipedia,False,False
14297,1935,2022-06-25,UFC on ESPN 38 - Tsarukyan vs. Gamrot,unanimous,True,wikipedia,main_event,wikipedia,False,False
14301,1935,2022-06-25,UFC on ESPN 38 - Tsarukyan vs. Gamrot,unanimous,False,wikipedia,main_card,wikipedia,False,False
14302,1935,2022-06-25,UFC on ESPN 38 - Tsarukyan vs. Gamrot,unanimous,False,wikipedia,main_card,wikipedia,False,False
14304,1935,2022-06-25,UFC on ESPN 38 - Tsarukyan vs. Gamrot,unanimous,False,wikipedia,prelims,wikipedia,False,False
14305,1935,2022-06-25,UFC on ESPN 38 - Tsarukyan vs. Gamrot,unanimous,False,wikipedia,prelims,wikipedia,False,False
14308,1935,2022-06-25,UFC on ESPN 38 - Tsarukyan vs. Gamrot,split,False,wikipedia,prelims,wikipedia,False,True
14309,1936,2022-07-30,UFC 277 - Pena vs. Nunes 2,unanimous,False,wikipedia,main_event,wikipedia,True,False
14314,1936,2022-07-30,UFC 277 - Pena vs. Nunes 2,unanimous,False,wikipedia,prelims,wikipedia,False,False
14317,1936,2022-07-30,UFC 277 - Pena vs. Nunes 2,unanimous,False,wikipedia,prelims,wikipedia,False,False
14319,1936,2022-07-30,UFC 277 - Pena vs. Nunes 2,split,False,wikipedia,early_prelims,wikipedia,False,True
14321,1936,2022-07-30,UFC 277 - Pena vs. Nunes 2,unanimous,False,wikipedia,early_prelims,wikipedia,False,False
14324,1950,2022-10-22,UFC 280 - Oliveira vs. Makhachev,split,True,wikipedia,main_card,wikipedia,False,True
14325,1950,2022-10-22,UFC 280 - Oliveira vs. Makhachev,unanimous,False,wikipedia,main_card,wikipedia,False,False
14326,1950,2022-10-22,UFC 280 - Oliveira vs. Makhachev,unanimous,False,wikipedia,,unknown,,False
14328,1950,2022-10-22,UFC 280 - Oliveira vs. Makhachev,unanimous,False,wikipedia,prelims,wikipedia,False,False
14329,1950,2022-10-22,UFC 280 - Oliveira vs. Makhachev,unanimous,False,wikipedia,prelims,wikipedia,False,False
14330,1950,2022-10-22,UFC 280 - Oliveira vs. Makhachev,unanimous,False,wikipedia,prelims,wikipedia,False,False
14331,1950,2022-10-22,UFC 280 - Oliveira vs. Makhachev,unanimous,False,wikipedia,,unknown,,False
14333,1950,2022-10-22,UFC 280 - Oliveira vs. Makhachev,majority,False,wikipedia,prelims,wikipedia,False,False
14335,1961,2022-06-12,UFC 275 - Teixeira vs. Prochazka,split,False,wikipedia,co_main,wikipedia,True,True
14339,1961,2022-06-12,UFC 275 - Teixeira vs. Prochazka,split,False,wikipedia,prelims,wikipedia,False,True
14341,1961,2022-06-12,UFC 275 - Teixeira vs. Prochazka,unanimous,False,wikipedia,prelims,wikipedia,False,False
14342,1961,2022-06-12,UFC 275 - Teixeira vs. Prochazka,unanimous,False,wikipedia,prelims,wikipedia,False,False
14344,1961,2022-06-12,UFC 275 - Teixeira vs. Prochazka,unanimous,False,wikipedia,early_prelims,wikipedia,False,False
14346,1964,2022-06-04,UFC Fight Night 207 - Volkov vs. Rozenstruik,unanimous,False,wikipedia (resolved by hand-rule),co_main,wikipedia,False,False
14352,1964,2022-06-04,UFC Fight Night 207 - Volkov vs. Rozenstruik,majority,False,wikipedia (resolved by hand-rule),prelims,wikipedia,False,False
14353,1964,2022-06-04,UFC Fight Night 207 - Volkov vs. Rozenstruik,unanimous,False,wikipedia (resolved by hand-rule),prelims,wikipedia,False,False
14356,1964,2022-06-04,UFC Fight Night 207 - Volkov vs. Rozenstruik,split,False,wikipedia (resolved by hand-rule),prelims,wikipedia,False,True
14357,1964,2022-06-04,UFC Fight Night 207 - Volkov vs. Rozenstruik,unanimous,False,wikipedia (resolved by hand-rule),prelims,wikipedia,False,False
14383,1978,2022-05-21,UFC Fight Night 206 - Holm vs. Vieira,split,False,wikipedia,main_event,wikipedia,False,True
14384,1978,2022-05-21,UFC Fight Night 206 - Holm vs. Vieira,split,True,wikipedia,co_main,wikipedia,False,True
14386,1978,2022-05-21,UFC Fight Night 206 - Holm vs. Vieira,unanimous,False,wikipedia,main_card,wikipedia,False,False
14387,1978,2022-05-21,UFC Fight Night 206 - Holm vs. Vieira,split,False,wikipedia,main_card,wikipedia,False,True
14391,1978,2022-05-21,UFC Fight Night 206 - Holm vs. Vieira,unanimous,False,wikipedia,prelims,wikipedia,False,False
14394,1985,2022-07-02,UFC 276 - Adesanya vs. Cannonier,unanimous,False,wikipedia,main_event,wikipedia,True,False
14395,1985,2022-07-02,UFC 276 - Adesanya vs. Cannonier,unanimous,False,wikipedia,co_main,wikipedia,True,False
14401,1985,2022-07-02,UFC 276 - Adesanya vs. Cannonier,unanimous,False,wikipedia,prelims,wikipedia,False,False
14402,1985,2022-07-02,UFC 276 - Adesanya vs. Cannonier,unanimous,False,wikipedia,prelims,wikipedia,False,False
14403,1985,2022-07-02,UFC 276 - Adesanya vs. Cannonier,unanimous,False,wikipedia,early_prelims,wikipedia,False,False
14404,1985,2022-07-02,UFC 276 - Adesanya vs. Cannonier,unanimous,False,wikipedia,early_prelims,wikipedia,False,False
14406,1988,2022-04-30,UFC on ESPN 35 - Font vs. Vera,unanimous,True,wikipedia,main_event,wikipedia,False,False
14407,1988,2022-04-30,UFC on ESPN 35 - Font vs. Vera,split,False,wikipedia,co_main,wikipedia,False,True
14410,1988,2022-04-30,UFC on ESPN 35 - Font vs. Vera,unanimous,False,wikipedia,main_card,wikipedia,False,False
14411,1988,2022-04-30,UFC on ESPN 35 - Font vs. Vera,unanimous,False,wikipedia,main_card,wikipedia,False,False
14415,1988,2022-04-30,UFC on ESPN 35 - Font vs. Vera,unanimous,False,wikipedia,prelims,wikipedia,False,False
14419,1991,2022-04-23,UFC Fight Night 205 - Lemos vs. Andrade,unanimous,False,wikipedia,main_card,wikipedia,False,False
14425,1991,2022-04-23,UFC Fight Night 205 - Lemos vs. Andrade,unanimous,False,wikipedia,prelims,wikipedia,False,False
14426,1991,2022-04-23,UFC Fight Night 205 - Lemos vs. Andrade,unanimous,False,wikipedia,prelims,wikipedia,False,False
14431,1992,2022-05-14,UFC on ESPN 36 - Blachowicz vs. Rakic,split,True,wikipedia,,unknown,,True
14433,1992,2022-05-14,UFC on ESPN 36 - Blachowicz vs. Rakic,unanimous,False,wikipedia,main_card,wikipedia,False,False
14434,1992,2022-05-14,UFC on ESPN 36 - Blachowicz vs. Rakic,unanimous,False,wikipedia,prelims,wikipedia,False,False
14436,1992,2022-05-14,UFC on ESPN 36 - Blachowicz vs. Rakic,unanimous,False,wikipedia,prelims,wikipedia,False,False
14437,1992,2022-05-14,UFC on ESPN 36 - Blachowicz vs. Rakic,unanimous,False,wikipedia,prelims,wikipedia,False,False
14439,1998,2022-04-16,UFC on ESPN 34 - Luque vs. Muhammad 2,unanimous,False,wikipedia,main_event,wikipedia,False,False
14440,1998,2022-04-16,UFC on ESPN 34 - Luque vs. Muhammad 2,technical_unanimous,False,wikipedia,co_main,wikipedia,False,False
14442,1998,2022-04-16,UFC on ESPN 34 - Luque vs. Muhammad 2,unanimous,True,wikipedia,main_card,wikipedia,False,False
14443,1998,2022-04-16,UFC on ESPN 34 - Luque vs. Muhammad 2,unanimous,False,wikipedia,main_card,wikipedia,False,False
14444,1998,2022-04-16,UFC on ESPN 34 - Luque vs. Muhammad 2,unanimous,False,wikipedia,main_card,wikipedia,False,False
14446,1998,2022-04-16,UFC on ESPN 34 - Luque vs. Muhammad 2,unanimous,False,wikipedia,prelims,wikipedia,False,False
14449,1998,2022-04-16,UFC on ESPN 34 - Luque vs. Muhammad 2,technical_unanimous,False,wikipedia,prelims,wikipedia,False,False
14450,1998,2022-04-16,UFC on ESPN 34 - Luque vs. Muhammad 2,split,False,wikipedia,prelims,wikipedia,False,False
14451,1998,2022-04-16,UFC on ESPN 34 - Luque vs. Muhammad 2,majority,False,wikipedia,prelims,wikipedia,False,False
14454,2006,2022-04-09,UFC 273 - Volkanovski vs. Korean Zombie,split,False,wikipedia,co_main,wikipedia,True,True
14455,2006,2022-04-09,UFC 273 - Volkanovski vs. Korean Zombie,unanimous,True,wikipedia,main_card,wikipedia,False,False
14456,2006,2022-04-09,UFC 273 - Volkanovski vs. Korean Zombie,split,False,wikipedia,,unknown,,True
14457,2006,2022-04-09,UFC 273 - Volkanovski vs. Korean Zombie,unanimous,False,wikipedia,main_card,wikipedia,False,False
14458,2006,2022-04-09,UFC 273 - Volkanovski vs. Korean Zombie,unanimous,False,wikipedia,prelims,wikipedia,False,False
14459,2006,2022-04-09,UFC 273 - Volkanovski vs. Korean Zombie,unanimous,False,wikipedia,prelims,wikipedia,False,False
14460,2006,2022-04-09,UFC 273 - Volkanovski vs. Korean Zombie,unanimous,False,wikipedia,prelims,wikipedia,False,False
14463,2006,2022-04-09,UFC 273 - Volkanovski vs. Korean Zombie,unanimous,False,wikipedia,early_prelims,wikipedia,False,False
14464,2006,2022-04-09,UFC 273 - Volkanovski vs. Korean Zombie,unanimous,False,wikipedia,early_prelims,wikipedia,False,False
14466,2019,2022-05-07,UFC 274 - Oliveira vs. Gaethje,split,False,wikipedia,co_main,wikipedia,True,True
14468,2019,2022-05-07,UFC 274 - Oliveira vs. Gaethje,split,False,wikipedia,main_card,wikipedia,False,True
14469,2019,2022-05-07,UFC 274 - Oliveira vs. Gaethje,split,False,wikipedia,,unknown,,True
14470,2019,2022-05-07,UFC 274 - Oliveira vs. Gaethje,unanimous,False,wikipedia,prelims,wikipedia,False,False
14471,2019,2022-05-07,UFC 274 - Oliveira vs. Gaethje,split,False,wikipedia,prelims,wikipedia,False,True
14473,2019,2022-05-07,UFC 274 - Oliveira vs. Gaethje,unanimous,False,wikipedia,prelims,wikipedia,False,False
14475,2019,2022-05-07,UFC 274 - Oliveira vs. Gaethje,unanimous,False,wikipedia,early_prelims,wikipedia,False,False
14476,2019,2022-05-07,UFC 274 - Oliveira vs. Gaethje,split,False,wikipedia,early_prelims,wikipedia,False,False
14477,2019,2022-05-07,UFC 274 - Oliveira vs. Gaethje,unanimous,False,wikipedia,early_prelims,wikipedia,False,False
14478,2019,2022-05-07,UFC 274 - Oliveira vs. Gaethje,unanimous,False,wikipedia,early_prelims,wikipedia,False,False
14479,2031,2022-03-05,UFC 272 - Covington vs. Masvidal,unanimous,True,wikipedia,main_event,wikipedia,False,False
14480,2031,2022-03-05,UFC 272 - Covington vs. Masvidal,unanimous,False,wikipedia,,unknown,,False
14481,2031,2022-03-05,UFC 272 - Covington vs. Masvidal,unanimous,False,wikipedia,main_card,wikipedia,False,False
14485,2031,2022-03-05,UFC 272 - Covington vs. Masvidal,split,False,wikipedia,prelims,wikipedia,False,True
14486,2031,2022-03-05,UFC 272 - Covington vs. Masvidal,split,False,wikipedia,prelims,wikipedia,False,True
14489,2031,2022-03-05,UFC 272 - Covington vs. Masvidal,unanimous,False,wikipedia,early_prelims,wikipedia,False,False
14490,2031,2022-03-05,UFC 272 - Covington vs. Masvidal,split,False,wikipedia,early_prelims,wikipedia,False,True
14491,2031,2022-03-05,UFC 272 - Covington vs. Masvidal,unanimous,False,wikipedia,early_prelims,wikipedia,False,False
14492,2035,2022-03-12,UFC Fight Night 203 - Santos vs. Ankalaev,unanimous,False,wikipedia,main_event,wikipedia,False,False
14494,2035,2022-03-12,UFC Fight Night 203 - Santos vs. Ankalaev,unanimous,False,wikipedia,main_card,wikipedia,False,False
14497,2035,2022-03-12,UFC Fight Night 203 - Santos vs. Ankalaev,unanimous,False,wikipedia,main_card,wikipedia,False,False
14498,2035,2022-03-12,UFC Fight Night 203 - Santos vs. Ankalaev,unanimous,False,wikipedia,prelims,wikipedia,False,False
14499,2035,2022-03-12,UFC Fight Night 203 - Santos vs. Ankalaev,unanimous,False,wikipedia,,unknown,,False
14500,2035,2022-03-12,UFC Fight Night 203 - Santos vs. Ankalaev,unanimous,False,wikipedia,prelims,wikipedia,False,False
14508,2036,2022-03-26,UFC on ESPN 33 - Blaydes vs. Daukaus,split,True,wikipedia,main_card,wikipedia,False,True
14509,2036,2022-03-26,UFC on ESPN 33 - Blaydes vs. Daukaus,unanimous,False,wikipedia,main_card,wikipedia,False,False
14510,2036,2022-03-26,UFC on ESPN 33 - Blaydes vs. Daukaus,split,False,wikipedia,main_card,wikipedia,False,True
14511,2036,2022-03-26,UFC on ESPN 33 - Blaydes vs. Daukaus,unanimous,False,wikipedia,main_card,wikipedia,False,False
14512,2036,2022-03-26,UFC on ESPN 33 - Blaydes vs. Daukaus,unanimous,False,wikipedia,prelims,wikipedia,False,False
14515,2036,2022-03-26,UFC on ESPN 33 - Blaydes vs. Daukaus,unanimous,False,wikipedia,prelims,wikipedia,False,False
14516,2036,2022-03-26,UFC on ESPN 33 - Blaydes vs. Daukaus,unanimous,False,wikipedia,prelims,wikipedia,False,False
14517,2036,2022-03-26,UFC on ESPN 33 - Blaydes vs. Daukaus,unanimous,False,wikipedia,prelims,wikipedia,False,False
14521,2038,2022-03-19,UFC Fight Night 204 - Volkov vs. Aspinall,unanimous,False,wikipedia,main_card,wikipedia,False,False
14527,2038,2022-03-19,UFC Fight Night 204 - Volkov vs. Aspinall,unanimous,False,wikipedia,prelims,wikipedia,False,False
14528,2038,2022-03-19,UFC Fight Night 204 - Volkov vs. Aspinall,split,False,wikipedia,prelims,wikipedia,False,False
14532,2050,2022-02-26,UFC Fight Night 202 - Makhachev vs. Green,unanimous,True,wikipedia,main_card,wikipedia,False,False
14534,2050,2022-02-26,UFC Fight Night 202 - Makhachev vs. Green,split,False,wikipedia,main_card,wikipedia,False,False
14536,2050,2022-02-26,UFC Fight Night 202 - Makhachev vs. Green,unanimous,False,wikipedia,prelims,wikipedia,False,False
14538,2050,2022-02-26,UFC Fight Night 202 - Makhachev vs. Green,unanimous,False,wikipedia,prelims,wikipedia,False,False
14540,2050,2022-02-26,UFC Fight Night 202 - Makhachev vs. Green,split,False,wikipedia,prelims,wikipedia,False,False
14543,2052,2022-02-19,UFC Fight Night 201 - Walker vs. Hill,unanimous,False,wikipedia,main_card,wikipedia,False,False
14545,2052,2022-02-19,UFC Fight Night 201 - Walker vs. Hill,split,False,wikipedia,main_card,wikipedia,False,True
14549,2052,2022-02-19,UFC Fight Night 201 - Walker vs. Hill,unanimous,False,wikipedia,prelims,wikipedia,False,False
14551,2052,2022-02-19,UFC Fight Night 201 - Walker vs. Hill,unanimous,False,wikipedia,prelims,wikipedia,False,False
14552,2052,2022-02-19,UFC Fight Night 201 - Walker vs. Hill,unanimous,False,wikipedia,prelims,wikipedia,False,False
14553,2062,2022-02-12,UFC 271 - Adesanya vs. Whittaker 2,unanimous,False,wikipedia,main_event,wikipedia,True,False
14557,2062,2022-02-12,UFC 271 - Adesanya vs. Whittaker 2,unanimous,False,wikipedia,,unknown,,False
14558,2062,2022-02-12,UFC 271 - Adesanya vs. Whittaker 2,split,False,wikipedia,prelims,wikipedia,False,True
14559,2062,2022-02-12,UFC 271 - Adesanya vs. Whittaker 2,split,False,wikipedia,prelims,wikipedia,False,True
14561,2062,2022-02-12,UFC 271 - Adesanya vs. Whittaker 2,unanimous,False,wikipedia,prelims,wikipedia,False,False
14562,2062,2022-02-12,UFC 271 - Adesanya vs. Whittaker 2,unanimous,False,wikipedia,early_prelims,wikipedia,False,False
14563,2062,2022-02-12,UFC 271 - Adesanya vs. Whittaker 2,unanimous,False,wikipedia,early_prelims,wikipedia,False,False
14566,2062,2022-02-12,UFC 271 - Adesanya vs. Whittaker 2,unanimous,False,wikipedia,early_prelims,wikipedia,False,False
14567,2067,2022-02-05,UFC Fight Night 200 - Hermansson vs. Strickland,split,False,wikipedia,main_event,wikipedia,False,True
14568,2067,2022-02-05,UFC Fight Night 200 - Hermansson vs. Strickland,split,False,wikipedia,co_main,wikipedia,False,False
14571,2067,2022-02-05,UFC Fight Night 200 - Hermansson vs. Strickland,unanimous,False,wikipedia,main_card,wikipedia,False,False
14572,2067,2022-02-05,UFC Fight Night 200 - Hermansson vs. Strickland,split,True,wikipedia,main_card,wikipedia,False,True
14574,2067,2022-02-05,UFC Fight Night 200 - Hermansson vs. Strickland,unanimous,False,wikipedia,prelims,wikipedia,False,False
14576,2067,2022-02-05,UFC Fight Night 200 - Hermansson vs. Strickland,unanimous,False,wikipedia,prelims,wikipedia,False,False
14580,2071,2022-01-22,UFC 270 - Ngannou vs. Gane,unanimous,False,wikipedia,main_event,wikipedia,True,False
14581,2071,2022-01-22,UFC 270 - Ngannou vs. Gane,unanimous,True,wikipedia,co_main,wikipedia,True,False
14582,2071,2022-01-22,UFC 270 - Ngannou vs. Gane,unanimous,False,wikipedia,main_card,wikipedia,False,False
14585,2071,2022-01-22,UFC 270 - Ngannou vs. Gane,unanimous,False,wikipedia,prelims,wikipedia,False,False
14587,2071,2022-01-22,UFC 270 - Ngannou vs. Gane,unanimous,False,wikipedia,prelims,wikipedia,False,False
14590,2071,2022-01-22,UFC 270 - Ngannou vs. Gane,unanimous,False,wikipedia,early_prelims,wikipedia,False,False
14591,2074,2022-01-15,UFC on ESPN 32 - Kattar vs. Chikadze,unanimous,True,wikipedia,main_event,wikipedia,False,False
14593,2074,2022-01-15,UFC on ESPN 32 - Kattar vs. Chikadze,split,False,wikipedia,main_card,wikipedia,False,False
14594,2074,2022-01-15,UFC on ESPN 32 - Kattar vs. Chikadze,unanimous,False,wikipedia,,unknown,,False
14596,2074,2022-01-15,UFC on ESPN 32 - Kattar vs. Chikadze,unanimous,False,wikipedia,main_card,wikipedia,False,False
14597,2074,2022-01-15,UFC on ESPN 32 - Kattar vs. Chikadze,unanimous,False,wikipedia,prelims,wikipedia,False,False
14598,2074,2022-01-15,UFC on ESPN 32 - Kattar vs. Chikadze,unanimous,False,wikipedia,prelims,wikipedia,False,False
14599,2074,2022-01-15,UFC on ESPN 32 - Kattar vs. Chikadze,unanimous,False,wikipedia,prelims,wikipedia,False,False
14600,2074,2022-01-15,UFC on ESPN 32 - Kattar vs. Chikadze,unanimous,False,wikipedia,prelims,wikipedia,False,False
14601,2087,2021-12-04,UFC on ESPN 31 - Font vs. Aldo,unanimous,False,wikipedia,main_event,wikipedia,False,False
14606,2087,2021-12-04,UFC on ESPN 31 - Font vs. Aldo,unanimous,False,wikipedia,main_card,wikipedia,False,False
14609,2087,2021-12-04,UFC on ESPN 31 - Font vs. Aldo,unanimous,False,wikipedia,prelims,wikipedia,False,False
14610,2087,2021-12-04,UFC on ESPN 31 - Font vs. Aldo,unanimous,True,wikipedia,prelims,wikipedia,False,False
14611,2087,2021-12-04,UFC on ESPN 31 - Font vs. Aldo,unanimous,False,wikipedia,prelims,wikipedia,False,False
14615,2093,2021-12-18,UFC Fight Night 199 - Lewis vs. Daukaus,unanimous,False,wikipedia,co_main,wikipedia,False,False
14616,2093,2021-12-18,UFC Fight Night 199 - Lewis vs. Daukaus,split,True,wikipedia,main_card,wikipedia,False,True
14623,2093,2021-12-18,UFC Fight Night 199 - Lewis vs. Daukaus,unanimous,False,wikipedia,prelims,wikipedia,False,False
14629,2102,2021-12-11,UFC 269 - Oliveira vs. Poirier,split,False,wikipedia,main_card,wikipedia,False,True
14632,2102,2021-12-11,UFC 269 - Oliveira vs. Poirier,unanimous,False,wikipedia,prelims,wikipedia,False,False
14633,2102,2021-12-11,UFC 269 - Oliveira vs. Poirier,unanimous,True,wikipedia,prelims,wikipedia,False,False
14637,2102,2021-12-11,UFC 269 - Oliveira vs. Poirier,unanimous,False,wikipedia,early_prelims,wikipedia,False,False
14638,2102,2021-12-11,UFC 269 - Oliveira vs. Poirier,unanimous,False,wikipedia,early_prelims,wikipedia,False,False
14641,2103,2021-11-20,UFC Fight Night 198 - Vieira vs. Tate,unanimous,False,wikipedia,main_event,wikipedia,False,False
14642,2103,2021-11-20,UFC Fight Night 198 - Vieira vs. Tate,unanimous,False,wikipedia,co_main,wikipedia,False,False
14644,2103,2021-11-20,UFC Fight Night 198 - Vieira vs. Tate,unanimous,False,wikipedia,main_card,wikipedia,False,False
14645,2103,2021-11-20,UFC Fight Night 198 - Vieira vs. Tate,split,True,wikipedia,main_card,wikipedia,False,True
14646,2103,2021-11-20,UFC Fight Night 198 - Vieira vs. Tate,unanimous,False,wikipedia,prelims,wikipedia,False,False
14647,2103,2021-11-20,UFC Fight Night 198 - Vieira vs. Tate,unanimous,False,wikipedia,prelims,wikipedia,False,False
14648,2103,2021-11-20,UFC Fight Night 198 - Vieira vs. Tate,unanimous,False,wikipedia,,unknown,,False
14649,2103,2021-11-20,UFC Fight Night 198 - Vieira vs. Tate,unanimous,False,wikipedia,prelims,wikipedia,False,False
14650,2103,2021-11-20,UFC Fight Night 198 - Vieira vs. Tate,unanimous,False,wikipedia,prelims,wikipedia,False,False
14651,2103,2021-11-20,UFC Fight Night 198 - Vieira vs. Tate,unanimous,False,wikipedia,prelims,wikipedia,False,False
14652,2104,2021-11-13,UFC Fight Night 197 - Holloway vs. Rodriguez,unanimous,True,wikipedia,main_event,wikipedia,False,False
14660,2104,2021-11-13,UFC Fight Night 197 - Holloway vs. Rodriguez,unanimous,False,wikipedia,prelims,wikipedia,False,False
14663,2107,2021-11-06,UFC 268 - Usman vs. Covington 2,unanimous,False,wikipedia,main_event,wikipedia,True,False
14664,2107,2021-11-06,UFC 268 - Usman vs. Covington 2,split,False,wikipedia,co_main,wikipedia,True,True
14666,2107,2021-11-06,UFC 268 - Usman vs. Covington 2,unanimous,False,wikipedia,main_card,wikipedia,False,False
14667,2107,2021-11-06,UFC 268 - Usman vs. Covington 2,unanimous,True,wikipedia,main_card,wikipedia,False,False
14674,2107,2021-11-06,UFC 268 - Usman vs. Covington 2,unanimous,False,wikipedia,early_prelims,wikipedia,False,False
14675,2107,2021-11-06,UFC 268 - Usman vs. Covington 2,unanimous,False,wikipedia,early_prelims,wikipedia,False,False
14676,2107,2021-11-06,UFC 268 - Usman vs. Covington 2,unanimous,False,wikipedia,early_prelims,wikipedia,False,False
14677,2109,2021-10-23,UFC Fight Night 196 - Costa vs. Vettori,unanimous,False,wikipedia,main_event,wikipedia,False,False
14679,2109,2021-10-23,UFC Fight Night 196 - Costa vs. Vettori,unanimous,False,wikipedia,main_card,wikipedia,False,False
14681,2109,2021-10-23,UFC Fight Night 196 - Costa vs. Vettori,split,False,wikipedia,main_card,wikipedia,False,True
14684,2109,2021-10-23,UFC Fight Night 196 - Costa vs. Vettori,unanimous,False,wikipedia,prelims,wikipedia,False,False
14685,2109,2021-10-23,UFC Fight Night 196 - Costa vs. Vettori,unanimous,False,wikipedia,prelims,wikipedia,False,False
14686,2109,2021-10-23,UFC Fight Night 196 - Costa vs. Vettori,unanimous,False,wikipedia,prelims,wikipedia,False,False
14689,2109,2021-10-23,UFC Fight Night 196 - Costa vs. Vettori,unanimous,False,wikipedia,prelims,wikipedia,False,False
14690,2109,2021-10-23,UFC Fight Night 196 - Costa vs. Vettori,unanimous,False,wikipedia,prelims,wikipedia,False,False
14691,2186,2021-10-16,UFC Fight Night 195 - Ladd vs. Dumont,unanimous,False,wikipedia,main_event,wikipedia,False,False
14692,2186,2021-10-16,UFC Fight Night 195 - Ladd vs. Dumont,unanimous,False,wikipedia,co_main,wikipedia,False,False
14694,2186,2021-10-16,UFC Fight Night 195 - Ladd vs. Dumont,unanimous,False,wikipedia,main_card,wikipedia,False,False
14697,2186,2021-10-16,UFC Fight Night 195 - Ladd vs. Dumont,split,False,wikipedia,prelims,wikipedia,False,True
14698,2186,2021-10-16,UFC Fight Night 195 - Ladd vs. Dumont,unanimous,False,wikipedia,prelims,wikipedia,False,False
14702,2189,2021-10-30,UFC 267 - Blachowicz vs. Teixeira,unanimous,True,wikipedia,co_main,wikipedia,True,False
14704,2189,2021-10-30,UFC 267 - Blachowicz vs. Teixeira,unanimous,False,wikipedia,main_card,wikipedia,False,False
14706,2189,2021-10-30,UFC 267 - Blachowicz vs. Teixeira,unanimous,False,wikipedia,main_card,wikipedia,False,False
14707,2189,2021-10-30,UFC 267 - Blachowicz vs. Teixeira,unanimous,False,wikipedia,prelims,wikipedia,False,False
14708,2189,2021-10-30,UFC 267 - Blachowicz vs. Teixeira,unanimous,False,wikipedia,prelims,wikipedia,False,False
14709,2189,2021-10-30,UFC 267 - Blachowicz vs. Teixeira,unanimous,False,wikipedia,prelims,wikipedia,False,False
14710,2189,2021-10-30,UFC 267 - Blachowicz vs. Teixeira,unanimous,False,wikipedia,prelims,wikipedia,False,False
14714,2189,2021-10-30,UFC 267 - Blachowicz vs. Teixeira,split,False,wikipedia,prelims,wikipedia,False,False
14715,2190,2021-10-09,UFC Fight Night 194 - Dern vs. Rodriguez,unanimous,True,wikipedia,main_event,wikipedia,False,False
14716,2190,2021-10-09,UFC Fight Night 194 - Dern vs. Rodriguez,unanimous,False,wikipedia,co_main,wikipedia,False,False
14717,2190,2021-10-09,UFC Fight Night 194 - Dern vs. Rodriguez,unanimous,False,wikipedia,main_card,wikipedia,False,False
14719,2190,2021-10-09,UFC Fight Night 194 - Dern vs. Rodriguez,split,False,wikipedia,main_card,wikipedia,False,True
14721,2190,2021-10-09,UFC Fight Night 194 - Dern vs. Rodriguez,unanimous,False,wikipedia,prelims,wikipedia,False,False
14726,2202,2021-09-04,UFC Fight Night 191 - Brunson vs. Till,unanimous,False,wikipedia,main_card,wikipedia,False,False
14729,2202,2021-09-04,UFC Fight Night 191 - Brunson vs. Till,unanimous,True,wikipedia,prelims,wikipedia,False,False
14730,2202,2021-09-04,UFC Fight Night 191 - Brunson vs. Till,unanimous,False,wikipedia,prelims,wikipedia,False,False
14732,2202,2021-09-04,UFC Fight Night 191 - Brunson vs. Till,unanimous,False,wikipedia,prelims,wikipedia,False,False
14734,2218,2021-09-18,UFC Fight Night 192 - Smith vs. Spann,unanimous,False,wikipedia,co_main,wikipedia,False,False
14735,2218,2021-09-18,UFC Fight Night 192 - Smith vs. Spann,unanimous,False,wikipedia,main_card,wikipedia,False,False
14739,2218,2021-09-18,UFC Fight Night 192 - Smith vs. Spann,unanimous,False,wikipedia,prelims,wikipedia,False,False
14740,2218,2021-09-18,UFC Fight Night 192 - Smith vs. Spann,unanimous,False,wikipedia,prelims,wikipedia,False,False
14742,2218,2021-09-18,UFC Fight Night 192 - Smith vs. Spann,unanimous,False,wikipedia,,unknown,,False
14743,2218,2021-09-18,UFC Fight Night 192 - Smith vs. Spann,unanimous,False,wikipedia,prelims,wikipedia,False,False
14747,2223,2021-08-21,UFC on ESPN 29 - Cannonier vs. Gastelum,unanimous,False,wikipedia,main_event,wikipedia,False,False
14748,2223,2021-08-21,UFC on ESPN 29 - Cannonier vs. Gastelum,split,False,wikipedia,co_main,wikipedia,False,True
14749,2223,2021-08-21,UFC on ESPN 29 - Cannonier vs. Gastelum,unanimous,False,wikipedia,main_card,wikipedia,False,False
14751,2223,2021-08-21,UFC on ESPN 29 - Cannonier vs. Gastelum,unanimous,False,wikipedia,main_card,wikipedia,False,False
14753,2223,2021-08-21,UFC on ESPN 29 - Cannonier vs. Gastelum,unanimous,False,wikipedia,prelims,wikipedia,False,False
14754,2223,2021-08-21,UFC on ESPN 29 - Cannonier vs. Gastelum,unanimous,False,wikipedia,prelims,wikipedia,False,False
14759,2224,2021-10-02,UFC Fight Night 193 - Santos vs. Walker,unanimous,False,wikipedia,main_event,wikipedia,False,False
14761,2224,2021-10-02,UFC Fight Night 193 - Santos vs. Walker,unanimous,False,wikipedia,main_card,wikipedia,False,False
14762,2224,2021-10-02,UFC Fight Night 193 - Santos vs. Walker,split,False,wikipedia,main_card,wikipedia,False,True
14764,2224,2021-10-02,UFC Fight Night 193 - Santos vs. Walker,split,False,wikipedia,prelims,wikipedia,False,True
14766,2224,2021-10-02,UFC Fight Night 193 - Santos vs. Walker,unanimous,False,wikipedia,prelims,wikipedia,False,False
14773,2226,2021-08-28,UFC on ESPN 30 - Barboza vs. Chikadze,split,False,wikipedia,main_card,wikipedia,False,False
14774,2226,2021-08-28,UFC on ESPN 30 - Barboza vs. Chikadze,unanimous,False,wikipedia,main_card,wikipedia,False,False
14778,2226,2021-08-28,UFC on ESPN 30 - Barboza vs. Chikadze,split,False,wikipedia,prelims,wikipedia,False,True
14780,2226,2021-08-28,UFC on ESPN 30 - Barboza vs. Chikadze,unanimous,False,wikipedia,,unknown,,False
14782,2226,2021-08-28,UFC on ESPN 30 - Barboza vs. Chikadze,split,False,wikipedia,,unknown,,False
14783,2239,2021-07-31,UFC on ESPN 28 - Hall vs. Strickland,unanimous,False,wikipedia,main_event,wikipedia,False,False
14787,2239,2021-07-31,UFC on ESPN 28 - Hall vs. Strickland,majority,True,wikipedia,main_card,wikipedia,False,False
14788,2239,2021-07-31,UFC on ESPN 28 - Hall vs. Strickland,unanimous,False,wikipedia,prelims,wikipedia,False,False
14790,2239,2021-07-31,UFC on ESPN 28 - Hall vs. Strickland,unanimous,False,wikipedia,prelims,wikipedia,False,False
14791,2239,2021-07-31,UFC on ESPN 28 - Hall vs. Strickland,unanimous,False,wikipedia,prelims,wikipedia,False,False
14793,2240,2021-09-25,UFC 266 - Volkanovski vs. Ortega,unanimous,True,wikipedia,main_event,wikipedia,True,False
14796,2240,2021-09-25,UFC 266 - Volkanovski vs. Ortega,unanimous,False,wikipedia,main_card,wikipedia,False,False
14799,2240,2021-09-25,UFC 266 - Volkanovski vs. Ortega,unanimous,False,wikipedia,prelims,wikipedia,False,False
14801,2240,2021-09-25,UFC 266 - Volkanovski vs. Ortega,unanimous,False,wikipedia,prelims,wikipedia,False,False
14803,2240,2021-09-25,UFC 266 - Volkanovski vs. Ortega,unanimous,False,wikipedia,early_prelims,wikipedia,False,False
14807,2241,2021-08-07,UFC 265 - Lewis vs. Gane,unanimous,False,wikipedia,co_main,wikipedia,False,False
14809,2241,2021-08-07,UFC 265 - Lewis vs. Gane,unanimous,False,wikipedia,,unknown,,False
14810,2241,2021-08-07,UFC 265 - Lewis vs. Gane,split,False,wikipedia,main_card,wikipedia,False,True
14811,2241,2021-08-07,UFC 265 - Lewis vs. Gane,unanimous,True,wikipedia,,unknown,,False
14812,2241,2021-08-07,UFC 265 - Lewis vs. Gane,unanimous,False,wikipedia,prelims,wikipedia,False,False
14813,2241,2021-08-07,UFC 265 - Lewis vs. Gane,unanimous,False,wikipedia,prelims,wikipedia,False,False
14819,2243,2021-07-24,UFC on ESPN 27 - Sandhagen vs. Dillashaw,split,False,wikipedia,main_event,wikipedia,False,True
14820,2243,2021-07-24,UFC on ESPN 27 - Sandhagen vs. Dillashaw,majority,True,wikipedia,co_main,wikipedia,False,False
14822,2243,2021-07-24,UFC on ESPN 27 - Sandhagen vs. Dillashaw,split,False,wikipedia,main_card,wikipedia,False,True
14824,2243,2021-07-24,UFC on ESPN 27 - Sandhagen vs. Dillashaw,unanimous,False,wikipedia,prelims,wikipedia,False,False
14829,2243,2021-07-24,UFC on ESPN 27 - Sandhagen vs. Dillashaw,unanimous,False,wikipedia,prelims,wikipedia,False,False
14837,2254,2021-07-17,UFC on ESPN 26 - Makhachev vs. Moises,unanimous,False,wikipedia,prelims,wikipedia,False,False
14838,2254,2021-07-17,UFC on ESPN 26 - Makhachev vs. Moises,unanimous,False,wikipedia,prelims,wikipedia,False,False
14841,2255,2021-07-10,UFC 264 - Poirier vs. McGregor 3,unanimous,False,wikipedia,co_main,wikipedia,False,False
14845,2255,2021-07-10,UFC 264 - Poirier vs. McGregor 3,unanimous,False,wikipedia,prelims,wikipedia,False,False
14846,2255,2021-07-10,UFC 264 - Poirier vs. McGregor 3,unanimous,False,wikipedia,prelims,wikipedia,False,False
14849,2255,2021-07-10,UFC 264 - Poirier vs. McGregor 3,unanimous,False,wikipedia,early_prelims,wikipedia,False,False
14850,2255,2021-07-10,UFC 264 - Poirier vs. McGregor 3,split,False,wikipedia,early_prelims,wikipedia,False,True
14852,2262,2021-06-26,UFC Fight Night 190 - Gane vs. Volkov,unanimous,False,wikipedia,main_event,wikipedia,False,False
14854,2262,2021-06-26,UFC Fight Night 190 - Gane vs. Volkov,majority,True,wikipedia,main_card,wikipedia,False,False
14856,2262,2021-06-26,UFC Fight Night 190 - Gane vs. Volkov,unanimous,False,wikipedia,main_card,wikipedia,False,False
14863,2262,2021-06-26,UFC Fight Night 190 - Gane vs. Volkov,split,False,wikipedia,prelims,wikipedia,False,True
14864,2262,2021-06-26,UFC Fight Night 190 - Gane vs. Volkov,unanimous,False,wikipedia,prelims,wikipedia,False,False
14867,2263,2021-06-05,UFC Fight Night 189 - Rozenstruik vs. Sakai,unanimous,False,wikipedia,main_card,wikipedia,False,False
14868,2263,2021-06-05,UFC Fight Night 189 - Rozenstruik vs. Sakai,unanimous,True,wikipedia,main_card,wikipedia,False,False
14869,2263,2021-06-05,UFC Fight Night 189 - Rozenstruik vs. Sakai,unanimous,False,wikipedia,main_card,wikipedia,False,False
14871,2263,2021-06-05,UFC Fight Night 189 - Rozenstruik vs. Sakai,split,False,wikipedia,prelims,wikipedia,False,True
14872,2263,2021-06-05,UFC Fight Night 189 - Rozenstruik vs. Sakai,unanimous,False,wikipedia,prelims,wikipedia,False,False
14873,2263,2021-06-05,UFC Fight Night 189 - Rozenstruik vs. Sakai,unanimous,False,wikipedia,prelims,wikipedia,False,False
14876,2263,2021-06-05,UFC Fight Night 189 - Rozenstruik vs. Sakai,split,False,wikipedia,prelims,wikipedia,False,True
14877,2263,2021-06-05,UFC Fight Night 189 - Rozenstruik vs. Sakai,unanimous,False,wikipedia,prelims,wikipedia,False,False
14878,2264,2021-06-19,UFC on ESPN 25 - Korean Zombie vs. Ige,unanimous,False,wikipedia,main_event,wikipedia,False,False
14879,2264,2021-06-19,UFC on ESPN 25 - Korean Zombie vs. Ige,unanimous,False,wikipedia,,unknown,,False
14880,2264,2021-06-19,UFC on ESPN 25 - Korean Zombie vs. Ige,unanimous,True,wikipedia,main_card,wikipedia,False,False
14884,2264,2021-06-19,UFC on ESPN 25 - Korean Zombie vs. Ige,split,False,wikipedia,prelims,wikipedia,False,True
14886,2264,2021-06-19,UFC on ESPN 25 - Korean Zombie vs. Ige,unanimous,False,wikipedia,,unknown,,False
14887,2264,2021-06-19,UFC on ESPN 25 - Korean Zombie vs. Ige,split,False,wikipedia,prelims,wikipedia,False,False
14890,2267,2021-06-12,UFC 263 - Adesanya vs. Vettori 2,unanimous,False,wikipedia,main_event,wikipedia,True,False
14892,2267,2021-06-12,UFC 263 - Adesanya vs. Vettori 2,unanimous,False,wikipedia,main_card,wikipedia,False,False
14893,2267,2021-06-12,UFC 263 - Adesanya vs. Vettori 2,unanimous,False,wikipedia,main_card,wikipedia,False,False
14895,2267,2021-06-12,UFC 263 - Adesanya vs. Vettori 2,unanimous,True,wikipedia,prelims,wikipedia,False,False
14896,2267,2021-06-12,UFC 263 - Adesanya vs. Vettori 2,unanimous,False,wikipedia,prelims,wikipedia,False,False
14897,2267,2021-06-12,UFC 263 - Adesanya vs. Vettori 2,split,False,wikipedia,,unknown,,True
14898,2267,2021-06-12,UFC 263 - Adesanya vs. Vettori 2,unanimous,False,wikipedia,prelims,wikipedia,False,False
14899,2267,2021-06-12,UFC 263 - Adesanya vs. Vettori 2,unanimous,False,wikipedia,early_prelims,wikipedia,False,False
14901,2267,2021-06-12,UFC 263 - Adesanya vs. Vettori 2,unanimous,False,wikipedia,early_prelims,wikipedia,False,False
14902,2267,2021-06-12,UFC 263 - Adesanya vs. Vettori 2,majority,False,wikipedia,early_prelims,wikipedia,False,False
14903,2267,2021-06-12,UFC 263 - Adesanya vs. Vettori 2,split,False,wikipedia,early_prelims,wikipedia,False,True
14904,2275,2021-05-22,UFC Fight Night 188 - Font vs. Garbrandt,unanimous,False,wikipedia,main_event,wikipedia,False,False
14906,2275,2021-05-22,UFC Fight Night 188 - Font vs. Garbrandt,unanimous,True,wikipedia,main_card,wikipedia,False,False
14907,2275,2021-05-22,UFC Fight Night 188 - Font vs. Garbrandt,split,False,wikipedia,main_card,wikipedia,False,True
14908,2275,2021-05-22,UFC Fight Night 188 - Font vs. Garbrandt,unanimous,False,wikipedia,main_card,wikipedia,False,False
14909,2275,2021-05-22,UFC Fight Night 188 - Font vs. Garbrandt,unanimous,False,wikipedia,main_card,wikipedia,False,False
14911,2275,2021-05-22,UFC Fight Night 188 - Font vs. Garbrandt,unanimous,False,wikipedia,prelims,wikipedia,False,False
14913,2275,2021-05-22,UFC Fight Night 188 - Font vs. Garbrandt,unanimous,False,wikipedia,prelims,wikipedia,False,False
14915,2275,2021-05-22,UFC Fight Night 188 - Font vs. Garbrandt,unanimous,False,wikipedia,prelims,wikipedia,False,False
14917,2276,2021-05-15,UFC 262 - Oliveira vs. Chandler,unanimous,False,wikipedia,co_main,wikipedia,False,False
14919,2276,2021-05-15,UFC 262 - Oliveira vs. Chandler,unanimous,False,wikipedia,,unknown,,False
14922,2276,2021-05-15,UFC 262 - Oliveira vs. Chandler,split,False,wikipedia,prelims,wikipedia,False,True
14926,2276,2021-05-15,UFC 262 - Oliveira vs. Chandler,unanimous,False,wikipedia,early_prelims,wikipedia,False,False
14928,2280,2021-05-08,UFC on ESPN 24 - Rodriguez vs. Waterson,unanimous,False,wikipedia,main_event,wikipedia,False,False
14930,2280,2021-05-08,UFC on ESPN 24 - Rodriguez vs. Waterson,unanimous,False,wikipedia,main_card,wikipedia,False,False
14931,2280,2021-05-08,UFC on ESPN 24 - Rodriguez vs. Waterson,unanimous,False,wikipedia,main_card,wikipedia,False,False
14933,2280,2021-05-08,UFC on ESPN 24 - Rodriguez vs. Waterson,unanimous,False,wikipedia,main_card,wikipedia,False,False
14934,2280,2021-05-08,UFC on ESPN 24 - Rodriguez vs. Waterson,unanimous,False,wikipedia,prelims,wikipedia,False,False
14935,2280,2021-05-08,UFC on ESPN 24 - Rodriguez vs. Waterson,majority,False,wikipedia,prelims,wikipedia,False,False
14940,2282,2021-05-01,UFC on ESPN 23 - Reyes vs. Prochazka,unanimous,False,wikipedia,main_card,wikipedia,False,False
14941,2282,2021-05-01,UFC on ESPN 23 - Reyes vs. Prochazka,unanimous,False,wikipedia,main_card,wikipedia,False,False
14943,2282,2021-05-01,UFC on ESPN 23 - Reyes vs. Prochazka,split,False,wikipedia,prelims,wikipedia,False,True
14944,2282,2021-05-01,UFC on ESPN 23 - Reyes vs. Prochazka,split,False,wikipedia,prelims,wikipedia,False,False
14945,2282,2021-05-01,UFC on ESPN 23 - Reyes vs. Prochazka,unanimous,False,wikipedia,,unknown,,False
14946,2282,2021-05-01,UFC on ESPN 23 - Reyes vs. Prochazka,unanimous,False,wikipedia,,unknown,,False
14947,2282,2021-05-01,UFC on ESPN 23 - Reyes vs. Prochazka,unanimous,False,wikipedia,prelims,wikipedia,False,False
14954,2287,2021-04-24,UFC 261 - Usman vs. Masvidal 2,split,False,wikipedia,prelims,wikipedia,False,False
14956,2287,2021-04-24,UFC 261 - Usman vs. Masvidal 2,unanimous,False,wikipedia,prelims,wikipedia,False,False
14958,2287,2021-04-24,UFC 261 - Usman vs. Masvidal 2,unanimous,False,wikipedia,,unknown,,False
14959,2287,2021-04-24,UFC 261 - Usman vs. Masvidal 2,unanimous,True,wikipedia,early_prelims,wikipedia,False,False
14961,2291,2021-04-17,UFC on ESPN 22 - Whittaker vs. Gastelum,unanimous,True,wikipedia,main_event,wikipedia,False,False
14962,2291,2021-04-17,UFC on ESPN 22 - Whittaker vs. Gastelum,unanimous,False,wikipedia,co_main,wikipedia,False,False
14963,2291,2021-04-17,UFC on ESPN 22 - Whittaker vs. Gastelum,unanimous,False,wikipedia,main_card,wikipedia,False,False
14964,2291,2021-04-17,UFC on ESPN 22 - Whittaker vs. Gastelum,split,False,wikipedia,main_card,wikipedia,False,True
14965,2291,2021-04-17,UFC on ESPN 22 - Whittaker vs. Gastelum,split,False,wikipedia,main_card,wikipedia,False,False
14966,2291,2021-04-17,UFC on ESPN 22 - Whittaker vs. Gastelum,technical_split,False,wikipedia,prelims,wikipedia,False,False
14967,2291,2021-04-17,UFC on ESPN 22 - Whittaker vs. Gastelum,split,False,wikipedia,prelims,wikipedia,False,False
14969,2291,2021-04-17,UFC on ESPN 22 - Whittaker vs. Gastelum,unanimous,False,wikipedia,prelims,wikipedia,False,False
14974,2300,2021-03-27,UFC 260 - Miocic vs. Ngannou 2,unanimous,False,wikipedia,main_card,wikipedia,False,False
14977,2300,2021-03-27,UFC 260 - Miocic vs. Ngannou 2,unanimous,False,wikipedia,prelims,wikipedia,False,False
14978,2300,2021-03-27,UFC 260 - Miocic vs. Ngannou 2,split,False,wikipedia,prelims,wikipedia,False,True
14979,2300,2021-03-27,UFC 260 - Miocic vs. Ngannou 2,unanimous,False,wikipedia,prelims,wikipedia,False,False
14981,2309,2021-04-10,UFC on ABC 2 - Vettori vs. Holland,unanimous,False,wikipedia,main_event,wikipedia,False,False
14982,2309,2021-04-10,UFC on ABC 2 - Vettori vs. Holland,unanimous,False,wikipedia,co_main,wikipedia,False,False
14985,2309,2021-04-10,UFC on ABC 2 - Vettori vs. Holland,unanimous,False,wikipedia,main_card,wikipedia,False,False
14986,2309,2021-04-10,UFC on ABC 2 - Vettori vs. Holland,unanimous,False,wikipedia,prelims,wikipedia,False,False
14988,2309,2021-04-10,UFC on ABC 2 - Vettori vs. Holland,split,False,wikipedia,prelims,wikipedia,False,False
14990,2309,2021-04-10,UFC on ABC 2 - Vettori vs. Holland,split,False,wikipedia,prelims,wikipedia,False,True
14991,2309,2021-04-10,UFC on ABC 2 - Vettori vs. Holland,unanimous,False,wikipedia,prelims,wikipedia,False,False
14992,2309,2021-04-10,UFC on ABC 2 - Vettori vs. Holland,unanimous,False,wikipedia,prelims,wikipedia,False,False
14998,2311,2021-03-13,UFC Fight Night 187 - Edwards vs. Muhammad,split,False,wikipedia,main_card,wikipedia,False,True
15000,2311,2021-03-13,UFC Fight Night 187 - Edwards vs. Muhammad,unanimous,False,wikipedia,prelims,wikipedia,False,False
15003,2311,2021-03-13,UFC Fight Night 187 - Edwards vs. Muhammad,unanimous,False,wikipedia,prelims,wikipedia,False,False
15004,2311,2021-03-13,UFC Fight Night 187 - Edwards vs. Muhammad,split,False,wikipedia,,unknown,,False
15005,2311,2021-03-13,UFC Fight Night 187 - Edwards vs. Muhammad,unanimous,False,wikipedia,prelims,wikipedia,False,False
15007,2317,2021-03-20,UFC on ESPN 21 - Brunson vs. Holland,unanimous,False,wikipedia,main_event,wikipedia,False,False
15009,2317,2021-03-20,UFC on ESPN 21 - Brunson vs. Holland,unanimous,False,wikipedia,main_card,wikipedia,False,False
15012,2317,2021-03-20,UFC on ESPN 21 - Brunson vs. Holland,unanimous,False,wikipedia,prelims,wikipedia,False,False
15014,2317,2021-03-20,UFC on ESPN 21 - Brunson vs. Holland,unanimous,False,wikipedia,prelims,wikipedia,False,False
15017,2318,2021-01-20,UFC on ESPN 20 - Chiesa vs. Magny,unanimous,False,wikipedia,main_event,wikipedia,False,False
15020,2318,2021-01-20,UFC on ESPN 20 - Chiesa vs. Magny,unanimous,False,wikipedia,main_card,wikipedia,False,False
15021,2318,2021-01-20,UFC on ESPN 20 - Chiesa vs. Magny,split,False,wikipedia,main_card,wikipedia,False,True
15022,2318,2021-01-20,UFC on ESPN 20 - Chiesa vs. Magny,unanimous,False,wikipedia,main_card,wikipedia,False,False
15025,2318,2021-01-20,UFC on ESPN 20 - Chiesa vs. Magny,unanimous,False,wikipedia,prelims,wikipedia,False,False
15026,2318,2021-01-20,UFC on ESPN 20 - Chiesa vs. Magny,unanimous,False,wikipedia,prelims,wikipedia,False,False
15027,2318,2021-01-20,UFC on ESPN 20 - Chiesa vs. Magny,unanimous,False,wikipedia,prelims,wikipedia,False,False
15028,2318,2021-01-20,UFC on ESPN 20 - Chiesa vs. Magny,unanimous,True,wikipedia,prelims,wikipedia,False,False
15032,2325,2021-02-20,UFC Fight Night 185 - Blaydes vs. Lewis,unanimous,False,wikipedia,,unknown,,False
15033,2325,2021-02-20,UFC Fight Night 185 - Blaydes vs. Lewis,unanimous,False,wikipedia,main_card,wikipedia,False,False
15035,2325,2021-02-20,UFC Fight Night 185 - Blaydes vs. Lewis,majority,False,wikipedia,main_card,wikipedia,False,False
15037,2325,2021-02-20,UFC Fight Night 185 - Blaydes vs. Lewis,unanimous,False,wikipedia,prelims,wikipedia,False,False
15043,2327,2021-03-06,UFC 259 - Blachowicz vs. Adesanya,unanimous,False,wikipedia,main_event,sherdog is_main,,False
15047,2327,2021-03-06,UFC 259 - Blachowicz vs. Adesanya,unanimous,False,wikipedia,main_card,wikipedia,False,False
15048,2327,2021-03-06,UFC 259 - Blachowicz vs. Adesanya,split,False,wikipedia,prelims,wikipedia,False,True
15049,2327,2021-03-06,UFC 259 - Blachowicz vs. Adesanya,unanimous,False,wikipedia,prelims,wikipedia,False,False
15050,2327,2021-03-06,UFC 259 - Blachowicz vs. Adesanya,unanimous,False,wikipedia,prelims,wikipedia,False,False
15052,2327,2021-03-06,UFC 259 - Blachowicz vs. Adesanya,unanimous,False,wikipedia,early_prelims,wikipedia,False,False
15058,2337,2021-02-27,UFC Fight Night 186 - Rozenstruik vs. Gane,unanimous,False,wikipedia,main_event,wikipedia,False,False
15059,2337,2021-02-27,UFC Fight Night 186 - Rozenstruik vs. Gane,unanimous,False,wikipedia,co_main,wikipedia,False,False
15061,2337,2021-02-27,UFC Fight Night 186 - Rozenstruik vs. Gane,unanimous,True,wikipedia,main_card,wikipedia,False,False
15062,2337,2021-02-27,UFC Fight Night 186 - Rozenstruik vs. Gane,unanimous,False,wikipedia,main_card,wikipedia,False,False
15063,2337,2021-02-27,UFC Fight Night 186 - Rozenstruik vs. Gane,unanimous,False,wikipedia,prelims,wikipedia,False,False
15064,2337,2021-02-27,UFC Fight Night 186 - Rozenstruik vs. Gane,unanimous,False,wikipedia,prelims,wikipedia,False,False
15066,2337,2021-02-27,UFC Fight Night 186 - Rozenstruik vs. Gane,unanimous,False,wikipedia,prelims,wikipedia,False,False
15069,2351,2021-02-06,UFC Fight Night 184 - Overeem vs. Volkov,unanimous,False,wikipedia,main_card,wikipedia,False,False
15070,2351,2021-02-06,UFC Fight Night 184 - Overeem vs. Volkov,unanimous,False,wikipedia,main_card,wikipedia,False,False
15071,2351,2021-02-06,UFC Fight Night 184 - Overeem vs. Volkov,split,True,wikipedia,main_card,wikipedia,False,True
15074,2351,2021-02-06,UFC Fight Night 184 - Overeem vs. Volkov,unanimous,False,wikipedia,prelims,wikipedia,False,False
15075,2351,2021-02-06,UFC Fight Night 184 - Overeem vs. Volkov,unanimous,False,wikipedia,,unknown,,False
15076,2351,2021-02-06,UFC Fight Night 184 - Overeem vs. Volkov,unanimous,False,wikipedia,prelims,wikipedia,False,False
15077,2351,2021-02-06,UFC Fight Night 184 - Overeem vs. Volkov,unanimous,False,wikipedia,prelims,wikipedia,False,False
15081,2352,2021-01-23,UFC 257 - Poirier vs. McGregor 2,unanimous,False,wikipedia,,unknown,,False
15084,2352,2021-01-23,UFC 257 - Poirier vs. McGregor 2,unanimous,False,wikipedia,prelims,wikipedia,False,False
15085,2352,2021-01-23,UFC 257 - Poirier vs. McGregor 2,unanimous,False,wikipedia,prelims,wikipedia,False,False
15087,2352,2021-01-23,UFC 257 - Poirier vs. McGregor 2,unanimous,False,wikipedia,prelims,wikipedia,False,False
15088,2352,2021-01-23,UFC 257 - Poirier vs. McGregor 2,split,False,wikipedia,early_prelims,wikipedia,False,True
15089,2352,2021-01-23,UFC 257 - Poirier vs. McGregor 2,unanimous,False,wikipedia,early_prelims,wikipedia,False,False
15091,2353,2021-02-13,UFC 258 - Usman vs. Burns,unanimous,False,wikipedia,co_main,wikipedia,False,False
15092,2353,2021-02-13,UFC 258 - Usman vs. Burns,unanimous,False,wikipedia,main_card,wikipedia,False,False
15093,2353,2021-02-13,UFC 258 - Usman vs. Burns,unanimous,False,wikipedia,main_card,wikipedia,False,False
15096,2353,2021-02-13,UFC 258 - Usman vs. Burns,unanimous,False,wikipedia,prelims,wikipedia,False,False
15098,2353,2021-02-13,UFC 258 - Usman vs. Burns,unanimous,False,wikipedia,prelims,wikipedia,False,False
15099,2353,2021-02-13,UFC 258 - Usman vs. Burns,unanimous,False,wikipedia,early_prelims,wikipedia,False,False
15100,2355,2021-01-16,UFC on ABC 1 - Holloway vs. Kattar,unanimous,True,wikipedia,main_event,wikipedia,False,False
15101,2355,2021-01-16,UFC on ABC 1 - Holloway vs. Kattar,unanimous,False,wikipedia,co_main,wikipedia,False,False
15105,2355,2021-01-16,UFC on ABC 1 - Holloway vs. Kattar,unanimous,False,wikipedia,prelims,wikipedia,False,False
15106,2355,2021-01-16,UFC on ABC 1 - Holloway vs. Kattar,split,False,wikipedia,prelims,wikipedia,False,True
15107,2355,2021-01-16,UFC on ABC 1 - Holloway vs. Kattar,split,False,wikipedia,prelims,wikipedia,False,True
15108,2355,2021-01-16,UFC on ABC 1 - Holloway vs. Kattar,unanimous,False,wikipedia,prelims,wikipedia,False,False
15109,2355,2021-01-16,UFC on ABC 1 - Holloway vs. Kattar,unanimous,False,wikipedia,prelims,wikipedia,False,False
15110,2360,2020-12-19,UFC Fight Night 183 - Thompson vs. Neal,unanimous,False,wikipedia,main_event,wikipedia,False,False
15111,2360,2020-12-19,UFC Fight Night 183 - Thompson vs. Neal,unanimous,False,wikipedia,co_main,wikipedia,False,False
15112,2360,2020-12-19,UFC Fight Night 183 - Thompson vs. Neal,unanimous,False,wikipedia,,unknown,,False
15115,2360,2020-12-19,UFC Fight Night 183 - Thompson vs. Neal,unanimous,False,wikipedia,prelims,wikipedia,False,False
15116,2360,2020-12-19,UFC Fight Night 183 - Thompson vs. Neal,unanimous,False,wikipedia,prelims,wikipedia,False,False
15117,2360,2020-12-19,UFC Fight Night 183 - Thompson vs. Neal,unanimous,False,wikipedia,prelims,wikipedia,False,False
15118,2360,2020-12-19,UFC Fight Night 183 - Thompson vs. Neal,unanimous,False,wikipedia,prelims,wikipedia,False,False
15119,2360,2020-12-19,UFC Fight Night 183 - Thompson vs. Neal,unanimous,False,wikipedia,prelims,wikipedia,False,False
15121,2360,2020-12-19,UFC Fight Night 183 - Thompson vs. Neal,unanimous,False,wikipedia,prelims,wikipedia,False,False
15122,2371,2020-12-05,UFC on ESPN 19 - Hermansson vs. Vettori,unanimous,True,wikipedia,main_event,wikipedia,False,False
15125,2371,2020-12-05,UFC on ESPN 19 - Hermansson vs. Vettori,split,False,wikipedia,main_card,wikipedia,False,True
15129,2371,2020-12-05,UFC on ESPN 19 - Hermansson vs. Vettori,unanimous,False,wikipedia,prelims,wikipedia,False,False
15131,2372,2020-12-12,UFC 256 - Figueiredo vs. Moreno,unanimous,False,wikipedia,co_main,wikipedia,False,False
15132,2372,2020-12-12,UFC 256 - Figueiredo vs. Moreno,unanimous,False,wikipedia,main_card,wikipedia,False,False
15137,2372,2020-12-12,UFC 256 - Figueiredo vs. Moreno,unanimous,False,wikipedia,prelims,wikipedia,False,False
15140,2373,2020-11-14,UFC Fight Night 182 - Felder vs. dos Anjos,split,True,wikipedia,main_event,wikipedia,False,True
15142,2373,2020-11-14,UFC Fight Night 182 - Felder vs. dos Anjos,unanimous,False,wikipedia,main_card,wikipedia,False,False
15144,2373,2020-11-14,UFC Fight Night 182 - Felder vs. dos Anjos,unanimous,False,wikipedia,main_card,wikipedia,False,False
15145,2373,2020-11-14,UFC Fight Night 182 - Felder vs. dos Anjos,unanimous,False,wikipedia,prelims,wikipedia,False,False
15146,2373,2020-11-14,UFC Fight Night 182 - Felder vs. dos Anjos,split,False,wikipedia,prelims,wikipedia,False,False
15147,2373,2020-11-14,UFC Fight Night 182 - Felder vs. dos Anjos,unanimous,False,wikipedia,prelims,wikipedia,False,False
15148,2373,2020-11-14,UFC Fight Night 182 - Felder vs. dos Anjos,unanimous,False,wikipedia,prelims,wikipedia,False,False
15151,2374,2020-11-28,UFC on ESPN 18 - Smith vs. Clark,unanimous,False,wikipedia,main_card,wikipedia,False,False
15152,2374,2020-11-28,UFC on ESPN 18 - Smith vs. Clark,unanimous,False,wikipedia,main_card,wikipedia,False,False
15153,2374,2020-11-28,UFC on ESPN 18 - Smith vs. Clark,unanimous,False,wikipedia,main_card,wikipedia,False,False
15160,2375,2020-10-31,UFC Fight Night 181 - Hall vs. Silva,unanimous,False,wikipedia,co_main,wikipedia,False,False
15163,2375,2020-10-31,UFC Fight Night 181 - Hall vs. Silva,unanimous,False,wikipedia,,unknown,,False
15166,2375,2020-10-31,UFC Fight Night 181 - Hall vs. Silva,unanimous,False,wikipedia,prelims,wikipedia,False,False
15171,2376,2020-11-07,UFC on ESPN 17 - Santos vs. Teixeira,unanimous,False,wikipedia,co_main,wikipedia,False,False
15172,2376,2020-11-07,UFC on ESPN 17 - Santos vs. Teixeira,unanimous,True,wikipedia,main_card,wikipedia,False,False
15174,2376,2020-11-07,UFC on ESPN 17 - Santos vs. Teixeira,unanimous,False,wikipedia,main_card,wikipedia,False,False
15181,2385,2020-11-21,UFC 255 - Figueiredo vs. Perez,unanimous,False,wikipedia,co_main,wikipedia,True,False
15182,2385,2020-11-21,UFC 255 - Figueiredo vs. Perez,unanimous,False,wikipedia,main_card,wikipedia,False,False
15183,2385,2020-11-21,UFC 255 - Figueiredo vs. Perez,unanimous,False,wikipedia,,unknown,,False
15188,2385,2020-11-21,UFC 255 - Figueiredo vs. Perez,unanimous,False,wikipedia,prelims,wikipedia,False,False
15189,2385,2020-11-21,UFC 255 - Figueiredo vs. Perez,unanimous,False,wikipedia,early_prelims,wikipedia,False,False
15190,2385,2020-11-21,UFC 255 - Figueiredo vs. Perez,unanimous,False,wikipedia,early_prelims,wikipedia,False,False
15193,2386,2020-10-10,UFC Fight Night 179 - Moraes vs. Sandhagen,unanimous,False,wikipedia,co_main,wikipedia,False,False
15194,2386,2020-10-10,UFC Fight Night 179 - Moraes vs. Sandhagen,unanimous,False,wikipedia,main_card,wikipedia,False,False
15197,2386,2020-10-10,UFC Fight Night 179 - Moraes vs. Sandhagen,unanimous,False,wikipedia,main_card,wikipedia,False,False
15201,2386,2020-10-10,UFC Fight Night 179 - Moraes vs. Sandhagen,unanimous,False,wikipedia,prelims,wikipedia,False,False
15202,2386,2020-10-10,UFC Fight Night 179 - Moraes vs. Sandhagen,unanimous,False,wikipedia,prelims,wikipedia,False,False
15203,2386,2020-10-10,UFC Fight Night 179 - Moraes vs. Sandhagen,unanimous,False,wikipedia,prelims,wikipedia,False,False
15204,2386,2020-10-10,UFC Fight Night 179 - Moraes vs. Sandhagen,unanimous,False,wikipedia,prelims,wikipedia,False,False
15205,2390,2020-10-17,UFC Fight Night 180 - Ortega vs. Korean Zombie,unanimous,False,wikipedia,main_event,wikipedia,False,False
15208,2390,2020-10-17,UFC Fight Night 180 - Ortega vs. Korean Zombie,unanimous,False,wikipedia,main_card,wikipedia,False,False
15209,2390,2020-10-17,UFC Fight Night 180 - Ortega vs. Korean Zombie,unanimous,False,wikipedia,main_card,wikipedia,False,False
15210,2390,2020-10-17,UFC Fight Night 180 - Ortega vs. Korean Zombie,split,True,wikipedia,prelims,wikipedia,False,False
15211,2390,2020-10-17,UFC Fight Night 180 - Ortega vs. Korean Zombie,unanimous,False,wikipedia,prelims,wikipedia,False,False
15212,2390,2020-10-17,UFC Fight Night 180 - Ortega vs. Korean Zombie,unanimous,False,wikipedia,prelims,wikipedia,False,False
15213,2390,2020-10-17,UFC Fight Night 180 - Ortega vs. Korean Zombie,unanimous,False,wikipedia,prelims,wikipedia,False,False
15216,2391,2020-10-03,UFC on ESPN 16 - Holm vs. Aldana,unanimous,False,wikipedia,main_event,wikipedia,False,False
15217,2391,2020-10-03,UFC on ESPN 16 - Holm vs. Aldana,unanimous,False,wikipedia,co_main,wikipedia,False,False
15221,2391,2020-10-03,UFC on ESPN 16 - Holm vs. Aldana,unanimous,False,wikipedia,prelims,wikipedia,False,False
15223,2391,2020-10-03,UFC on ESPN 16 - Holm vs. Aldana,unanimous,False,wikipedia,prelims,wikipedia,False,False
15224,2391,2020-10-03,UFC on ESPN 16 - Holm vs. Aldana,unanimous,False,wikipedia,,unknown,,False
15225,2391,2020-10-03,UFC on ESPN 16 - Holm vs. Aldana,unanimous,False,wikipedia,prelims,wikipedia,False,False
15232,2397,2020-09-05,UFC Fight Night 176 - Overeem vs. Sakai,unanimous,False,wikipedia,full_card,wikipedia,False,False
15233,2397,2020-09-05,UFC Fight Night 176 - Overeem vs. Sakai,unanimous,False,wikipedia,full_card,wikipedia,False,False
15235,2398,2020-10-24,UFC 254 - Nurmagomedov vs. Gaethje,unanimous,False,wikipedia,co_main,wikipedia,False,False
15241,2398,2020-10-24,UFC 254 - Nurmagomedov vs. Gaethje,unanimous,True,wikipedia,prelims,wikipedia,False,False
15251,2401,2020-09-19,UFC Fight Night 178 - Covington vs. Woodley,split,False,wikipedia,main_card,wikipedia,False,True
15252,2401,2020-09-19,UFC Fight Night 178 - Covington vs. Woodley,unanimous,False,wikipedia,prelims,wikipedia,False,False
15258,2401,2020-09-19,UFC Fight Night 178 - Covington vs. Woodley,split,False,wikipedia,prelims,wikipedia,False,False
15260,2405,2020-09-12,UFC Fight Night 177 - Waterson vs. Hill,split,True,wikipedia,main_event,wikipedia,False,True
15262,2405,2020-09-12,UFC Fight Night 177 - Waterson vs. Hill,unanimous,False,wikipedia,main_card,wikipedia,False,False
15264,2405,2020-09-12,UFC Fight Night 177 - Waterson vs. Hill,unanimous,False,wikipedia,,unknown,,False
15266,2405,2020-09-12,UFC Fight Night 177 - Waterson vs. Hill,unanimous,False,wikipedia,prelims,wikipedia,False,False
15270,2405,2020-09-12,UFC Fight Night 177 - Waterson vs. Hill,unanimous,False,wikipedia,prelims,wikipedia,False,False
15272,2412,2020-08-29,UFC Fight Night 175 - Smith vs. Rakic,unanimous,False,wikipedia,main_event,wikipedia,False,False
15273,2412,2020-08-29,UFC Fight Night 175 - Smith vs. Rakic,unanimous,False,wikipedia,co_main,wikipedia,False,False
15274,2412,2020-08-29,UFC Fight Night 175 - Smith vs. Rakic,unanimous,False,wikipedia,main_card,wikipedia,False,False
15275,2412,2020-08-29,UFC Fight Night 175 - Smith vs. Rakic,unanimous,True,wikipedia,main_card,wikipedia,False,False
15276,2412,2020-08-29,UFC Fight Night 175 - Smith vs. Rakic,unanimous,False,wikipedia,prelims,wikipedia,False,False
15277,2412,2020-08-29,UFC Fight Night 175 - Smith vs. Rakic,unanimous,False,wikipedia,prelims,wikipedia,False,False
15283,2413,2020-08-08,UFC Fight Night 174 - Lewis vs. Oleynik,unanimous,False,wikipedia,co_main,wikipedia,False,False
15285,2413,2020-08-08,UFC Fight Night 174 - Lewis vs. Oleynik,unanimous,False,wikipedia,,unknown,,False
15287,2413,2020-08-08,UFC Fight Night 174 - Lewis vs. Oleynik,unanimous,False,wikipedia,prelims,wikipedia,False,False
15289,2413,2020-08-08,UFC Fight Night 174 - Lewis vs. Oleynik,unanimous,False,wikipedia,prelims,wikipedia,False,False
15292,2413,2020-08-08,UFC Fight Night 174 - Lewis vs. Oleynik,unanimous,False,wikipedia,prelims,wikipedia,False,False
15293,2413,2020-08-08,UFC Fight Night 174 - Lewis vs. Oleynik,split,False,wikipedia,prelims,wikipedia,False,False
15294,2415,2020-08-22,UFC on ESPN 15 - Munhoz vs. Edgar,split,True,wikipedia,main_event,wikipedia,False,True
15299,2415,2020-08-22,UFC on ESPN 15 - Munhoz vs. Edgar,unanimous,False,wikipedia,prelims,wikipedia,False,False
15301,2415,2020-08-22,UFC on ESPN 15 - Munhoz vs. Edgar,unanimous,False,wikipedia,prelims,wikipedia,False,False
15306,2416,2020-09-26,UFC 253 - Adesanya vs. Costa,unanimous,False,wikipedia,main_card,wikipedia,False,False
15307,2416,2020-09-26,UFC 253 - Adesanya vs. Costa,split,False,wikipedia,main_card,wikipedia,False,True
15308,2416,2020-09-26,UFC 253 - Adesanya vs. Costa,unanimous,False,wikipedia,prelims,wikipedia,False,False
15309,2416,2020-09-26,UFC 253 - Adesanya vs. Costa,unanimous,False,wikipedia,prelims,wikipedia,False,False
15311,2416,2020-09-26,UFC 253 - Adesanya vs. Costa,unanimous,False,wikipedia,prelims,wikipedia,False,False
15313,2416,2020-09-26,UFC 253 - Adesanya vs. Costa,unanimous,False,wikipedia,early_prelims,wikipedia,False,False
15317,2417,2020-08-01,UFC Fight Night 173 - Brunson vs. Shahbazyan,unanimous,True,wikipedia,,unknown,,False
15319,2417,2020-08-01,UFC Fight Night 173 - Brunson vs. Shahbazyan,unanimous,False,wikipedia,prelims,wikipedia,False,False
15320,2417,2020-08-01,UFC Fight Night 173 - Brunson vs. Shahbazyan,unanimous,False,wikipedia,prelims,wikipedia,False,False
15322,2418,2020-07-15,UFC on ESPN 13 - Kattar vs. Ige,unanimous,False,wikipedia,main_event,wikipedia,False,False
15323,2418,2020-07-15,UFC on ESPN 13 - Kattar vs. Ige,unanimous,False,wikipedia,co_main,wikipedia,False,False
15324,2418,2020-07-15,UFC on ESPN 13 - Kattar vs. Ige,unanimous,False,wikipedia,main_card,wikipedia,False,False
15325,2418,2020-07-15,UFC on ESPN 13 - Kattar vs. Ige,unanimous,False,wikipedia,main_card,wikipedia,False,False
15326,2418,2020-07-15,UFC on ESPN 13 - Kattar vs. Ige,unanimous,True,wikipedia,main_card,wikipedia,False,False
15330,2418,2020-07-15,UFC on ESPN 13 - Kattar vs. Ige,unanimous,False,wikipedia,prelims,wikipedia,False,False
15333,2420,2020-07-25,UFC on ESPN 14 - Whittaker vs. Till,unanimous,False,wikipedia,main_event,wikipedia,False,False
15334,2420,2020-07-25,UFC on ESPN 14 - Whittaker vs. Till,split,False,wikipedia,co_main,wikipedia,False,True
15336,2420,2020-07-25,UFC on ESPN 14 - Whittaker vs. Till,split,False,wikipedia,main_card,wikipedia,False,True
15338,2420,2020-07-25,UFC on ESPN 14 - Whittaker vs. Till,unanimous,False,wikipedia,main_card,wikipedia,False,False
15343,2420,2020-07-25,UFC on ESPN 14 - Whittaker vs. Till,unanimous,False,wikipedia,prelims,wikipedia,False,False
15345,2420,2020-07-25,UFC on ESPN 14 - Whittaker vs. Till,unanimous,False,wikipedia,prelims,wikipedia,False,False
15346,2420,2020-07-25,UFC on ESPN 14 - Whittaker vs. Till,unanimous,False,wikipedia,prelims,wikipedia,False,False
15347,2420,2020-07-25,UFC on ESPN 14 - Whittaker vs. Till,unanimous,False,wikipedia,prelims,wikipedia,False,False
15350,2422,2020-07-18,UFC Fight Night 172 - Figueiredo vs. Benavidez 2,unanimous,True,wikipedia,main_card,wikipedia,False,False
15352,2422,2020-07-18,UFC Fight Night 172 - Figueiredo vs. Benavidez 2,unanimous,False,wikipedia,main_card,wikipedia,False,False
15354,2422,2020-07-18,UFC Fight Night 172 - Figueiredo vs. Benavidez 2,unanimous,False,wikipedia,prelims,wikipedia,False,False
15356,2422,2020-07-18,UFC Fight Night 172 - Figueiredo vs. Benavidez 2,unanimous,False,wikipedia,prelims,wikipedia,False,False
15358,2422,2020-07-18,UFC Fight Night 172 - Figueiredo vs. Benavidez 2,unanimous,False,wikipedia,prelims,wikipedia,False,False
15359,2422,2020-07-18,UFC Fight Night 172 - Figueiredo vs. Benavidez 2,majority,False,wikipedia,prelims,wikipedia,False,False
15360,2424,2020-07-11,UFC 251 - Usman vs. Masvidal,unanimous,False,wikipedia,main_event,wikipedia,True,False
15361,2424,2020-07-11,UFC 251 - Usman vs. Masvidal,split,False,wikipedia,co_main,wikipedia,True,True
15363,2424,2020-07-11,UFC 251 - Usman vs. Masvidal,split,True,wikipedia,main_card,wikipedia,False,True
15366,2424,2020-07-11,UFC 251 - Usman vs. Masvidal,split,False,wikipedia,prelims,wikipedia,False,True
15368,2424,2020-07-11,UFC 251 - Usman vs. Masvidal,unanimous,False,wikipedia,prelims,wikipedia,False,False
15369,2424,2020-07-11,UFC 251 - Usman vs. Masvidal,unanimous,False,wikipedia,early_prelims,wikipedia,False,False
15370,2424,2020-07-11,UFC 251 - Usman vs. Masvidal,unanimous,False,wikipedia,early_prelims,wikipedia,False,False
15371,2424,2020-07-11,UFC 251 - Usman vs. Masvidal,unanimous,False,wikipedia,early_prelims,wikipedia,False,False
15373,2425,2020-05-30,UFC on ESPN 9 - Woodley vs. Burns,unanimous,False,wikipedia,main_event,wikipedia,False,False
15374,2425,2020-05-30,UFC on ESPN 9 - Woodley vs. Burns,split,False,wikipedia,co_main,wikipedia,False,True
15375,2425,2020-05-30,UFC on ESPN 9 - Woodley vs. Burns,unanimous,False,wikipedia,main_card,wikipedia,False,False
15378,2425,2020-05-30,UFC on ESPN 9 - Woodley vs. Burns,unanimous,False,wikipedia,,unknown,,False
15379,2425,2020-05-30,UFC on ESPN 9 - Woodley vs. Burns,unanimous,False,wikipedia,prelims,wikipedia,False,False
15385,2426,2020-05-13,UFC Fight Night 171 - Smith vs. Teixeira,split,False,wikipedia,co_main,wikipedia,False,True
15387,2426,2020-05-13,UFC Fight Night 171 - Smith vs. Teixeira,split,False,wikipedia,main_card,wikipedia,False,True
15388,2426,2020-05-13,UFC Fight Night 171 - Smith vs. Teixeira,unanimous,False,wikipedia,main_card,wikipedia,False,False
15390,2426,2020-05-13,UFC Fight Night 171 - Smith vs. Teixeira,unanimous,False,wikipedia,prelims,wikipedia,False,False
15391,2426,2020-05-13,UFC Fight Night 171 - Smith vs. Teixeira,unanimous,False,wikipedia,prelims,wikipedia,False,False
15394,2437,2020-06-20,UFC on ESPN 11 - Blaydes vs. Volkov,unanimous,False,wikipedia,main_event,wikipedia,False,False
15395,2437,2020-06-20,UFC on ESPN 11 - Blaydes vs. Volkov,unanimous,True,wikipedia,co_main,wikipedia,False,False
15396,2437,2020-06-20,UFC on ESPN 11 - Blaydes vs. Volkov,unanimous,False,wikipedia,main_card,wikipedia,False,False
15397,2437,2020-06-20,UFC on ESPN 11 - Blaydes vs. Volkov,unanimous,False,wikipedia,main_card,wikipedia,False,False
15399,2437,2020-06-20,UFC on ESPN 11 - Blaydes vs. Volkov,unanimous,False,wikipedia,,unknown,,False
15400,2437,2020-06-20,UFC on ESPN 11 - Blaydes vs. Volkov,unanimous,False,wikipedia,,unknown,,False
15404,2437,2020-06-20,UFC on ESPN 11 - Blaydes vs. Volkov,unanimous,False,wikipedia,prelims,wikipedia,False,False
15406,2439,2020-06-13,UFC on ESPN 10 - Eye vs. Calvillo,unanimous,False,wikipedia,main_event,wikipedia,False,False
15408,2439,2020-06-13,UFC on ESPN 10 - Eye vs. Calvillo,split,False,wikipedia,main_card,wikipedia,False,True
15409,2439,2020-06-13,UFC on ESPN 10 - Eye vs. Calvillo,split,False,wikipedia,main_card,wikipedia,False,False
15410,2439,2020-06-13,UFC on ESPN 10 - Eye vs. Calvillo,unanimous,False,wikipedia,main_card,wikipedia,False,False
15412,2439,2020-06-13,UFC on ESPN 10 - Eye vs. Calvillo,unanimous,False,wikipedia,prelims,wikipedia,False,False
15416,2440,2020-06-27,UFC on ESPN 12 - Poirier vs. Hooker,unanimous,True,wikipedia,main_event,wikipedia,False,False
15417,2440,2020-06-27,UFC on ESPN 12 - Poirier vs. Hooker,unanimous,False,wikipedia,co_main,wikipedia,False,False
15419,2440,2020-06-27,UFC on ESPN 12 - Poirier vs. Hooker,unanimous,False,wikipedia,main_card,wikipedia,False,False
15425,2440,2020-06-27,UFC on ESPN 12 - Poirier vs. Hooker,unanimous,False,wikipedia,prelims,wikipedia,False,False
15426,2441,2020-06-06,UFC 250 - Nunes vs. Spencer,unanimous,False,wikipedia,main_event,wikipedia,True,False
15429,2441,2020-06-06,UFC 250 - Nunes vs. Spencer,unanimous,False,wikipedia,main_card,wikipedia,False,False
15431,2441,2020-06-06,UFC 250 - Nunes vs. Spencer,unanimous,False,wikipedia,prelims,wikipedia,False,False
15433,2441,2020-06-06,UFC 250 - Nunes vs. Spencer,unanimous,False,wikipedia,prelims,wikipedia,False,False
15436,2441,2020-06-06,UFC 250 - Nunes vs. Spencer,unanimous,False,wikipedia,early_prelims,wikipedia,False,False
15439,2442,2020-05-16,UFC on ESPN 8 - Overeem vs. Harris,split,False,wikipedia,co_main,wikipedia,False,True
15440,2442,2020-05-16,UFC on ESPN 8 - Overeem vs. Harris,split,False,wikipedia,main_card,wikipedia,False,True
15441,2442,2020-05-16,UFC on ESPN 8 - Overeem vs. Harris,unanimous,False,wikipedia,main_card,wikipedia,False,False
15442,2442,2020-05-16,UFC on ESPN 8 - Overeem vs. Harris,unanimous,True,wikipedia,main_card,wikipedia,False,False
15445,2442,2020-05-16,UFC on ESPN 8 - Overeem vs. Harris,unanimous,False,wikipedia,prelims,wikipedia,False,False
15446,2442,2020-05-16,UFC on ESPN 8 - Overeem vs. Harris,unanimous,False,wikipedia,prelims,wikipedia,False,False
15449,2445,2020-08-15,UFC 252 - Miocic vs. Cormier 3,unanimous,False,wikipedia,main_event,wikipedia,True,False
15453,2445,2020-08-15,UFC 252 - Miocic vs. Cormier 3,unanimous,False,wikipedia,main_card,wikipedia,False,False
15454,2445,2020-08-15,UFC 252 - Miocic vs. Cormier 3,unanimous,False,wikipedia,prelims,wikipedia,False,False
15456,2445,2020-08-15,UFC 252 - Miocic vs. Cormier 3,unanimous,False,wikipedia,prelims,wikipedia,False,False
15457,2445,2020-08-15,UFC 252 - Miocic vs. Cormier 3,unanimous,False,wikipedia,prelims,wikipedia,False,False
15459,2445,2020-08-15,UFC 252 - Miocic vs. Cormier 3,unanimous,True,wikipedia,early_prelims,wikipedia,False,False
15464,2464,2020-05-09,UFC 249 - Ferguson vs. Gaethje,unanimous,False,wikipedia,main_card,wikipedia,False,False
15465,2464,2020-05-09,UFC 249 - Ferguson vs. Gaethje,unanimous,False,wikipedia,prelims,wikipedia,False,False
15466,2464,2020-05-09,UFC 249 - Ferguson vs. Gaethje,split,False,wikipedia,prelims,wikipedia,False,True
15467,2464,2020-05-09,UFC 249 - Ferguson vs. Gaethje,split,False,wikipedia,prelims,wikipedia,False,True
15469,2464,2020-05-09,UFC 249 - Ferguson vs. Gaethje,unanimous,False,wikipedia,early_prelims,wikipedia,False,False
15470,2464,2020-05-09,UFC 249 - Ferguson vs. Gaethje,split,False,wikipedia,early_prelims,wikipedia,False,True
15476,2476,2020-02-29,UFC Fight Night 169 - Benavidez vs. Figueiredo,unanimous,True,wikipedia,prelims,wikipedia,False,False
15478,2476,2020-02-29,UFC Fight Night 169 - Benavidez vs. Figueiredo,unanimous,False,wikipedia,prelims,wikipedia,False,False
15479,2476,2020-02-29,UFC Fight Night 169 - Benavidez vs. Figueiredo,unanimous,False,wikipedia,prelims,wikipedia,False,False
15482,2476,2020-02-29,UFC Fight Night 169 - Benavidez vs. Figueiredo,unanimous,False,wikipedia,prelims,wikipedia,False,False
15483,2478,2020-03-07,UFC 248 - Adesanya vs. Romero,unanimous,False,wikipedia,main_event,wikipedia,True,False
15484,2478,2020-03-07,UFC 248 - Adesanya vs. Romero,split,True,wikipedia,co_main,wikipedia,True,True
15486,2478,2020-03-07,UFC 248 - Adesanya vs. Romero,unanimous,False,wikipedia,main_card,wikipedia,False,False
15487,2478,2020-03-07,UFC 248 - Adesanya vs. Romero,split,False,wikipedia,main_card,wikipedia,False,True
15489,2478,2020-03-07,UFC 248 - Adesanya vs. Romero,unanimous,False,wikipedia,prelims,wikipedia,False,False
15492,2478,2020-03-07,UFC 248 - Adesanya vs. Romero,split,False,wikipedia,early_prelims,wikipedia,False,False
15494,2488,2020-02-23,UFC Fight Night 168 - Felder vs. Hooker,split,True,wikipedia,main_event,wikipedia,False,True
15496,2488,2020-02-23,UFC Fight Night 168 - Felder vs. Hooker,unanimous,False,wikipedia,main_card,wikipedia,False,False
15498,2488,2020-02-23,UFC Fight Night 168 - Felder vs. Hooker,split,False,wikipedia,main_card,wikipedia,False,False
15501,2488,2020-02-23,UFC Fight Night 168 - Felder vs. Hooker,unanimous,False,wikipedia,prelims,wikipedia,False,False
15503,2488,2020-02-23,UFC Fight Night 168 - Felder vs. Hooker,unanimous,False,wikipedia,prelims,wikipedia,False,False
15504,2488,2020-02-23,UFC Fight Night 168 - Felder vs. Hooker,unanimous,False,wikipedia,,unknown,,False
15508,2489,2020-02-15,UFC Fight Night 167 - Anderson vs. Blachowicz 2,unanimous,False,wikipedia,main_card,wikipedia,False,False
15510,2489,2020-02-15,UFC Fight Night 167 - Anderson vs. Blachowicz 2,unanimous,False,wikipedia,main_card,wikipedia,False,False
15511,2489,2020-02-15,UFC Fight Night 167 - Anderson vs. Blachowicz 2,unanimous,False,wikipedia,main_card,wikipedia,False,False
15514,2489,2020-02-15,UFC Fight Night 167 - Anderson vs. Blachowicz 2,unanimous,True,wikipedia,prelims,wikipedia,False,False
15515,2489,2020-02-15,UFC Fight Night 167 - Anderson vs. Blachowicz 2,unanimous,False,wikipedia,prelims,wikipedia,False,False
15516,2489,2020-02-15,UFC Fight Night 167 - Anderson vs. Blachowicz 2,unanimous,False,wikipedia,prelims,wikipedia,False,False
15517,2489,2020-02-15,UFC Fight Night 167 - Anderson vs. Blachowicz 2,unanimous,False,wikipedia,prelims,wikipedia,False,False
15522,2503,2020-03-14,UFC Fight Night 170 - Lee vs. Oliveira,unanimous,False,wikipedia,main_card,wikipedia,False,False
15523,2503,2020-03-14,UFC Fight Night 170 - Lee vs. Oliveira,unanimous,False,wikipedia,main_card,wikipedia,False,False
15524,2503,2020-03-14,UFC Fight Night 170 - Lee vs. Oliveira,unanimous,False,wikipedia,prelims,wikipedia,False,False
15525,2503,2020-03-14,UFC Fight Night 170 - Lee vs. Oliveira,unanimous,False,wikipedia,prelims,wikipedia,False,False
15526,2503,2020-03-14,UFC Fight Night 170 - Lee vs. Oliveira,unanimous,False,wikipedia,prelims,wikipedia,False,False
15528,2503,2020-03-14,UFC Fight Night 170 - Lee vs. Oliveira,unanimous,True,wikipedia,prelims,wikipedia,False,False
15529,2503,2020-03-14,UFC Fight Night 170 - Lee vs. Oliveira,unanimous,False,wikipedia,prelims,wikipedia,False,False
15530,2503,2020-03-14,UFC Fight Night 170 - Lee vs. Oliveira,unanimous,False,wikipedia,,unknown,,False
15531,2504,2020-02-08,UFC 247 - Jones vs. Reyes,unanimous,False,wikipedia,main_event,wikipedia,True,False
15534,2504,2020-02-08,UFC 247 - Jones vs. Reyes,split,False,wikipedia,main_card,wikipedia,False,True
15535,2504,2020-02-08,UFC 247 - Jones vs. Reyes,unanimous,False,wikipedia,main_card,wikipedia,False,False
15536,2504,2020-02-08,UFC 247 - Jones vs. Reyes,split,True,wikipedia,prelims,wikipedia,False,True
15537,2504,2020-02-08,UFC 247 - Jones vs. Reyes,split,False,wikipedia,prelims,wikipedia,False,True
15541,2504,2020-02-08,UFC 247 - Jones vs. Reyes,split,False,wikipedia,early_prelims,wikipedia,False,True
15542,2504,2020-02-08,UFC 247 - Jones vs. Reyes,unanimous,False,wikipedia,early_prelims,wikipedia,False,False
15544,2505,2020-01-18,UFC 246 - McGregor vs. Cerrone,unanimous,False,wikipedia,co_main,wikipedia,False,False
15548,2505,2020-01-18,UFC 246 - McGregor vs. Cerrone,unanimous,False,wikipedia,prelims,wikipedia,False,False
15549,2505,2020-01-18,UFC 246 - McGregor vs. Cerrone,unanimous,False,wikipedia,prelims,wikipedia,False,False
15550,2505,2020-01-18,UFC 246 - McGregor vs. Cerrone,unanimous,False,wikipedia,prelims,wikipedia,False,False
15552,2505,2020-01-18,UFC 246 - McGregor vs. Cerrone,unanimous,False,wikipedia,early_prelims,wikipedia,False,False
15553,2505,2020-01-18,UFC 246 - McGregor vs. Cerrone,split,False,wikipedia,,unknown,,False
15555,2508,2020-01-25,UFC Fight Night 166 - Blaydes vs. dos Santos,unanimous,False,wikipedia,co_main,wikipedia,False,False
15558,2508,2020-01-25,UFC Fight Night 166 - Blaydes vs. dos Santos,unanimous,False,wikipedia,main_card,wikipedia,False,False
15559,2508,2020-01-25,UFC Fight Night 166 - Blaydes vs. dos Santos,unanimous,False,wikipedia,prelims,wikipedia,False,False
15560,2508,2020-01-25,UFC Fight Night 166 - Blaydes vs. dos Santos,unanimous,False,wikipedia,prelims,wikipedia,False,False
15561,2508,2020-01-25,UFC Fight Night 166 - Blaydes vs. dos Santos,unanimous,False,wikipedia,prelims,wikipedia,False,False
15562,2508,2020-01-25,UFC Fight Night 166 - Blaydes vs. dos Santos,unanimous,False,wikipedia,prelims,wikipedia,False,False
15563,2508,2020-01-25,UFC Fight Night 166 - Blaydes vs. dos Santos,unanimous,False,wikipedia,prelims,wikipedia,False,False
15566,2609,2019-11-09,UFC Fight Night 163 - Magomedsharipov vs. Kattar,unanimous,True,wikipedia,main_event,wikipedia,False,False
15567,2609,2019-11-09,UFC Fight Night 163 - Magomedsharipov vs. Kattar,unanimous,False,wikipedia,co_main,wikipedia,False,False
15569,2609,2019-11-09,UFC Fight Night 163 - Magomedsharipov vs. Kattar,unanimous,False,wikipedia,main_card,wikipedia,False,False
15570,2609,2019-11-09,UFC Fight Night 163 - Magomedsharipov vs. Kattar,unanimous,False,wikipedia,main_card,wikipedia,False,False
15571,2609,2019-11-09,UFC Fight Night 163 - Magomedsharipov vs. Kattar,split,False,wikipedia,main_card,wikipedia,False,False
15573,2609,2019-11-09,UFC Fight Night 163 - Magomedsharipov vs. Kattar,unanimous,False,wikipedia,prelims,wikipedia,False,False
15576,2609,2019-11-09,UFC Fight Night 163 - Magomedsharipov vs. Kattar,unanimous,False,wikipedia,prelims,wikipedia,False,False
15577,2609,2019-11-09,UFC Fight Night 163 - Magomedsharipov vs. Kattar,unanimous,False,wikipedia,prelims,wikipedia,False,False
15578,2609,2019-11-09,UFC Fight Night 163 - Magomedsharipov vs. Kattar,split,False,wikipedia,prelims,wikipedia,False,False
15580,2655,2019-12-21,UFC Fight Night 165 - Edgar vs. Korean Zombie,split,False,wikipedia,co_main,wikipedia,False,True
15583,2655,2019-12-21,UFC Fight Night 165 - Edgar vs. Korean Zombie,unanimous,False,wikipedia,main_card,wikipedia,False,False
15584,2655,2019-12-21,UFC Fight Night 165 - Edgar vs. Korean Zombie,split,False,wikipedia,main_card,wikipedia,False,True
15585,2655,2019-12-21,UFC Fight Night 165 - Edgar vs. Korean Zombie,unanimous,False,wikipedia,prelims,wikipedia,False,False
15586,2655,2019-12-21,UFC Fight Night 165 - Edgar vs. Korean Zombie,unanimous,False,wikipedia,prelims,wikipedia,False,False
15587,2655,2019-12-21,UFC Fight Night 165 - Edgar vs. Korean Zombie,unanimous,False,wikipedia,prelims,wikipedia,False,False
15589,2655,2019-12-21,UFC Fight Night 165 - Edgar vs. Korean Zombie,unanimous,False,wikipedia,prelims,wikipedia,False,False
15591,2655,2019-12-21,UFC Fight Night 165 - Edgar vs. Korean Zombie,split,False,wikipedia,prelims,wikipedia,False,False
15593,2656,2019-12-14,UFC 245 - Usman vs. Covington,unanimous,False,wikipedia,co_main,wikipedia,True,False
15594,2656,2019-12-14,UFC 245 - Usman vs. Covington,unanimous,False,wikipedia,main_card,wikipedia,True,False
15595,2656,2019-12-14,UFC 245 - Usman vs. Covington,split,False,wikipedia,main_card,wikipedia,False,True
15599,2656,2019-12-14,UFC 245 - Usman vs. Covington,unanimous,False,wikipedia,prelims,wikipedia,False,False
15602,2656,2019-12-14,UFC 245 - Usman vs. Covington,unanimous,False,wikipedia,early_prelims,wikipedia,False,False
15603,2656,2019-12-14,UFC 245 - Usman vs. Covington,unanimous,False,wikipedia,early_prelims,wikipedia,False,False
15610,2657,2019-12-07,UFC on ESPN 7 - Overeem vs. Rozenstruik,unanimous,True,wikipedia,main_card,wikipedia,False,False
15614,2657,2019-12-07,UFC on ESPN 7 - Overeem vs. Rozenstruik,unanimous,False,wikipedia,prelims,wikipedia,False,False
15617,2658,2019-11-16,UFC Fight Night 164 - Blachowicz vs. Jacare,split,False,wikipedia,main_event,sherdog is_main,,True
15620,2658,2019-11-16,UFC Fight Night 164 - Blachowicz vs. Jacare,unanimous,False,wikipedia,main_card,wikipedia,False,False
15621,2658,2019-11-16,UFC Fight Night 164 - Blachowicz vs. Jacare,unanimous,False,wikipedia,main_card,wikipedia,False,False
15624,2658,2019-11-16,UFC Fight Night 164 - Blachowicz vs. Jacare,unanimous,False,wikipedia,,unknown,,False
15626,2658,2019-11-16,UFC Fight Night 164 - Blachowicz vs. Jacare,unanimous,False,wikipedia,prelims,wikipedia,False,False
15627,2658,2019-11-16,UFC Fight Night 164 - Blachowicz vs. Jacare,unanimous,False,wikipedia,prelims,wikipedia,False,False
15628,2658,2019-11-16,UFC Fight Night 164 - Blachowicz vs. Jacare,unanimous,False,wikipedia,prelims,wikipedia,False,False
15630,2659,2019-11-02,UFC 244 - Masvidal vs. Diaz,split,False,wikipedia,co_main,wikipedia,False,True
15631,2659,2019-11-02,UFC 244 - Masvidal vs. Diaz,unanimous,True,wikipedia,main_card,wikipedia,False,False
15632,2659,2019-11-02,UFC 244 - Masvidal vs. Diaz,split,False,wikipedia,main_card,wikipedia,False,True
15638,2659,2019-11-02,UFC 244 - Masvidal vs. Diaz,unanimous,False,wikipedia,,unknown,,False
15640,2659,2019-11-02,UFC 244 - Masvidal vs. Diaz,split,False,wikipedia,early_prelims,wikipedia,False,True
15642,2660,2019-10-26,UFC Fight Night 162 - Maia vs. Askren,majority,False,wikipedia,co_main,wikipedia,False,False
15645,2660,2019-10-26,UFC Fight Night 162 - Maia vs. Askren,unanimous,False,wikipedia,main_card,wikipedia,False,False
15646,2660,2019-10-26,UFC Fight Night 162 - Maia vs. Askren,split,False,wikipedia,prelims,wikipedia,False,True
15647,2660,2019-10-26,UFC Fight Night 162 - Maia vs. Askren,unanimous,False,wikipedia,prelims,wikipedia,False,False
15648,2660,2019-10-26,UFC Fight Night 162 - Maia vs. Askren,unanimous,False,wikipedia,prelims,wikipedia,False,False
15650,2660,2019-10-26,UFC Fight Night 162 - Maia vs. Askren,split,False,wikipedia,,unknown,,False
15651,2660,2019-10-26,UFC Fight Night 162 - Maia vs. Askren,unanimous,False,wikipedia,prelims,wikipedia,False,False
15653,2661,2019-10-18,UFC on ESPN 6 - Reyes vs. Weidman,unanimous,True,wikipedia,co_main,wikipedia,False,False
15657,2661,2019-10-18,UFC on ESPN 6 - Reyes vs. Weidman,split,False,wikipedia,main_card,wikipedia,False,False
15659,2661,2019-10-18,UFC on ESPN 6 - Reyes vs. Weidman,unanimous,False,wikipedia,prelims,wikipedia,False,False
15660,2661,2019-10-18,UFC on ESPN 6 - Reyes vs. Weidman,unanimous,False,wikipedia,prelims,wikipedia,False,False
15662,2661,2019-10-18,UFC on ESPN 6 - Reyes vs. Weidman,unanimous,False,wikipedia,prelims,wikipedia,False,False
15664,2661,2019-10-18,UFC on ESPN 6 - Reyes vs. Weidman,unanimous,False,wikipedia,prelims,wikipedia,False,False
15665,2662,2019-10-12,UFC Fight Night 161 - Jedrzejczyk vs. Waterson,unanimous,False,wikipedia,main_event,wikipedia,False,False
15666,2662,2019-10-12,UFC Fight Night 161 - Jedrzejczyk vs. Waterson,unanimous,True,wikipedia,co_main,wikipedia,False,False
15668,2662,2019-10-12,UFC Fight Night 161 - Jedrzejczyk vs. Waterson,unanimous,False,wikipedia,main_card,wikipedia,False,False
15669,2662,2019-10-12,UFC Fight Night 161 - Jedrzejczyk vs. Waterson,split,False,wikipedia,main_card,wikipedia,False,True
15670,2662,2019-10-12,UFC Fight Night 161 - Jedrzejczyk vs. Waterson,split,False,wikipedia,main_card,wikipedia,False,True
15673,2662,2019-10-12,UFC Fight Night 161 - Jedrzejczyk vs. Waterson,unanimous,False,wikipedia,prelims,wikipedia,False,False
15677,2662,2019-10-12,UFC Fight Night 161 - Jedrzejczyk vs. Waterson,unanimous,False,wikipedia,prelims,wikipedia,False,False
15678,2662,2019-10-12,UFC Fight Night 161 - Jedrzejczyk vs. Waterson,unanimous,False,wikipedia,,unknown,,False
15680,2663,2019-10-05,UFC 243 - Whittaker vs. Adesanya,unanimous,False,wikipedia,co_main,wikipedia,False,False
15682,2663,2019-10-05,UFC 243 - Whittaker vs. Adesanya,split,False,wikipedia,main_card,wikipedia,False,True
15684,2663,2019-10-05,UFC 243 - Whittaker vs. Adesanya,unanimous,False,wikipedia,prelims,wikipedia,False,False
15685,2663,2019-10-05,UFC 243 - Whittaker vs. Adesanya,unanimous,False,wikipedia,prelims,wikipedia,False,False
15686,2663,2019-10-05,UFC 243 - Whittaker vs. Adesanya,unanimous,True,wikipedia,prelims,wikipedia,False,False
15692,2664,2019-09-28,UFC Fight Night 160 - Hermansson vs. Cannonier,unanimous,False,wikipedia,main_card,wikipedia,False,False
15695,2664,2019-09-28,UFC Fight Night 160 - Hermansson vs. Cannonier,unanimous,False,wikipedia,main_card,wikipedia,False,False
15697,2664,2019-09-28,UFC Fight Night 160 - Hermansson vs. Cannonier,unanimous,False,wikipedia,prelims,wikipedia,False,False
15698,2664,2019-09-28,UFC Fight Night 160 - Hermansson vs. Cannonier,unanimous,False,wikipedia,prelims,wikipedia,False,False
15699,2664,2019-09-28,UFC Fight Night 160 - Hermansson vs. Cannonier,split,False,wikipedia,prelims,wikipedia,False,False
15700,2664,2019-09-28,UFC Fight Night 160 - Hermansson vs. Cannonier,unanimous,False,wikipedia,prelims,wikipedia,False,False
15701,2664,2019-09-28,UFC Fight Night 160 - Hermansson vs. Cannonier,unanimous,False,wikipedia,prelims,wikipedia,False,False
15796,2665,2019-09-21,UFC Fight Night 159 - Rodriguez vs. Stephens,majority,True,wikipedia,co_main,wikipedia,False,False
15798,2665,2019-09-21,UFC Fight Night 159 - Rodriguez vs. Stephens,unanimous,False,wikipedia,main_card,wikipedia,False,False
15800,2665,2019-09-21,UFC Fight Night 159 - Rodriguez vs. Stephens,unanimous,False,wikipedia,prelims,wikipedia,False,False
15803,2665,2019-09-21,UFC Fight Night 159 - Rodriguez vs. Stephens,unanimous,False,wikipedia,prelims,wikipedia,False,False
15805,2665,2019-09-21,UFC Fight Night 159 - Rodriguez vs. Stephens,unanimous,False,wikipedia,prelims,wikipedia,False,False
15806,2665,2019-09-21,UFC Fight Night 159 - Rodriguez vs. Stephens,unanimous,False,wikipedia,prelims,wikipedia,False,False
15808,2666,2019-09-14,UFC Fight Night 158 - Cowboy vs. Gaethje,split,False,wikipedia,co_main,wikipedia,False,True
15810,2666,2019-09-14,UFC Fight Night 158 - Cowboy vs. Gaethje,unanimous,True,wikipedia,main_card,wikipedia,False,False
15811,2666,2019-09-14,UFC Fight Night 158 - Cowboy vs. Gaethje,split,False,wikipedia,main_card,wikipedia,False,True
15814,2666,2019-09-14,UFC Fight Night 158 - Cowboy vs. Gaethje,split,False,wikipedia,prelims,wikipedia,False,False
15815,2666,2019-09-14,UFC Fight Night 158 - Cowboy vs. Gaethje,unanimous,False,wikipedia,prelims,wikipedia,False,False
15816,2666,2019-09-14,UFC Fight Night 158 - Cowboy vs. Gaethje,unanimous,False,wikipedia,prelims,wikipedia,False,False
15818,2666,2019-09-14,UFC Fight Night 158 - Cowboy vs. Gaethje,unanimous,False,wikipedia,prelims,wikipedia,False,False
15821,2667,2019-08-31,UFC Fight Night 157 - Andrade vs. Zhang,unanimous,False,wikipedia,main_card,wikipedia,False,False
15822,2667,2019-08-31,UFC Fight Night 157 - Andrade vs. Zhang,unanimous,False,wikipedia,main_card,wikipedia,False,False
15823,2667,2019-08-31,UFC Fight Night 157 - Andrade vs. Zhang,split,False,wikipedia,main_card,wikipedia,False,False
15825,2667,2019-08-31,UFC Fight Night 157 - Andrade vs. Zhang,unanimous,False,wikipedia,prelims,wikipedia,False,False
15827,2667,2019-08-31,UFC Fight Night 157 - Andrade vs. Zhang,unanimous,False,wikipedia,prelims,wikipedia,False,False
15828,2667,2019-08-31,UFC Fight Night 157 - Andrade vs. Zhang,unanimous,True,wikipedia,prelims,wikipedia,False,False
15829,2667,2019-08-31,UFC Fight Night 157 - Andrade vs. Zhang,split,False,wikipedia,,unknown,,False
15830,2668,2019-08-10,UFC Fight Night 156 - Shevchenko vs. Carmouche 2,unanimous,False,wikipedia,main_event,wikipedia,True,False
15831,2668,2019-08-10,UFC Fight Night 156 - Shevchenko vs. Carmouche 2,split,True,wikipedia,co_main,wikipedia,False,True
15832,2668,2019-08-10,UFC Fight Night 156 - Shevchenko vs. Carmouche 2,unanimous,False,wikipedia,main_card,wikipedia,False,False
15835,2668,2019-08-10,UFC Fight Night 156 - Shevchenko vs. Carmouche 2,split,False,wikipedia,main_card,wikipedia,False,False
15836,2668,2019-08-10,UFC Fight Night 156 - Shevchenko vs. Carmouche 2,unanimous,False,wikipedia,prelims,wikipedia,False,False
15838,2668,2019-08-10,UFC Fight Night 156 - Shevchenko vs. Carmouche 2,unanimous,False,wikipedia,,unknown,,False
15840,2668,2019-08-10,UFC Fight Night 156 - Shevchenko vs. Carmouche 2,split,False,wikipedia,prelims,wikipedia,False,False
15841,2668,2019-08-10,UFC Fight Night 156 - Shevchenko vs. Carmouche 2,unanimous,False,wikipedia,,unknown,,False
15843,2669,2019-08-03,UFC on ESPN 5 - Covington vs. Lawler,unanimous,False,wikipedia,main_event,wikipedia,False,False
15848,2669,2019-08-03,UFC on ESPN 5 - Covington vs. Lawler,unanimous,False,wikipedia,main_card,wikipedia,False,False
15849,2669,2019-08-03,UFC on ESPN 5 - Covington vs. Lawler,unanimous,False,wikipedia,prelims,wikipedia,False,False
15854,2669,2019-08-03,UFC on ESPN 5 - Covington vs. Lawler,unanimous,False,wikipedia,prelims,wikipedia,False,False
15855,2670,2019-07-27,UFC 240 - Holloway vs. Edgar,unanimous,False,wikipedia,main_event,wikipedia,True,False
15856,2670,2019-07-27,UFC 240 - Holloway vs. Edgar,unanimous,False,wikipedia,,unknown,,False
15858,2670,2019-07-27,UFC 240 - Holloway vs. Edgar,unanimous,False,wikipedia,main_card,wikipedia,False,False
15859,2670,2019-07-27,UFC 240 - Holloway vs. Edgar,split,False,wikipedia,main_card,wikipedia,False,False
15860,2670,2019-07-27,UFC 240 - Holloway vs. Edgar,unanimous,False,wikipedia,prelims,wikipedia,False,False
15863,2670,2019-07-27,UFC 240 - Holloway vs. Edgar,unanimous,True,wikipedia,prelims,wikipedia,False,False
15865,2670,2019-07-27,UFC 240 - Holloway vs. Edgar,unanimous,False,wikipedia,early_prelims,wikipedia,False,False
15866,2671,2019-07-20,UFC on ESPN 4 - Dos Anjos vs. Edwards,unanimous,False,wikipedia,main_event,wikipedia,False,False
15870,2671,2019-07-20,UFC on ESPN 4 - Dos Anjos vs. Edwards,unanimous,False,wikipedia,main_card,wikipedia,False,False
15871,2671,2019-07-20,UFC on ESPN 4 - Dos Anjos vs. Edwards,unanimous,False,wikipedia,main_card,wikipedia,False,False
15872,2671,2019-07-20,UFC on ESPN 4 - Dos Anjos vs. Edwards,unanimous,False,wikipedia,prelims,wikipedia,False,False
15873,2671,2019-07-20,UFC on ESPN 4 - Dos Anjos vs. Edwards,split,False,wikipedia,prelims,wikipedia,False,True
15874,2671,2019-07-20,UFC on ESPN 4 - Dos Anjos vs. Edwards,unanimous,False,wikipedia,prelims,wikipedia,False,False
15875,2671,2019-07-20,UFC on ESPN 4 - Dos Anjos vs. Edwards,unanimous,False,wikipedia,prelims,wikipedia,False,False
15876,2671,2019-07-20,UFC on ESPN 4 - Dos Anjos vs. Edwards,unanimous,False,wikipedia,prelims,wikipedia,False,False
15877,2671,2019-07-20,UFC on ESPN 4 - Dos Anjos vs. Edwards,unanimous,True,wikipedia,prelims,wikipedia,False,False
15878,2671,2019-07-20,UFC on ESPN 4 - Dos Anjos vs. Edwards,split,False,wikipedia,prelims,wikipedia,False,False
15882,2672,2019-07-13,UFC Fight Night 155 - De Randamie vs. Ladd,split,False,wikipedia,main_card,wikipedia,False,False
15883,2672,2019-07-13,UFC Fight Night 155 - De Randamie vs. Ladd,unanimous,False,wikipedia,main_card,wikipedia,False,False
15886,2672,2019-07-13,UFC Fight Night 155 - De Randamie vs. Ladd,unanimous,False,wikipedia,prelims,wikipedia,False,False
15887,2672,2019-07-13,UFC Fight Night 155 - De Randamie vs. Ladd,unanimous,False,wikipedia,prelims,wikipedia,False,False
15889,2672,2019-07-13,UFC Fight Night 155 - De Randamie vs. Ladd,unanimous,False,wikipedia,,unknown,,False
15890,2672,2019-07-13,UFC Fight Night 155 - De Randamie vs. Ladd,unanimous,False,wikipedia,prelims,wikipedia,False,False
15892,2675,2019-09-07,UFC 242 - Khabib vs. Poirier,split,False,wikipedia,co_main,wikipedia,False,True
15893,2675,2019-09-07,UFC 242 - Khabib vs. Poirier,unanimous,False,wikipedia,main_card,wikipedia,False,False
15895,2675,2019-09-07,UFC 242 - Khabib vs. Poirier,unanimous,False,wikipedia,main_card,wikipedia,False,False
15896,2675,2019-09-07,UFC 242 - Khabib vs. Poirier,split,False,wikipedia,,unknown,,True
15902,2675,2019-09-07,UFC 242 - Khabib vs. Poirier,unanimous,False,wikipedia,early_prelims,wikipedia,False,False
15903,2675,2019-09-07,UFC 242 - Khabib vs. Poirier,unanimous,False,wikipedia,early_prelims,wikipedia,False,False
15905,2676,2019-08-17,UFC 241 - Cormier vs. Miocic 2,unanimous,False,wikipedia,co_main,wikipedia,False,False
15906,2676,2019-08-17,UFC 241 - Cormier vs. Miocic 2,unanimous,True,wikipedia,main_card,wikipedia,False,False
15908,2676,2019-08-17,UFC 241 - Cormier vs. Miocic 2,unanimous,False,wikipedia,main_card,wikipedia,False,False
15910,2676,2019-08-17,UFC 241 - Cormier vs. Miocic 2,unanimous,False,wikipedia,prelims,wikipedia,False,False
15911,2676,2019-08-17,UFC 241 - Cormier vs. Miocic 2,unanimous,False,wikipedia,prelims,wikipedia,False,False
15912,2676,2019-08-17,UFC 241 - Cormier vs. Miocic 2,unanimous,False,wikipedia,prelims,wikipedia,False,False
15913,2676,2019-08-17,UFC 241 - Cormier vs. Miocic 2,unanimous,False,wikipedia,early_prelims,wikipedia,False,False
15914,2676,2019-08-17,UFC 241 - Cormier vs. Miocic 2,split,False,wikipedia,early_prelims,wikipedia,False,True
15915,2676,2019-08-17,UFC 241 - Cormier vs. Miocic 2,unanimous,False,wikipedia,early_prelims,wikipedia,False,False
15916,2709,2019-07-06,UFC 239 - Jones vs. Santos,split,False,wikipedia,main_event,wikipedia,True,True
15920,2709,2019-07-06,UFC 239 - Jones vs. Santos,unanimous,False,wikipedia,main_card,wikipedia,False,False
15921,2709,2019-07-06,UFC 239 - Jones vs. Santos,unanimous,False,wikipedia,prelims,wikipedia,False,False
15923,2709,2019-07-06,UFC 239 - Jones vs. Santos,unanimous,False,wikipedia,prelims,wikipedia,False,False
15926,2709,2019-07-06,UFC 239 - Jones vs. Santos,unanimous,False,wikipedia,early_prelims,wikipedia,False,False
15927,2709,2019-07-06,UFC 239 - Jones vs. Santos,unanimous,False,wikipedia,early_prelims,wikipedia,False,False
15930,2741,2019-06-29,UFC on ESPN 3 - Ngannou vs. Dos Santos,majority,False,wikipedia,main_card,wikipedia,False,False
15931,2741,2019-06-29,UFC on ESPN 3 - Ngannou vs. Dos Santos,unanimous,False,wikipedia,main_card,wikipedia,False,False
15934,2741,2019-06-29,UFC on ESPN 3 - Ngannou vs. Dos Santos,unanimous,False,wikipedia,prelims,wikipedia,False,False
15936,2741,2019-06-29,UFC on ESPN 3 - Ngannou vs. Dos Santos,unanimous,False,wikipedia,prelims,wikipedia,False,False
15942,2742,2019-06-22,UFC Fight Night 154 - Moicano vs. The Korean Zombie,unanimous,False,wikipedia,main_card,wikipedia,False,False
15943,2742,2019-06-22,UFC Fight Night 154 - Moicano vs. The Korean Zombie,unanimous,False,wikipedia,main_card,wikipedia,False,False
15944,2742,2019-06-22,UFC Fight Night 154 - Moicano vs. The Korean Zombie,unanimous,False,wikipedia,main_card,wikipedia,False,False
15945,2742,2019-06-22,UFC Fight Night 154 - Moicano vs. The Korean Zombie,unanimous,False,wikipedia,prelims,wikipedia,False,False
15946,2742,2019-06-22,UFC Fight Night 154 - Moicano vs. The Korean Zombie,unanimous,False,wikipedia,prelims,wikipedia,False,False
15949,2742,2019-06-22,UFC Fight Night 154 - Moicano vs. The Korean Zombie,unanimous,False,wikipedia,prelims,wikipedia,False,False
15950,2742,2019-06-22,UFC Fight Night 154 - Moicano vs. The Korean Zombie,unanimous,True,wikipedia,prelims,wikipedia,False,False
15954,2743,2019-06-08,UFC 238 - Cejudo vs. Moraes,unanimous,False,wikipedia,main_card,wikipedia,False,False
15955,2743,2019-06-08,UFC 238 - Cejudo vs. Moraes,unanimous,False,wikipedia,main_card,wikipedia,False,False
15956,2743,2019-06-08,UFC 238 - Cejudo vs. Moraes,unanimous,False,wikipedia,,unknown,,False
15957,2743,2019-06-08,UFC 238 - Cejudo vs. Moraes,unanimous,False,wikipedia,prelims,wikipedia,False,False
15958,2743,2019-06-08,UFC 238 - Cejudo vs. Moraes,unanimous,False,wikipedia,prelims,wikipedia,False,False
15960,2743,2019-06-08,UFC 238 - Cejudo vs. Moraes,unanimous,False,wikipedia,early_prelims,wikipedia,False,False
15961,2743,2019-06-08,UFC 238 - Cejudo vs. Moraes,unanimous,False,wikipedia,early_prelims,wikipedia,False,False
15963,2743,2019-06-08,UFC 238 - Cejudo vs. Moraes,unanimous,False,wikipedia,,unknown,,False
15967,2744,2019-06-01,UFC Fight Night 153 - Gustafsson vs. Smith,unanimous,False,wikipedia,main_card,wikipedia,False,False
15968,2744,2019-06-01,UFC Fight Night 153 - Gustafsson vs. Smith,unanimous,False,wikipedia,main_card,wikipedia,False,False
15969,2744,2019-06-01,UFC Fight Night 153 - Gustafsson vs. Smith,unanimous,False,wikipedia,prelims,wikipedia,False,False
15970,2744,2019-06-01,UFC Fight Night 153 - Gustafsson vs. Smith,unanimous,False,wikipedia,prelims,wikipedia,False,False
15974,2744,2019-06-01,UFC Fight Night 153 - Gustafsson vs. Smith,unanimous,False,wikipedia,prelims,wikipedia,False,False
15977,2745,2019-05-18,UFC Fight Night 152 - Dos Anjos vs. Lee,unanimous,False,wikipedia,co_main,wikipedia,False,False
15981,2745,2019-05-18,UFC Fight Night 152 - Dos Anjos vs. Lee,unanimous,False,wikipedia,main_card,wikipedia,False,False
15982,2745,2019-05-18,UFC Fight Night 152 - Dos Anjos vs. Lee,unanimous,True,wikipedia,prelims,wikipedia,False,False
15983,2745,2019-05-18,UFC Fight Night 152 - Dos Anjos vs. Lee,unanimous,False,wikipedia,prelims,wikipedia,False,False
15991,2746,2019-05-11,UFC 237 - Namajunas vs. Andrade,unanimous,False,wikipedia,main_card,wikipedia,False,False
15992,2746,2019-05-11,UFC 237 - Namajunas vs. Andrade,unanimous,False,wikipedia,main_card,wikipedia,False,False
15995,2746,2019-05-11,UFC 237 - Namajunas vs. Andrade,unanimous,False,wikipedia,prelims,wikipedia,False,False
15997,2746,2019-05-11,UFC 237 - Namajunas vs. Andrade,unanimous,False,wikipedia,prelims,wikipedia,False,False
15998,2746,2019-05-11,UFC 237 - Namajunas vs. Andrade,unanimous,False,wikipedia,early_prelims,wikipedia,False,False
16001,2747,2019-05-04,UFC Fight Night 151 - Iaquinta vs. Cowboy,unanimous,True,wikipedia,main_event,wikipedia,False,False
16002,2747,2019-05-04,UFC Fight Night 151 - Iaquinta vs. Cowboy,unanimous,False,wikipedia,co_main,wikipedia,False,False
16003,2747,2019-05-04,UFC Fight Night 151 - Iaquinta vs. Cowboy,split,False,wikipedia,main_card,wikipedia,False,True
16004,2747,2019-05-04,UFC Fight Night 151 - Iaquinta vs. Cowboy,unanimous,False,wikipedia,main_card,wikipedia,False,False
16006,2747,2019-05-04,UFC Fight Night 151 - Iaquinta vs. Cowboy,unanimous,False,wikipedia,main_card,wikipedia,False,False
16008,2747,2019-05-04,UFC Fight Night 151 - Iaquinta vs. Cowboy,unanimous,False,wikipedia,prelims,wikipedia,False,False
16009,2747,2019-05-04,UFC Fight Night 151 - Iaquinta vs. Cowboy,unanimous,False,wikipedia,prelims,wikipedia,False,False
16011,2747,2019-05-04,UFC Fight Night 151 - Iaquinta vs. Cowboy,unanimous,False,wikipedia,prelims,wikipedia,False,False
16012,2747,2019-05-04,UFC Fight Night 151 - Iaquinta vs. Cowboy,unanimous,False,wikipedia,prelims,wikipedia,False,False
16013,2748,2019-04-27,UFC Fight Night 150 - Jacare vs. Hermansson,unanimous,False,wikipedia,main_event,wikipedia,False,False
16015,2748,2019-04-27,UFC Fight Night 150 - Jacare vs. Hermansson,unanimous,True,wikipedia,main_card,wikipedia,False,False
16017,2748,2019-04-27,UFC Fight Night 150 - Jacare vs. Hermansson,split,False,wikipedia,main_card,wikipedia,False,True
16018,2748,2019-04-27,UFC Fight Night 150 - Jacare vs. Hermansson,unanimous,False,wikipedia,main_card,wikipedia,False,False
16020,2748,2019-04-27,UFC Fight Night 150 - Jacare vs. Hermansson,split,False,wikipedia,prelims,wikipedia,False,True
16021,2748,2019-04-27,UFC Fight Night 150 - Jacare vs. Hermansson,unanimous,False,wikipedia,prelims,wikipedia,False,False
16024,2748,2019-04-27,UFC Fight Night 150 - Jacare vs. Hermansson,unanimous,False,wikipedia,early_prelims,wikipedia,False,False
16025,2748,2019-04-27,UFC Fight Night 150 - Jacare vs. Hermansson,split,False,wikipedia,early_prelims,wikipedia,False,True
16027,2749,2019-04-20,UFC Fight Night 149 - Overeem vs. Oleynik,unanimous,True,wikipedia,co_main,wikipedia,False,False
16029,2749,2019-04-20,UFC Fight Night 149 - Overeem vs. Oleynik,split,False,wikipedia,main_card,wikipedia,False,True
16030,2749,2019-04-20,UFC Fight Night 149 - Overeem vs. Oleynik,unanimous,False,wikipedia,main_card,wikipedia,False,False
16031,2749,2019-04-20,UFC Fight Night 149 - Overeem vs. Oleynik,unanimous,False,wikipedia,prelims,wikipedia,False,False
16032,2749,2019-04-20,UFC Fight Night 149 - Overeem vs. Oleynik,unanimous,False,wikipedia,prelims,wikipedia,False,False
16037,2750,2019-04-13,UFC 236 - Holloway vs. Poirier,unanimous,True,wikipedia,main_event,wikipedia,True,False
16038,2750,2019-04-13,UFC 236 - Holloway vs. Poirier,unanimous,True,wikipedia,co_main,wikipedia,True,False
16039,2750,2019-04-13,UFC 236 - Holloway vs. Poirier,unanimous,False,wikipedia,main_card,wikipedia,False,False
16040,2750,2019-04-13,UFC 236 - Holloway vs. Poirier,split,False,wikipedia,main_card,wikipedia,False,False
16042,2750,2019-04-13,UFC 236 - Holloway vs. Poirier,unanimous,False,wikipedia,prelims,wikipedia,False,False
16044,2750,2019-04-13,UFC 236 - Holloway vs. Poirier,majority,False,wikipedia,prelims,wikipedia,False,False
16046,2750,2019-04-13,UFC 236 - Holloway vs. Poirier,unanimous,False,wikipedia,early_prelims,wikipedia,False,False
16047,2750,2019-04-13,UFC 236 - Holloway vs. Poirier,unanimous,False,wikipedia,early_prelims,wikipedia,False,False
16048,2750,2019-04-13,UFC 236 - Holloway vs. Poirier,unanimous,False,wikipedia,early_prelims,wikipedia,False,False
16053,2770,2019-02-23,UFC Fight Night 145 - Blachowicz vs. Santos,unanimous,False,wikipedia,main_card,wikipedia,False,False
16054,2770,2019-02-23,UFC Fight Night 145 - Blachowicz vs. Santos,unanimous,False,wikipedia,main_card,wikipedia,False,False
16055,2770,2019-02-23,UFC Fight Night 145 - Blachowicz vs. Santos,unanimous,False,wikipedia,main_card,wikipedia,False,False
16060,2770,2019-02-23,UFC Fight Night 145 - Blachowicz vs. Santos,unanimous,False,wikipedia,prelims,wikipedia,False,False
16061,2770,2019-02-23,UFC Fight Night 145 - Blachowicz vs. Santos,unanimous,False,wikipedia,prelims,wikipedia,False,False
16062,2770,2019-02-23,UFC Fight Night 145 - Blachowicz vs. Santos,unanimous,False,wikipedia,prelims,wikipedia,False,False
16066,2771,2019-03-30,UFC on ESPN 2 - Barboza vs. Gaethje,unanimous,False,wikipedia,main_card,wikipedia,False,False
16068,2771,2019-03-30,UFC on ESPN 2 - Barboza vs. Gaethje,unanimous,False,wikipedia,main_card,wikipedia,False,False
16069,2771,2019-03-30,UFC on ESPN 2 - Barboza vs. Gaethje,unanimous,False,wikipedia,prelims,wikipedia,False,False
16071,2771,2019-03-30,UFC on ESPN 2 - Barboza vs. Gaethje,unanimous,False,wikipedia,prelims,wikipedia,False,False
16072,2771,2019-03-30,UFC on ESPN 2 - Barboza vs. Gaethje,split,False,wikipedia,prelims,wikipedia,False,False
16073,2771,2019-03-30,UFC on ESPN 2 - Barboza vs. Gaethje,unanimous,False,wikipedia,early_prelims,wikipedia,False,False
16074,2771,2019-03-30,UFC on ESPN 2 - Barboza vs. Gaethje,unanimous,False,wikipedia,early_prelims,wikipedia,False,False
16075,2771,2019-03-30,UFC on ESPN 2 - Barboza vs. Gaethje,unanimous,False,wikipedia,early_prelims,wikipedia,False,False
16077,2772,2019-03-23,UFC Fight Night 148 - Thompson vs. Pettis,unanimous,False,wikipedia,co_main,wikipedia,False,False
16078,2772,2019-03-23,UFC Fight Night 148 - Thompson vs. Pettis,unanimous,False,wikipedia,main_card,wikipedia,False,False
16079,2772,2019-03-23,UFC Fight Night 148 - Thompson vs. Pettis,unanimous,False,wikipedia,main_card,wikipedia,False,False
16080,2772,2019-03-23,UFC Fight Night 148 - Thompson vs. Pettis,unanimous,False,wikipedia,main_card,wikipedia,False,False
16082,2772,2019-03-23,UFC Fight Night 148 - Thompson vs. Pettis,unanimous,True,wikipedia,prelims,wikipedia,False,False
16084,2772,2019-03-23,UFC Fight Night 148 - Thompson vs. Pettis,unanimous,False,wikipedia,prelims,wikipedia,False,False
16086,2772,2019-03-23,UFC Fight Night 148 - Thompson vs. Pettis,unanimous,False,wikipedia,prelims,wikipedia,False,False
16087,2772,2019-03-23,UFC Fight Night 148 - Thompson vs. Pettis,unanimous,False,wikipedia,prelims,wikipedia,False,False
16089,2773,2019-03-16,UFC Fight Night 147 - Till vs. Masvidal,split,False,wikipedia,co_main,wikipedia,False,True
16090,2773,2019-03-16,UFC Fight Night 147 - Till vs. Masvidal,split,False,wikipedia,main_card,wikipedia,False,True
16093,2773,2019-03-16,UFC Fight Night 147 - Till vs. Masvidal,split,False,wikipedia,main_card,wikipedia,False,False
16094,2773,2019-03-16,UFC Fight Night 147 - Till vs. Masvidal,unanimous,False,wikipedia,prelims,wikipedia,False,False
16095,2773,2019-03-16,UFC Fight Night 147 - Till vs. Masvidal,unanimous,False,wikipedia,prelims,wikipedia,False,False
16096,2773,2019-03-16,UFC Fight Night 147 - Till vs. Masvidal,unanimous,False,wikipedia,prelims,wikipedia,False,False
16098,2773,2019-03-16,UFC Fight Night 147 - Till vs. Masvidal,unanimous,False,wikipedia,prelims,wikipedia,False,False
16103,2774,2019-03-09,UFC Fight Night 146 - Lewis vs. Dos Santos,unanimous,False,wikipedia,main_card,wikipedia,False,False
16105,2774,2019-03-09,UFC Fight Night 146 - Lewis vs. Dos Santos,unanimous,False,wikipedia,main_card,wikipedia,False,False
16106,2774,2019-03-09,UFC Fight Night 146 - Lewis vs. Dos Santos,unanimous,False,wikipedia,prelims,wikipedia,False,False
16107,2774,2019-03-09,UFC Fight Night 146 - Lewis vs. Dos Santos,unanimous,False,wikipedia,,unknown,,False
16108,2774,2019-03-09,UFC Fight Night 146 - Lewis vs. Dos Santos,unanimous,False,wikipedia,prelims,wikipedia,False,False
16109,2774,2019-03-09,UFC Fight Night 146 - Lewis vs. Dos Santos,split,False,wikipedia,prelims,wikipedia,False,False
16112,2774,2019-03-09,UFC Fight Night 146 - Lewis vs. Dos Santos,unanimous,False,wikipedia,prelims,wikipedia,False,False
16113,2775,2019-03-02,UFC 235 - Jones vs. Smith,unanimous,False,wikipedia,main_event,wikipedia,True,False
16114,2775,2019-03-02,UFC 235 - Jones vs. Smith,unanimous,False,wikipedia,co_main,wikipedia,True,False
16116,2775,2019-03-02,UFC 235 - Jones vs. Smith,unanimous,False,wikipedia,,unknown,,False
16118,2775,2019-03-02,UFC 235 - Jones vs. Smith,unanimous,False,wikipedia,prelims,wikipedia,False,False
16120,2775,2019-03-02,UFC 235 - Jones vs. Smith,unanimous,False,wikipedia,prelims,wikipedia,False,False
16124,2775,2019-03-02,UFC 235 - Jones vs. Smith,split,False,wikipedia,early_prelims,wikipedia,False,False
16126,2776,2019-02-17,UFC on ESPN 1 - Ngannou vs. Velasquez,unanimous,False,wikipedia,co_main,wikipedia,False,False
16127,2776,2019-02-17,UFC on ESPN 1 - Ngannou vs. Velasquez,unanimous,False,wikipedia,main_card,wikipedia,False,False
16130,2776,2019-02-17,UFC on ESPN 1 - Ngannou vs. Velasquez,unanimous,False,wikipedia,main_card,wikipedia,False,False
16131,2776,2019-02-17,UFC on ESPN 1 - Ngannou vs. Velasquez,unanimous,False,wikipedia,prelims,wikipedia,False,False
16133,2776,2019-02-17,UFC on ESPN 1 - Ngannou vs. Velasquez,unanimous,False,wikipedia,prelims,wikipedia,False,False
16134,2776,2019-02-17,UFC on ESPN 1 - Ngannou vs. Velasquez,unanimous,False,wikipedia,prelims,wikipedia,False,False
16142,2777,2019-02-02,UFC Fight Night 144 - Assuncao vs. Moraes 2,split,False,wikipedia,main_card,wikipedia,False,False
16144,2777,2019-02-02,UFC Fight Night 144 - Assuncao vs. Moraes 2,split,False,wikipedia,prelims,wikipedia,False,False
16145,2777,2019-02-02,UFC Fight Night 144 - Assuncao vs. Moraes 2,split,False,wikipedia,prelims,wikipedia,False,True
16147,2777,2019-02-02,UFC Fight Night 144 - Assuncao vs. Moraes 2,unanimous,False,wikipedia,prelims,wikipedia,False,False
16149,2777,2019-02-02,UFC Fight Night 144 - Assuncao vs. Moraes 2,split,False,wikipedia,prelims,wikipedia,False,False
16153,2779,2019-01-19,UFC Fight Night 143 - Cejudo vs. Dillashaw,unanimous,False,wikipedia,main_card,wikipedia,False,False
16157,2779,2019-01-19,UFC Fight Night 143 - Cejudo vs. Dillashaw,unanimous,False,wikipedia,,unknown,,False
16160,2779,2019-01-19,UFC Fight Night 143 - Cejudo vs. Dillashaw,unanimous,False,wikipedia,early_prelims,wikipedia,False,False
16161,2779,2019-01-19,UFC Fight Night 143 - Cejudo vs. Dillashaw,unanimous,False,wikipedia,early_prelims,wikipedia,False,False
16163,2780,2019-02-09,UFC 234 - Adesanya vs. Silva,unanimous,True,wikipedia,main_event,wikipedia,False,False
16165,2780,2019-02-09,UFC 234 - Adesanya vs. Silva,unanimous,False,wikipedia,main_card,wikipedia,False,False
16169,2780,2019-02-09,UFC 234 - Adesanya vs. Silva,unanimous,False,wikipedia,prelims,wikipedia,False,False
16170,2780,2019-02-09,UFC 234 - Adesanya vs. Silva,split,False,wikipedia,prelims,wikipedia,False,False
16173,2780,2019-02-09,UFC 234 - Adesanya vs. Silva,unanimous,False,wikipedia,,unknown,,False
16188,2846,2018-12-29,UFC 232 - Jones vs. Gustafsson 2,unanimous,False,wikipedia,main_card,wikipedia,False,False
16196,2846,2018-12-29,UFC 232 - Jones vs. Gustafsson 2,unanimous,False,wikipedia,early_prelims,wikipedia,False,False
16198,2847,2018-12-15,UFC on Fox 31 - Iaquinta vs. Lee 2,unanimous,False,wikipedia,main_event,wikipedia,False,False
16200,2847,2018-12-15,UFC on Fox 31 - Iaquinta vs. Lee 2,unanimous,False,wikipedia,main_card,wikipedia,False,False
16202,2847,2018-12-15,UFC on Fox 31 - Iaquinta vs. Lee 2,split,False,wikipedia,prelims,wikipedia,False,False
16203,2847,2018-12-15,UFC on Fox 31 - Iaquinta vs. Lee 2,unanimous,False,wikipedia,,unknown,,False
16206,2847,2018-12-15,UFC on Fox 31 - Iaquinta vs. Lee 2,unanimous,False,wikipedia,prelims,wikipedia,False,False
16207,2847,2018-12-15,UFC on Fox 31 - Iaquinta vs. Lee 2,unanimous,False,wikipedia,prelims,wikipedia,False,False
16211,2848,2018-12-08,UFC 231 - Holloway vs. Ortega,unanimous,False,wikipedia,co_main,wikipedia,True,False
16213,2848,2018-12-08,UFC 231 - Holloway vs. Ortega,split,False,wikipedia,main_card,wikipedia,False,True
16215,2848,2018-12-08,UFC 231 - Holloway vs. Ortega,unanimous,False,wikipedia,,unknown,,False
16216,2848,2018-12-08,UFC 231 - Holloway vs. Ortega,unanimous,False,wikipedia,prelims,wikipedia,False,False
16217,2848,2018-12-08,UFC 231 - Holloway vs. Ortega,split,False,wikipedia,,unknown,,True
16218,2848,2018-12-08,UFC 231 - Holloway vs. Ortega,split,False,wikipedia,prelims,wikipedia,False,True
16219,2848,2018-12-08,UFC 231 - Holloway vs. Ortega,unanimous,False,wikipedia,early_prelims,wikipedia,False,False
16225,2849,2018-12-01,UFC Fight Night 142 - Dos Santos vs. Tuivasa,unanimous,False,wikipedia,main_card,wikipedia,False,False
16229,2849,2018-12-01,UFC Fight Night 142 - Dos Santos vs. Tuivasa,unanimous,False,wikipedia,prelims,wikipedia,False,False
16230,2849,2018-12-01,UFC Fight Night 142 - Dos Santos vs. Tuivasa,unanimous,False,wikipedia,prelims,wikipedia,False,False
16231,2849,2018-12-01,UFC Fight Night 142 - Dos Santos vs. Tuivasa,split,False,wikipedia,prelims,wikipedia,False,False
16232,2849,2018-12-01,UFC Fight Night 142 - Dos Santos vs. Tuivasa,unanimous,True,wikipedia,prelims,wikipedia,False,False
16233,2849,2018-12-01,UFC Fight Night 142 - Dos Santos vs. Tuivasa,unanimous,False,wikipedia,early_prelims,wikipedia,False,False
16234,2849,2018-12-01,UFC Fight Night 142 - Dos Santos vs. Tuivasa,unanimous,False,wikipedia,early_prelims,wikipedia,False,False
16235,2850,2018-11-30,UFC - The Ultimate Fighter 28 Finale,unanimous,False,wikipedia (resolved by hand-rule),main_event,wikipedia,False,False
16239,2850,2018-11-30,UFC - The Ultimate Fighter 28 Finale,split,False,wikipedia (resolved by hand-rule),main_card,wikipedia,False,False
16240,2850,2018-11-30,UFC - The Ultimate Fighter 28 Finale,unanimous,False,wikipedia (resolved by hand-rule),main_card,wikipedia,False,False
16241,2850,2018-11-30,UFC - The Ultimate Fighter 28 Finale,unanimous,False,wikipedia (resolved by hand-rule),prelims,wikipedia,False,False
16244,2850,2018-11-30,UFC - The Ultimate Fighter 28 Finale,split,False,wikipedia (resolved by hand-rule),prelims,wikipedia,False,False
16250,2851,2018-11-24,UFC Fight Night 141 - Blaydes vs. Ngannou 2,unanimous,False,wikipedia,main_card,wikipedia,False,False
16252,2851,2018-11-24,UFC Fight Night 141 - Blaydes vs. Ngannou 2,unanimous,True,wikipedia,early_prelims,wikipedia,False,False
16254,2851,2018-11-24,UFC Fight Night 141 - Blaydes vs. Ngannou 2,unanimous,False,wikipedia,early_prelims,wikipedia,False,False
16256,2851,2018-11-24,UFC Fight Night 141 - Blaydes vs. Ngannou 2,split,False,wikipedia,early_prelims,wikipedia,False,False
16257,2851,2018-11-24,UFC Fight Night 141 - Blaydes vs. Ngannou 2,unanimous,False,wikipedia,early_prelims,wikipedia,False,False
16263,2852,2018-11-17,UFC Fight Night 140 - Magny vs. Ponzinibbio,unanimous,False,wikipedia,main_card,wikipedia,False,False
16268,2852,2018-11-17,UFC Fight Night 140 - Magny vs. Ponzinibbio,unanimous,False,wikipedia,prelims,wikipedia,False,False
16269,2852,2018-11-17,UFC Fight Night 140 - Magny vs. Ponzinibbio,unanimous,True,wikipedia,prelims,wikipedia,False,False
16270,2852,2018-11-17,UFC Fight Night 140 - Magny vs. Ponzinibbio,unanimous,False,wikipedia,early_prelims,wikipedia,False,False
16271,2852,2018-11-17,UFC Fight Night 140 - Magny vs. Ponzinibbio,unanimous,False,wikipedia,early_prelims,wikipedia,False,False
16274,2853,2018-11-10,UFC Fight Night 139 - Korean Zombie vs. Rodriguez,unanimous,False,wikipedia,main_card,wikipedia,False,False
16275,2853,2018-11-10,UFC Fight Night 139 - Korean Zombie vs. Rodriguez,unanimous,False,wikipedia,main_card,wikipedia,False,False
16277,2853,2018-11-10,UFC Fight Night 139 - Korean Zombie vs. Rodriguez,split,False,wikipedia,main_card,wikipedia,False,False
16278,2853,2018-11-10,UFC Fight Night 139 - Korean Zombie vs. Rodriguez,split,False,wikipedia,,unknown,,False
16282,2853,2018-11-10,UFC Fight Night 139 - Korean Zombie vs. Rodriguez,split,False,wikipedia,early_prelims,wikipedia,False,False
16283,2853,2018-11-10,UFC Fight Night 139 - Korean Zombie vs. Rodriguez,split,False,wikipedia,early_prelims,wikipedia,False,False
16287,2854,2018-11-03,UFC 230 - Cormier vs. Lewis,unanimous,False,wikipedia,main_card,wikipedia,False,False
16289,2854,2018-11-03,UFC 230 - Cormier vs. Lewis,unanimous,False,wikipedia,prelims,wikipedia,False,False
16290,2854,2018-11-03,UFC 230 - Cormier vs. Lewis,unanimous,False,wikipedia,prelims,wikipedia,False,False
16291,2854,2018-11-03,UFC 230 - Cormier vs. Lewis,split,False,wikipedia,prelims,wikipedia,False,False
16295,2854,2018-11-03,UFC 230 - Cormier vs. Lewis,unanimous,False,wikipedia,early_prelims,wikipedia,False,False
16297,2855,2018-10-27,UFC Fight Night 138 - Oezdemir vs. Smith,unanimous,False,wikipedia,co_main,wikipedia,False,False
16299,2855,2018-10-27,UFC Fight Night 138 - Oezdemir vs. Smith,unanimous,False,wikipedia,main_card,wikipedia,False,False
16300,2855,2018-10-27,UFC Fight Night 138 - Oezdemir vs. Smith,split,False,wikipedia,main_card,wikipedia,False,True
16301,2855,2018-10-27,UFC Fight Night 138 - Oezdemir vs. Smith,unanimous,False,wikipedia,main_card,wikipedia,False,False
16303,2855,2018-10-27,UFC Fight Night 138 - Oezdemir vs. Smith,unanimous,True,wikipedia,prelims,wikipedia,False,False
16305,2855,2018-10-27,UFC Fight Night 138 - Oezdemir vs. Smith,unanimous,False,wikipedia,prelims,wikipedia,False,False
16307,2855,2018-10-27,UFC Fight Night 138 - Oezdemir vs. Smith,unanimous,False,wikipedia,early_prelims,wikipedia,False,False
16308,2855,2018-10-27,UFC Fight Night 138 - Oezdemir vs. Smith,unanimous,False,wikipedia,early_prelims,wikipedia,False,False
16311,2856,2018-10-06,UFC 229 - Nurmagomedov vs. McGregor,unanimous,False,wikipedia,main_card,wikipedia,False,False
16313,2856,2018-10-06,UFC 229 - Nurmagomedov vs. McGregor,unanimous,False,wikipedia,main_card,wikipedia,False,False
16314,2856,2018-10-06,UFC 229 - Nurmagomedov vs. McGregor,unanimous,False,wikipedia,prelims,wikipedia,False,False
16318,2856,2018-10-06,UFC 229 - Nurmagomedov vs. McGregor,unanimous,False,wikipedia,,unknown,,False
16324,2857,2018-09-22,UFC Fight Night 137 - Santos vs. Anders,split,False,wikipedia,main_card,wikipedia,False,False
16328,2857,2018-09-22,UFC Fight Night 137 - Santos vs. Anders,unanimous,False,wikipedia,prelims,wikipedia,False,False
16332,2857,2018-09-22,UFC Fight Night 137 - Santos vs. Anders,unanimous,False,wikipedia,prelims,wikipedia,False,False
16338,2858,2018-09-08,UFC 228 - Woodley vs. Till,unanimous,False,wikipedia,main_card,wikipedia,False,False
16344,2858,2018-09-08,UFC 228 - Woodley vs. Till,unanimous,False,wikipedia,prelims,wikipedia,False,False
16346,2858,2018-09-08,UFC 228 - Woodley vs. Till,split,True,wikipedia,prelims,wikipedia,False,True
16347,2858,2018-09-08,UFC 228 - Woodley vs. Till,split,False,wikipedia,prelims,wikipedia,False,False
16350,2871,2018-09-15,UFC Fight Night 136 - Hunt vs. Oleynik,unanimous,False,wikipedia,main_card,wikipedia,False,False
16351,2871,2018-09-15,UFC Fight Night 136 - Hunt vs. Oleynik,unanimous,False,wikipedia,main_card,wikipedia,False,False
16353,2871,2018-09-15,UFC Fight Night 136 - Hunt vs. Oleynik,unanimous,True,wikipedia,prelims,wikipedia,False,False
16354,2871,2018-09-15,UFC Fight Night 136 - Hunt vs. Oleynik,split,False,wikipedia,prelims,wikipedia,False,True
16355,2871,2018-09-15,UFC Fight Night 136 - Hunt vs. Oleynik,unanimous,False,wikipedia,prelims,wikipedia,False,False
16358,2871,2018-09-15,UFC Fight Night 136 - Hunt vs. Oleynik,unanimous,False,wikipedia,prelims,wikipedia,False,False
16359,2871,2018-09-15,UFC Fight Night 136 - Hunt vs. Oleynik,unanimous,False,wikipedia,prelims,wikipedia,False,False
16360,2906,2018-06-23,UFC Fight Night 132 - Cerrone vs. Edwards,unanimous,False,wikipedia,main_event,wikipedia,False,False
16362,2906,2018-06-23,UFC Fight Night 132 - Cerrone vs. Edwards,unanimous,False,wikipedia,main_card,wikipedia,False,False
16363,2906,2018-06-23,UFC Fight Night 132 - Cerrone vs. Edwards,unanimous,False,wikipedia,main_card,wikipedia,False,False
16369,2906,2018-06-23,UFC Fight Night 132 - Cerrone vs. Edwards,unanimous,False,wikipedia,prelims,wikipedia,False,False
16370,2906,2018-06-23,UFC Fight Night 132 - Cerrone vs. Edwards,split,False,wikipedia,prelims,wikipedia,False,True
16372,2906,2018-06-23,UFC Fight Night 132 - Cerrone vs. Edwards,split,False,wikipedia,prelims,wikipedia,False,False
16374,2911,2018-08-25,UFC Fight Night 135 - Gaethje vs. Vick,split,False,wikipedia,co_main,wikipedia,False,True
16375,2911,2018-08-25,UFC Fight Night 135 - Gaethje vs. Vick,split,False,wikipedia,main_card,wikipedia,False,True
16381,2911,2018-08-25,UFC Fight Night 135 - Gaethje vs. Vick,unanimous,False,wikipedia,prelims,wikipedia,False,False
16384,2911,2018-08-25,UFC Fight Night 135 - Gaethje vs. Vick,unanimous,False,wikipedia,prelims,wikipedia,False,False
16387,2912,2018-08-04,UFC 227 - Dillashaw vs. Garbrandt 2,split,True,wikipedia,co_main,wikipedia,True,True
16389,2912,2018-08-04,UFC 227 - Dillashaw vs. Garbrandt 2,unanimous,False,wikipedia,,unknown,,False
16390,2912,2018-08-04,UFC 227 - Dillashaw vs. Garbrandt 2,unanimous,False,wikipedia,main_card,wikipedia,False,False
16391,2912,2018-08-04,UFC 227 - Dillashaw vs. Garbrandt 2,unanimous,False,wikipedia,prelims,wikipedia,False,False
16392,2912,2018-08-04,UFC 227 - Dillashaw vs. Garbrandt 2,unanimous,False,wikipedia,prelims,wikipedia,False,False
16393,2912,2018-08-04,UFC 227 - Dillashaw vs. Garbrandt 2,split,False,wikipedia,prelims,wikipedia,False,True
16394,2912,2018-08-04,UFC 227 - Dillashaw vs. Garbrandt 2,unanimous,False,wikipedia,prelims,wikipedia,False,False
16396,2912,2018-08-04,UFC 227 - Dillashaw vs. Garbrandt 2,unanimous,False,wikipedia,early_prelims,wikipedia,False,False
16400,2913,2018-07-28,UFC on Fox 30 - Alvarez vs. Poirier 2,unanimous,False,wikipedia,,unknown,,False
16401,2913,2018-07-28,UFC on Fox 30 - Alvarez vs. Poirier 2,unanimous,False,wikipedia,main_card,wikipedia,False,False
16402,2913,2018-07-28,UFC on Fox 30 - Alvarez vs. Poirier 2,unanimous,False,wikipedia,prelims,wikipedia,False,False
16403,2913,2018-07-28,UFC on Fox 30 - Alvarez vs. Poirier 2,unanimous,False,wikipedia,prelims,wikipedia,False,False
16406,2913,2018-07-28,UFC on Fox 30 - Alvarez vs. Poirier 2,unanimous,True,wikipedia,prelims,wikipedia,False,False
16407,2913,2018-07-28,UFC on Fox 30 - Alvarez vs. Poirier 2,unanimous,False,wikipedia,,unknown,,False
16409,2913,2018-07-28,UFC on Fox 30 - Alvarez vs. Poirier 2,unanimous,False,wikipedia,,unknown,,False
16412,2914,2018-07-22,UFC Fight Night 134 - Shogun vs. Smith,unanimous,False,wikipedia,co_main,wikipedia,False,False
16413,2914,2018-07-22,UFC Fight Night 134 - Shogun vs. Smith,unanimous,False,wikipedia,main_card,wikipedia,False,False
16414,2914,2018-07-22,UFC Fight Night 134 - Shogun vs. Smith,unanimous,False,wikipedia,main_card,wikipedia,False,False
16415,2914,2018-07-22,UFC Fight Night 134 - Shogun vs. Smith,split,True,wikipedia,main_card,wikipedia,False,False
16416,2914,2018-07-22,UFC Fight Night 134 - Shogun vs. Smith,unanimous,False,wikipedia,main_card,wikipedia,False,False
16417,2914,2018-07-22,UFC Fight Night 134 - Shogun vs. Smith,split,False,wikipedia,prelims,wikipedia,False,True
16418,2914,2018-07-22,UFC Fight Night 134 - Shogun vs. Smith,unanimous,False,wikipedia,prelims,wikipedia,False,False
16419,2914,2018-07-22,UFC Fight Night 134 - Shogun vs. Smith,unanimous,False,wikipedia,prelims,wikipedia,False,False
16420,2914,2018-07-22,UFC Fight Night 134 - Shogun vs. Smith,unanimous,False,wikipedia,prelims,wikipedia,False,False
16423,2914,2018-07-22,UFC Fight Night 134 - Shogun vs. Smith,unanimous,False,wikipedia,prelims,wikipedia,False,False
16424,2981,2018-07-14,UFC Fight Night 133 - Dos Santos vs. Ivanov,unanimous,False,wikipedia,main_event,wikipedia,False,False
16426,2981,2018-07-14,UFC Fight Night 133 - Dos Santos vs. Ivanov,split,False,wikipedia,main_card,wikipedia,False,True
16429,2981,2018-07-14,UFC Fight Night 133 - Dos Santos vs. Ivanov,unanimous,False,wikipedia,main_card,wikipedia,False,False
16430,2981,2018-07-14,UFC Fight Night 133 - Dos Santos vs. Ivanov,unanimous,False,wikipedia,prelims,wikipedia,False,False
16431,2981,2018-07-14,UFC Fight Night 133 - Dos Santos vs. Ivanov,unanimous,False,wikipedia,prelims,wikipedia,False,False
16432,2981,2018-07-14,UFC Fight Night 133 - Dos Santos vs. Ivanov,split,False,wikipedia,prelims,wikipedia,False,False
16434,2981,2018-07-14,UFC Fight Night 133 - Dos Santos vs. Ivanov,unanimous,False,wikipedia,prelims,wikipedia,False,False
16436,2981,2018-07-14,UFC Fight Night 133 - Dos Santos vs. Ivanov,unanimous,False,wikipedia,prelims,wikipedia,False,False
16437,2993,2018-05-27,UFC Fight Night 130 - Thompson vs. Till,unanimous,False,wikipedia,main_event,wikipedia,False,False
16440,2993,2018-05-27,UFC Fight Night 130 - Thompson vs. Till,split,False,wikipedia,main_card,wikipedia,False,True
16444,2993,2018-05-27,UFC Fight Night 130 - Thompson vs. Till,unanimous,False,wikipedia,prelims,wikipedia,False,False
16445,2993,2018-05-27,UFC Fight Night 130 - Thompson vs. Till,split,False,wikipedia,prelims,wikipedia,False,False
16447,2993,2018-05-27,UFC Fight Night 130 - Thompson vs. Till,unanimous,False,wikipedia,prelims,wikipedia,False,False
16448,3013,2018-07-06,UFC - The Ultimate Fighter 27 Finale,unanimous,False,wikipedia (resolved by hand-rule),main_event,wikipedia,False,False
16449,3013,2018-07-06,UFC - The Ultimate Fighter 27 Finale,split,False,wikipedia (resolved by hand-rule),co_main,wikipedia,False,False
16450,3013,2018-07-06,UFC - The Ultimate Fighter 27 Finale,unanimous,False,wikipedia (resolved by hand-rule),main_card,wikipedia,False,False
16451,3013,2018-07-06,UFC - The Ultimate Fighter 27 Finale,split,True,wikipedia (resolved by hand-rule),main_card,wikipedia,False,True
16453,3013,2018-07-06,UFC - The Ultimate Fighter 27 Finale,split,False,wikipedia (resolved by hand-rule),main_card,wikipedia,False,True
16456,3013,2018-07-06,UFC - The Ultimate Fighter 27 Finale,majority,False,wikipedia (resolved by hand-rule),prelims,wikipedia,False,False
16457,3013,2018-07-06,UFC - The Ultimate Fighter 27 Finale,majority,False,wikipedia (resolved by hand-rule),prelims,wikipedia,False,False
16458,3013,2018-07-06,UFC - The Ultimate Fighter 27 Finale,split,False,wikipedia (resolved by hand-rule),prelims,wikipedia,False,False
16460,3014,2018-05-19,UFC Fight Night 129 - Maia vs. Usman,unanimous,False,wikipedia,main_event,wikipedia,False,False
16463,3014,2018-05-19,UFC Fight Night 129 - Maia vs. Usman,unanimous,False,wikipedia,main_card,wikipedia,False,False
16464,3014,2018-05-19,UFC Fight Night 129 - Maia vs. Usman,unanimous,True,wikipedia,,unknown,,False
16466,3014,2018-05-19,UFC Fight Night 129 - Maia vs. Usman,split,False,wikipedia,prelims,wikipedia,False,True
16467,3014,2018-05-19,UFC Fight Night 129 - Maia vs. Usman,unanimous,False,wikipedia,prelims,wikipedia,False,False
16470,3014,2018-05-19,UFC Fight Night 129 - Maia vs. Usman,unanimous,False,wikipedia,prelims,wikipedia,False,False
16471,3014,2018-05-19,UFC Fight Night 129 - Maia vs. Usman,unanimous,False,wikipedia,,unknown,,False
16478,3015,2018-06-01,UFC Fight Night 131 - Rivera vs. Moraes,split,False,wikipedia,main_card,wikipedia,False,True
16479,3015,2018-06-01,UFC Fight Night 131 - Rivera vs. Moraes,unanimous,False,wikipedia,prelims,wikipedia,False,False
16480,3015,2018-06-01,UFC Fight Night 131 - Rivera vs. Moraes,unanimous,False,wikipedia,prelims,wikipedia,False,False
16481,3015,2018-06-01,UFC Fight Night 131 - Rivera vs. Moraes,unanimous,False,wikipedia,prelims,wikipedia,False,False
16482,3015,2018-06-01,UFC Fight Night 131 - Rivera vs. Moraes,unanimous,False,wikipedia,prelims,wikipedia,False,False
16485,3016,2018-06-09,UFC 225 - Whittaker vs. Romero 2,split,True,wikipedia (resolved by hand-rule),main_event,wikipedia,True,True
16486,3016,2018-06-09,UFC 225 - Whittaker vs. Romero 2,unanimous,False,wikipedia (resolved by hand-rule),co_main,wikipedia,True,False
16487,3016,2018-06-09,UFC 225 - Whittaker vs. Romero 2,unanimous,False,wikipedia (resolved by hand-rule),main_card,wikipedia,False,False
16488,3016,2018-06-09,UFC 225 - Whittaker vs. Romero 2,unanimous,False,wikipedia (resolved by hand-rule),main_card,wikipedia,False,False
16491,3016,2018-06-09,UFC 225 - Whittaker vs. Romero 2,split,False,wikipedia (resolved by hand-rule),prelims,wikipedia,False,True
16492,3016,2018-06-09,UFC 225 - Whittaker vs. Romero 2,split,False,wikipedia (resolved by hand-rule),prelims,wikipedia,False,True
16495,3016,2018-06-09,UFC 225 - Whittaker vs. Romero 2,split,False,wikipedia (resolved by hand-rule),prelims,wikipedia,False,True
16499,3017,2018-05-12,UFC 224 - Nunes vs. Pennington,split,True,wikipedia,co_main,wikipedia,False,True
16509,3017,2018-05-12,UFC 224 - Nunes vs. Pennington,unanimous,False,wikipedia,prelims,wikipedia,False,False
16512,3018,2018-04-21,UFC Fight Night 128 - Barboza vs. Lee,unanimous,False,wikipedia,co_main,wikipedia,False,False
16513,3018,2018-04-21,UFC Fight Night 128 - Barboza vs. Lee,unanimous,False,wikipedia,main_card,wikipedia,False,False
16515,3018,2018-04-21,UFC Fight Night 128 - Barboza vs. Lee,unanimous,False,wikipedia,main_card,wikipedia,False,False
16517,3018,2018-04-21,UFC Fight Night 128 - Barboza vs. Lee,unanimous,False,wikipedia,prelims,wikipedia,False,False
16520,3018,2018-04-21,UFC Fight Night 128 - Barboza vs. Lee,unanimous,False,wikipedia,prelims,wikipedia,False,False
16521,3018,2018-04-21,UFC Fight Night 128 - Barboza vs. Lee,unanimous,False,wikipedia,prelims,wikipedia,False,False
16523,3021,2018-07-07,UFC 226 - Miocic vs. Cormier,unanimous,False,wikipedia,co_main,wikipedia,False,False
16524,3021,2018-07-07,UFC 226 - Miocic vs. Cormier,split,False,wikipedia,main_card,wikipedia,False,True
16528,3021,2018-07-07,UFC 226 - Miocic vs. Cormier,unanimous,False,wikipedia,prelims,wikipedia,False,False
16529,3021,2018-07-07,UFC 226 - Miocic vs. Cormier,unanimous,False,wikipedia,prelims,wikipedia,False,False
16530,3021,2018-07-07,UFC 226 - Miocic vs. Cormier,unanimous,False,wikipedia,prelims,wikipedia,False,False
16532,3021,2018-07-07,UFC 226 - Miocic vs. Cormier,unanimous,False,wikipedia,prelims,wikipedia,False,False
16535,3023,2018-04-14,UFC on Fox 29 - Poirier vs. Gaethje,split,False,wikipedia,main_card,wikipedia,False,True
16536,3023,2018-04-14,UFC on Fox 29 - Poirier vs. Gaethje,split,False,wikipedia,main_card,wikipedia,False,True
16539,3023,2018-04-14,UFC on Fox 29 - Poirier vs. Gaethje,unanimous,False,wikipedia,prelims,wikipedia,False,False
16542,3023,2018-04-14,UFC on Fox 29 - Poirier vs. Gaethje,unanimous,False,wikipedia,prelims,wikipedia,False,False
16543,3023,2018-04-14,UFC on Fox 29 - Poirier vs. Gaethje,unanimous,False,wikipedia,prelims,wikipedia,False,False
16546,3023,2018-04-14,UFC on Fox 29 - Poirier vs. Gaethje,unanimous,False,wikipedia,prelims,wikipedia,False,False
16547,3024,2018-04-07,UFC 223 - Khabib vs. Iaquinta,unanimous,False,wikipedia,main_event,wikipedia,True,False
16548,3024,2018-04-07,UFC 223 - Khabib vs. Iaquinta,unanimous,False,wikipedia,co_main,wikipedia,True,False
16549,3024,2018-04-07,UFC 223 - Khabib vs. Iaquinta,unanimous,False,wikipedia,,unknown,,False
16550,3024,2018-04-07,UFC 223 - Khabib vs. Iaquinta,unanimous,True,wikipedia,main_card,wikipedia,False,False
16552,3024,2018-04-07,UFC 223 - Khabib vs. Iaquinta,split,False,wikipedia,prelims,wikipedia,False,True
16554,3024,2018-04-07,UFC 223 - Khabib vs. Iaquinta,unanimous,False,wikipedia,prelims,wikipedia,False,False
16555,3024,2018-04-07,UFC 223 - Khabib vs. Iaquinta,unanimous,False,wikipedia,prelims,wikipedia,False,False
16571,3055,2018-03-17,UFC Fight Night 127 - Werdum vs. Volkov,unanimous,True,wikipedia,,unknown,,False
16572,3055,2018-03-17,UFC Fight Night 127 - Werdum vs. Volkov,unanimous,False,wikipedia,main_card,wikipedia,False,False
16578,3055,2018-03-17,UFC Fight Night 127 - Werdum vs. Volkov,split,False,wikipedia,prelims,wikipedia,False,True
16581,3056,2018-02-24,UFC on Fox 28 - Emmett vs. Stephens,unanimous,False,wikipedia,,unknown,,False
16583,3056,2018-02-24,UFC on Fox 28 - Emmett vs. Stephens,unanimous,False,wikipedia,main_card,wikipedia,False,False
16584,3056,2018-02-24,UFC on Fox 28 - Emmett vs. Stephens,unanimous,False,wikipedia,prelims,wikipedia,False,False
16586,3056,2018-02-24,UFC on Fox 28 - Emmett vs. Stephens,unanimous,False,wikipedia,prelims,wikipedia,False,False
16590,3056,2018-02-24,UFC on Fox 28 - Emmett vs. Stephens,unanimous,False,wikipedia,prelims,wikipedia,False,False
16594,3057,2018-02-18,UFC Fight Night 126 - Cerrone vs. Medeiros,unanimous,False,wikipedia,main_card,wikipedia,False,False
16596,3057,2018-02-18,UFC Fight Night 126 - Cerrone vs. Medeiros,unanimous,True,wikipedia,main_card,wikipedia,False,False
16597,3057,2018-02-18,UFC Fight Night 126 - Cerrone vs. Medeiros,unanimous,False,wikipedia,main_card,wikipedia,False,False
16601,3057,2018-02-18,UFC Fight Night 126 - Cerrone vs. Medeiros,unanimous,False,wikipedia,prelims,wikipedia,False,False
16605,3058,2018-01-27,UFC on Fox 27 - Jacare vs. Brunson 2,split,False,wikipedia,co_main,wikipedia,False,True
16607,3058,2018-01-27,UFC on Fox 27 - Jacare vs. Brunson 2,unanimous,True,wikipedia,main_card,wikipedia,False,False
16608,3058,2018-01-27,UFC on Fox 27 - Jacare vs. Brunson 2,unanimous,False,wikipedia,,unknown,,False
16610,3058,2018-01-27,UFC on Fox 27 - Jacare vs. Brunson 2,unanimous,False,wikipedia,,unknown,,False
16611,3058,2018-01-27,UFC on Fox 27 - Jacare vs. Brunson 2,unanimous,False,wikipedia,prelims,wikipedia,False,False
16612,3058,2018-01-27,UFC on Fox 27 - Jacare vs. Brunson 2,split,False,wikipedia,prelims,wikipedia,False,True
16613,3058,2018-01-27,UFC on Fox 27 - Jacare vs. Brunson 2,unanimous,False,wikipedia,prelims,wikipedia,False,False
16618,3059,2018-03-03,UFC 222 - Cyborg vs. Kunitskaya,unanimous,True,wikipedia,main_card,wikipedia,False,False
16619,3059,2018-03-03,UFC 222 - Cyborg vs. Kunitskaya,unanimous,False,wikipedia,main_card,wikipedia,False,False
16620,3059,2018-03-03,UFC 222 - Cyborg vs. Kunitskaya,split,False,wikipedia,main_card,wikipedia,False,True
16621,3059,2018-03-03,UFC 222 - Cyborg vs. Kunitskaya,split,False,wikipedia,prelims,wikipedia,False,True
16623,3059,2018-03-03,UFC 222 - Cyborg vs. Kunitskaya,split,False,wikipedia,prelims,wikipedia,False,True
16626,3059,2018-03-03,UFC 222 - Cyborg vs. Kunitskaya,split,False,wikipedia,prelims,wikipedia,False,True
16627,3059,2018-03-03,UFC 222 - Cyborg vs. Kunitskaya,split,False,wikipedia,prelims,wikipedia,False,True
16629,3060,2018-02-10,UFC 221 - Romero vs. Rockhold,unanimous,False,wikipedia,co_main,wikipedia,False,False
16631,3060,2018-02-10,UFC 221 - Romero vs. Rockhold,unanimous,True,wikipedia,main_card,wikipedia,False,False
16633,3060,2018-02-10,UFC 221 - Romero vs. Rockhold,split,False,wikipedia,prelims,wikipedia,False,True
16637,3060,2018-02-10,UFC 221 - Romero vs. Rockhold,unanimous,False,wikipedia,prelims,wikipedia,False,False
16638,3060,2018-02-10,UFC 221 - Romero vs. Rockhold,unanimous,False,wikipedia,prelims,wikipedia,False,False
16639,3060,2018-02-10,UFC 221 - Romero vs. Rockhold,unanimous,False,wikipedia,prelims,wikipedia,False,False
16640,3061,2018-02-03,UFC Fight Night 125 - Machida vs. Anders,split,False,wikipedia,main_event,wikipedia,False,True
16642,3061,2018-02-03,UFC Fight Night 125 - Machida vs. Anders,unanimous,False,wikipedia,main_card,wikipedia,False,False
16643,3061,2018-02-03,UFC Fight Night 125 - Machida vs. Anders,unanimous,False,wikipedia,main_card,wikipedia,False,False
16644,3061,2018-02-03,UFC Fight Night 125 - Machida vs. Anders,unanimous,False,wikipedia,main_card,wikipedia,False,False
16646,3061,2018-02-03,UFC Fight Night 125 - Machida vs. Anders,split,False,wikipedia,prelims,wikipedia,False,True
16647,3061,2018-02-03,UFC Fight Night 125 - Machida vs. Anders,unanimous,False,wikipedia,prelims,wikipedia,False,False
16652,3062,2018-01-14,UFC Fight Night 124 - Stephens vs. Choi,unanimous,False,wikipedia,co_main,wikipedia,False,False
16653,3062,2018-01-14,UFC Fight Night 124 - Stephens vs. Choi,unanimous,False,wikipedia,main_card,wikipedia,False,False
16655,3062,2018-01-14,UFC Fight Night 124 - Stephens vs. Choi,unanimous,False,wikipedia,prelims,wikipedia,False,False
16657,3062,2018-01-14,UFC Fight Night 124 - Stephens vs. Choi,unanimous,False,wikipedia,prelims,wikipedia,False,False
16659,3062,2018-01-14,UFC Fight Night 124 - Stephens vs. Choi,split,False,wikipedia,prelims,wikipedia,False,False
16660,3062,2018-01-14,UFC Fight Night 124 - Stephens vs. Choi,unanimous,False,wikipedia,,unknown,,False
16661,3062,2018-01-14,UFC Fight Night 124 - Stephens vs. Choi,unanimous,False,wikipedia,prelims,wikipedia,False,False
16662,3063,2018-01-20,UFC 220 - Miocic vs. Ngannou,unanimous,False,wikipedia,main_event,wikipedia,True,False
16665,3063,2018-01-20,UFC 220 - Miocic vs. Ngannou,split,False,wikipedia,main_card,wikipedia,False,True
16667,3063,2018-01-20,UFC 220 - Miocic vs. Ngannou,unanimous,False,wikipedia,prelims,wikipedia,False,False
16669,3063,2018-01-20,UFC 220 - Miocic vs. Ngannou,unanimous,False,wikipedia,prelims,wikipedia,False,False
16670,3063,2018-01-20,UFC 220 - Miocic vs. Ngannou,unanimous,False,wikipedia,prelims,wikipedia,False,False
16671,3063,2018-01-20,UFC 220 - Miocic vs. Ngannou,unanimous,False,wikipedia,prelims,wikipedia,False,False
16683,3086,2017-11-11,UFC Fight Night 120 - Poirier vs. Pettis,unanimous,False,wikipedia,main_card,wikipedia,False,False
16684,3086,2017-11-11,UFC Fight Night 120 - Poirier vs. Pettis,split,False,wikipedia,main_card,wikipedia,False,True
16687,3086,2017-11-11,UFC Fight Night 120 - Poirier vs. Pettis,split,False,wikipedia,prelims,wikipedia,False,True
16688,3086,2017-11-11,UFC Fight Night 120 - Poirier vs. Pettis,unanimous,False,wikipedia,prelims,wikipedia,False,False
16689,3086,2017-11-11,UFC Fight Night 120 - Poirier vs. Pettis,unanimous,False,wikipedia,prelims,wikipedia,False,False
16690,3086,2017-11-11,UFC Fight Night 120 - Poirier vs. Pettis,unanimous,False,wikipedia,,unknown,,False
16691,3086,2017-11-11,UFC Fight Night 120 - Poirier vs. Pettis,unanimous,False,wikipedia,prelims,wikipedia,False,False
16692,3086,2017-11-11,UFC Fight Night 120 - Poirier vs. Pettis,unanimous,False,wikipedia,prelims,wikipedia,False,False
16695,3089,2017-12-09,UFC Fight Night 123 - Swanson vs. Ortega,unanimous,False,wikipedia,co_main,wikipedia,False,False
16697,3089,2017-12-09,UFC Fight Night 123 - Swanson vs. Ortega,unanimous,False,wikipedia,main_card,wikipedia,False,False
16698,3089,2017-12-09,UFC Fight Night 123 - Swanson vs. Ortega,unanimous,False,wikipedia,main_card,wikipedia,False,False
16699,3089,2017-12-09,UFC Fight Night 123 - Swanson vs. Ortega,unanimous,False,wikipedia,main_card,wikipedia,False,False
16700,3089,2017-12-09,UFC Fight Night 123 - Swanson vs. Ortega,split,False,wikipedia,prelims,wikipedia,False,True
16703,3089,2017-12-09,UFC Fight Night 123 - Swanson vs. Ortega,split,False,wikipedia,prelims,wikipedia,False,False
16704,3089,2017-12-09,UFC Fight Night 123 - Swanson vs. Ortega,unanimous,False,wikipedia,prelims,wikipedia,False,False
16707,3090,2017-12-16,UFC on Fox 26 - Lawler vs. dos Anjos,unanimous,False,wikipedia,main_event,wikipedia,False,False
16709,3090,2017-12-16,UFC on Fox 26 - Lawler vs. dos Anjos,unanimous,False,wikipedia,main_card,wikipedia,False,False
16711,3090,2017-12-16,UFC on Fox 26 - Lawler vs. dos Anjos,unanimous,False,wikipedia,,unknown,,False
16715,3090,2017-12-16,UFC on Fox 26 - Lawler vs. dos Anjos,unanimous,False,wikipedia,prelims,wikipedia,False,False
16717,3090,2017-12-16,UFC on Fox 26 - Lawler vs. dos Anjos,unanimous,False,wikipedia,prelims,wikipedia,False,False
16734,3107,2017-11-25,UFC Fight Night 122 - Bisping vs. Gastelum,split,False,wikipedia,main_card,wikipedia,False,False
16738,3107,2017-11-25,UFC Fight Night 122 - Bisping vs. Gastelum,unanimous,False,wikipedia,prelims,wikipedia,False,False
16741,3107,2017-11-25,UFC Fight Night 122 - Bisping vs. Gastelum,unanimous,False,wikipedia,prelims,wikipedia,False,False
16742,3107,2017-11-25,UFC Fight Night 122 - Bisping vs. Gastelum,unanimous,False,wikipedia,,unknown,,False
16745,3108,2017-10-28,UFC Fight Night 119 - Brunson vs. Machida,unanimous,False,wikipedia,co_main,wikipedia,False,False
16747,3108,2017-10-28,UFC Fight Night 119 - Brunson vs. Machida,unanimous,False,wikipedia,main_card,wikipedia,False,False
16749,3108,2017-10-28,UFC Fight Night 119 - Brunson vs. Machida,unanimous,False,wikipedia,main_card,wikipedia,False,False
16752,3108,2017-10-28,UFC Fight Night 119 - Brunson vs. Machida,unanimous,False,wikipedia,prelims,wikipedia,False,False
16753,3108,2017-10-28,UFC Fight Night 119 - Brunson vs. Machida,unanimous,True,wikipedia,prelims,wikipedia,False,False
16754,3108,2017-10-28,UFC Fight Night 119 - Brunson vs. Machida,split,False,wikipedia,prelims,wikipedia,False,False
16761,3109,2017-09-16,UFC Fight Night 116 - Rockhold vs. Branch,split,False,wikipedia,,unknown,,False
16762,3109,2017-09-16,UFC Fight Night 116 - Rockhold vs. Branch,split,False,wikipedia,prelims,wikipedia,False,True
16766,3110,2017-12-30,UFC 219 - Cyborg vs. Holm,unanimous,True,wikipedia,main_event,sherdog is_main,,False
16767,3110,2017-12-30,UFC 219 - Cyborg vs. Holm,unanimous,False,wikipedia,co_main,wikipedia,False,False
16769,3110,2017-12-30,UFC 219 - Cyborg vs. Holm,unanimous,False,wikipedia,main_card,wikipedia,False,False
16770,3110,2017-12-30,UFC 219 - Cyborg vs. Holm,unanimous,False,wikipedia,main_card,wikipedia,False,False
16772,3110,2017-12-30,UFC 219 - Cyborg vs. Holm,unanimous,False,wikipedia,prelims,wikipedia,False,False
16774,3110,2017-12-30,UFC 219 - Cyborg vs. Holm,unanimous,False,wikipedia,prelims,wikipedia,False,False
16778,3111,2017-12-02,UFC 218 - Holloway vs. Aldo 2,unanimous,False,wikipedia,main_card,wikipedia,False,False
16780,3111,2017-12-02,UFC 218 - Holloway vs. Aldo 2,unanimous,False,wikipedia,,unknown,,False
16783,3111,2017-12-02,UFC 218 - Holloway vs. Aldo 2,unanimous,False,wikipedia,prelims,wikipedia,False,False
16784,3111,2017-12-02,UFC 218 - Holloway vs. Aldo 2,split,False,wikipedia,prelims,wikipedia,False,True
16792,3112,2017-11-04,UFC 217 - Bisping vs. St. Pierre,unanimous,False,wikipedia,main_card,wikipedia,False,False
16797,3112,2017-11-04,UFC 217 - Bisping vs. St. Pierre,unanimous,False,wikipedia,prelims,wikipedia,False,False
16800,3113,2017-12-01,UFC - The Ultimate Fighter 26 Finale,unanimous,True,wikipedia (resolved by hand-rule),main_event,wikipedia,True,False
16801,3113,2017-12-01,UFC - The Ultimate Fighter 26 Finale,unanimous,False,wikipedia (resolved by hand-rule),co_main,wikipedia,False,False
16802,3113,2017-12-01,UFC - The Ultimate Fighter 26 Finale,split,False,wikipedia (resolved by hand-rule),main_card,wikipedia,False,True
16811,3114,2017-11-18,UFC Fight Night 121 - Werdum vs. Tybura,unanimous,False,wikipedia,main_event,wikipedia,False,False
16812,3114,2017-11-18,UFC Fight Night 121 - Werdum vs. Tybura,split,False,wikipedia,co_main,wikipedia,False,False
16813,3114,2017-11-18,UFC Fight Night 121 - Werdum vs. Tybura,split,False,wikipedia,main_card,wikipedia,False,True
16814,3114,2017-11-18,UFC Fight Night 121 - Werdum vs. Tybura,split,False,wikipedia,main_card,wikipedia,False,True
16815,3114,2017-11-18,UFC Fight Night 121 - Werdum vs. Tybura,unanimous,False,wikipedia,main_card,wikipedia,False,False
16816,3114,2017-11-18,UFC Fight Night 121 - Werdum vs. Tybura,unanimous,False,wikipedia,main_card,wikipedia,False,False
16820,3114,2017-11-18,UFC Fight Night 121 - Werdum vs. Tybura,split,True,wikipedia,prelims,wikipedia,False,True
16821,3114,2017-11-18,UFC Fight Night 121 - Werdum vs. Tybura,unanimous,False,wikipedia,prelims,wikipedia,False,False
16822,3114,2017-11-18,UFC Fight Night 121 - Werdum vs. Tybura,unanimous,False,wikipedia,prelims,wikipedia,False,False
16823,3114,2017-11-18,UFC Fight Night 121 - Werdum vs. Tybura,unanimous,False,wikipedia,prelims,wikipedia,False,False
16829,3115,2017-10-07,UFC 216 - Ferguson vs. Lee,split,False,wikipedia,prelims,wikipedia,False,True
16831,3115,2017-10-07,UFC 216 - Ferguson vs. Lee,unanimous,False,wikipedia,prelims,wikipedia,False,False
16832,3115,2017-10-07,UFC 216 - Ferguson vs. Lee,unanimous,False,wikipedia,prelims,wikipedia,False,False
16834,3115,2017-10-07,UFC 216 - Ferguson vs. Lee,unanimous,False,wikipedia,prelims,wikipedia,False,False
16848,3205,2017-09-22,UFC Fight Night 117 - St. Preux vs. Okami,unanimous,True,wikipedia,co_main,wikipedia,False,False
16851,3205,2017-09-22,UFC Fight Night 117 - St. Preux vs. Okami,unanimous,False,wikipedia,main_card,wikipedia,False,False
16853,3205,2017-09-22,UFC Fight Night 117 - St. Preux vs. Okami,split,False,wikipedia,prelims,wikipedia,False,True
16854,3205,2017-09-22,UFC Fight Night 117 - St. Preux vs. Okami,split,False,wikipedia,prelims,wikipedia,False,False
16855,3205,2017-09-22,UFC Fight Night 117 - St. Preux vs. Okami,unanimous,False,wikipedia,prelims,wikipedia,False,False
16856,3205,2017-09-22,UFC Fight Night 117 - St. Preux vs. Okami,unanimous,False,wikipedia,prelims,wikipedia,False,False
16857,3206,2017-08-05,UFC Fight Night 114 - Pettis vs. Moreno,unanimous,False,wikipedia,main_event,wikipedia,False,False
16858,3206,2017-08-05,UFC Fight Night 114 - Pettis vs. Moreno,split,False,wikipedia,co_main,wikipedia,False,True
16861,3206,2017-08-05,UFC Fight Night 114 - Pettis vs. Moreno,split,False,wikipedia,main_card,wikipedia,False,True
16862,3206,2017-08-05,UFC Fight Night 114 - Pettis vs. Moreno,split,False,wikipedia,main_card,wikipedia,False,True
16866,3206,2017-08-05,UFC Fight Night 114 - Pettis vs. Moreno,unanimous,False,wikipedia,prelims,wikipedia,False,False
16869,3208,2017-09-09,UFC 215 - Nunes vs. Shevchenko 2,split,False,wikipedia,main_event,wikipedia,True,True
16872,3208,2017-09-09,UFC 215 - Nunes vs. Shevchenko 2,unanimous,False,wikipedia,main_card,wikipedia,False,False
16873,3208,2017-09-09,UFC 215 - Nunes vs. Shevchenko 2,unanimous,True,wikipedia,main_card,wikipedia,False,False
16876,3208,2017-09-09,UFC 215 - Nunes vs. Shevchenko 2,unanimous,False,wikipedia,prelims,wikipedia,False,False
16878,3208,2017-09-09,UFC 215 - Nunes vs. Shevchenko 2,unanimous,False,wikipedia,prelims,wikipedia,False,False
16881,3212,2017-07-22,UFC on Fox 25 - Weidman vs. Gastelum,split,False,wikipedia,co_main,wikipedia,False,True
16882,3212,2017-07-22,UFC on Fox 25 - Weidman vs. Gastelum,split,False,wikipedia,main_card,wikipedia,False,True
16883,3212,2017-07-22,UFC on Fox 25 - Weidman vs. Gastelum,unanimous,False,wikipedia,main_card,wikipedia,False,False
16884,3212,2017-07-22,UFC on Fox 25 - Weidman vs. Gastelum,split,True,wikipedia,prelims,wikipedia,False,False
16887,3212,2017-07-22,UFC on Fox 25 - Weidman vs. Gastelum,unanimous,False,wikipedia,prelims,wikipedia,False,False
16888,3212,2017-07-22,UFC on Fox 25 - Weidman vs. Gastelum,unanimous,False,wikipedia,prelims,wikipedia,False,False
16891,3212,2017-07-22,UFC on Fox 25 - Weidman vs. Gastelum,unanimous,False,wikipedia,,unknown,,False
16892,3212,2017-07-22,UFC on Fox 25 - Weidman vs. Gastelum,unanimous,False,wikipedia,prelims,wikipedia,False,False
16893,3221,2017-07-08,UFC 213 - Romero vs. Whittaker,unanimous,True,wikipedia,main_event,wikipedia,True,False
16894,3221,2017-07-08,UFC 213 - Romero vs. Whittaker,majority,False,wikipedia,co_main,wikipedia,False,False
16895,3221,2017-07-08,UFC 213 - Romero vs. Whittaker,unanimous,False,wikipedia,main_card,wikipedia,False,False
16896,3221,2017-07-08,UFC 213 - Romero vs. Whittaker,unanimous,False,wikipedia,main_card,wikipedia,False,False
16901,3221,2017-07-08,UFC 213 - Romero vs. Whittaker,unanimous,False,wikipedia,prelims,wikipedia,False,False
16902,3221,2017-07-08,UFC 213 - Romero vs. Whittaker,unanimous,False,wikipedia,prelims,wikipedia,False,False
16906,3222,2017-07-07,UFC - The Ultimate Fighter 25 Finale,split,False,wikipedia (resolved by hand-rule),main_card,wikipedia,False,False
16908,3222,2017-07-07,UFC - The Ultimate Fighter 25 Finale,unanimous,False,wikipedia (resolved by hand-rule),main_card,wikipedia,False,False
16909,3222,2017-07-07,UFC - The Ultimate Fighter 25 Finale,unanimous,False,wikipedia (resolved by hand-rule),main_card,wikipedia,False,False
16910,3222,2017-07-07,UFC - The Ultimate Fighter 25 Finale,unanimous,False,wikipedia (resolved by hand-rule),prelims,wikipedia,False,False
16911,3222,2017-07-07,UFC - The Ultimate Fighter 25 Finale,unanimous,False,wikipedia (resolved by hand-rule),prelims,wikipedia,False,False
16912,3222,2017-07-07,UFC - The Ultimate Fighter 25 Finale,unanimous,False,wikipedia (resolved by hand-rule),prelims,wikipedia,False,False
16914,3222,2017-07-07,UFC - The Ultimate Fighter 25 Finale,unanimous,False,wikipedia (resolved by hand-rule),prelims,wikipedia,False,False
16917,3229,2017-06-25,UFC Fight Night 112 - Chiesa vs. Lee,unanimous,False,wikipedia,main_card,wikipedia,False,False
16919,3229,2017-06-25,UFC Fight Night 112 - Chiesa vs. Lee,unanimous,False,wikipedia,main_card,wikipedia,False,False
16920,3229,2017-06-25,UFC Fight Night 112 - Chiesa vs. Lee,majority,False,wikipedia,main_card,wikipedia,False,False
16921,3229,2017-06-25,UFC Fight Night 112 - Chiesa vs. Lee,unanimous,False,wikipedia,prelims,wikipedia,False,False
16922,3229,2017-06-25,UFC Fight Night 112 - Chiesa vs. Lee,unanimous,False,wikipedia,prelims,wikipedia,False,False
16923,3229,2017-06-25,UFC Fight Night 112 - Chiesa vs. Lee,unanimous,False,wikipedia,prelims,wikipedia,False,False
16924,3229,2017-06-25,UFC Fight Night 112 - Chiesa vs. Lee,split,False,wikipedia,prelims,wikipedia,False,False
16926,3229,2017-06-25,UFC Fight Night 112 - Chiesa vs. Lee,unanimous,False,wikipedia,prelims,wikipedia,False,False
16929,3231,2017-10-21,UFC Fight Night 118 - Cerrone vs. Till,unanimous,False,wikipedia,co_main,wikipedia,False,False
16931,3231,2017-10-21,UFC Fight Night 118 - Cerrone vs. Till,unanimous,False,wikipedia,main_card,wikipedia,False,False
16932,3231,2017-10-21,UFC Fight Night 118 - Cerrone vs. Till,unanimous,False,wikipedia,prelims,wikipedia,False,False
16934,3231,2017-10-21,UFC Fight Night 118 - Cerrone vs. Till,unanimous,False,wikipedia,prelims,wikipedia,False,False
16935,3231,2017-10-21,UFC Fight Night 118 - Cerrone vs. Till,unanimous,False,wikipedia,prelims,wikipedia,False,False
16936,3231,2017-10-21,UFC Fight Night 118 - Cerrone vs. Till,unanimous,False,wikipedia,prelims,wikipedia,False,False
16938,3231,2017-10-21,UFC Fight Night 118 - Cerrone vs. Till,unanimous,False,wikipedia,prelims,wikipedia,False,False
16942,3232,2017-09-02,UFC Fight Night 115 - Volkov vs. Struve,unanimous,False,wikipedia,main_card,wikipedia,False,False
16943,3232,2017-09-02,UFC Fight Night 115 - Volkov vs. Struve,unanimous,False,wikipedia,prelims,wikipedia,False,False
16946,3232,2017-09-02,UFC Fight Night 115 - Volkov vs. Struve,unanimous,False,wikipedia,prelims,wikipedia,False,False
16947,3232,2017-09-02,UFC Fight Night 115 - Volkov vs. Struve,unanimous,False,wikipedia,prelims,wikipedia,False,False
16952,3233,2017-07-16,UFC Fight Night 113 - Nelson vs. Ponzinibbio,unanimous,False,wikipedia,,unknown,,False
16954,3233,2017-07-16,UFC Fight Night 113 - Nelson vs. Ponzinibbio,unanimous,False,wikipedia,main_card,wikipedia,False,False
16956,3233,2017-07-16,UFC Fight Night 113 - Nelson vs. Ponzinibbio,unanimous,False,wikipedia,main_card,wikipedia,False,False
16960,3233,2017-07-16,UFC Fight Night 113 - Nelson vs. Ponzinibbio,unanimous,True,wikipedia,prelims,wikipedia,False,False
16961,3233,2017-07-16,UFC Fight Night 113 - Nelson vs. Ponzinibbio,unanimous,False,wikipedia,prelims,wikipedia,False,False
16968,3235,2017-06-10,UFC Fight Night 110 - Hunt vs. Lewis,unanimous,False,wikipedia,main_card,wikipedia,False,False
16970,3235,2017-06-10,UFC Fight Night 110 - Hunt vs. Lewis,unanimous,False,wikipedia,prelims,wikipedia,False,False
16971,3235,2017-06-10,UFC Fight Night 110 - Hunt vs. Lewis,unanimous,False,wikipedia,prelims,wikipedia,False,False
16972,3235,2017-06-10,UFC Fight Night 110 - Hunt vs. Lewis,split,False,wikipedia,prelims,wikipedia,False,False
16973,3235,2017-06-10,UFC Fight Night 110 - Hunt vs. Lewis,unanimous,False,wikipedia,,unknown,,False
16977,3236,2017-05-28,UFC Fight Night 109 - Gustafsson vs. Teixeira,split,False,wikipedia,main_card,wikipedia,False,True
16978,3236,2017-05-28,UFC Fight Night 109 - Gustafsson vs. Teixeira,unanimous,False,wikipedia,main_card,wikipedia,False,False
16980,3236,2017-05-28,UFC Fight Night 109 - Gustafsson vs. Teixeira,unanimous,False,wikipedia,prelims,wikipedia,False,False
16981,3236,2017-05-28,UFC Fight Night 109 - Gustafsson vs. Teixeira,unanimous,False,wikipedia,prelims,wikipedia,False,False
16982,3236,2017-05-28,UFC Fight Night 109 - Gustafsson vs. Teixeira,split,False,wikipedia,prelims,wikipedia,False,True
16984,3236,2017-05-28,UFC Fight Night 109 - Gustafsson vs. Teixeira,unanimous,False,wikipedia,prelims,wikipedia,False,False
16987,3241,2017-06-17,UFC Fight Night 111 - Holm vs. Correia,unanimous,False,wikipedia,co_main,wikipedia,False,False
16988,3241,2017-06-17,UFC Fight Night 111 - Holm vs. Correia,unanimous,False,wikipedia,main_card,wikipedia,False,False
16989,3241,2017-06-17,UFC Fight Night 111 - Holm vs. Correia,unanimous,False,wikipedia,main_card,wikipedia,False,False
16994,3241,2017-06-17,UFC Fight Night 111 - Holm vs. Correia,unanimous,True,wikipedia,prelims,wikipedia,False,False
16996,3241,2017-06-17,UFC Fight Night 111 - Holm vs. Correia,unanimous,False,wikipedia,prelims,wikipedia,False,False
16997,3241,2017-06-17,UFC Fight Night 111 - Holm vs. Correia,unanimous,False,wikipedia,prelims,wikipedia,False,False
17000,3247,2017-06-03,UFC 212 - Aldo vs. Holloway,unanimous,False,wikipedia,main_card,wikipedia,False,False
17003,3247,2017-06-03,UFC 212 - Aldo vs. Holloway,split,False,wikipedia,prelims,wikipedia,False,True
17007,3247,2017-06-03,UFC 212 - Aldo vs. Holloway,unanimous,False,wikipedia,prelims,wikipedia,False,False
17013,3248,2017-04-15,UFC on Fox 24 - Johnson vs. Reis,split,False,wikipedia,,unknown,,False
17014,3248,2017-04-15,UFC on Fox 24 - Johnson vs. Reis,unanimous,False,wikipedia,prelims,wikipedia,False,False
17016,3248,2017-04-15,UFC on Fox 24 - Johnson vs. Reis,split,False,wikipedia,,unknown,,True
17017,3248,2017-04-15,UFC on Fox 24 - Johnson vs. Reis,unanimous,True,wikipedia,prelims,wikipedia,False,False
17018,3248,2017-04-15,UFC on Fox 24 - Johnson vs. Reis,unanimous,False,wikipedia,prelims,wikipedia,False,False
17019,3248,2017-04-15,UFC on Fox 24 - Johnson vs. Reis,unanimous,False,wikipedia,prelims,wikipedia,False,False
17022,3248,2017-04-15,UFC on Fox 24 - Johnson vs. Reis,unanimous,False,wikipedia,prelims,wikipedia,False,False
17023,3249,2017-04-22,UFC Fight Night 108 - Swanson vs. Lobov,unanimous,True,wikipedia,main_event,wikipedia,False,False
17026,3249,2017-04-22,UFC Fight Night 108 - Swanson vs. Lobov,unanimous,False,wikipedia,main_card,wikipedia,False,False
17027,3249,2017-04-22,UFC Fight Night 108 - Swanson vs. Lobov,majority,False,wikipedia,main_card,wikipedia,False,False
17029,3249,2017-04-22,UFC Fight Night 108 - Swanson vs. Lobov,unanimous,False,wikipedia,prelims,wikipedia,False,False
17031,3249,2017-04-22,UFC Fight Night 108 - Swanson vs. Lobov,unanimous,False,wikipedia,prelims,wikipedia,False,False
17032,3249,2017-04-22,UFC Fight Night 108 - Swanson vs. Lobov,unanimous,False,wikipedia,prelims,wikipedia,False,False
17033,3249,2017-04-22,UFC Fight Night 108 - Swanson vs. Lobov,unanimous,False,wikipedia,prelims,wikipedia,False,False
17037,3250,2017-07-29,UFC 214 - Cormier vs. Jones 2,unanimous,False,wikipedia,co_main,wikipedia,True,False
17039,3250,2017-07-29,UFC 214 - Cormier vs. Jones 2,unanimous,False,wikipedia,main_card,wikipedia,False,False
17042,3250,2017-07-29,UFC 214 - Cormier vs. Jones 2,unanimous,False,wikipedia,prelims,wikipedia,False,False
17044,3250,2017-07-29,UFC 214 - Cormier vs. Jones 2,unanimous,False,wikipedia,prelims,wikipedia,False,False
17045,3250,2017-07-29,UFC 214 - Cormier vs. Jones 2,unanimous,False,wikipedia,prelims,wikipedia,False,False
17046,3250,2017-07-29,UFC 214 - Cormier vs. Jones 2,split,False,wikipedia,prelims,wikipedia,False,False
17049,3251,2017-05-13,UFC 211 - Miocic vs. Dos Santos 2,unanimous,False,wikipedia,co_main,wikipedia,True,False
17050,3251,2017-05-13,UFC 211 - Miocic vs. Dos Santos 2,split,False,wikipedia,main_card,wikipedia,False,True
17052,3251,2017-05-13,UFC 211 - Miocic vs. Dos Santos 2,split,False,wikipedia,main_card,wikipedia,False,True
17057,3251,2017-05-13,UFC 211 - Miocic vs. Dos Santos 2,unanimous,False,wikipedia,prelims,wikipedia,False,False
17058,3251,2017-05-13,UFC 211 - Miocic vs. Dos Santos 2,unanimous,False,wikipedia,prelims,wikipedia,False,False
17063,3253,2017-04-08,UFC 210 - Cormier vs. Johnson 2,unanimous,False,wikipedia,main_card,wikipedia,False,False
17066,3253,2017-04-08,UFC 210 - Cormier vs. Johnson 2,unanimous,False,wikipedia,prelims,wikipedia,False,False
17068,3253,2017-04-08,UFC 210 - Cormier vs. Johnson 2,majority,False,wikipedia,,unknown,,False
17070,3253,2017-04-08,UFC 210 - Cormier vs. Johnson 2,split,False,wikipedia,prelims,wikipedia,False,False
17071,3253,2017-04-08,UFC 210 - Cormier vs. Johnson 2,split,False,wikipedia,,unknown,,False
17072,3253,2017-04-08,UFC 210 - Cormier vs. Johnson 2,unanimous,False,wikipedia,prelims,wikipedia,False,False
17091,3290,2017-03-18,UFC Fight Night 107 - Manuwa vs. Anderson,split,False,wikipedia,main_card,wikipedia,False,True
17092,3290,2017-03-18,UFC Fight Night 107 - Manuwa vs. Anderson,unanimous,False,wikipedia,,unknown,,False
17093,3290,2017-03-18,UFC Fight Night 107 - Manuwa vs. Anderson,unanimous,False,wikipedia,prelims,wikipedia,False,False
17094,3290,2017-03-18,UFC Fight Night 107 - Manuwa vs. Anderson,split,False,wikipedia,prelims,wikipedia,False,True
17095,3290,2017-03-18,UFC Fight Night 107 - Manuwa vs. Anderson,unanimous,False,wikipedia,prelims,wikipedia,False,False
17097,3290,2017-03-18,UFC Fight Night 107 - Manuwa vs. Anderson,split,False,wikipedia,prelims,wikipedia,False,True
17098,3290,2017-03-18,UFC Fight Night 107 - Manuwa vs. Anderson,unanimous,False,wikipedia,prelims,wikipedia,False,False
17102,3291,2017-03-11,UFC Fight Night 106 - Belfort vs. Gastelum,unanimous,False,wikipedia,main_card,wikipedia,False,False
17106,3291,2017-03-11,UFC Fight Night 106 - Belfort vs. Gastelum,unanimous,False,wikipedia,prelims,wikipedia,False,False
17107,3291,2017-03-11,UFC Fight Night 106 - Belfort vs. Gastelum,unanimous,False,wikipedia,prelims,wikipedia,False,False
17109,3291,2017-03-11,UFC Fight Night 106 - Belfort vs. Gastelum,unanimous,False,wikipedia,,unknown,,False
17111,3292,2017-03-04,UFC 209 - Woodley vs. Thompson 2,majority,False,wikipedia,main_event,wikipedia,True,False
17112,3292,2017-03-04,UFC 209 - Woodley vs. Thompson 2,unanimous,True,wikipedia,co_main,wikipedia,False,False
17113,3292,2017-03-04,UFC 209 - Woodley vs. Thompson 2,split,False,wikipedia,main_card,wikipedia,False,True
17119,3292,2017-03-04,UFC 209 - Woodley vs. Thompson 2,unanimous,False,wikipedia,prelims,wikipedia,False,False
17121,3292,2017-03-04,UFC 209 - Woodley vs. Thompson 2,split,False,wikipedia,prelims,wikipedia,False,False
17123,3293,2017-02-19,UFC Fight Night 105 - Lewis vs. Browne,unanimous,False,wikipedia,co_main,wikipedia,False,False
17124,3293,2017-02-19,UFC Fight Night 105 - Lewis vs. Browne,unanimous,False,wikipedia,main_card,wikipedia,False,False
17125,3293,2017-02-19,UFC Fight Night 105 - Lewis vs. Browne,unanimous,False,wikipedia,main_card,wikipedia,False,False
17128,3293,2017-02-19,UFC Fight Night 105 - Lewis vs. Browne,unanimous,False,wikipedia,prelims,wikipedia,False,False
17129,3293,2017-02-19,UFC Fight Night 105 - Lewis vs. Browne,split,False,wikipedia,prelims,wikipedia,False,True
17130,3293,2017-02-19,UFC Fight Night 105 - Lewis vs. Browne,unanimous,False,wikipedia,prelims,wikipedia,False,False
17133,3294,2017-02-11,UFC 208 - Holm vs. De Randamie,unanimous,False,wikipedia,main_event,wikipedia,True,False
17134,3294,2017-02-11,UFC 208 - Holm vs. De Randamie,unanimous,False,wikipedia,co_main,wikipedia,False,False
17136,3294,2017-02-11,UFC 208 - Holm vs. De Randamie,unanimous,False,wikipedia,main_card,wikipedia,False,False
17137,3294,2017-02-11,UFC 208 - Holm vs. De Randamie,majority,True,wikipedia,main_card,wikipedia,False,False
17138,3294,2017-02-11,UFC 208 - Holm vs. De Randamie,unanimous,False,wikipedia,prelims,wikipedia,False,False
17139,3294,2017-02-11,UFC 208 - Holm vs. De Randamie,unanimous,False,wikipedia,,unknown,,False
17140,3294,2017-02-11,UFC 208 - Holm vs. De Randamie,unanimous,False,wikipedia,prelims,wikipedia,False,False
17141,3294,2017-02-11,UFC 208 - Holm vs. De Randamie,split,False,wikipedia,prelims,wikipedia,False,False
17142,3294,2017-02-11,UFC 208 - Holm vs. De Randamie,unanimous,False,wikipedia,prelims,wikipedia,False,False
17144,3295,2017-02-04,UFC Fight Night 104 - Bermudez vs. Korean Zombie,unanimous,False,wikipedia,co_main,wikipedia,False,False
17146,3295,2017-02-04,UFC Fight Night 104 - Bermudez vs. Korean Zombie,split,False,wikipedia,main_card,wikipedia,False,False
17148,3295,2017-02-04,UFC Fight Night 104 - Bermudez vs. Korean Zombie,unanimous,True,wikipedia,main_card,wikipedia,False,False
17151,3295,2017-02-04,UFC Fight Night 104 - Bermudez vs. Korean Zombie,unanimous,False,wikipedia,prelims,wikipedia,False,False
17152,3295,2017-02-04,UFC Fight Night 104 - Bermudez vs. Korean Zombie,unanimous,False,wikipedia,,unknown,,False
17159,3296,2017-01-28,UFC on Fox 23 - Shevchenko vs. Pena,unanimous,False,wikipedia,prelims,wikipedia,False,False
17160,3296,2017-01-28,UFC on Fox 23 - Shevchenko vs. Pena,split,False,wikipedia,prelims,wikipedia,False,True
17162,3296,2017-01-28,UFC on Fox 23 - Shevchenko vs. Pena,unanimous,False,wikipedia,prelims,wikipedia,False,False
17165,3296,2017-01-28,UFC on Fox 23 - Shevchenko vs. Pena,split,False,wikipedia,prelims,wikipedia,False,False
17168,3297,2017-01-15,UFC Fight Night 103 - Rodriguez vs. Penn,split,False,wikipedia,co_main,wikipedia,False,True
17169,3297,2017-01-15,UFC Fight Night 103 - Rodriguez vs. Penn,unanimous,False,wikipedia,main_card,wikipedia,False,False
17170,3297,2017-01-15,UFC Fight Night 103 - Rodriguez vs. Penn,unanimous,False,wikipedia,main_card,wikipedia,False,False
17171,3297,2017-01-15,UFC Fight Night 103 - Rodriguez vs. Penn,unanimous,False,wikipedia,prelims,wikipedia,False,False
17172,3297,2017-01-15,UFC Fight Night 103 - Rodriguez vs. Penn,split,True,wikipedia,prelims,wikipedia,False,False
17174,3297,2017-01-15,UFC Fight Night 103 - Rodriguez vs. Penn,unanimous,False,wikipedia,prelims,wikipedia,False,False
17180,3312,2016-12-30,UFC 207 - Nunes vs. Rousey,unanimous,True,wikipedia,co_main,wikipedia,True,False
17181,3312,2016-12-30,UFC 207 - Nunes vs. Rousey,unanimous,False,wikipedia,main_card,wikipedia,False,False
17182,3312,2016-12-30,UFC 207 - Nunes vs. Rousey,split,False,wikipedia,main_card,wikipedia,False,True
17183,3312,2016-12-30,UFC 207 - Nunes vs. Rousey,unanimous,False,wikipedia,main_card,wikipedia,False,False
17184,3312,2016-12-30,UFC 207 - Nunes vs. Rousey,unanimous,False,wikipedia,prelims,wikipedia,False,False
17185,3312,2016-12-30,UFC 207 - Nunes vs. Rousey,unanimous,False,wikipedia,prelims,wikipedia,False,False
17191,3313,2016-12-17,UFC on Fox 22 - VanZant vs. Waterson,unanimous,False,wikipedia,main_card,wikipedia,False,False
17192,3313,2016-12-17,UFC on Fox 22 - VanZant vs. Waterson,unanimous,False,wikipedia,main_card,wikipedia,False,False
17194,3313,2016-12-17,UFC on Fox 22 - VanZant vs. Waterson,unanimous,False,wikipedia,prelims,wikipedia,False,False
17195,3313,2016-12-17,UFC on Fox 22 - VanZant vs. Waterson,unanimous,False,wikipedia,prelims,wikipedia,False,False
17196,3313,2016-12-17,UFC on Fox 22 - VanZant vs. Waterson,unanimous,False,wikipedia,prelims,wikipedia,False,False
17197,3313,2016-12-17,UFC on Fox 22 - VanZant vs. Waterson,unanimous,False,wikipedia,prelims,wikipedia,False,False
17198,3313,2016-12-17,UFC on Fox 22 - VanZant vs. Waterson,unanimous,True,wikipedia,prelims,wikipedia,False,False
17200,3313,2016-12-17,UFC on Fox 22 - VanZant vs. Waterson,unanimous,False,wikipedia,prelims,wikipedia,False,False
17201,3313,2016-12-17,UFC on Fox 22 - VanZant vs. Waterson,split,False,wikipedia,prelims,wikipedia,False,False
17204,3314,2016-12-10,UFC 206 - Holloway vs. Pettis,unanimous,True,wikipedia,main_card,wikipedia,False,False
17206,3314,2016-12-10,UFC 206 - Holloway vs. Pettis,unanimous,False,wikipedia,main_card,wikipedia,False,False
17209,3314,2016-12-10,UFC 206 - Holloway vs. Pettis,split,False,wikipedia,prelims,wikipedia,False,False
17210,3314,2016-12-10,UFC 206 - Holloway vs. Pettis,unanimous,False,wikipedia,prelims,wikipedia,False,False
17212,3314,2016-12-10,UFC 206 - Holloway vs. Pettis,unanimous,False,wikipedia,prelims,wikipedia,False,False
17213,3314,2016-12-10,UFC 206 - Holloway vs. Pettis,split,False,wikipedia,prelims,wikipedia,False,True
17218,3381,2016-12-09,UFC Fight Night 102 - Lewis vs. Abdurakhimov,unanimous,False,wikipedia,prelims,wikipedia,False,False
17221,3381,2016-12-09,UFC Fight Night 102 - Lewis vs. Abdurakhimov,unanimous,False,wikipedia,prelims,wikipedia,False,False
17222,3381,2016-12-09,UFC Fight Night 102 - Lewis vs. Abdurakhimov,unanimous,False,wikipedia,,unknown,,False
17223,3381,2016-12-09,UFC Fight Night 102 - Lewis vs. Abdurakhimov,unanimous,False,wikipedia,prelims,wikipedia,False,False
17224,3381,2016-12-09,UFC Fight Night 102 - Lewis vs. Abdurakhimov,unanimous,False,wikipedia,prelims,wikipedia,False,False
17225,3381,2016-12-09,UFC Fight Night 102 - Lewis vs. Abdurakhimov,unanimous,False,wikipedia,,unknown,,False
17226,3382,2016-12-03,UFC - The Ultimate Fighter 24 Finale,unanimous,False,wikipedia (resolved by hand-rule),main_event,wikipedia,True,False
17227,3382,2016-12-03,UFC - The Ultimate Fighter 24 Finale,split,False,wikipedia (resolved by hand-rule),co_main,wikipedia,False,True
17229,3382,2016-12-03,UFC - The Ultimate Fighter 24 Finale,unanimous,True,wikipedia (resolved by hand-rule),main_card,wikipedia,False,False
17231,3382,2016-12-03,UFC - The Ultimate Fighter 24 Finale,split,False,wikipedia (resolved by hand-rule),main_card,wikipedia,False,False
17232,3382,2016-12-03,UFC - The Ultimate Fighter 24 Finale,unanimous,False,wikipedia (resolved by hand-rule),prelims,wikipedia,False,False
17234,3382,2016-12-03,UFC - The Ultimate Fighter 24 Finale,unanimous,False,wikipedia (resolved by hand-rule),prelims,wikipedia,False,False
17235,3382,2016-12-03,UFC - The Ultimate Fighter 24 Finale,unanimous,False,wikipedia (resolved by hand-rule),prelims,wikipedia,False,False
17237,3382,2016-12-03,UFC - The Ultimate Fighter 24 Finale,unanimous,False,wikipedia (resolved by hand-rule),prelims,wikipedia,False,False
17239,3383,2016-11-26,UFC Fight Night 101 - Whittaker vs. Brunson,split,False,wikipedia,co_main,wikipedia,False,False
17240,3383,2016-11-26,UFC Fight Night 101 - Whittaker vs. Brunson,unanimous,False,wikipedia,main_card,wikipedia,False,False
17243,3383,2016-11-26,UFC Fight Night 101 - Whittaker vs. Brunson,split,False,wikipedia,main_card,wikipedia,False,False
17244,3383,2016-11-26,UFC Fight Night 101 - Whittaker vs. Brunson,unanimous,False,wikipedia,prelims,wikipedia,False,False
17245,3383,2016-11-26,UFC Fight Night 101 - Whittaker vs. Brunson,split,False,wikipedia,prelims,wikipedia,False,False
17246,3383,2016-11-26,UFC Fight Night 101 - Whittaker vs. Brunson,unanimous,False,wikipedia,prelims,wikipedia,False,False
17247,3383,2016-11-26,UFC Fight Night 101 - Whittaker vs. Brunson,unanimous,False,wikipedia,prelims,wikipedia,False,False
17248,3383,2016-11-26,UFC Fight Night 101 - Whittaker vs. Brunson,unanimous,False,wikipedia,prelims,wikipedia,False,False
17249,3383,2016-11-26,UFC Fight Night 101 - Whittaker vs. Brunson,unanimous,False,wikipedia,prelims,wikipedia,False,False
17250,3383,2016-11-26,UFC Fight Night 101 - Whittaker vs. Brunson,unanimous,False,wikipedia,prelims,wikipedia,False,False
17253,3384,2016-11-19,UFC Fight Night 100 - Bader vs. Nogueira 2,unanimous,False,wikipedia,main_card,wikipedia,False,False
17254,3384,2016-11-19,UFC Fight Night 100 - Bader vs. Nogueira 2,unanimous,False,wikipedia,main_card,wikipedia,False,False
17255,3384,2016-11-19,UFC Fight Night 100 - Bader vs. Nogueira 2,unanimous,False,wikipedia,main_card,wikipedia,False,False
17256,3384,2016-11-19,UFC Fight Night 100 - Bader vs. Nogueira 2,split,False,wikipedia,main_card,wikipedia,False,False
17264,3385,2016-11-19,UFC Fight Night 99 - Mousasi vs. Hall 2,split,False,wikipedia,co_main,wikipedia,False,True
17265,3385,2016-11-19,UFC Fight Night 99 - Mousasi vs. Hall 2,split,False,wikipedia,main_card,wikipedia,False,True
17266,3385,2016-11-19,UFC Fight Night 99 - Mousasi vs. Hall 2,unanimous,False,wikipedia,main_card,wikipedia,False,False
17268,3385,2016-11-19,UFC Fight Night 99 - Mousasi vs. Hall 2,unanimous,False,wikipedia,prelims,wikipedia,False,False
17270,3385,2016-11-19,UFC Fight Night 99 - Mousasi vs. Hall 2,unanimous,False,wikipedia,,unknown,,False
17274,3385,2016-11-19,UFC Fight Night 99 - Mousasi vs. Hall 2,unanimous,False,wikipedia,prelims,wikipedia,False,False
17276,3420,2016-10-08,UFC 204 - Bisping vs. Henderson 2,unanimous,True,wikipedia,main_event,wikipedia,True,False
17286,3420,2016-10-08,UFC 204 - Bisping vs. Henderson 2,split,False,wikipedia,prelims,wikipedia,False,True
17315,3523,2016-10-01,UFC Fight Night 96 - Lineker vs. Dodson,split,False,wikipedia,main_event,wikipedia,False,True
17317,3523,2016-10-01,UFC Fight Night 96 - Lineker vs. Dodson,split,False,wikipedia,main_card,wikipedia,False,False
17320,3523,2016-10-01,UFC Fight Night 96 - Lineker vs. Dodson,unanimous,False,wikipedia,prelims,wikipedia,False,False
17321,3523,2016-10-01,UFC Fight Night 96 - Lineker vs. Dodson,split,False,wikipedia,prelims,wikipedia,False,True
17322,3523,2016-10-01,UFC Fight Night 96 - Lineker vs. Dodson,unanimous,False,wikipedia,prelims,wikipedia,False,False
17324,3523,2016-10-01,UFC Fight Night 96 - Lineker vs. Dodson,unanimous,False,wikipedia,prelims,wikipedia,False,False
17326,3523,2016-10-01,UFC Fight Night 96 - Lineker vs. Dodson,split,False,wikipedia,prelims,wikipedia,False,False
17377,3599,2016-09-24,UFC Fight Night 95 - Cyborg vs. Lansberg,unanimous,False,wikipedia,co_main,wikipedia,False,False
17382,3599,2016-09-24,UFC Fight Night 95 - Cyborg vs. Lansberg,unanimous,False,wikipedia,prelims,wikipedia,False,False
17383,3599,2016-09-24,UFC Fight Night 95 - Cyborg vs. Lansberg,unanimous,False,wikipedia,prelims,wikipedia,False,False
17384,3599,2016-09-24,UFC Fight Night 95 - Cyborg vs. Lansberg,unanimous,False,wikipedia,prelims,wikipedia,False,False
17386,3599,2016-09-24,UFC Fight Night 95 - Cyborg vs. Lansberg,unanimous,False,wikipedia,prelims,wikipedia,False,False
17388,3599,2016-09-24,UFC Fight Night 95 - Cyborg vs. Lansberg,unanimous,False,wikipedia,prelims,wikipedia,False,False
17391,3600,2016-09-17,UFC Fight Night 94 - Poirier vs. Johnson,unanimous,True,wikipedia,main_card,wikipedia,False,False
17392,3600,2016-09-17,UFC Fight Night 94 - Poirier vs. Johnson,split,False,wikipedia,main_card,wikipedia,False,True
17393,3600,2016-09-17,UFC Fight Night 94 - Poirier vs. Johnson,unanimous,False,wikipedia,main_card,wikipedia,False,False
17398,3600,2016-09-17,UFC Fight Night 94 - Poirier vs. Johnson,unanimous,False,wikipedia,prelims,wikipedia,False,False
17404,3602,2016-08-27,UFC on Fox 21 - Maia vs. Condit,split,True,wikipedia,main_card,wikipedia,False,True
17406,3602,2016-08-27,UFC on Fox 21 - Maia vs. Condit,split,False,wikipedia,prelims,wikipedia,False,False
17407,3602,2016-08-27,UFC on Fox 21 - Maia vs. Condit,split,False,wikipedia,prelims,wikipedia,False,False
17410,3602,2016-08-27,UFC on Fox 21 - Maia vs. Condit,unanimous,False,wikipedia,prelims,wikipedia,False,False
17411,3604,2016-08-06,UFC Fight Night 92 - Rodriguez vs. Caceres,split,True,wikipedia,main_event,wikipedia,False,True
17412,3604,2016-08-06,UFC Fight Night 92 - Rodriguez vs. Caceres,unanimous,False,wikipedia,,unknown,,False
17414,3604,2016-08-06,UFC Fight Night 92 - Rodriguez vs. Caceres,unanimous,False,wikipedia,main_card,wikipedia,False,False
17415,3604,2016-08-06,UFC Fight Night 92 - Rodriguez vs. Caceres,unanimous,False,wikipedia,main_card,wikipedia,False,False
17416,3604,2016-08-06,UFC Fight Night 92 - Rodriguez vs. Caceres,split,False,wikipedia,main_card,wikipedia,False,False
17417,3604,2016-08-06,UFC Fight Night 92 - Rodriguez vs. Caceres,unanimous,False,wikipedia,prelims,wikipedia,False,False
17421,3604,2016-08-06,UFC Fight Night 92 - Rodriguez vs. Caceres,unanimous,False,wikipedia,prelims,wikipedia,False,False
17422,3604,2016-08-06,UFC Fight Night 92 - Rodriguez vs. Caceres,unanimous,False,wikipedia,prelims,wikipedia,False,False
17423,3605,2016-08-20,UFC 202 - Diaz vs. McGregor 2,majority,True,wikipedia,main_event,wikipedia,False,False
17429,3605,2016-08-20,UFC 202 - Diaz vs. McGregor 2,unanimous,False,wikipedia,prelims,wikipedia,False,False
17430,3605,2016-08-20,UFC 202 - Diaz vs. McGregor 2,unanimous,False,wikipedia,prelims,wikipedia,False,False
17436,3606,2016-09-10,UFC 203 - Miocic vs. Overeem,unanimous,False,wikipedia,co_main,wikipedia,False,False
17438,3606,2016-09-10,UFC 203 - Miocic vs. Overeem,unanimous,False,wikipedia,main_card,wikipedia,False,False
17440,3606,2016-09-10,UFC 203 - Miocic vs. Overeem,split,False,wikipedia,prelims,wikipedia,False,True
17441,3606,2016-09-10,UFC 203 - Miocic vs. Overeem,split,False,wikipedia,prelims,wikipedia,False,True
17447,3615,2016-11-12,UFC 205 - Alvarez vs. McGregor,unanimous,False,wikipedia,main_card,wikipedia,True,False
17449,3615,2016-11-12,UFC 205 - Alvarez vs. McGregor,unanimous,False,wikipedia,main_card,wikipedia,False,False
17450,3615,2016-11-12,UFC 205 - Alvarez vs. McGregor,unanimous,False,wikipedia,prelims,wikipedia,False,False
17454,3615,2016-11-12,UFC 205 - Alvarez vs. McGregor,unanimous,False,wikipedia,prelims,wikipedia,False,False
17455,3615,2016-11-12,UFC 205 - Alvarez vs. McGregor,split,False,wikipedia,,unknown,,False
17457,3617,2016-07-30,UFC 201 - Lawler vs. Woodley,split,True,wikipedia,co_main,wikipedia,False,True
17459,3617,2016-07-30,UFC 201 - Lawler vs. Woodley,unanimous,False,wikipedia,main_card,wikipedia,False,False
17460,3617,2016-07-30,UFC 201 - Lawler vs. Woodley,split,False,wikipedia,main_card,wikipedia,False,True
17462,3617,2016-07-30,UFC 201 - Lawler vs. Woodley,unanimous,False,wikipedia,prelims,wikipedia,False,False
17468,3618,2016-09-03,UFC Fight Night 93 - Arlovski vs. Barnett,unanimous,False,wikipedia,,unknown,,False
17470,3618,2016-09-03,UFC Fight Night 93 - Arlovski vs. Barnett,unanimous,False,wikipedia,main_card,wikipedia,False,False
17471,3618,2016-09-03,UFC Fight Night 93 - Arlovski vs. Barnett,split,False,wikipedia,prelims,wikipedia,False,False
17472,3618,2016-09-03,UFC Fight Night 93 - Arlovski vs. Barnett,unanimous,False,wikipedia,prelims,wikipedia,False,False
17474,3618,2016-09-03,UFC Fight Night 93 - Arlovski vs. Barnett,unanimous,False,wikipedia,prelims,wikipedia,False,False
17476,3618,2016-09-03,UFC Fight Night 93 - Arlovski vs. Barnett,unanimous,False,wikipedia,prelims,wikipedia,False,False
17477,3618,2016-09-03,UFC Fight Night 93 - Arlovski vs. Barnett,unanimous,False,wikipedia,prelims,wikipedia,False,False
17481,3623,2016-07-13,UFC Fight Night 91 - McDonald vs. Lineker,majority,False,wikipedia,,unknown,,False
17484,3623,2016-07-13,UFC Fight Night 91 - McDonald vs. Lineker,unanimous,False,wikipedia,,unknown,,False
17487,3623,2016-07-13,UFC Fight Night 91 - McDonald vs. Lineker,unanimous,False,wikipedia,prelims,wikipedia,False,False
17490,3628,2016-11-05,UFC Fight Night 98 - Dos Anjos vs. Ferguson,unanimous,True,wikipedia (resolved by hand-rule),main_event,wikipedia,False,False
17491,3628,2016-11-05,UFC Fight Night 98 - Dos Anjos vs. Ferguson,unanimous,False,wikipedia (resolved by hand-rule),co_main,wikipedia,False,False
17494,3628,2016-11-05,UFC Fight Night 98 - Dos Anjos vs. Ferguson,unanimous,False,wikipedia (resolved by hand-rule),main_card,wikipedia,False,False
17495,3628,2016-11-05,UFC Fight Night 98 - Dos Anjos vs. Ferguson,unanimous,False,wikipedia (resolved by hand-rule),main_card,wikipedia,False,False
17496,3628,2016-11-05,UFC Fight Night 98 - Dos Anjos vs. Ferguson,split,False,wikipedia (resolved by hand-rule),prelims,wikipedia,False,True
17500,3628,2016-11-05,UFC Fight Night 98 - Dos Anjos vs. Ferguson,unanimous,False,wikipedia (resolved by hand-rule),prelims,wikipedia,False,False
17501,3628,2016-11-05,UFC Fight Night 98 - Dos Anjos vs. Ferguson,split,False,wikipedia (resolved by hand-rule),prelims,wikipedia,False,False
17502,3628,2016-11-05,UFC Fight Night 98 - Dos Anjos vs. Ferguson,unanimous,False,wikipedia (resolved by hand-rule),prelims,wikipedia,False,False
17503,3629,2016-07-23,UFC on Fox 20 - Holm vs. Shevchenko,unanimous,False,wikipedia,main_event,wikipedia,False,False
17504,3629,2016-07-23,UFC on Fox 20 - Holm vs. Shevchenko,unanimous,False,wikipedia,co_main,wikipedia,False,False
17508,3629,2016-07-23,UFC on Fox 20 - Holm vs. Shevchenko,unanimous,False,wikipedia,,unknown,,False
17509,3629,2016-07-23,UFC on Fox 20 - Holm vs. Shevchenko,unanimous,False,wikipedia,prelims,wikipedia,False,False
17510,3629,2016-07-23,UFC on Fox 20 - Holm vs. Shevchenko,unanimous,False,wikipedia,prelims,wikipedia,False,False
17511,3629,2016-07-23,UFC on Fox 20 - Holm vs. Shevchenko,unanimous,False,wikipedia,prelims,wikipedia,False,False
17512,3629,2016-07-23,UFC on Fox 20 - Holm vs. Shevchenko,split,True,wikipedia,prelims,wikipedia,False,False
17515,3632,2016-07-07,UFC Fight Night 90 - Dos Anjos vs. Alvarez,split,False,wikipedia,co_main,wikipedia,False,True
17516,3632,2016-07-07,UFC Fight Night 90 - Dos Anjos vs. Alvarez,unanimous,True,wikipedia,main_card,wikipedia,False,False
17519,3632,2016-07-07,UFC Fight Night 90 - Dos Anjos vs. Alvarez,split,False,wikipedia,prelims,wikipedia,False,False
17520,3632,2016-07-07,UFC Fight Night 90 - Dos Anjos vs. Alvarez,split,False,wikipedia,prelims,wikipedia,False,False
17527,3633,2016-05-29,UFC Fight Night 88 - Almeida vs. Garbrandt,unanimous,True,wikipedia,co_main,wikipedia,False,False
17528,3633,2016-05-29,UFC Fight Night 88 - Almeida vs. Garbrandt,unanimous,False,wikipedia,main_card,wikipedia,False,False
17529,3633,2016-05-29,UFC Fight Night 88 - Almeida vs. Garbrandt,unanimous,False,wikipedia,main_card,wikipedia,False,False
17530,3633,2016-05-29,UFC Fight Night 88 - Almeida vs. Garbrandt,split,False,wikipedia,main_card,wikipedia,False,True
17531,3633,2016-05-29,UFC Fight Night 88 - Almeida vs. Garbrandt,unanimous,False,wikipedia,main_card,wikipedia,False,False
17532,3633,2016-05-29,UFC Fight Night 88 - Almeida vs. Garbrandt,unanimous,False,wikipedia,prelims,wikipedia,False,False
17533,3633,2016-05-29,UFC Fight Night 88 - Almeida vs. Garbrandt,unanimous,False,wikipedia,prelims,wikipedia,False,False
17536,3633,2016-05-29,UFC Fight Night 88 - Almeida vs. Garbrandt,split,False,wikipedia,prelims,wikipedia,False,True
17538,3634,2016-06-18,UFC Fight Night 89 - MacDonald vs. Thompson,unanimous,False,wikipedia,main_event,wikipedia,False,False
17540,3634,2016-06-18,UFC Fight Night 89 - MacDonald vs. Thompson,unanimous,True,wikipedia,main_card,wikipedia,False,False
17543,3634,2016-06-18,UFC Fight Night 89 - MacDonald vs. Thompson,split,False,wikipedia,prelims,wikipedia,False,True
17547,3634,2016-06-18,UFC Fight Night 89 - MacDonald vs. Thompson,unanimous,False,wikipedia,prelims,wikipedia,False,False
17548,3634,2016-06-18,UFC Fight Night 89 - MacDonald vs. Thompson,unanimous,False,wikipedia,prelims,wikipedia,False,False
17550,3634,2016-06-18,UFC Fight Night 89 - MacDonald vs. Thompson,unanimous,False,wikipedia,prelims,wikipedia,False,False
17552,3635,2016-06-04,UFC 199 - Rockhold vs. Bisping 2,unanimous,False,wikipedia,co_main,wikipedia,True,False
17553,3635,2016-06-04,UFC 199 - Rockhold vs. Bisping 2,unanimous,False,wikipedia,main_card,wikipedia,False,False
17559,3635,2016-06-04,UFC 199 - Rockhold vs. Bisping 2,unanimous,False,wikipedia,prelims,wikipedia,False,False
17560,3635,2016-06-04,UFC 199 - Rockhold vs. Bisping 2,split,False,wikipedia,prelims,wikipedia,False,True
17569,3637,2016-05-08,UFC Fight Night 87 - Overeem vs. Arlovski,unanimous,False,wikipedia,main_card,wikipedia,False,False
17570,3637,2016-05-08,UFC Fight Night 87 - Overeem vs. Arlovski,unanimous,False,wikipedia,prelims,wikipedia,False,False
17572,3637,2016-05-08,UFC Fight Night 87 - Overeem vs. Arlovski,split,False,wikipedia,prelims,wikipedia,False,False
17574,3637,2016-05-08,UFC Fight Night 87 - Overeem vs. Arlovski,unanimous,False,wikipedia,prelims,wikipedia,False,False
17575,3637,2016-05-08,UFC Fight Night 87 - Overeem vs. Arlovski,unanimous,False,wikipedia,prelims,wikipedia,False,False
17577,3638,2016-04-23,UFC 197 - Jones vs. St. Preux,unanimous,False,wikipedia,main_event,wikipedia,True,False
17579,3638,2016-04-23,UFC 197 - Jones vs. St. Preux,unanimous,False,wikipedia,main_card,wikipedia,False,False
17580,3638,2016-04-23,UFC 197 - Jones vs. St. Preux,unanimous,False,wikipedia,main_card,wikipedia,False,False
17582,3638,2016-04-23,UFC 197 - Jones vs. St. Preux,unanimous,False,wikipedia,prelims,wikipedia,False,False
17583,3638,2016-04-23,UFC 197 - Jones vs. St. Preux,unanimous,True,wikipedia,prelims,wikipedia,False,False
17584,3638,2016-04-23,UFC 197 - Jones vs. St. Preux,unanimous,False,wikipedia,prelims,wikipedia,False,False
17585,3638,2016-04-23,UFC 197 - Jones vs. St. Preux,unanimous,False,wikipedia,prelims,wikipedia,False,False
17588,3638,2016-04-23,UFC 197 - Jones vs. St. Preux,unanimous,False,wikipedia,prelims,wikipedia,False,False
17589,3640,2016-04-10,UFC Fight Night 86 - Rothwell vs. Dos Santos,unanimous,False,wikipedia,main_event,wikipedia,False,False
17592,3640,2016-04-10,UFC Fight Night 86 - Rothwell vs. Dos Santos,unanimous,False,wikipedia,main_card,wikipedia,False,False
17593,3640,2016-04-10,UFC Fight Night 86 - Rothwell vs. Dos Santos,unanimous,False,wikipedia,,unknown,,False
17594,3640,2016-04-10,UFC Fight Night 86 - Rothwell vs. Dos Santos,unanimous,False,wikipedia,main_card,wikipedia,False,False
17595,3640,2016-04-10,UFC Fight Night 86 - Rothwell vs. Dos Santos,unanimous,False,wikipedia,prelims,wikipedia,False,False
17599,3640,2016-04-10,UFC Fight Night 86 - Rothwell vs. Dos Santos,split,False,wikipedia,prelims,wikipedia,False,True
17601,3640,2016-04-10,UFC Fight Night 86 - Rothwell vs. Dos Santos,unanimous,False,wikipedia,prelims,wikipedia,False,False
17603,3641,2016-04-16,UFC on Fox 19 - Teixeira vs. Evans,unanimous,False,wikipedia,,unknown,,False
17605,3641,2016-04-16,UFC on Fox 19 - Teixeira vs. Evans,unanimous,False,wikipedia,main_card,wikipedia,False,False
17607,3641,2016-04-16,UFC on Fox 19 - Teixeira vs. Evans,split,False,wikipedia,prelims,wikipedia,False,True
17611,3641,2016-04-16,UFC on Fox 19 - Teixeira vs. Evans,unanimous,False,wikipedia,prelims,wikipedia,False,False
17616,3642,2016-05-14,UFC 198 - Werdum vs. Miocic,split,False,wikipedia,main_card,wikipedia,False,True
17617,3642,2016-05-14,UFC 198 - Werdum vs. Miocic,unanimous,False,wikipedia,main_card,wikipedia,False,False
17620,3642,2016-05-14,UFC 198 - Werdum vs. Miocic,unanimous,True,wikipedia,prelims,wikipedia,False,False
17621,3642,2016-05-14,UFC 198 - Werdum vs. Miocic,unanimous,False,wikipedia,prelims,wikipedia,False,False
17624,3642,2016-05-14,UFC 198 - Werdum vs. Miocic,split,False,wikipedia,,unknown,,False
17625,3643,2016-07-08,UFC  - The Ultimate Fighter 23 Finale,unanimous,True,wikipedia (resolved by hand-rule),main_event,wikipedia,True,False
17626,3643,2016-07-08,UFC  - The Ultimate Fighter 23 Finale,unanimous,False,wikipedia (resolved by hand-rule),co_main,wikipedia,False,False
17628,3643,2016-07-08,UFC  - The Ultimate Fighter 23 Finale,unanimous,False,wikipedia (resolved by hand-rule),main_card,wikipedia,False,False
17631,3643,2016-07-08,UFC  - The Ultimate Fighter 23 Finale,unanimous,False,wikipedia (resolved by hand-rule),prelims,wikipedia,False,False
17632,3643,2016-07-08,UFC  - The Ultimate Fighter 23 Finale,split,False,wikipedia (resolved by hand-rule),prelims,wikipedia,False,False
17633,3643,2016-07-08,UFC  - The Ultimate Fighter 23 Finale,majority,False,wikipedia (resolved by hand-rule),prelims,wikipedia,False,False
17634,3643,2016-07-08,UFC  - The Ultimate Fighter 23 Finale,unanimous,False,wikipedia (resolved by hand-rule),prelims,wikipedia,False,False
17642,3679,2016-03-19,UFC Fight Night 85 - Hunt vs. Mir,unanimous,False,wikipedia,main_card,wikipedia,False,False
17645,3679,2016-03-19,UFC Fight Night 85 - Hunt vs. Mir,unanimous,False,wikipedia,prelims,wikipedia,False,False
17646,3679,2016-03-19,UFC Fight Night 85 - Hunt vs. Mir,unanimous,False,wikipedia,prelims,wikipedia,False,False
17647,3679,2016-03-19,UFC Fight Night 85 - Hunt vs. Mir,split,False,wikipedia,prelims,wikipedia,False,True
17648,3679,2016-03-19,UFC Fight Night 85 - Hunt vs. Mir,unanimous,False,wikipedia,prelims,wikipedia,False,False
17649,3680,2016-02-27,UFC Fight Night 84 - Silva vs. Bisping,unanimous,True,wikipedia,main_event,wikipedia,False,False
17650,3680,2016-02-27,UFC Fight Night 84 - Silva vs. Bisping,unanimous,False,wikipedia,co_main,wikipedia,False,False
17651,3680,2016-02-27,UFC Fight Night 84 - Silva vs. Bisping,unanimous,False,wikipedia,main_card,wikipedia,False,False
17652,3680,2016-02-27,UFC Fight Night 84 - Silva vs. Bisping,split,False,wikipedia,main_card,wikipedia,False,True
17653,3680,2016-02-27,UFC Fight Night 84 - Silva vs. Bisping,unanimous,False,wikipedia,prelims,wikipedia,False,False
17654,3680,2016-02-27,UFC Fight Night 84 - Silva vs. Bisping,unanimous,False,wikipedia,prelims,wikipedia,False,False
17656,3680,2016-02-27,UFC Fight Night 84 - Silva vs. Bisping,unanimous,False,wikipedia,prelims,wikipedia,False,False
17657,3680,2016-02-27,UFC Fight Night 84 - Silva vs. Bisping,unanimous,False,wikipedia,prelims,wikipedia,False,False
17658,3680,2016-02-27,UFC Fight Night 84 - Silva vs. Bisping,unanimous,False,wikipedia,prelims,wikipedia,False,False
17659,3680,2016-02-27,UFC Fight Night 84 - Silva vs. Bisping,technical_majority,False,wikipedia,prelims,wikipedia,False,False
17665,3681,2016-02-21,UFC Fight Night 83 - Cerrone vs. Oliveira,unanimous,False,wikipedia,main_card,wikipedia,False,False
17667,3681,2016-02-21,UFC Fight Night 83 - Cerrone vs. Oliveira,unanimous,False,wikipedia,main_card,wikipedia,False,False
17670,3681,2016-02-21,UFC Fight Night 83 - Cerrone vs. Oliveira,unanimous,False,wikipedia,prelims,wikipedia,False,False
17671,3681,2016-02-21,UFC Fight Night 83 - Cerrone vs. Oliveira,unanimous,False,wikipedia,prelims,wikipedia,False,False
17672,3681,2016-02-21,UFC Fight Night 83 - Cerrone vs. Oliveira,split,False,wikipedia,prelims,wikipedia,False,False
17674,3681,2016-02-21,UFC Fight Night 83 - Cerrone vs. Oliveira,unanimous,False,wikipedia,prelims,wikipedia,False,False
17677,3682,2016-01-30,UFC on Fox 18 - Johnson vs. Bader,unanimous,True,wikipedia,main_card,wikipedia,False,False
17679,3682,2016-01-30,UFC on Fox 18 - Johnson vs. Bader,unanimous,False,wikipedia,prelims,wikipedia,False,False
17680,3682,2016-01-30,UFC on Fox 18 - Johnson vs. Bader,unanimous,False,wikipedia,prelims,wikipedia,False,False
17682,3682,2016-01-30,UFC on Fox 18 - Johnson vs. Bader,unanimous,False,wikipedia,prelims,wikipedia,False,False
17684,3682,2016-01-30,UFC on Fox 18 - Johnson vs. Bader,unanimous,False,wikipedia,prelims,wikipedia,False,False
17685,3682,2016-01-30,UFC on Fox 18 - Johnson vs. Bader,unanimous,False,wikipedia,prelims,wikipedia,False,False
17690,3683,2016-03-05,UFC 196 - McGregor vs. Diaz,unanimous,False,wikipedia,main_card,wikipedia,False,False
17691,3683,2016-03-05,UFC 196 - McGregor vs. Diaz,unanimous,False,wikipedia,main_card,wikipedia,False,False
17692,3683,2016-03-05,UFC 196 - McGregor vs. Diaz,unanimous,False,wikipedia,main_card,wikipedia,False,False
17696,3683,2016-03-05,UFC 196 - McGregor vs. Diaz,unanimous,False,wikipedia,prelims,wikipedia,False,False
17697,3683,2016-03-05,UFC 196 - McGregor vs. Diaz,unanimous,False,wikipedia,prelims,wikipedia,False,False
17701,3684,2016-02-06,UFC Fight Night 82 - Hendricks vs. Thompson,unanimous,False,wikipedia,co_main,wikipedia,False,False
17702,3684,2016-02-06,UFC Fight Night 82 - Hendricks vs. Thompson,unanimous,False,wikipedia,main_card,wikipedia,False,False
17703,3684,2016-02-06,UFC Fight Night 82 - Hendricks vs. Thompson,unanimous,False,wikipedia,main_card,wikipedia,False,False
17706,3684,2016-02-06,UFC Fight Night 82 - Hendricks vs. Thompson,unanimous,False,wikipedia,prelims,wikipedia,False,False
17708,3684,2016-02-06,UFC Fight Night 82 - Hendricks vs. Thompson,unanimous,False,wikipedia,prelims,wikipedia,False,False
17711,3684,2016-02-06,UFC Fight Night 82 - Hendricks vs. Thompson,unanimous,False,wikipedia,prelims,wikipedia,False,False
17712,3686,2016-01-17,UFC Fight Night 81 - Dillashaw vs. Cruz,split,True,wikipedia,main_event,wikipedia,True,True
17713,3686,2016-01-17,UFC Fight Night 81 - Dillashaw vs. Cruz,split,False,wikipedia,co_main,wikipedia,False,True
17715,3686,2016-01-17,UFC Fight Night 81 - Dillashaw vs. Cruz,unanimous,False,wikipedia,main_card,wikipedia,False,False
17722,3686,2016-01-17,UFC Fight Night 81 - Dillashaw vs. Cruz,unanimous,False,wikipedia,prelims,wikipedia,False,False
17724,3686,2016-01-17,UFC Fight Night 81 - Dillashaw vs. Cruz,unanimous,False,wikipedia,prelims,wikipedia,False,False
17728,3687,2015-12-10,UFC Fight Night 80 - Namajunas vs. VanZant,unanimous,False,wikipedia,main_card,wikipedia,False,False
17735,3687,2015-12-10,UFC Fight Night 80 - Namajunas vs. VanZant,split,False,wikipedia,prelims,wikipedia,False,True
17737,3691,2016-01-02,UFC 195 - Lawler vs. Condit,split,True,wikipedia,main_event,wikipedia,True,True
17739,3691,2016-01-02,UFC 195 - Lawler vs. Condit,split,False,wikipedia,main_card,wikipedia,False,True
17743,3691,2016-01-02,UFC 195 - Lawler vs. Condit,split,False,wikipedia,prelims,wikipedia,False,False
17744,3691,2016-01-02,UFC 195 - Lawler vs. Condit,unanimous,False,wikipedia,,unknown,,False
17745,3691,2016-01-02,UFC 195 - Lawler vs. Condit,unanimous,False,wikipedia,prelims,wikipedia,False,False
17746,3691,2016-01-02,UFC 195 - Lawler vs. Condit,unanimous,False,wikipedia,prelims,wikipedia,False,False
17747,3691,2016-01-02,UFC 195 - Lawler vs. Condit,split,False,wikipedia,prelims,wikipedia,False,True
17750,3692,2015-12-11,UFC - The Ultimate Fighter 22 Finale,unanimous,False,wikipedia (resolved by hand-rule),co_main,wikipedia,False,False
17752,3692,2015-12-11,UFC - The Ultimate Fighter 22 Finale,unanimous,False,wikipedia (resolved by hand-rule),main_card,wikipedia,False,False
17753,3692,2015-12-11,UFC - The Ultimate Fighter 22 Finale,unanimous,False,wikipedia (resolved by hand-rule),main_card,wikipedia,False,False
17754,3692,2015-12-11,UFC - The Ultimate Fighter 22 Finale,split,False,wikipedia (resolved by hand-rule),main_card,wikipedia,False,False
17755,3692,2015-12-11,UFC - The Ultimate Fighter 22 Finale,unanimous,False,wikipedia (resolved by hand-rule),prelims,wikipedia,False,False
17756,3692,2015-12-11,UFC - The Ultimate Fighter 22 Finale,unanimous,False,wikipedia (resolved by hand-rule),prelims,wikipedia,False,False
17758,3692,2015-12-11,UFC - The Ultimate Fighter 22 Finale,unanimous,False,wikipedia (resolved by hand-rule),prelims,wikipedia,False,False
17761,3693,2016-07-09,UFC 200 - Tate vs. Nunes,unanimous,False,wikipedia,main_card,wikipedia,True,False
17762,3693,2016-07-09,UFC 200 - Tate vs. Nunes,unanimous,False,wikipedia,main_card,wikipedia,True,False
17764,3693,2016-07-09,UFC 200 - Tate vs. Nunes,unanimous,False,wikipedia,prelims,wikipedia,False,False
17765,3693,2016-07-09,UFC 200 - Tate vs. Nunes,unanimous,False,wikipedia,prelims,wikipedia,False,False
17766,3693,2016-07-09,UFC 200 - Tate vs. Nunes,unanimous,False,wikipedia,prelims,wikipedia,False,False
17767,3693,2016-07-09,UFC 200 - Tate vs. Nunes,unanimous,False,wikipedia,prelims,wikipedia,False,False
17772,3695,2015-10-24,UFC Fight Night 76 - Holohan vs. Smolka,unanimous,False,wikipedia,co_main,wikipedia,False,False
17775,3695,2015-10-24,UFC Fight Night 76 - Holohan vs. Smolka,unanimous,False,wikipedia,prelims,wikipedia,False,False
17776,3695,2015-10-24,UFC Fight Night 76 - Holohan vs. Smolka,unanimous,False,wikipedia,prelims,wikipedia,False,False
17777,3695,2015-10-24,UFC Fight Night 76 - Holohan vs. Smolka,split,False,wikipedia,prelims,wikipedia,False,True
17779,3695,2015-10-24,UFC Fight Night 76 - Holohan vs. Smolka,unanimous,False,wikipedia,prelims,wikipedia,False,False
17781,3706,2015-09-26,UFC Fight Night 75 - Barnett vs. Nelson,unanimous,False,wikipedia,main_event,wikipedia,False,False
17783,3706,2015-09-26,UFC Fight Night 75 - Barnett vs. Nelson,unanimous,False,wikipedia,main_card,wikipedia,False,False
17784,3706,2015-09-26,UFC Fight Night 75 - Barnett vs. Nelson,unanimous,False,wikipedia,main_card,wikipedia,False,False
17788,3706,2015-09-26,UFC Fight Night 75 - Barnett vs. Nelson,unanimous,False,wikipedia,prelims,wikipedia,False,False
17789,3706,2015-09-26,UFC Fight Night 75 - Barnett vs. Nelson,unanimous,False,wikipedia,prelims,wikipedia,False,False
17793,3788,2015-12-19,UFC on Fox 17 - Dos Anjos vs. Cerrone 2,unanimous,True,wikipedia,main_card,wikipedia,False,False
17794,3788,2015-12-19,UFC on Fox 17 - Dos Anjos vs. Cerrone 2,unanimous,False,wikipedia,main_card,wikipedia,False,False
17797,3788,2015-12-19,UFC on Fox 17 - Dos Anjos vs. Cerrone 2,split,False,wikipedia,prelims,wikipedia,False,True
17799,3788,2015-12-19,UFC on Fox 17 - Dos Anjos vs. Cerrone 2,split,False,wikipedia,prelims,wikipedia,False,True
17801,3788,2015-12-19,UFC on Fox 17 - Dos Anjos vs. Cerrone 2,unanimous,False,wikipedia,prelims,wikipedia,False,False
17806,3789,2015-12-12,UFC 194 - Aldo vs. McGregor,split,False,wikipedia,main_card,wikipedia,False,True
17807,3789,2015-12-12,UFC 194 - Aldo vs. McGregor,unanimous,False,wikipedia,main_card,wikipedia,False,False
17808,3789,2015-12-12,UFC 194 - Aldo vs. McGregor,unanimous,False,wikipedia,main_card,wikipedia,False,False
17809,3789,2015-12-12,UFC 194 - Aldo vs. McGregor,unanimous,False,wikipedia,prelims,wikipedia,False,False
17810,3789,2015-12-12,UFC 194 - Aldo vs. McGregor,unanimous,False,wikipedia,,unknown,,False
17814,3789,2015-12-12,UFC 194 - Aldo vs. McGregor,split,False,wikipedia,prelims,wikipedia,False,True
17815,3789,2015-12-12,UFC 194 - Aldo vs. McGregor,unanimous,False,wikipedia,prelims,wikipedia,False,False
17816,3790,2015-11-28,UFC Fight Night 79 - Henderson vs. Masvidal,split,False,wikipedia,main_event,sherdog is_main,False,True
17818,3790,2015-11-28,UFC Fight Night 79 - Henderson vs. Masvidal,split,False,wikipedia,,unknown,False,False
17821,3790,2015-11-28,UFC Fight Night 79 - Henderson vs. Masvidal,split,False,wikipedia,prelims,wikipedia,False,True
17822,3790,2015-11-28,UFC Fight Night 79 - Henderson vs. Masvidal,split,False,wikipedia,prelims,wikipedia,False,False
17823,3790,2015-11-28,UFC Fight Night 79 - Henderson vs. Masvidal,unanimous,True,wikipedia,prelims,wikipedia,False,False
17825,3790,2015-11-28,UFC Fight Night 79 - Henderson vs. Masvidal,split,False,wikipedia,prelims,wikipedia,False,False
17827,3791,2015-11-21,UFC Fight Night 78 - Magny vs. Gastelum,split,True,wikipedia (resolved by hand-rule),main_event,wikipedia,False,True
17828,3791,2015-11-21,UFC Fight Night 78 - Magny vs. Gastelum,unanimous,False,wikipedia (resolved by hand-rule),co_main,wikipedia,False,False
17829,3791,2015-11-21,UFC Fight Night 78 - Magny vs. Gastelum,split,False,wikipedia (resolved by hand-rule),main_card,wikipedia,False,True
17830,3791,2015-11-21,UFC Fight Night 78 - Magny vs. Gastelum,split,False,wikipedia (resolved by hand-rule),main_card,wikipedia,False,False
17831,3791,2015-11-21,UFC Fight Night 78 - Magny vs. Gastelum,unanimous,False,wikipedia (resolved by hand-rule),main_card,wikipedia,False,False
17832,3791,2015-11-21,UFC Fight Night 78 - Magny vs. Gastelum,unanimous,False,wikipedia (resolved by hand-rule),main_card,wikipedia,False,False
17833,3791,2015-11-21,UFC Fight Night 78 - Magny vs. Gastelum,unanimous,False,wikipedia (resolved by hand-rule),prelims,wikipedia,False,False
17834,3791,2015-11-21,UFC Fight Night 78 - Magny vs. Gastelum,unanimous,False,wikipedia (resolved by hand-rule),prelims,wikipedia,False,False
17839,3791,2015-11-21,UFC Fight Night 78 - Magny vs. Gastelum,split,False,wikipedia (resolved by hand-rule),prelims,wikipedia,False,False
17841,3792,2015-11-14,UFC 193 - Rousey vs. Holm,unanimous,False,wikipedia,co_main,wikipedia,True,False
17843,3792,2015-11-14,UFC 193 - Rousey vs. Holm,unanimous,False,wikipedia,main_card,wikipedia,False,False
17844,3792,2015-11-14,UFC 193 - Rousey vs. Holm,unanimous,False,wikipedia,main_card,wikipedia,False,False
17848,3792,2015-11-14,UFC 193 - Rousey vs. Holm,unanimous,False,wikipedia,prelims,wikipedia,False,False
17849,3792,2015-11-14,UFC 193 - Rousey vs. Holm,unanimous,False,wikipedia,prelims,wikipedia,False,False
17850,3792,2015-11-14,UFC 193 - Rousey vs. Holm,unanimous,False,wikipedia,prelims,wikipedia,False,False
17857,3793,2015-11-07,UFC Fight Night 77 - Belfort vs. Henderson 3,unanimous,False,wikipedia,main_card,wikipedia,False,False
17858,3793,2015-11-07,UFC Fight Night 77 - Belfort vs. Henderson 3,unanimous,False,wikipedia,main_card,wikipedia,False,False
17860,3793,2015-11-07,UFC Fight Night 77 - Belfort vs. Henderson 3,unanimous,False,wikipedia,prelims,wikipedia,False,False
17863,3793,2015-11-07,UFC Fight Night 77 - Belfort vs. Henderson 3,unanimous,False,wikipedia,prelims,wikipedia,False,False
17864,3793,2015-11-07,UFC Fight Night 77 - Belfort vs. Henderson 3,split,False,wikipedia,prelims,wikipedia,False,True
17866,3794,2015-10-03,UFC 192 - Cormier vs. Gustafsson,split,True,wikipedia,main_event,wikipedia,True,True
17867,3794,2015-10-03,UFC 192 - Cormier vs. Gustafsson,unanimous,False,wikipedia,co_main,wikipedia,False,False
17868,3794,2015-10-03,UFC 192 - Cormier vs. Gustafsson,unanimous,False,wikipedia,main_card,wikipedia,False,False
17869,3794,2015-10-03,UFC 192 - Cormier vs. Gustafsson,unanimous,False,wikipedia,main_card,wikipedia,False,False
17870,3794,2015-10-03,UFC 192 - Cormier vs. Gustafsson,unanimous,False,wikipedia,main_card,wikipedia,False,False
17871,3794,2015-10-03,UFC 192 - Cormier vs. Gustafsson,unanimous,False,wikipedia,prelims,wikipedia,False,False
17876,3794,2015-10-03,UFC 192 - Cormier vs. Gustafsson,unanimous,False,wikipedia,prelims,wikipedia,False,False
17878,3795,2015-09-05,UFC 191 - Johnson vs. Dodson 2,unanimous,False,wikipedia,main_event,wikipedia,True,False
17879,3795,2015-09-05,UFC 191 - Johnson vs. Dodson 2,unanimous,False,wikipedia,co_main,wikipedia,False,False
17881,3795,2015-09-05,UFC 191 - Johnson vs. Dodson 2,unanimous,False,wikipedia,,unknown,,False
17883,3795,2015-09-05,UFC 191 - Johnson vs. Dodson 2,split,False,wikipedia,prelims,wikipedia,False,True
17886,3795,2015-09-05,UFC 191 - Johnson vs. Dodson 2,split,False,wikipedia,,unknown,,False
17888,3795,2015-09-05,UFC 191 - Johnson vs. Dodson 2,split,False,wikipedia,prelims,wikipedia,False,False
