fighter_id,name,sherdog_id,qid,en_title,created_utc,note
6026,John Dodson,11660,Q2083860,John Dodson (fighter),2011-07-06T07:27:23Z,from sample B lookup
8528,Demetrious Johnson,45452,Q2698272,Demetrious Johnson,2010-03-15T12:48:22Z,from sample B lookup
8832,Frank Mir,2329,Q459362,Frank Mir,2005-08-04T09:15:48Z,
7983,Andrei Arlovski,270,Q2072192,Andrei Arlovski,2005-08-10T13:46:57Z,from sample B lookup
260,Jan Blachowicz,25821,Q11717161,Jan Błachowicz,2010-09-01T21:49:22Z,from sample B lookup
254,Corey Anderson,171723,Q17385566,Corey Anderson (fighter),2014-07-15T20:11:14Z,from sample B lookup
8806,Josh Barnett,272,Q2407490,Josh Barnett,2005-10-08T03:59:16Z,
8671,Roy Nelson,10249,Q968275,Roy Nelson,2008-06-30T09:05:23Z,from sample B lookup
1752,Kyoji Horiguchi,64413,Q6451952,Kyoji Horiguchi,2012-02-20T07:53:27Z,
8869,Chico Camus,42850,Q5096409,Chico Camus,2012-08-12T13:49:02Z,
8870,George Roop,16415,Q5544031,George Roop,2008-11-20T05:21:56Z,
8705,Takeya Mizugaki,12074,Q7678183,Takeya Mizugaki,2009-03-01T06:25:36Z,
8438,Nick Hein,50774,Q17049437,Nick Hein,2014-06-01T01:12:09Z,from sample B lookup
8717,Yusuke Kasuya,63414,,,,no verified article
8511,Kajan Johnson,5615,Q21066335,Kajan Johnson,2015-08-31T14:27:41Z,from sample B lookup
8872,Naoyuki Kotani,393,Q6964771,Naoyuki Kotani,2008-05-15T16:03:40Z,
8724,Ryan Bader,22858,Q2479163,Ryan Bader,2008-11-12T23:47:07Z,
8545,Rashad Evans,10200,Q508652,Rashad Evans,2005-10-14T07:18:37Z,from sample B lookup
8894,Shawn Jordan,45624,Q7478195,Shawn Jordan,2012-03-03T05:38:21Z,
8893,Ruslan Magomedov,74434,Q7381017,Ruslan Magomedov,2012-09-06T13:46:23Z,
8303,Joseph Benavidez,15008,Q2059587,Joseph Benavidez,2008-12-04T01:39:34Z,from sample B lookup
8727,Ali Bagautinov,81198,Q15196731,Ali Bagautinov,2013-06-23T10:02:05Z,
5816,Julianna Pena,50883,Q15987784,Julianna Peña,2013-12-01T06:30:12Z,from sample B lookup
8204,Jessica Eye,39575,Q6187190,Jessica Eye,2012-12-08T02:35:34Z,from sample B lookup
2451,Yair Rodriguez,106305,Q19668247,Yair Rodríguez,2015-02-26T14:44:07Z,from sample B lookup
1013,Dan Hooker,45122,Q19946041,Dan Hooker,2015-05-09T18:09:17Z,from sample B lookup
8896,Chris Cariaso,16467,Q2879695,Chris Cariaso,2010-05-21T15:29:43Z,
1510,Sergio Pettis,50987,Q14191086,Sergio Pettis,2013-03-18T22:28:16Z,from sample B lookup
8665,Reza Madadi,18921,Q5017304,Reza Madadi,2010-01-31T02:22:03Z,from sample B lookup
8839,Norman Parke,47549,Q13582660,Norman Parke,2012-10-10T12:47:19Z,
5704,Mickael Lebout,81143,Q21285334,Mickaël Lebout,2015-10-28T01:45:27Z,
6638,Steven Ray,59838,Q20713385,Stevie Ray (fighter),2015-07-17T05:51:39Z,from sample B lookup
8866,Ericka Almeida,98419,,,,no verified article
8865,Aisling Daly,25245,Q4699200,Aisling Daly,2010-07-14T16:08:36Z,
6640,Robert Whiteford,47105,Q18390771,Rob Whiteford,2014-10-30T13:47:52Z,from sample B lookup
1436,Darren Elkins,22094,Q5224904,Darren Elkins,2010-03-01T21:27:04Z,from sample B lookup
8672,Rashid Magomedov,41524,Q4274176,Rashid Magomedov,2011-04-04T07:47:31Z,from sample B lookup
790,Gilbert Burns,91727,Q5560829,Gilbert Burns,2012-09-02T15:17:36Z,
8890,Fabio Maldonado,16426,Q5511358,Fábio Maldonado,2009-08-27T00:45:21Z,
8819,Yan Cabral,27090,Q8048134,Yan Cabral,2011-09-02T15:22:42Z,
3749,Johnny Case,28017,Q19609855,Johnny Case,2015-03-06T17:52:19Z,
8892,Gasan Umalatov,53109,Q18816033,Gasan Umalatov,2015-01-09T22:43:30Z,
8835,Viscardi Andrade,30298,Q14495342,Viscardi Andrade,2013-08-04T23:00:26Z,
8179,Joanna Jedrzejczyk,101411,Q14436702,Joanna Jędrzejczyk,2014-08-11T17:34:09Z,from sample B lookup
8708,Valerie Letourneau,21851,Q20026755,Valérie Létourneau,2015-05-27T18:54:02Z,from sample B lookup
8203,Uriah Hall,14210,Q10388252,Uriah Hall,2013-02-05T22:02:50Z,from sample B lookup
257,Robert Whittaker,45132,Q4845777,Robert Whittaker (fighter),2012-10-05T18:34:22Z,from sample B lookup
8849,Jared Rosholt,76763,Q6160091,Jared Rosholt,2011-06-04T02:11:15Z,
8335,Stefan Struve,15063,Q2095691,Stefan Struve,2008-12-25T13:57:14Z,
8886,Richie Vaculik,21798,Q18166334,Richie Vaculik,2014-09-11T03:47:58Z,
8885,Danny Martinez,16777,Q5220588,Danny Martinez,2014-06-09T16:05:50Z,
8887,Steve Montgomery,49092,,,,no verified article
8537,Daniel Kelly,49516,Q2260678,Dan Kelly (fighter),2012-08-05T02:22:08Z,from sample B lookup
8720,Richard Walsh,55587,Q18166386,Richard Walsh (fighter),2014-07-23T04:53:48Z,
8888,Steve Kennedy,31092,,,,no verified article
8344,Diego Sanchez,4824,Q611391,Diego Sanchez,2005-11-05T01:25:31Z,
8341,Ricardo Lamas,32051,Q3934314,Ricardo Lamas,2009-03-01T04:26:20Z,from sample B lookup
8630,Horacio Gutierrez,172941,,,,no verified article
1341,Enrique Barzola,129351,Q29810460,Enrique Barzola,2017-07-11T01:32:16Z,from sample B lookup
8824,Efrain Escudero,16555,Q5347573,Efraín Escudero,2008-03-06T06:08:58Z,
6535,Leandro Silva,86382,Q20640697,Leandro Silva (fighter),2015-05-26T06:57:34Z,from sample B lookup
8804,Erik Perez,35509,Q5115929,Erik Pérez,2012-06-04T02:00:04Z,from sample B lookup
1524,Taylor Lapilus,97337,Q20241019,Taylor Lapilus,2015-06-26T15:33:21Z,
8291,Bartosz Fabinski,87101,Q55820203,Bartosz Fabiński,2018-07-29T18:08:38Z,
8789,Hector Urbina,18168,Q20744756,Héctor Urbina,2015-05-25T08:37:46Z,
8718,Seo Hee Ham,21246,Q492621,Seo Hee Ham,2010-09-23T21:53:09Z,from sample B lookup
8169,Cortney Casey,91121,Q27835263,Cortney Casey,2017-03-28T14:51:04Z,from sample B lookup
60,Thiago Santos,90021,Q16940899,Thiago Santos,2014-06-02T17:10:37Z,from sample B lookup
8444,Elias Theodorou,81765,Q18167875,Elias Theodorou,2014-09-27T23:41:13Z,from sample B lookup
8237,Ryan Hall,15962,Q7384116,Ryan Hall (fighter),2012-06-06T17:51:13Z,
8499,Artem Lobov,73700,Q26924826,Artem Lobov,2016-09-15T11:52:46Z,
8393,Joe Lauzon,4923,Q6132508,Joe Lauzon,2006-09-12T21:43:42Z,from sample B lookup
8366,Evan Dunham,22038,Q4162621,Evan Dunham,2009-02-19T04:54:37Z,
8797,Tatsuya Kawajiri,1326,Q2605547,Tatsuya Kawajiri,2005-10-21T23:06:11Z,
8497,Jason Knight,44957,Q28701103,Jason Knight (fighter),2017-02-06T16:04:42Z,from sample B lookup
8860,Konstantin Erokhin,98151,,,,no verified article
8825,Gabriel Gonzaga,7306,Q2421065,Gabriel Gonzaga,2007-01-14T02:58:06Z,
8861,Mike Pierce,25415,Q10329953,Mike Pierce,2009-08-19T17:53:10Z,
8503,Ryan LaFlare,34409,Q15027330,Ryan LaFlare,2013-04-10T21:27:52Z,
8759,Abner Lloveras,11729,Q4668147,Abner Lloveras,2009-10-18T04:19:53Z,
8233,Chris Gruetzemacher,36924,Q41325857,Chris Gruetzemacher,2017-09-29T12:00:13Z,
8280,Demian Maia,14637,Q2408759,Demian Maia,2008-02-27T02:14:18Z,from sample B lookup
6184,Gunnar Nelson,25246,Q3480456,Gunnar Nelson (fighter),2009-10-01T12:11:30Z,from sample B lookup
3782,Jeremy Stephens,12179,Q6181926,Jeremy Stephens,2007-04-14T21:28:23Z,from sample B lookup
3846,Max Holloway,38671,Q6794874,Max Holloway,2012-01-20T02:39:50Z,from sample B lookup
8381,Urijah Faber,8847,Q2704462,Urijah Faber,2006-12-29T06:46:20Z,
8346,Frankie Saenz,55410,Q19979373,Frankie Saenz,2015-02-25T15:53:50Z,from sample B lookup
2263,Tecia Pennington,85096,Q15546307,Tecia Pennington,2013-12-12T15:24:58Z,from sample B lookup
8701,Jocelyn Jones-Lybarger,68957,Q23950216,Jocelyn Jones-Lybarger,2016-04-21T20:51:48Z,
810,Court McGee,34124,Q5178264,Court McGee,2010-03-25T00:13:18Z,from sample B lookup
8876,Marcio Alexandre Jr.,95457,,,,no verified article
872,Nate Diaz,11451,Q2698008,Nate Diaz,2007-03-15T21:32:02Z,
1099,Michael Johnson,68788,Q4896337,Michael Johnson (fighter),2010-06-25T02:19:52Z,from sample B lookup
2316,Karolina Kowalkiewicz,101401,Q16565693,Karolina Kowalkiewicz,2015-12-20T02:29:06Z,from sample B lookup
8247,Randa Markos,75417,Q18637615,Randa Markos,2014-12-11T21:55:09Z,from sample B lookup
3090,Kamaru Usman,120691,Q21290332,Kamaru Usman,2016-03-02T14:24:05Z,
758,Leon Edwards,62665,Q19872938,Leon Edwards,2015-04-12T00:16:11Z,from sample B lookup
8146,Nina Nunes,69632,Q19366433,Nina Nunes,2015-03-01T01:41:45Z,from sample B lookup
8289,Justine Kish,67098,Q18057194,Justine Kish,2014-09-16T04:56:53Z,from sample B lookup
8112,Scott Holtzman,78210,Q21062497,Scott Holtzman,2011-02-24T00:58:18Z,from sample B lookup
1046,Drew Dober,23982,Q18685758,Drew Dober,2014-12-15T11:47:24Z,
5493,Dustin Poirier,50529,Q2060146,Dustin Poirier,2010-11-14T19:11:32Z,
8353,Joseph Duffy,17052,Q19595437,Joseph Duffy (fighter),2015-03-15T01:55:56Z,
8456,Ross Pearson,11884,Q2756376,Ross Pearson,2009-04-09T01:55:16Z,from sample B lookup
8133,Francisco Trinaldo,31103,Q5483998,Francisco Trinaldo,2010-08-30T18:20:10Z,from sample B lookup
8164,Charles Rosa,71116,Q20011584,Charles Rosa,2015-02-24T20:06:59Z,from sample B lookup
8395,Kyle Bochniak,86246,Q32538178,Kyle Bochniak,2017-06-30T20:26:54Z,from sample B lookup
90,Francimar Barroso,14702,Q16220909,Francimar Barroso,2014-02-12T23:01:24Z,from sample B lookup
8715,Elvis Mutapcic,28038,,,,no verified article
8306,Jimmie Rivera,40954,Q15987709,Jimmie Rivera,2013-06-30T20:04:22Z,from sample B lookup
8525,Iuri Alcantara,16129,Q10394778,Iuri Alcântara,2010-11-03T23:05:52Z,
8522,Jake Ellenberger,13068,Q2056536,Jake Ellenberger,2008-07-04T06:01:54Z,
8668,Tarec Saffiedine,21912,Q3011868,Tarec Saffiedine,2010-04-24T16:43:27Z,from sample B lookup
8416,Olivier Aubin-Mercier,86241,Q19609643,Olivier Aubin-Mercier,2015-03-02T21:52:27Z,from sample B lookup
1041,Diego Ferreira,26358,Q18022554,Carlos Diego Ferreira,2014-09-08T05:22:56Z,from sample B lookup
8464,Dustin Ortiz,58097,Q15987738,Dustin Ortiz,2013-09-23T23:11:04Z,from sample B lookup
1476,Wilson Reis,23401,Q6121270,Wilson Reis,2008-05-26T18:10:49Z,
7977,Alex Caceres,41586,Q4716774,Alex Caceres,2010-06-16T00:35:28Z,from sample B lookup
8843,Masio Fullen,40356,,,,no verified article
8844,Matt Dwyer,53933,Q19877620,Matt Dwyer,2015-02-24T17:44:19Z,
786,Randy Brown,115641,Q22958637,Randy Brown (fighter),2016-01-31T15:40:42Z,from sample B lookup
8850,Rafael Cavalcante,16161,Q2057125,Rafael Cavalcante,2008-09-28T17:54:54Z,
6624,Ovince St. Preux,38842,Q7114164,Ovince Saint Preux,2010-11-21T12:06:00Z,from sample B lookup
8709,Zach Makovsky,20522,Q8063817,Zach Makovsky,2010-06-17T15:58:00Z,from sample B lookup
8851,K.J. Noons,6727,Q250132,K.J. Noons,2007-11-11T16:03:14Z,
8567,Joshua Burkman,10003,Q6136266,Josh Burkman,2006-11-25T23:31:02Z,from sample B lookup
8357,Ray Borg,84752,Q18637177,Ray Borg,2014-11-13T04:55:18Z,from sample B lookup
8536,Justin Scoggins,71120,Q18157844,Justin Scoggins,2014-08-29T22:31:48Z,from sample B lookup
8391,Alex White,55954,Q16727305,Alex White (fighter),2014-04-21T18:01:50Z,
8465,Dennis Bermudez,58065,Q5258197,Dennis Bermudez,2011-06-15T18:22:17Z,from sample B lookup
8795,Shane Campbell,34625,Q6660788,Shane Campbell,2008-09-25T04:48:05Z,
8327,James Krause,31766,Q6137468,James Krause (fighter),2009-11-06T13:24:18Z,from sample B lookup
4702,Leonardo Guimaraes,14971,,,,no verified article
44,Anthony Smith,29470,Q4773486,Anthony Smith (fighter),2012-12-07T21:28:27Z,from sample B lookup
8674,Nathan Coy,25412,Q6968992,Nathan Coy,2010-04-29T12:24:59Z,
8842,Jonavin Webb,81634,,,,no verified article
8100,Shamil Abdurakhimov,26808,Q4054630,Shamil Abdurakhimov,2015-04-02T10:39:44Z,from sample B lookup
226,Anthony Hamilton,58947,Q18637445,Anthony Hamilton (fighter),2014-12-09T08:30:49Z,
8321,Anderson Silva,1356,Q356871,Anderson Silva,2006-06-02T10:32:00Z,
8611,Michael Bisping,10196,Q973762,Michael Bisping,2006-06-15T19:23:28Z,
8679,Gegard Mousasi,7466,Q1188997,Gegard Mousasi,2008-04-28T15:31:39Z,
8504,Thales Leites,8593,Q2411774,Thales Leites,2006-10-23T07:51:12Z,
8452,Keita Nakamura,9572,Q6383921,Keita Nakamura,2007-04-20T01:25:29Z,from sample B lookup
310,Tom Breese,45986,Q21620931,Tom Breese,2015-10-30T09:42:47Z,from sample B lookup
8836,Mike Wilkinson,50586,Q18344803,Mike Wilkinson (fighter),2014-10-14T01:52:03Z,
1241,Makwan Amirkhani,69406,Q18680591,Makwan Amirkhani,2015-01-26T22:26:12Z,from sample B lookup
1539,Davey Grant,30564,Q33133504,Davey Grant,2017-07-21T23:33:57Z,from sample B lookup
1511,Marlon Vera,97179,Q18704247,Marlon Vera,2016-03-02T15:11:49Z,from sample B lookup
8838,Yaotzin Meza,15937,Q16732536,Yaotzin Meza,2013-10-21T22:58:24Z,
1255,Arnold Allen,97499,Q23007609,Arnold Allen,2016-02-29T13:40:25Z,from sample B lookup
525,Krzysztof Jotko,53380,Q11749319,Krzysztof Jotko,2014-06-13T08:06:55Z,from sample B lookup
8538,Bradley Scott,44442,Q4954242,Brad Scott (fighter),2012-11-26T19:04:06Z,from sample B lookup
8376,Rustam Khabilov,45417,Q4494408,Rustam Khabilov,2012-01-17T10:03:38Z,from sample B lookup
8063,Ilir Latifi,40207,Q5939663,Ilir Latifi,2014-07-18T05:06:14Z,from sample B lookup
8245,Gian Villante,42802,Q5558041,Gian Villante,2010-03-16T01:53:44Z,from sample B lookup
8846,Tom Lawlor,21940,Q7816544,Tom Lawlor,2008-12-14T05:21:12Z,
8057,Amanda Nunes,31496,Q4739716,Amanda Nunes,2011-01-09T15:41:19Z,from sample B lookup
4922,Valentina Shevchenko,45384,Q4522047,Valentina Shevchenko,2014-10-20T03:06:49Z,from sample B lookup
8225,Chas Skelly,47227,Q15987758,Chas Skelly,2013-10-12T15:54:41Z,
1051,Jim Miller,14463,Q742812,Jim Miller (fighter),2007-04-11T19:47:02Z,from sample B lookup
8555,Bec Rawlings,84964,Q3275768,Bec Rawlings,2013-01-04T16:02:02Z,from sample B lookup
8660,Leslie Smith,46542,Q15987678,Leslie Smith (fighter),2013-04-20T08:00:44Z,
2149,Rin Nakai,18887,Q3242787,Rin Nakai,2022-03-04T14:49:40Z,
8572,Damien Brown,62243,Q30122665,Damien Brown (fighter),2017-05-06T04:04:57Z,from sample B lookup
8212,Alan Patrick,31096,Q15116507,Alan Patrick (fighter),2014-07-31T22:38:48Z,
70,Junior dos Santos,17272,Q437577,Junior dos Santos,2008-10-26T05:21:08Z,
8239,Ben Rothwell,2262,Q1277223,Ben Rothwell,2007-03-09T18:52:45Z,from sample B lookup
29,Marcin Tybura,86928,Q16574553,Marcin Tybura,2017-03-16T14:16:15Z,
46,Tim Johnson,72706,Q24006991,Timothy Johnson (fighter),2016-04-29T20:13:14Z,from sample B lookup
8826,Igor Pokrajac,7621,Q16218735,Igor Pokrajac,2009-08-13T00:34:34Z,
8811,Cristina Stanciu,179481,,,,no verified article
8003,Maryna Moroz,151905,Q20068355,Maryna Moroz,2015-08-25T10:56:31Z,from sample B lookup
8074,Zak Cummings,31808,Q15987568,Zak Cummings,2010-11-01T13:25:40Z,from sample B lookup
793,Nicolas Dalby,63608,Q20080409,Nicolas Dalby,2015-05-31T01:05:03Z,from sample B lookup
8151,Alessio Di Chirico,89875,Q23835830,Alessio Di Chirico,2017-06-24T06:01:10Z,from sample B lookup
873,Bojan Velickovic,76620,Q28052031,Bojan Veličković,2016-12-18T23:15:40Z,from sample B lookup
4455,Rose Namajunas,69083,Q16226725,Rose Namajunas,2013-07-14T02:00:00Z,from sample B lookup
1145,Hacran Dias,19789,Q5637416,Hacran Dias,2010-02-21T18:35:13Z,
4211,Cub Swanson,11002,Q3699031,Cub Swanson,2007-12-17T07:37:14Z,from sample B lookup
8597,Oluwale Bamgbose,103153,Q24005909,Oluwale Bamgbose,2016-04-19T18:05:43Z,
8421,Cezar Ferreira,22400,Q5065836,Cezar Ferreira,2012-04-24T05:49:10Z,from sample B lookup
6478,Jon Jones,27944,Q285450,Jon Jones,2008-08-06T22:03:33Z,from sample B lookup
1153,Edson Barboza,46259,Q5340297,Edson Barboza,2010-08-08T00:58:03Z,from sample B lookup
8314,Anthony Pettis,26627,Q2057232,Anthony Pettis,2009-08-25T20:09:46Z,from sample B lookup
8643,Rafael Natal,13968,Q3787304,Rafael Natal,2010-07-09T11:34:16Z,
8822,Chris Kelades,51576,Q19879496,Chris Kelades,2015-02-14T20:12:31Z,
5410,Danny Roberts,64677,Q27830853,Danny Roberts (fighter),2016-08-26T12:51:56Z,from sample B lookup
8661,Dominique Steele,47845,Q20709979,Dominique Steele,2015-07-09T15:25:12Z,
8569,Juliana Lima,73710,Q18518858,Juliana Lima,2014-11-06T00:25:08Z,
6625,Carla Esparza,63410,Q2679034,Carla Esparza,2012-10-12T02:24:55Z,from sample B lookup
884,Glaico Franca,117927,,,,no verified article
8398,James Vick,81956,Q15987644,James Vick,2012-03-17T16:31:32Z,
1130,Kevin Lee,84342,Q18157401,Kevin Lee,2014-09-22T02:16:30Z,
8813,Heather Clark,67132,Q18637497,Heather Clark (fighter),2014-12-12T22:24:40Z,
8645,Chris Wade,79335,Q20744773,Chris Wade (fighter),2015-04-30T02:37:56Z,
8658,Neil Seery,14062,Q17403081,Neil Seery,2014-06-22T19:52:36Z,
8820,Dominic Waters,68971,,,,no verified article
7994,Bryan Barberena,51471,Q22958502,Bryan Barberena,2016-01-31T18:16:35Z,from sample B lookup
7979,Warlley Alves,70750,Q16941070,Warlley Alves,2014-07-31T04:32:30Z,from sample B lookup
8275,Yancy Medeiros,27738,Q8048309,Yancy Medeiros,2010-11-01T14:44:40Z,from sample B lookup
1522,Rob Font,76100,Q17466006,Rob Font,2016-03-24T14:14:37Z,from sample B lookup
8448,John Lineker,41906,Q10307862,John Lineker,2012-03-02T14:42:59Z,from sample B lookup
8387,Renan Barao,23156,Q947890,Renan Barão,2010-05-04T20:40:15Z,from sample B lookup
8798,Rick Story,25989,Q5955822,Rick Story,2009-04-14T16:31:27Z,
8533,Vitor Miranda,13004,Q7937196,Vitor Miranda,2008-02-03T10:48:50Z,
8664,Chris Camozzi,17224,Q2964673,Chris Camozzi,2010-03-25T00:09:53Z,
8319,Paul Felder,68205,Q18764053,Paul Felder,2015-01-07T17:49:11Z,from sample B lookup
8221,Sara McMann,67094,Q453102,Sara McMann,2005-03-18T05:20:08Z,
8458,Jordan Rinaldi,53815,Q41130639,Jordan Rinaldi,2017-09-27T05:33:44Z,
8596,Abel Trujillo,17129,Q4666635,Abel Trujillo,2012-12-09T01:23:51Z,
8145,Dominick Cruz,12107,Q713618,Dominick Cruz,2009-02-26T17:12:09Z,from sample B lookup
8703,Cole Miller,13133,Q5142677,Cole Miller,2007-03-15T21:51:27Z,
775,Stephen Thompson,59608,Q11253984,Stephen Thompson (fighter),2012-01-28T18:50:58Z,from sample B lookup
8816,Rory MacDonald,14018,Q723762,Rory MacDonald (fighter),2009-07-17T17:26:08Z,
8817,Steve Bosse,22732,,,,no verified article
8710,Sean O'Connell,33156,,,,no verified article
8149,Sam Alvey,35410,Q17403157,Sam Alvey,2014-11-09T17:56:04Z,from sample B lookup
8721,Geane Herrera,79290,Q24450532,Geane Herrera,2016-05-20T12:28:17Z,
8326,Alan Jouban,65878,Q17541350,Alan Jouban,2014-08-17T19:08:35Z,from sample B lookup
759,Belal Muhammad,108315,Q27068531,Belal Muhammad,2016-09-28T19:32:54Z,from sample B lookup
8325,Claudia Gadelha,48404,Q14308711,Cláudia Gadelha,2013-07-16T18:38:58Z,from sample B lookup
259,Khalil Rountree,77674,Q31270277,Khalil Rountree Jr.,2017-07-01T04:20:11Z,from sample B lookup
643,Andrew Sanchez,105321,Q27734307,Andrew Sanchez,2016-10-27T10:03:29Z,
8624,Will Brooks,76241,Q8002719,Will Brooks,2013-01-28T20:12:52Z,
8733,Fernando Bruno,25491,,,,no verified article
8502,Gray Maynard,15835,Q2627589,Gray Maynard,2007-05-03T20:30:05Z,
8367,Daniel Cormier,52311,Q644831,Daniel Cormier,2008-04-06T23:14:05Z,from sample B lookup
8123,Frankie Edgar,14204,Q552182,Frankie Edgar,2007-03-15T16:43:39Z,from sample B lookup
5855,Jose Aldo,11506,Q512119,José Aldo,2009-01-24T04:30:58Z,from sample B lookup
8478,Cat Zingano,33932,Q5051076,Cat Zingano,2012-10-04T02:11:25Z,from sample B lookup
527,Kelvin Gastelum,74700,Q10863578,Kelvin Gastelum,2013-04-10T17:51:29Z,from sample B lookup
8621,Johny Hendricks,24539,Q2481750,Johny Hendricks,2005-03-22T04:08:58Z,
8082,Raphael Assuncao,9574,Q2029356,Raphael Assunção,2009-02-28T00:58:38Z,from sample B lookup
8178,T.J. Dillashaw,62507,Q7668016,T.J. Dillashaw,2011-11-03T05:22:00Z,from sample B lookup
5685,Enrique Marin,27077,,,,no verified article
8535,Sage Northcutt,130911,Q21090267,Sage Northcutt,2015-10-08T04:13:11Z,
3562,Katlyn Cerminara,119071,Q26256197,Katlyn Cerminara,2017-03-28T13:13:47Z,from sample B lookup
5578,Lauren Murphy,66725,Q15290605,Lauren Murphy,2013-06-20T02:13:05Z,from sample B lookup
8812,Cody Pfister,48481,Q23664711,Cody Pfister,2016-02-25T02:33:28Z,
7991,Holly Holm,75125,Q2414305,Holly Holm,2007-08-06T00:47:47Z,from sample B lookup
8429,Gilbert Melendez,5545,Q2696560,Gilbert Melendez,2006-11-18T17:15:44Z,
8568,Godofredo Castro,40623,Q5576774,Godofredo Pepey,2012-05-29T16:50:47Z,
8336,Alexander Yakovlev,10846,,,,no verified article
8699,J.C. Cottrell,43874,,,,no verified article
5708,Michel Prazeres,22218,Q16222394,Michel Prazeres,2014-04-04T08:53:29Z,from sample B lookup
8704,James Moontasri,36889,Q19577317,James Moontasri,2015-03-08T18:02:06Z,
8216,Alex Oliveira,110143,Q20716403,Alex Oliveira,2015-06-29T15:01:47Z,from sample B lookup
8805,Francisco Rivera,11908,Q4460324,Francisco Rivera (fighter),2012-05-20T14:11:05Z,from sample B lookup
8077,Jorge Masvidal,7688,Q6136509,Jorge Masvidal,2007-06-21T21:43:54Z,from sample B lookup
8690,Rony Mariano Bezerra,38190,Q7366086,Rony Jason,2012-05-07T19:51:42Z,
834,Santiago Ponzinibbio,64593,Q20078686,Santiago Ponzinibbio,2013-07-04T22:41:14Z,from sample B lookup
8711,Joe Gigliotti,160679,,,,no verified article
8385,Trevor Smith,51113,Q7839433,Trevor Smith (fighter),2012-12-06T20:00:31Z,
119,Chase Sherman,159319,Q30323445,Chase Sherman,2017-05-15T11:56:32Z,
8324,Justin Ledet,72052,Q30323449,Justin Ledet,2017-05-16T20:51:54Z,from sample B lookup
8799,Elizabeth Phillips,83021,Q20011575,Elizabeth Phillips (martial artist),2015-05-29T09:35:26Z,
6623,Raquel Pennington,75564,Q15987788,Raquel Pennington,2013-12-05T02:28:48Z,from sample B lookup
6661,Chris Avila,155641,Q131745463,Chris Avila,2025-01-11T12:40:56Z,
5975,Jeremy Kennedy,104645,Q30070260,Jeremy Kennedy,2017-05-18T13:54:48Z,
8693,Alessandro Ricci,74266,,,,no verified article
8163,Alexander Gustafsson,26162,Q723744,Alexander Gustafsson,2009-04-22T02:47:46Z,from sample B lookup
8807,Tae Hyun Bang,23167,Q19955836,Tae Hyun Bang,2015-05-16T07:16:02Z,from sample B lookup
8350,Peter Sobotta,15816,Q92022,Peter Sobotta,2009-03-11T17:41:14Z,
8808,Leandro Issa,19521,Q18687957,Leandro Issa,2014-12-25T06:43:05Z,
857,Jack Hermansson,61146,Q26844722,Jack Hermansson,2016-08-29T16:20:14Z,from sample B lookup
6619,Scott Askham,40518,Q20675912,Scott Askham,2015-07-03T16:56:01Z,from sample B lookup
8349,Fabricio Werdum,8390,Q574476,Fabrício Werdum,2005-10-31T02:40:06Z,from sample B lookup
8648,Travis Browne,16785,Q2615294,Travis Browne,2010-03-09T17:27:00Z,
7969,Ricky Glenn,20171,Q34414924,Ricky Glenn,2017-08-02T01:43:47Z,from sample B lookup
750,Islam Makhachev,76836,Q18637676,Islam Makhachev,2014-10-31T17:25:09Z,
8317,Jose Quinonez,152627,Q33103827,José Alberto Quiñónez,2017-07-12T00:40:08Z,
8793,Joey Gomez,64975,,,,no verified article
8695,Phillipe Nover,7415,Q7185849,Phillipe Nover,2008-10-31T19:09:17Z,from sample B lookup
8697,Michinori Tanaka,71942,Q15395513,Michinori Tanaka,2013-12-20T20:30:31Z,from sample B lookup
7985,Rani Yahya,10425,Q4134787,Rani Yahya,2007-06-11T17:54:11Z,
8365,Jussier Formiga,36939,Q6315683,Jussier Formiga,2009-11-28T03:06:29Z,from sample B lookup
8284,Gregor Gillespie,111701,Q29578485,Gregor Gillespie,2017-03-25T17:05:51Z,
1319,Andre Fili,58385,Q16233140,Andre Fili,2013-10-16T23:43:04Z,from sample B lookup
813,Elizeu Zaleski dos Santos,63825,Q32068048,Elizeu Zaleski dos Santos,2017-07-06T08:34:01Z,from sample B lookup
8653,Jonathan Wilson,108571,Q39073865,Jonathan Wilson (fighter),2017-08-17T18:54:25Z,
288,Ion Cutelaba,101427,Q27663348,Ion Cutelaba,2016-10-20T18:59:19Z,from sample B lookup
8730,Dan Henderson,195,Q548861,Dan Henderson,2005-10-23T21:37:54Z,
3481,Rafael dos Anjos,11675,Q5961540,Rafael dos Anjos,2008-07-14T05:14:35Z,from sample B lookup
7975,Tony Ferguson,31239,Q7822327,Tony Ferguson,2011-05-05T23:14:55Z,
1124,Marcin Held,47065,Q6757213,Marcin Held,2010-08-12T17:32:52Z,from sample B lookup
1015,Beneil Dariush,56583,Q17505060,Beneil Dariush,2014-08-12T11:04:35Z,from sample B lookup
3650,Alexa Grasso,142845,Q19560601,Alexa Grasso,2015-02-19T00:53:33Z,from sample B lookup
8663,Alex Nicholson,121077,Q50528982,Alex Nicholson (fighter),2018-03-11T19:26:42Z,
5877,Miesha Tate,26252,Q1138101,Miesha Tate,2009-04-10T17:17:14Z,
8384,Thiago Alves,5998,Q2697334,Thiago Alves (fighter),2007-01-29T01:29:39Z,from sample B lookup
8468,Teruto Ishihara,78898,Q21621538,Teruto Ishihara,2015-10-14T04:23:10Z,
8728,Anna Elmose,162539,,,,no verified article
8495,Amanda Bobby Brundage,138223,,,,no verified article
1438,Brett Johns,92891,Q29952260,Brett Johns,2017-05-15T22:09:54Z,
8669,Kwan Ho Kwak,156471,,,,no verified article
8272,Omari Akhmedov,83462,Q15987775,Omari Akhmedov,2013-11-10T13:40:17Z,from sample B lookup
8716,Kyle Noke,7632,Q3200931,Kyle Noke,2009-03-06T22:38:26Z,from sample B lookup
8719,Jonathan Meunier,146567,Q41525848,Jonathan Meunier,2017-10-02T09:31:46Z,
8485,Ben Nguyen,8183,Q21500987,Ben Nguyen,2015-11-17T14:34:02Z,
8722,Guangyou Ning,26389,,,,no verified article
8520,Jenel Lausa,86123,Q27927827,Jenel Lausa,2016-11-29T00:30:37Z,
8723,Zhikui Yao,122383,,,,no verified article
1761,Tim Elliott,49213,Q7803464,Tim Elliott,2012-04-20T07:48:07Z,
514,Jared Cannonier,78628,Q27957217,Jared Cannonier,2016-12-04T15:47:28Z,from sample B lookup
8380,Dong Hyun Ma,21673,Q39075054,Dong Hyun Ma,2017-09-03T16:04:19Z,from sample B lookup
8714,Brendan O'Reilly,52633,,,,no verified article
8553,Jamie Moyle,85597,Q20744558,Jamie Moyle,2015-07-16T05:19:51Z,
8614,Kailin Curran,62703,Q21005484,Kailin Curran,2015-09-18T09:55:34Z,
135,Devin Clark,72777,Q30611638,Devin Clark (fighter),2017-05-26T08:47:48Z,
8652,Josh Stansbury,18495,Q33499110,Josh Stansbury,2017-07-27T07:36:00Z,
2319,Ashley Yoder,39298,Q31202427,Ashley Yoder,2017-06-30T01:33:29Z,from sample B lookup
8712,Tiago dos Santos e Silva,78479,,,,no verified article
8166,Shane Burgos,76052,Q30639697,Shane Burgos,2017-05-15T14:44:11Z,from sample B lookup
8646,Frankie Perez,79784,Q41187793,Frankie Perez,2017-09-21T21:42:31Z,
4460,Marc Diakiese,111545,Q26250955,Marc Diakiese,2017-03-18T23:24:34Z,from sample B lookup
8622,Ryan Janes,40126,Q30612697,Ryan Janes,2017-06-23T03:02:41Z,
8713,Keith Berish,46314,,,,no verified article
3654,J.J. Aldrich,75565,,,,no verified article
1283,Doo Ho Choi,56689,Q16233713,Choi Doo-ho,2013-06-26T20:42:37Z,
8531,Jordan Mein,6749,Q6276816,Jordan Mein,2011-06-14T00:38:24Z,
8372,Emil Meek,66143,Q17104474,Emil Weber Meek,2016-12-12T16:57:33Z,
8481,Matthew Lopez,136139,Q33093596,Matthew Lopez (fighter),2017-06-12T07:42:46Z,
8446,Mitch Gagnon,37404,Q15987641,Mitch Gagnon,2012-01-14T20:19:02Z,
8618,Jason Saggo,58213,Q23664414,Jason Saggo,2016-03-28T12:54:08Z,from sample B lookup
8689,Brad Pickett,11743,Q2063710,Brad Pickett,2006-07-27T12:34:12Z,from sample B lookup
6656,Mike Perry,176179,Q27749823,Mike Perry (fighter),2016-10-14T21:43:04Z,from sample B lookup
8487,Mizuto Hirota,12078,Q4352443,Mizuto Hirota,2009-08-02T13:35:05Z,
6460,Colby Covington,57269,Q19668838,Colby Covington,2015-03-05T21:38:00Z,
822,Alex Morono,64894,Q22007033,Alex Morono,2015-12-31T20:20:49Z,from sample B lookup
1272,Josh Emmett,85885,Q30070477,Josh Emmett,2017-05-25T09:41:33Z,from sample B lookup
6653,Irene Aldana,148377,Q19559930,Irene Aldana,2015-02-28T22:53:36Z,from sample B lookup
8640,Hector Sandoval,35409,Q30102897,Hector Sandoval,2017-06-01T12:08:06Z,
8706,Fredy Serrano,112413,Q5499600,Fredy Serrano,2008-09-17T09:26:51Z,from sample B lookup
1561,Cody Garbrandt,50381,Q20669352,Cody Garbrandt,2015-07-06T02:41:31Z,
8210,Louis Smolka,64792,Q18350514,Louis Smolka,2014-10-25T02:37:37Z,
774,Neil Magny,69166,Q15987654,Neil Magny,2012-09-27T19:49:41Z,from sample B lookup
269,Antonio Carlos Jr.,143157,Q17465610,Antônio Carlos Jr.,2014-07-31T17:46:01Z,from sample B lookup
528,Marvin Vettori,80421,Q26509559,Marvin Vettori,2017-06-20T04:54:55Z,from sample B lookup
8382,Ben Saunders,10339,Q2483465,Ben Saunders (fighter),2007-10-07T20:25:03Z,
8523,John Moraga,55159,Q2107177,John Moraga,2012-08-05T16:02:54Z,from sample B lookup
8494,Devin Powell,64166,Q42539787,Devin Powell,2017-11-02T00:15:20Z,from sample B lookup
1049,Drakkar Klose,84568,Q30595230,Drakkar Klose,2017-06-22T11:57:23Z,from sample B lookup
8363,Anthony Rocco Martin,80436,Q18394782,Anthony Rocco Martin,2014-10-24T21:10:18Z,from sample B lookup
8590,Nate Marquardt,1712,Q2704820,Nate Marquardt,2006-05-08T23:13:16Z,from sample B lookup
414,Henrique da Silva,175493,Q28857095,Henrique da Silva (fighter),2017-05-31T18:31:54Z,
8512,Jordan Johnson,124405,Q28819604,Jordan Johnson (fighter),2017-02-22T04:06:25Z,from sample B lookup
8182,Felice Herrig,42432,Q1402979,Felice Herrig,2008-03-08T19:57:34Z,from sample B lookup
2264,Angela Hill,148517,Q20979276,Angela Hill,2015-09-01T17:49:49Z,from sample B lookup
2266,Jessica Andrade,100715,Q15131640,Jéssica Andrade,2013-07-26T22:23:37Z,from sample B lookup
1468,Ricardo Ramos,121143,Q44070424,Ricardo Ramos (fighter),2017-11-23T21:30:40Z,from sample B lookup
7990,Germaine de Randamie,41745,Q14943759,Germaine de Randamie,2012-12-11T22:52:43Z,
8091,Derek Brunson,68494,Q5261851,Derek Brunson,2011-05-15T22:16:27Z,
8097,Glover Teixeira,4655,Q3788849,Glover Teixeira,2007-06-06T15:12:43Z,from sample B lookup
8493,Yuta Sasaki,63070,Q11382247,Ulka Sasaki,2013-12-20T20:35:17Z,
8310,Nik Lentz,15058,Q4189685,Nik Lentz,2009-09-09T20:09:42Z,from sample B lookup
8696,Roan Carneiro,2886,Q7339742,Roan Carneiro,2008-04-13T07:23:15Z,from sample B lookup
8505,Hector Lombard,11292,Q1032960,Héctor Lombard,2007-12-08T10:34:51Z,
8029,Gavin Tucker,78469,Q30639513,Gavin Tucker,2017-05-14T14:15:52Z,
8692,Sam Sicilia,53205,Q7408149,Sam Sicilia,2012-05-31T22:20:32Z,
8426,Nordine Taleb,26261,Q7050788,Nordine Taleb,2012-09-27T19:06:28Z,
8694,Reginaldo Vieira,52454,,,,no verified article
1505,Aiemann Zahabi,121009,Q30069975,Aiemann Zahabi,2017-05-15T17:40:54Z,from sample B lookup
8463,David Teymur,163937,Q28871382,David Teymur,2017-03-09T09:26:49Z,
4111,Lando Vannata,82446,Q27306762,Lando Vannata,2016-10-15T11:55:34Z,from sample B lookup
8397,Daniel Spitz,172211,Q42293991,Daniel Spitz,2017-10-20T12:29:19Z,
8564,Mark Godbeer,54637,Q28740197,Mark Godbeer,2017-02-09T22:39:14Z,
1127,Davi Ramos,101995,Q51140970,Davi Ramos,2017-12-10T09:29:31Z,
8386,Sergio Moraes,21343,Q7454338,Sérgio Moraes,2009-07-21T23:05:25Z,from sample B lookup
8573,Joe Soto,17004,Q6212441,Joe Soto,2009-05-08T19:19:15Z,from sample B lookup
8261,Darren Stewart,128141,Q41251816,Darren Stewart,2017-09-12T06:26:35Z,from sample B lookup
530,Vicente Luque,66474,Q24053947,Vicente Luque,2016-05-06T18:20:08Z,from sample B lookup
4003,Lucie Pudilova,159569,Q39349685,Lucie Pudilová,2017-09-11T06:15:01Z,from sample B lookup
8087,Lina Lansberg,122387,Q4964487,Lina Länsberg,2017-02-11T07:34:29Z,
8680,Patrick Cote,6612,Q645863,Patrick Côté (fighter),2006-06-05T20:36:55Z,
500,Sean Strickland,30452,Q17180973,Sean Strickland,2014-06-02T15:11:51Z,from sample B lookup
6488,Magomed Bibulatov,141553,Q18215341,Magomed Bibulatov,2017-05-17T17:11:28Z,from sample B lookup
2,Alexander Volkov,40951,Q4123254,Alexander Volkov (fighter),2010-09-08T22:45:33Z,from sample B lookup
8673,Augusto Mendes,160663,Q23905008,Augusto Mendes,2017-08-17T04:01:19Z,from sample B lookup
1249,Aljamain Sterling,66313,Q17403242,Aljamain Sterling,2014-07-17T03:49:30Z,from sample B lookup
8023,Jake Collier,83599,Q24006565,Jake Collier,2016-04-26T14:46:03Z,from sample B lookup
8042,Ashlee Evans-Smith,75021,Q18097353,Ashlee Evans-Smith,2016-09-03T09:28:01Z,from sample B lookup
2634,Ketlen Vieira,178961,Q31966537,Ketlen Vieira,2017-07-05T10:05:23Z,from sample B lookup
8174,Eddie Wineland,4173,Q3718958,Eddie Wineland,2007-09-17T00:18:08Z,
8675,Michael McBride,109357,Q44741755,Michael McBride (fighter),2017-11-01T19:34:39Z,
8529,Danielle Taylor,123439,Q30325650,Danielle Taylor (fighter),2017-05-10T09:10:30Z,from sample B lookup
6534,Jessica Penne,21247,Q3808148,Jessica Penne,2012-10-09T06:17:53Z,from sample B lookup
8230,Alexis Davis,22071,Q4721435,Alexis Davis (fighter),2009-04-10T18:31:40Z,from sample B lookup
8676,Cindy Dandois,42457,Q24852037,Cindy Dandois,2016-06-21T01:43:12Z,
8455,Jessica Aguilar,15174,Q3808131,Jessica Aguilar,2011-04-23T01:16:22Z,
7988,Gabriel Benitez,25733,Q33105056,Gabriel Benítez,2017-07-18T03:34:51Z,from sample B lookup
8562,Oliver Enkamp,122281,Q67176646,Oliver Enkamp,2017-05-28T16:47:58Z,
6501,Pedro Munhoz,52407,Q17518893,Pedro Munhoz,2014-06-02T07:31:01Z,from sample B lookup
5579,Damian Stasiak,86920,Q24430937,Damian Stasiak,2016-08-16T13:04:59Z,
8120,Darren Till,73436,Q30134627,Darren Till,2017-05-29T02:54:33Z,from sample B lookup
926,Jessin Ayari,55449,Q41806387,Jessin Ayari,2017-10-12T11:11:19Z,from sample B lookup
8548,Vitor Belfort,156,Q458716,Vitor Belfort,2004-10-28T17:33:46Z,
8519,Viviane Pereira,136367,Q33036876,Viviane Pereira,2017-07-14T10:35:24Z,from sample B lookup
1248,Alexander Volkanovski,101527,Q30123133,Alexander Volkanovski,2017-06-01T12:51:00Z,from sample B lookup
8402,Luke Jumeau,52853,Q31032391,Luke Jumeau,2017-06-28T09:41:08Z,from sample B lookup
8623,Ashkan Mokhtarian,144015,Q29834229,Ashkan Mokhtarian,2017-04-25T02:42:04Z,
8638,Chanmi Jeon,128633,,,,no verified article
8667,Dong Hyun Kim,16374,Q484455,Dong Hyun Kim,2008-03-19T03:57:44Z,from sample B lookup
8211,Frank Camacho,22114,Q47501247,Frank Camacho,2014-01-10T00:34:00Z,from sample B lookup
7965,Jingliang Li,26381,,,,no verified article
1533,Naoki Inoue,158487,Q30502025,Naoki Inoue,2017-06-18T07:35:13Z,from sample B lookup
8593,Carls John de Tomas,198787,,,,no verified article
8068,Ji Yeon Kim,77250,Q48468659,Ji Yeon Kim (fighter),2017-10-19T16:50:26Z,from sample B lookup
8500,Alex Garcia,54124,Q15949146,Alex Garcia (fighter),2013-10-09T05:43:51Z,
6626,Tim Means,11281,Q7803967,Tim Means,2012-02-14T18:14:37Z,from sample B lookup
6557,Clay Guida,8184,Q2697063,Clay Guida,2007-06-17T02:08:09Z,from sample B lookup
8418,Erik Koch,23390,Q2060216,Erik Koch,2009-08-19T12:52:41Z,
564,Brad Tavares,33095,Q4954303,Brad Tavares,2010-03-25T00:18:05Z,from sample B lookup
8592,Marcel Fortuna,79995,Q29346099,Marcel Fortuna,2017-04-10T20:27:01Z,
8599,Tom Gallicchio,17843,,,,no verified article
8075,Ed Herman,6561,Q5334935,Ed Herman,2006-06-16T03:48:16Z,from sample B lookup
8510,C.B. Dollaway,22350,Q3526018,C. B. Dollaway,2008-05-14T22:29:07Z,
8369,Yoel Romero,60762,Q941268,Yoel Romero,2009-09-28T11:34:42Z,from sample B lookup
11,Curtis Blaydes,172939,Q28709155,Curtis Blaydes,2017-02-06T18:06:16Z,from sample B lookup
8647,Daniel Omielanczuk,54303,Q11692792,Daniel Omielańczuk,2015-02-26T20:06:49Z,from sample B lookup
6485,Cody Stamann,61896,Q31834005,Cody Stamann,2017-07-04T11:00:06Z,from sample B lookup
8514,Terrion Ware,106755,Q48471328,Terrion Ware,2017-11-25T18:14:39Z,
8002,Joanne Wood,94103,Q1690827,Joanne Wood,2012-02-20T09:40:57Z,from sample B lookup
8078,Cynthia Calvillo,93095,Q28871497,Cynthia Calvillo,2017-03-04T18:41:01Z,from sample B lookup
8322,Jack Marshman,47545,Q30502234,Jack Marshman,2017-06-20T10:48:06Z,from sample B lookup
8657,James Mulheron,63627,,,,no verified article
8457,Justin Willis,63873,Q50278017,Justin Willis,2018-03-19T20:03:13Z,
8355,Danny Henry,59830,Q56000950,Danny Henry,2017-12-10T10:01:24Z,
8383,Daniel Teymur,163939,Q31612539,Daniel Teymur,2017-07-03T02:12:18Z,
6658,Albert Morales,161099,Q27663235,Albert Morales,2016-10-19T13:30:17Z,from sample B lookup
8294,Thomas Almeida,87865,Q18464223,Thomas Almeida,2015-03-01T23:14:00Z,
8644,Damian Grabowski,30320,Q5212257,Damian Grabowski,2009-05-13T16:23:07Z,
8293,Tyron Woodley,42605,Q2075426,Tyron Woodley,2009-02-06T00:17:21Z,
8061,Robbie Lawler,2245,Q4900149,Robbie Lawler,2005-12-02T20:34:22Z,from sample B lookup
8202,Donald Cerrone,15105,Q2057895,Donald Cerrone,2008-06-17T20:03:51Z,
1305,Calvin Kattar,23782,Q47539972,Calvin Kattar,2017-11-25T18:19:39Z,from sample B lookup
8392,Aleksandra Albu,144949,Q19837968,Aleksandra Albu,2015-04-27T23:46:02Z,from sample B lookup
1753,Brandon Moreno,80173,Q27957350,Brandon Moreno,2016-12-04T23:43:11Z,from sample B lookup
8541,Diego Rivas,81835,Q30123089,Diego Rivas (fighter),2017-05-31T10:56:30Z,
8440,Desmond Green,89993,Q16232603,Desmond Green,2014-02-28T01:04:36Z,from sample B lookup
24,Aleksandar Rakic,86829,Q48869757,Aleksandar Rakić,2017-12-10T09:53:29Z,from sample B lookup
385,Tyson Pedro,146831,Q29525226,Tyson Pedro,2017-04-21T17:06:46Z,
8445,Arjan Singh Bhullar,175321,Q4791524,Arjan Bhullar,2011-10-17T19:40:40Z,
5401,Luis Henrique,6608,Q28151951,Luis Henrique (fighter),2017-01-09T02:11:58Z,
8517,Rolando Dy,87380,Q43470839,Rolando Dy,2017-11-23T19:00:50Z,
8518,Shinsho Anzai,47183,Q20038580,Shinsho Anzai,2017-09-03T14:45:37Z,
8639,Hyun Gyu Lim,21040,Q6378997,Lim Hyun-gyu,2012-08-26T05:02:14Z,
8515,Daichi Abe,191861,Q47470350,Daichi Abe,2017-07-30T20:47:54Z,
8625,Pearl Gonzalez,90485,Q51068727,Pearl Gonzalez,2018-03-28T05:56:53Z,
8180,Poliana Botelho,164275,Q38540547,Poliana Botelho,2017-09-03T23:00:08Z,from sample B lookup
3733,Matt Schnell,47006,Q39075126,Matt Schnell,2017-09-04T03:09:35Z,from sample B lookup
8626,Marco Beltran,40285,,,,no verified article
8428,Jodie Esquibel,66876,Q18001089,Jodie Esquibel,2014-09-07T05:25:54Z,
8360,Oskar Piechota,77303,,,,no verified article
1083,Nasrat Haqparast,122581,Q58009240,Nasrat Haqparast,2018-10-28T04:02:57Z,from sample B lookup
544,Ramazan Emeev,72356,Q19916629,Ramazan Emeev,2017-09-04T21:33:09Z,from sample B lookup
8415,Salim Touahri,73527,Q42215881,Salim Touahri,2020-06-13T12:24:43Z,from sample B lookup
8516,Felipe Arantes,31372,Q1956587,Felipe Arantes,2012-01-15T18:03:27Z,from sample B lookup
1072,Jared Gordon,74057,Q30944937,Jared Gordon,2017-06-26T07:35:54Z,from sample B lookup
803,Max Griffin,53904,Q39854162,Max Griffin,2017-09-15T04:38:57Z,from sample B lookup
3589,Mickey Gall,160145,Q26879930,Mickey Gall,2016-09-12T14:47:20Z,
8431,Junior Albini,67923,Q42224427,Júnior Albini,2017-10-17T13:01:23Z,
2253,Tatiana Suarez,161107,Q7688105,Tatiana Suarez,2010-10-03T11:03:38Z,
8591,Michel Quinones,75509,,,,no verified article
8028,Shane Young,84215,Q61663569,Shane Young,2019-02-10T06:35:47Z,
8403,Nadia Kassem,214579,Q32538232,Nadia Kassem,2017-06-30T21:07:27Z,
8506,Alex Chambers,65649,Q18640436,Alex Chambers,2014-12-11T04:08:39Z,
1602,Eric Shelton,86414,Q42289471,Eric Shelton (fighter),2017-10-10T03:59:09Z,from sample B lookup
8498,Adam Wieczorek,86930,Q48471318,Adam Wieczorek,2020-07-28T15:34:23Z,
2258,Xiaonan Yan,67828,Q27951758,Yan Xiaonan,2017-12-10T10:08:15Z,from sample B lookup
8140,Yanan Wu,203195,,,,no verified article
8206,Gina Mazany,36287,Q51140974,Gina Mazany,2018-05-31T06:44:37Z,
8152,Lijiburen Wu,160545,,,,no verified article
8228,Roxanne Modafferi,8785,Q7372368,Roxanne Modafferi,2006-01-05T11:58:17Z,from sample B lookup
8423,Nicco Montano,138319,,,,no verified article
3747,Sean O'Malley,135099,Q45189135,Sean O'Malley (fighter),2017-11-25T18:14:23Z,from sample B lookup
4925,Henry Cejudo,125297,Q933481,Henry Cejudo,2005-12-19T06:20:02Z,from sample B lookup
7982,Michelle Waterson-Gomez,23091,Q6837288,Michelle Waterson-Gomez,2009-09-10T07:17:15Z,from sample B lookup
8490,Darrell Horcher,47899,Q18350346,Darrell Horcher,2014-10-06T07:41:17Z,from sample B lookup
542,Eryk Anders,93407,Q33103889,Eryk Anders,2017-07-14T16:28:00Z,from sample B lookup
8300,Markus Perez,131219,Q48471350,Markus Perez,2017-11-03T05:15:25Z,
8116,Benito Lopez,122711,Q48471361,Benito Lopez,2017-11-25T18:17:31Z,
8224,Alejandro Perez,13428,Q23008121,Alejandro Pérez (fighter),2016-03-04T14:59:34Z,from sample B lookup
8026,John Makdessi,37402,Q128479,John Makdessi,2010-12-16T00:15:48Z,from sample B lookup
8598,Erick Silva,15009,Q5388185,Erick Silva,2010-11-05T01:01:23Z,
2633,Cristiane Justino,14477,Q264979,Cris Cyborg,2008-07-10T01:14:42Z,
8333,Khabib Nurmagomedov,56035,Q3526023,Khabib Nurmagomedov,2011-10-09T12:08:54Z,
8271,Carlos Condit,6765,Q1189705,Carlos Condit,2007-09-17T02:48:04Z,from sample B lookup
8462,Myles Jury,34236,Q6947680,Myles Jury,2011-03-02T03:57:14Z,
6533,Matheus Nicolau,69341,Q25894208,Matheus Nicolau,2016-09-26T19:16:42Z,from sample B lookup
8069,Jessica-Rose Clark,115991,Q42878185,Jessica-Rose Clark,2017-11-09T07:09:50Z,from sample B lookup
8354,Paige VanZant,99019,Q10343583,Paige VanZant,2014-11-23T01:14:19Z,
8443,Talita Bernardo,186831,Q58239071,Talita Bernardo,2018-11-05T13:12:38Z,
8546,Mike Santiago,66110,Q101004538,Mike Santiago (fighter),2017-08-31T18:48:37Z,
5957,Mads Burnell,84910,Q54860978,Mads Burnell,2018-06-01T11:40:11Z,
6479,Stipe Miocic,39537,Q40266,Stipe Miocic,2011-04-17T07:50:43Z,
5,Francis Ngannou,152341,Q23883298,Francis Ngannou,2016-04-10T20:36:03Z,
2865,Brandon Davis,67782,Q55605870,Brandon Davis,2018-06-03T07:16:10Z,from sample B lookup
1748,Alexandre Pantoja,25023,Q27999203,Alexandre Pantoja,2017-05-30T14:35:57Z,from sample B lookup
1317,Julio Arce,71299,Q58239072,Julio Arce,2018-11-04T01:23:38Z,from sample B lookup
3652,Dan Ige,136499,Q48226886,Dan Ige,2017-12-18T12:06:38Z,from sample B lookup
8540,Matt Bessette,34374,Q16199127,Matt Bessette,2013-11-16T14:49:35Z,from sample B lookup
3781,King Green,27953,Q4935065,King Green,2010-01-14T18:25:51Z,from sample B lookup
8338,Mara Romero Borella,164915,Q47502997,Mara Romero Borella,2018-09-17T07:42:07Z,from sample B lookup
6177,Vinc Pichel,57848,Q16935163,Vinc Pichel,2014-05-24T03:07:23Z,
1078,Joaquim Silva,146291,Q26689637,Joaquim Silva (fighter),2016-08-05T14:45:44Z,from sample B lookup
8450,Marcelo Golm,190735,Q51140980,Marcelo Golm,2020-08-30T05:07:54Z,
4405,Douglas Silva de Andrade,87981,Q31925723,Douglas Silva de Andrade,2017-07-05T02:35:51Z,
6236,Damir Hadzovic,56139,Q31193474,Damir Hadžović,2017-06-28T00:32:55Z,from sample B lookup
8483,Mark Hunt,10668,Q714678,Mark Hunt,2005-01-12T22:20:35Z,
787,Jake Matthews,122139,Q19364772,Jake Matthews (fighter),2015-02-18T22:36:57Z,from sample B lookup
8080,Steven Peterson,60433,Q28465699,Steven Peterson,2014-04-08T20:24:19Z,from sample B lookup
8501,Thibault Gouti,124975,Q39049732,Thibault Gouti,2017-08-27T17:27:26Z,
8312,Sarah Moras,61600,Q19977660,Sarah Moras,2015-05-14T22:47:14Z,
7952,Brian Kelleher,53666,Q34533499,Brian Kelleher,2017-08-02T21:09:41Z,
1769,Alex Perez,12443,Q48471390,Alex Perez (fighter),2017-10-31T17:14:01Z,
8413,Andre Soukhamthath,67967,Q30123111,Andre Soukhamthath,2017-05-31T16:25:22Z,from sample B lookup
8435,Jimi Manuwa,37528,Q10306925,Jimi Manuwa,2011-09-18T09:39:30Z,
8561,Tom Duquesnoy,92239,Q18202498,Tom Duquesnoy,2017-04-16T16:11:08Z,from sample B lookup
8243,Al Iaquinta,42817,Q4704073,Al Iaquinta,2012-04-06T18:15:53Z,
1010,Renato Carneiro,61700,,,,no verified article
8375,Zabit Magomedsharipov,114261,Q23656188,Zabit Magomedsharipov,2017-08-31T05:47:26Z,
8253,Mike Rodriguez,107891,Q69956218,Mike Rodríguez (fighter),2019-10-07T07:28:00Z,
8401,Lauren Mueller,202159,Q51140977,Lauren Mueller,2020-05-29T18:47:24Z,
8301,Shana Dobson,222841,Q47523123,Shana Dobson,2017-12-10T10:07:50Z,
8484,Yushin Okami,5569,Q2703841,Yushin Okami,2006-07-13T03:32:51Z,
8277,Dhiego Lima,59607,Q20716662,Dhiego Lima,2015-03-03T18:05:55Z,from sample B lookup
8287,Luke Sanders,74975,Q29330401,Luke Sanders,2017-04-10T00:38:29Z,
8554,Patrick Williams,69607,Q39071738,Patrick Williams (fighter),2017-07-23T14:26:21Z,
8441,Patrick Cummins,72981,Q16734280,Patrick Cummins (fighter),2014-03-22T03:12:52Z,from sample B lookup
8549,Alberto Mina,16705,Q24007698,Alberto Mina,2016-05-03T15:46:58Z,from sample B lookup
8081,Guido Cannetti,69513,Q20810595,Guido Cannetti,2015-08-07T00:55:12Z,from sample B lookup
6190,Andrea Lee,149037,Q21067265,Andrea Lee (fighter),2015-09-18T20:11:31Z,from sample B lookup
5251,Veronica Hardy,180217,Q61813121,Veronica Hardy,2019-02-22T14:23:13Z,from sample B lookup
8542,Enrique Briones,20939,,,,no verified article
8234,Sijara Eubanks,193533,Q35123649,Sijara Eubanks,2017-08-06T14:33:52Z,
8389,Chance Rencountre,143911,Q65092174,Chance Rencountre,2019-07-07T01:24:42Z,
852,Gleison Tibau,5993,Q5975947,Gleison Tibau,2007-08-13T06:41:28Z,
8302,Megan Anderson,149769,Q24006756,Megan Anderson (fighter),2016-04-28T12:21:28Z,
28,Tai Tuivasa,133745,Q30675529,Tai Tuivasa,2017-06-18T18:53:59Z,from sample B lookup
512,Israel Adesanya,56374,Q27050195,Israel Adesanya,2016-09-27T23:59:40Z,from sample B lookup
5857,Brad Katona,66518,Q47523142,Brad Katona,2019-10-10T23:13:48Z,
8469,Jay Cucciniello,61607,,,,no verified article
21,Derrick Lewis,59284,Q17182975,Derrick Lewis,2014-06-12T20:13:37Z,from sample B lookup
731,Curtis Millender,127439,Q21066227,Curtis Millender,2015-08-29T04:53:27Z,
8256,Emily Whitmire,61380,Q47502988,Emily Whitmire,2017-12-11T23:44:06Z,
8044,Blagoy Ivanov,50154,Q4923861,Blagoy Ivanov,2009-03-15T21:12:36Z,from sample B lookup
8270,Marion Reneau,61266,Q19668704,Marion Reneau,2015-02-24T03:16:00Z,from sample B lookup
3052,Liz Carmouche,67007,Q1523288,Liz Carmouche,2011-02-24T00:12:45Z,from sample B lookup
8014,Jennifer Maia,57135,Q15987716,Jennifer Maia,2013-07-24T00:15:47Z,
8059,Abu Azaitar,55936,,,,no verified article
1451,Khalid Taha,117849,Q69832238,Khalid Taha,2019-10-06T01:25:02Z,
8352,Nad Narimani,67643,Q62086722,Nad Narimani,2019-03-17T18:58:06Z,
8378,Pingyuan Liu,83520,Q65555065,Liu Pingyuan,2019-07-14T00:21:03Z,from sample B lookup
1039,Alexander Hernandez,97669,Q51883206,Alexander Hernandez,2018-07-29T00:44:01Z,from sample B lookup
8467,Austin Arnett,57016,Q58975791,Austin Arnett,2018-11-21T07:34:38Z,
1390,Hakeem Dawodu,158725,Q45175157,Hakeem Dawodu,2017-12-08T12:43:26Z,from sample B lookup
2363,Polyana Viana,153951,Q48468666,Polyana Viana,2017-12-18T12:04:23Z,from sample B lookup
770,Kevin Holland,108999,Q62788166,Kevin Holland,2019-04-05T08:47:15Z,from sample B lookup
1540,Ricky Simon,111209,Q61663571,Ricky Simón,2019-02-10T06:30:38Z,from sample B lookup
1520,Montel Jackson,206717,Q63208572,Montel Jackson,2019-04-18T12:25:03Z,from sample B lookup
8422,Sheymon Moraes,93951,Q58215780,Sheymon Moraes,2018-11-04T01:23:54Z,from sample B lookup
8236,Matt Sayles,93675,,,,no verified article
4923,Weili Zhang,186663,Q61949317,Zhang Weili,2019-03-03T07:19:27Z,from sample B lookup
8527,Jon Tuck,45108,Q4901175,Jon Tuck,2011-12-19T05:18:30Z,from sample B lookup
8507,Craig White,47948,,,,no verified article
832,Alexey Kunchenko,140641,Q24642508,Alexey Kunchenko,2019-08-11T00:08:41Z,
1498,Petr Yan,186873,Q54218657,Petr Yan,2018-05-24T19:27:12Z,from sample B lookup
8420,Jin Soo Son,168171,,,,no verified article
8424,Mairbek Taisumov,33161,Q16354676,Mairbek Taisumov,2015-01-09T09:52:44Z,
8288,Stefan Sekulic,151125,,,,no verified article
1499,Merab Dvalishvili,157355,Q48471377,Merab Dvalishvili,2017-12-10T09:27:11Z,from sample B lookup
32,Ryan Spann,68057,Q70714552,Ryan Spann,2019-10-13T09:36:39Z,from sample B lookup
261,Dominick Reyes,145941,Q30323656,Dominick Reyes,2017-06-11T15:58:57Z,from sample B lookup
3471,Yana Santos,49412,Q8048201,Yana Santos,2011-05-07T01:05:51Z,from sample B lookup
6480,Jonathan Martinez,124959,Q65555171,Jonathan Martinez,2019-07-14T00:17:26Z,from sample B lookup
8170,Karl Roberson,132605,Q23664723,Karl Roberson,2016-03-18T22:29:45Z,from sample B lookup
49,Marcos Rogerio de Lima,51955,Q18685656,Marcos Rogério de Lima,2014-12-19T17:21:25Z,
1110,Thiago Moises,130351,Q94430990,Thiago Moisés,2020-05-14T17:18:29Z,from sample B lookup
8269,Ian Heinisch,187341,Q66528601,Ian Heinisch,2019-08-18T02:54:54Z,
3907,Humberto Bandenay,110397,Q58836929,Humberto Bandenay,2018-11-18T02:54:54Z,
864,Laureano Staropoli,141271,Q72393792,Laureano Staropoli,2019-10-26T12:38:55Z,
8400,Hector Aldana,82725,Q96240659,Hector Aldana,2020-06-12T15:31:08Z,
2918,Jesus Pinedo,146941,Q122979655,Jesus Pinedo,2023-08-07T13:00:35Z,
8267,Anderson dos Santos,95053,Q104177184,Anderson dos Santos (fighter),2020-09-16T22:18:10Z,
1501,Yadong Song,103807,Q56809033,Song Yadong,2018-09-23T23:55:31Z,from sample B lookup
1678,Vince Morales,177019,Q96282727,Vince Morales,2020-06-14T21:33:50Z,
6463,Kenan Song,181737,Q58007960,Song Kenan,2018-10-21T20:19:01Z,
8492,Rashad Coulter,81719,Q59180433,Rashad Coulter,2018-11-24T16:22:28Z,
8251,Yaozong Hu,251779,,,,no verified article
8432,Syuri Kondo,216929,Q5965720,Syuri,2011-11-07T22:00:29Z,from sample B lookup
8168,Antonina Shevchenko,45389,Q4522042,Antonina Shevchenko,2017-06-26T16:54:25Z,from sample B lookup
8283,Kevin Aguilar,57838,Q65030915,Kevin Aguilar (mixed martial artist),2019-07-02T14:21:55Z,from sample B lookup
8486,Elias Garcia,71080,,,,no verified article
1756,Kai Kara-France,73692,Q27999448,Kai Kara-France,2018-12-02T11:22:05Z,from sample B lookup
7989,Christos Giagos,68130,Q19957893,Christos Giagos,2015-05-14T13:26:15Z,
8488,Alex Gorgees,222785,,,,no verified article
8043,Damir Ismagulov,181183,Q59387261,Damir Ismagulov,2018-12-01T14:19:44Z,from sample B lookup
8298,Jordan Griffin,56524,Q96630769,Jordan Griffin,2020-06-25T02:19:39Z,
8404,Siyar Bahadurzada,5453,Q2708944,Siyar Bahadurzada,2008-08-22T15:35:03Z,
3056,Ariane Lipski da Silva,147487,Q26251018,Ariane Lipski da Silva,2019-11-17T10:46:18Z,from sample B lookup
8466,Te Edwards,156303,,,,no verified article
772,Geoff Neal,72107,Q61046269,Geoff Neal,2019-05-01T09:21:00Z,from sample B lookup
8201,Felipe Colares,144701,Q96271290,Felipe Colares,2020-06-13T22:17:18Z,from sample B lookup
1462,Geraldo de Freitas Jr.,107229,Q101800021,Geraldo de Freitas,2020-10-21T20:56:08Z,from sample B lookup
251,Magomed Ankalaev,170785,Q50278013,Magomed Ankalaev,2017-11-25T18:21:28Z,
86,Klidson Abreu,111535,Q96273108,Klidson Abreu,2020-06-14T01:43:55Z,from sample B lookup
554,Ismail Naurdiev,168833,Q48869871,Ismail Naurdiev,2019-09-28T17:30:21Z,
788,Joel Alvarez,190201,Q61855450,Joel Álvarez,2020-06-28T02:03:03Z,
8459,Tim Boetsch,19544,Q1102283,Tim Boetsch,2008-02-03T23:09:05Z,
1364,Julian Erosa,71442,Q97306946,Julian Erosa,2020-06-28T01:07:37Z,from sample B lookup
1019,Grant Dawson,103525,Q86883135,Grant Dawson,2020-03-02T04:55:08Z,
8430,Dan Moret,52514,,,,no verified article
8127,Nicolae Negumereanu,237147,Q62075618,Nicolae Negumereanu,2019-03-16T09:10:44Z,from sample B lookup
8370,Saparbek Safarov,76834,Q47932776,Saparbek Safarov,2017-12-10T09:38:32Z,
3734,Priscila Cachoeira,227399,Q51140987,Priscila Cachoeira,2017-12-11T23:40:54Z,
6185,Molly McCann,150485,Q64875539,Molly McCann,2019-06-28T11:42:50Z,
1506,Deiveson Figueiredo,110485,Q48122905,Deiveson Figueiredo,2018-02-20T11:01:03Z,from sample B lookup
8290,Luis Pena,174693,Q47523135,Luis Peña (fighter),2018-07-14T21:36:14Z,from sample B lookup
8414,Bobby Moffett,159019,Q68423811,Bobby Moffett,2019-09-24T06:13:39Z,from sample B lookup
1513,Bryce Mitchell,151837,Q47523144,Bryce Mitchell,2017-12-10T10:12:12Z,
1530,Chris Gutierrez,59736,Q5106746,Chris Gutierrez,2008-07-11T02:17:27Z,from sample B lookup
8411,Ryan MacDonald,116955,,,,no verified article
8304,Jordan Espinosa,64942,Q96384727,Jordan Espinosa,2020-06-09T18:00:29Z,
5796,Sodiq Yusuff,152359,Q66312022,Sodiq Yusuff,2019-03-26T14:22:33Z,
5878,Marina Rodriguez,193977,Q66982192,Marina Rodriguez,2019-09-01T15:57:37Z,from sample B lookup
8265,Casey Kenney,211031,Q87399221,Casey Kenney,2020-03-09T08:49:27Z,from sample B lookup
8219,Sabina Mazo,190501,Q85678922,Sabina Mazo,2020-01-19T08:10:44Z,from sample B lookup
8362,Mark De La Rosa,151745,Q47523202,Mark De La Rosa,2017-12-22T17:58:06Z,from sample B lookup
1142,Matt Frevola,100247,Q51140985,Matt Frevola,2017-12-11T23:39:06Z,from sample B lookup
1022,Jalin Turner,158269,Q59660366,Jalin Turner,2018-12-08T21:15:36Z,from sample B lookup
1002,Arman Tsarukyan,213913,Q61996306,Arman Tsarukyan,2019-05-28T14:28:11Z,from sample B lookup
8130,Alen Amedovski,134209,Q65048468,Alen Amedovski,2021-06-02T15:18:38Z,
6179,Seung Woo Choi,205299,Q79965224,Seung Woo Choi,2019-12-27T12:17:08Z,from sample B lookup
1251,Movsar Evloev,183539,Q47453148,Movsar Evloev,2020-06-28T02:00:08Z,from sample B lookup
8451,Sultan Aliev,89761,Q7636638,Sultan Aliev,2013-03-02T10:47:10Z,from sample B lookup
8282,Ronaldo Souza,8394,Q2528114,Ronaldo Souza,2007-02-13T17:21:15Z,from sample B lookup
8399,Thomas Gifford,74695,,,,no verified article
6636,Roosevelt Roberts,191653,Q64902155,Roosevelt Roberts,2019-06-30T04:31:15Z,
2252,Virna Jandiroba,137557,Q56434195,Virna Jandiroba,2018-09-01T18:36:54Z,
545,Marc-Andre Barriault,170803,Q65954962,Marc-André Barriault,2019-12-21T11:07:49Z,from sample B lookup
3043,Kyle Prepolec,80613,Q96169071,Kyle Prepolec,2020-06-09T04:18:37Z,
8374,Juan Adams,239097,Q65665250,Juan Adams,2019-07-21T03:07:02Z,
8332,Cole Smith,153345,Q98926076,Cole Smith (fighter),2020-08-31T12:05:39Z,from sample B lookup
1177,Kurt Holobaugh,68751,Q59223348,Kurt Holobaugh,2013-02-25T00:22:02Z,
8442,B.J. Penn,1307,Q402779,B.J. Penn,2004-12-26T09:10:41Z,
5109,Luana Carolina,189719,Q106689220,Luana Carolina,2021-04-01T05:14:07Z,from sample B lookup
5346,Austin Hubbard,191483,Q87475349,Austin Hubbard,2020-03-11T09:41:55Z,from sample B lookup
8214,Aspen Ladd,141393,Q23799819,Aspen Ladd,2016-04-11T13:27:40Z,
1512,Charles Jourdain,210843,Q96374792,Charles Jourdain,2020-06-14T02:32:28Z,from sample B lookup
8436,Sung Bin Jo,188737,,,,no verified article
8207,Sergey Khandozhko,91889,Q21661135,Sergey Khandozhko,2021-05-26T18:13:18Z,
5546,Rostem Akman,175303,,,,no verified article
8437,Tonya Evinger,18248,Q7823747,Tonya Evinger,2010-07-08T21:15:51Z,
78,Darko Stosic,107757,Q66107122,Darko Stošić,2019-09-25T12:05:18Z,
95,Bevon Lewis,211153,Q87418308,Bevon Lewis,2020-03-10T03:15:42Z,
8235,Andre Ewell,204397,Q66305541,Andre Ewell,2019-08-07T14:09:25Z,from sample B lookup
2790,Montana De La Rosa,175479,Q47502989,Montana De La Rosa,2017-12-10T10:08:40Z,from sample B lookup
8434,Eric Spicely,63723,Q28406031,Eric Spicely,2016-11-29T01:14:55Z,
8175,Deron Winn,248699,Q18424143,Deron Winn,2020-02-11T06:02:58Z,from sample B lookup
8072,Journey Newson,77464,Q99506988,Journey Newson,2020-08-16T17:11:08Z,
4368,Michael Chiesa,46224,Q6829235,Michael Chiesa,2012-04-07T23:46:26Z,
6188,Julia Avila,91159,Q65112853,Julia Avila,2019-07-07T19:53:46Z,
2039,Pannie Kianzad,99523,Q16595472,Pannie Kianzad,2015-08-10T19:58:25Z,
8248,Livinha Souza,128267,Q20055103,Lívia Renata Souza,2015-04-13T05:21:15Z,from sample B lookup
8359,Brianna Fortino,98559,Q64182701,Brianna Fortino,2019-07-18T13:55:13Z,
8368,Gabriel Silva,128611,,,,no verified article
1503,Mario Bautista,128107,Q86954930,Mario Bautista,2020-03-03T04:37:23Z,from sample B lookup
8240,Felicia Spencer,203909,Q46623920,Felicia Spencer,2017-12-23T18:03:50Z,from sample B lookup
3053,Viviane Araujo,200603,Q79056404,Viviane Araújo (fighter),2019-12-15T01:42:55Z,
8419,Kyle Stewart,102333,,,,no verified article
73,Kennedy Nzechukwu,212289,Q105811323,Kennedy Nzechukwu,2021-01-28T20:17:17Z,from sample B lookup
8024,Hannah Goldy,204879,Q108595679,Hannah Goldy,2021-08-25T02:53:35Z,
8150,Miranda Granger,251041,Q101800556,Miranda Granger,2020-07-13T04:36:58Z,
6380,Luiz Eduardo Garagorri,202081,Q99857438,Luiz Eduardo Garagorri,2020-08-16T17:10:22Z,
3813,Alex da Silva Coelho,153799,Q99669973,Alex da Silva Coelho,2020-08-19T20:06:23Z,
8222,Rodrigo Vargas,71577,Q106624171,Kazula Vargas,2020-08-13T06:02:58Z,
255,Paulo Costa,147165,Q30108735,Paulo Costa,2017-05-17T18:07:48Z,from sample B lookup
1504,Cory Sandhagen,112869,Q60769310,Cory Sandhagen,2019-01-21T19:50:15Z,from sample B lookup
8394,Manny Bermudez,112009,Q61750798,Manny Bermudez,2019-02-18T07:45:44Z,
8343,Hannah Cifers,117571,Q66759059,Hannah Cifers,2019-08-26T10:23:09Z,from sample B lookup
8412,Derrick Krantz,35518,Q64740188,Derrick Krantz,2019-06-06T22:19:27Z,
1766,Su Mudaerji,228263,Q102822052,Su Mudaerji,2020-09-16T22:16:58Z,from sample B lookup
8073,Batgerel Danaa,85013,,,,no verified article
3588,Heili Alateng,150691,Q99937818,Alateng Heili,2020-10-04T00:35:17Z,from sample B lookup
8427,Don Madge,86651,,,,no verified article
1044,Fares Ziam,184241,Q107210055,Farès Ziam,2021-03-20T12:12:19Z,from sample B lookup
569,Michel Pereira,135705,Q89157549,Michel Pereira,2020-03-15T15:49:05Z,from sample B lookup
8205,Tristan Connelly,61364,Q111795153,Tristan Connelly,2019-10-10T06:29:06Z,
8297,Hunter Azure,251727,Q99162508,Hunter Azure,2020-08-31T11:36:23Z,from sample B lookup
8311,Vanessa Melo,120777,Q97306832,Vanessa Melo,2020-06-28T01:49:42Z,
8407,Carlos Huachin,177353,,,,no verified article
8039,Tyson Nam,15224,Q7861789,Tyson Nam,2012-10-05T00:06:12Z,from sample B lookup
8259,Bethe Correia,103069,Q16336900,Bethe Correia,2014-06-12T19:19:26Z,from sample B lookup
1111,Claudio Puelles,105897,Q70828996,Claudio Puelles,2019-10-14T05:41:48Z,from sample B lookup
8409,Marcos Mariano,182785,,,,no verified article
278,Makhmud Muradov,109565,Q67761308,Makhmud Muradov,2019-09-28T15:29:24Z,
4403,Macy Chiasson,190279,Q57210892,Macy Chiasson,2019-05-06T14:31:11Z,from sample B lookup
8373,Callan Potter,105689,Q96187458,Callan Potter,2020-06-10T00:14:33Z,
8232,Maki Pitolo,51049,Q98341200,Maki Pitolo,2020-07-28T14:51:35Z,
1137,Jamie Mullarkey,68104,Q106241967,Jamie Mullarkey,2021-02-17T06:11:56Z,from sample B lookup
8124,Brad Riddell,252693,Q99670214,Brad Riddell,2020-08-19T20:07:19Z,from sample B lookup
6555,Kron Gracie,116971,Q6438868,Kron Gracie,2010-02-04T18:39:41Z,
2251,Mackenzie Dern,137171,Q21005601,Mackenzie Dern,2015-11-04T03:09:40Z,from sample B lookup
2269,Amanda Ribas,171625,Q85868632,Amanda Ribas,2020-03-15T00:20:25Z,from sample B lookup
6043,Diana Belbita,174381,Q55606061,Diana Belbiță,2021-07-09T01:38:17Z,
1296,Sean Woodson,235563,Q107124951,Sean Woodson,2020-10-15T03:30:18Z,from sample B lookup
753,Sean Brady,126971,Q98780764,Sean Brady (fighter),2020-07-13T04:34:07Z,
87,Tanner Boser,114961,Q96694117,Tanner Boser,2020-06-27T23:25:06Z,from sample B lookup
785,Muslim Salikhov,129929,Q6942961,Muslim Salikhov,2011-02-03T19:46:58Z,from sample B lookup
1009,Rafael Fiziev,202657,Q75012682,Rafael Fiziev,2020-02-26T13:15:25Z,
8351,Raphael Pessoa,242953,Q97721887,Raphael Pessoa,2020-06-28T02:00:35Z,
8345,Jeff Hughes,23793,Q72385537,Jeff Hughes (fighter),2019-10-26T10:31:22Z,from sample B lookup
116,Greg Hardy,271461,Q3116233,Greg Hardy,2008-08-25T03:16:12Z,
66,Khadis Ibragimov,265067,Q24351656,Khadis Ibragimov,2020-06-28T02:03:40Z,
549,Andre Muniz,81800,Q20047921,André Muniz,2020-11-20T04:41:27Z,from sample B lookup
365,Antonio Arroyo,173979,,,,no verified article
6694,Wellington Turman,157451,Q98213107,Wellington Turman,2019-11-03T02:40:10Z,from sample B lookup
8388,Isabela de Padua,183333,,,,no verified article
3849,Tracy Cortez,160955,Q61983615,Tracy Cortez,2019-03-06T11:56:16Z,from sample B lookup
8316,Matt Wiman,12236,Q11340521,Matt Wiman,2006-11-17T03:59:15Z,
6326,Joe Solecki,227993,Q106454937,Joe Solecki,2021-03-02T23:30:42Z,from sample B lookup
535,Jun Yong Park,159071,Q104901720,Jun Yong Park,2020-06-28T01:59:36Z,from sample B lookup
1,Ciryl Gane,293973,Q79372882,Ciryl Gane,2019-10-29T17:03:04Z,from sample B lookup
8379,Suman Mokhtarian,154079,Q47523145,Suman Mokhtarian,2018-01-27T00:47:05Z,
8079,Omar Morales,120645,Q94004781,Omar Morales (fighter),2020-09-09T01:34:38Z,from sample B lookup
1546,Said Nurmagomedov,103961,Q48471434,Said Nurmagomedov,2020-03-16T12:24:17Z,from sample B lookup
1517,Raoni Barcelos,94587,Q20028301,Raoni Barcelos,2017-12-10T10:03:03Z,from sample B lookup
4367,Maycee Barber,253613,Q58454724,Maycee Barber,2019-03-03T08:08:42Z,from sample B lookup
8220,Askar Askarov,149255,Q29358590,Askar Askarov,2020-04-16T17:39:19Z,
8030,Aleksa Camur,228789,Q107301207,Aleksa Camur,2021-04-02T18:32:04Z,from sample B lookup
273,Jamahal Hill,280417,Q97171293,Jamahal Hill,2020-10-21T20:57:51Z,
8330,Dequan Townsend,91563,Q96464351,Dequan Townsend,2020-06-19T17:30:30Z,
1259,Youssef Zalal,229985,Q97163112,Youssef Zalal,2020-07-26T13:34:36Z,from sample B lookup
8037,Austin Lingo,236341,Q108198470,Austin Lingo,2021-05-17T12:29:40Z,
5218,Rogerio Bontorin,132211,,,,no verified article
3986,Shanna Young,126277,Q104440719,Shanna Young,2020-11-24T23:44:28Z,
2307,Konklak Suphisara,270881,Q47545334,Loma Lookboonmee,2019-10-25T12:06:47Z,from sample B lookup
1525,Kyler Phillips,190919,Q47523147,Kyler Phillips,2021-01-09T04:45:19Z,
14,Serghei Spivac,179095,Q74099016,Serghei Spivac,2019-11-03T18:46:16Z,
1261,Steve Garcia,50916,Q18043912,Steve Garcia,2014-09-08T05:05:48Z,
8015,Mark O. Madsen,145559,Q6768700,Mark Madsen (fighter),2012-12-05T13:51:04Z,from sample B lookup
3479,Johnny Walker,170203,Q61478503,Johnny Walker (fighter),2019-02-03T16:59:55Z,from sample B lookup
275,Nikita Krylov,110937,Q15710959,Nikita Krylov,2014-01-26T13:47:42Z,from sample B lookup
3962,Mayra Bueno Silva,223917,Q99507110,Mayra Bueno Silva,2020-07-19T23:44:28Z,
1792,Bruno Silva,118601,Q100270431,Bruno Gustavo da Silva,2020-08-12T17:45:04Z,from sample B lookup
1816,David Dvorak,67185,Q101416754,David Dvořák,2020-06-23T19:31:40Z,
8186,Bea Malecki,271931,Q57210898,Bea Malecki,2020-08-27T10:50:55Z,
8296,Yorgan De Castro,176091,Q92611642,Yorgan De Castro,2020-08-19T20:08:34Z,
75,Philipe Lins,61438,Q17198296,Philipe Lins,2014-06-07T03:39:51Z,
1308,Giga Chikadze,213745,Q95453345,Giga Chikadze,2020-05-24T22:45:29Z,from sample B lookup
8339,Irwin Rivera,78383,Q99507051,Irwin Rivera,2020-08-24T07:38:50Z,from sample B lookup
3560,Nate Landwehr,101493,Q105620376,Nate Landwehr,2020-08-16T17:09:23Z,
6036,Spike Carlyle,188775,Q102818101,Spike Carlyle,2020-11-10T13:43:36Z,
2858,Billy Quarantillo,68076,Q99317271,Billy Quarantillo,2020-08-12T17:46:14Z,
5797,Gabriel Green,195027,Q111950968,Gabriel Green (fighter),2021-09-11T01:13:33Z,
771,Daniel Rodriguez,145945,Q99500036,Daniel Rodriguez (fighter),2020-07-26T13:32:48Z,from sample B lookup
3091,Chase Hooper,249301,Q95145837,Chase Hooper,2019-11-11T00:33:37Z,
277,Alonzo Menifield,210501,Q96103548,Alonzo Menifield,2020-06-07T04:47:40Z,from sample B lookup
8255,Gustavo Lopez,107201,Q104839627,Gustavo Lopez (fighter),2020-05-28T19:49:36Z,
8358,Lyman Good,14207,Q11346566,Lyman Good,2009-04-15T17:44:50Z,from sample B lookup
506,Brendan Allen,201703,Q96694248,Brendan Allen,2020-06-28T00:59:20Z,from sample B lookup
546,Kyle Daukaus,83350,Q106774423,Kyle Daukaus,2021-02-03T02:23:41Z,
8142,Leonardo Santos,4810,Q10317364,Leonardo Santos (fighter),2011-11-14T19:05:38Z,from sample B lookup
8356,Roman Bogatov,241395,,,,no verified article
316,Maxim Grishin,33201,Q4149886,Maxim Grishin,2010-10-20T12:19:16Z,
8177,Raulian Paiva,167575,Q87074053,Raulian Paiva,2020-03-04T20:09:36Z,from sample B lookup
1626,Zhalgas Zhumagulov,176945,Q107485020,Zhalgas Zhumagulov,2020-07-15T19:37:34Z,from sample B lookup
3370,Karol Rosa,115135,Q105359215,Karol Rosa,2020-08-27T09:45:22Z,from sample B lookup
8262,Ryan Benoit,48566,Q19609714,Ryan Benoit,2015-03-08T16:30:59Z,from sample B lookup
2637,Taila Santos,143185,Q104384202,Taila Santos,2020-10-05T14:46:24Z,from sample B lookup
6320,Abdul Razak Alhassan,151701,Q28729618,Abdul Razak Alhassan,2017-02-07T19:04:20Z,from sample B lookup
8099,Mounir Lazzez,104851,Q60711351,Mounir Lazzez,2020-11-05T10:11:43Z,
8347,Chris Fishgold,50861,Q68195658,Chris Fishgold,2019-09-22T16:07:52Z,
8223,Mike Grundy,84263,Q6830827,Mike Grundy,2014-10-05T17:52:03Z,from sample B lookup
4468,Niklas Stolze,163897,Q112245010,Niklas Stolze,2022-05-09T03:49:09Z,
1270,Nathaniel Wood,82395,Q61435520,Nathaniel Wood (fighter),2019-02-02T17:57:44Z,from sample B lookup
3587,John Castaneda,86536,Q110825835,John Castañeda,2020-07-18T23:40:16Z,from sample B lookup
7973,Nathan Maness,158855,,,,no verified article
1694,Johnny Munoz Jr.,195507,Q112245002,Johnny Muñoz Jr.,2022-05-09T03:48:33Z,
8307,Vince Cachero,156943,,,,no verified article
1293,Jamall Emmers,84139,Q108312230,Jamall Emmers,2020-12-15T21:48:30Z,from sample B lookup
6556,Chris Weidman,42804,Q565237,Chris Weidman,2010-02-26T18:24:05Z,
5409,Julija Stoliarenko,143533,Q57210873,Julija Stoliarenko,2020-03-06T13:11:48Z,from sample B lookup
8040,Alex Munoz,207057,,,,no verified article
8318,Peter Barrett,79095,,,,no verified article
8172,Danny Chavez,59478,Q107738479,Danny Chavez,2021-05-27T18:59:50Z,
1157,T.J. Brown,172347,Q106778729,T.J. Brown,2021-02-10T09:07:59Z,from sample B lookup
1311,Kai Kamaka III,117585,Q106684765,Kai Kamaka III,2021-02-15T03:36:29Z,from sample B lookup
8171,Tony Kelley,57658,Q110068099,Tony Kelley,2016-11-07T18:12:10Z,
2275,Mizuki Inoue,71390,Q6884821,Mizuki Inoue,2010-12-18T04:47:32Z,from sample B lookup
2260,Amanda Lemos,173973,Q98684485,Amanda Lemos,2020-07-13T04:35:03Z,from sample B lookup
6484,Matthew Semelsberger,251541,Q107301235,Matthew Semelsberger,2021-05-14T07:49:51Z,from sample B lookup
8315,Carlton Minus,177995,,,,no verified article
7951,Bill Algeo,77441,Q106950041,Bill Algeo,2021-03-18T20:53:38Z,from sample B lookup
516,Impa Kasanganay,310489,Q106464255,Impa Kasanganay,2021-02-26T20:07:34Z,
5977,Anthony Ivy,143479,,,,no verified article
8086,William Knight,282383,Q108231347,William Knight (fighter),2021-05-29T20:53:52Z,
8231,Danilo Marques,172145,Q107427858,Danilo Marques,2021-03-25T04:03:10Z,
69,Carlos Felipe,185021,Q105081353,Carlos Felipe,2020-10-25T02:44:52Z,from sample B lookup
503,Nassourdine Imavov,217405,Q107641405,Nassourdine Imavov,2021-06-14T06:20:20Z,
8244,Jordan Williams,70941,Q109467073,Jordan Williams (fighter),2021-09-08T15:22:15Z,
8060,Jinh Yu Frey,85549,Q21064601,Jinh Yu Frey,2015-08-24T16:34:04Z,from sample B lookup
1001,Ilia Topuria,202445,Q97185032,Ilia Topuria,2021-02-21T03:32:41Z,
3931,Ali AlQaisi,196307,,,,no verified article
4489,Stephanie Egger,206859,Q108779499,Stephanie Egger,2021-04-13T22:12:36Z,
1762,Tagir Ulanbekov,149259,Q101229278,Tagir Ulanbekov,2020-07-15T19:38:25Z,from sample B lookup
8017,Chan Sung Jung,36155,Q498065,The Korean Zombie,2009-03-20T15:59:33Z,
3644,Brian Ortega,65310,Q4964959,Brian Ortega,2011-08-21T03:02:37Z,
8165,Claudio Silva,25830,Q20716905,Cláudio Silva,2015-03-05T15:22:46Z,
2255,Gillian Robertson,219015,Q47523129,Gillian Robertson,2017-12-10T10:09:23Z,
8328,John Phillips,13470,Q48468627,John Phillips (fighter),2017-12-10T09:56:34Z,from sample B lookup
8215,Kay Hansen,270021,Q52451442,Kay Hansen,2018-04-08T23:33:02Z,
6552,Cory McKenna,178347,Q115754139,Cory McKenna,2022-03-05T02:21:19Z,from sample B lookup
2315,Kanako Murata,219081,Q11523421,Kanako Murata,2019-11-02T15:07:34Z,
3911,Rhys McKee,145609,,,,no verified article
5879,Don'Tale Mayes,237177,Q101803195,Don'Tale Mayes,2020-10-02T05:33:13Z,
8278,Roque Martinez,22115,Q107301223,Roque Martinez,2021-03-07T07:56:21Z,from sample B lookup
713,Jared Gooden,187959,Q107742493,Jared Gooden,2021-07-29T15:14:04Z,
552,Dustin Stoltzfus,113779,Q110197529,Dustin Stoltzfus,2021-09-09T05:17:10Z,
4515,Josh Parisian,181225,Q57210897,Josh Parisian,2021-09-10T15:10:50Z,from sample B lookup
8018,Parker Porter,24916,Q105199300,Parker Porter,2021-01-30T03:36:58Z,
3583,Norma Dumont,233587,Q106950074,Norma Dumont,2021-01-21T19:52:49Z,from sample B lookup
4374,Charles Oliveira,30300,Q5081361,Charles Oliveira,2010-04-30T23:18:46Z,from sample B lookup
809,Kalinn Williams,198129,Q104384356,Khaos Williams,2020-11-22T07:08:01Z,from sample B lookup
8009,Jamie Pickett,72595,Q109162495,Jamie Pickett,2021-08-10T04:15:11Z,
8032,Tafon Nchukwi,282049,Q108595878,Tafon Nchukwi,2021-06-30T18:55:02Z,
8066,Matt Brown,14310,Q3558605,Matt Brown (fighter),2008-05-30T02:32:36Z,from sample B lookup
3960,Joselyne Edwards,156643,Q109186905,Joselyne Edwards,2021-06-02T15:22:16Z,from sample B lookup
8313,Jacob Kilburn,238233,,,,no verified article
1254,Lerone Murphy,209721,Q104966783,Lerone Murphy,2020-12-05T17:46:59Z,from sample B lookup
4934,Zarrukh Adashev,126877,Q80299868,Zarrukh Adashev,2019-12-25T14:13:35Z,
8122,Dalcha Lungiambula,167487,Q104966739,Dalcha Lungiambula,2020-11-06T22:00:37Z,
8144,Francisco Figueiredo,69484,Q111975092,Francisco Figueiredo,2021-12-21T13:48:49Z,
8273,Jerome Rivera,139017,Q105359214,Jerome Rivera,2021-02-03T02:34:33Z,
1073,Mason Jones,256311,Q109171176,Mason Jones (fighter),2021-08-29T00:47:00Z,
1160,Mike Davis,202169,Q97186201,Mike Davis (fighter),2020-12-29T18:25:13Z,
335,Marcin Prachnio,141251,Q24429092,Marcin Prachnio,2020-08-07T06:26:36Z,
1772,Amir Albazi,51365,Q78095043,Amir Albazi,2020-07-19T00:34:02Z,from sample B lookup
1749,Manel Kape,101189,Q56886154,Manel Kape,2020-04-23T17:31:04Z,from sample B lookup
8279,Lara Fritzen,164341,,,,no verified article
1490,Timur Valiev,70605,Q28497052,Timur Valiev,2017-03-20T17:55:05Z,
8309,Martin Day,155883,Q104834034,Martin Day (fighter),2020-09-16T22:17:31Z,from sample B lookup
818,Philip Rowe,121067,Q110908144,Philip Rowe,2021-10-30T07:05:47Z,from sample B lookup
8115,Darrick Minner,92115,Q105620387,Darrick Minner,2020-12-23T04:46:41Z,
6235,Jairzinho Rozenstruik,102803,Q73362309,Jairzinho Rozenstruik,2019-10-17T22:44:57Z,from sample B lookup
8213,Kevin Croom,67191,Q105712690,Kevin Croom,2021-01-15T08:11:49Z,
286,Dustin Jacoby,73825,Q5317107,Dustin Jacoby,2012-01-24T22:27:13Z,from sample B lookup
1023,Rafa Garcia,186049,Q108437049,Rafa García (fighter),2021-09-18T19:44:59Z,
8173,Gloria de Paula,230933,Q110969530,Gloria de Paula,2021-12-09T08:19:09Z,from sample B lookup
8110,Cheyanne Vlismas,152049,Q108601093,Cheyanne Vlismas,2021-08-29T00:48:48Z,
2415,Montserrat Ruiz,175799,Q106254341,Montserrat Ruiz,2021-03-12T16:48:30Z,
6500,Trevin Giles,111237,Q48471340,Trevin Giles,2019-07-16T07:03:51Z,from sample B lookup
264,Roman Dolidze,240323,Q64861182,Roman Dolidze,2020-07-22T02:27:22Z,from sample B lookup
5640,Miranda Maverick,230031,Q50309878,Miranda Maverick,2018-03-02T15:31:01Z,from sample B lookup
6693,Abubakar Nurmagomedov,86474,Q23772419,Abubakar Nurmagomedov,2016-04-02T14:07:12Z,from sample B lookup
8143,Luis Saldana,77414,Q111379660,Luis Saldaña,2022-02-06T12:02:08Z,
6635,Da Woon Jung,202241,Q101693577,Da Woon Jung,2019-12-25T12:00:13Z,
3844,Jacob Malkoun,204645,Q110906519,Jacob Malkoun,2021-10-30T07:05:13Z,
1060,Dakota Bush,203711,,,,no verified article
1264,Pat Sabatini,60415,Q109658714,Pat Sabatini,2021-04-20T03:15:51Z,
3266,Zhu Rong,233823,Q111801935,Rong Zhu,2021-10-30T07:08:17Z,
1669,Qileng Aori,222519,Q111701050,Aori Qileng,2022-02-27T02:58:21Z,
8183,Jeff Molina,218069,Q112234157,Jeff Molina,2022-02-27T03:09:25Z,from sample B lookup
2280,Sam Hughes,231521,,,,no verified article
8286,K.B. Bhullar,87341,,,,no verified article
6228,Andreas Michailidis,65167,Q106684777,Andreas Michailidis,2021-02-15T03:34:33Z,
8189,Maurice Greene,85198,Q57210895,Maurice Greene (fighter),2019-06-29T23:55:36Z,from sample B lookup
8012,Phil Hawes,130935,Q106774444,Phil Hawes,2021-04-17T05:38:33Z,
8126,Michael Trizano,163551,Q47523137,Michael Trizano,2019-07-14T13:56:02Z,from sample B lookup
1053,Ludovit Klein,183159,Q100396352,Ľudovít Klein,2021-08-10T04:15:18Z,from sample B lookup
8036,Tucker Lutz,122559,,,,no verified article
6251,Justin Tafa,254717,Q84625825,Justin Tafa,2020-02-09T01:41:56Z,from sample B lookup
8114,Jared Vanderaa,152987,Q108854303,Jared Vanderaa,2021-08-10T04:15:15Z,from sample B lookup
529,Edmen Shahbazyan,247691,Q65122318,Edmen Shahbazyan,2019-05-25T10:44:11Z,from sample B lookup
7966,Joshua Culibao,222801,Q106950054,Joshua Culibao,2021-04-11T02:09:52Z,from sample B lookup
7974,Nuerdanbieke Shayilan,245853,,,,no verified article
8085,Rafael Alves,96651,Q118220089,Rafael Alves (fighter),2022-02-27T03:01:34Z,
7970,Miguel Baeza,231403,Q103044801,Miguel Baeza,2020-08-30T18:03:51Z,
735,Dusko Todorovic,207339,Q107124934,Duško Todorović,2021-03-25T04:02:22Z,
508,Gregory Rodrigues,176275,Q111027480,Gregory Rodrigues,2021-12-21T13:48:19Z,from sample B lookup
6348,Kamuela Kirk,162187,,,,no verified article
1333,Jordan Leavitt,259871,Q110197492,Jordan Leavitt,2021-09-26T18:26:11Z,from sample B lookup
8134,Alexey Oleynik,2027,Q4333491,Aleksei Oleinik,2009-05-22T17:04:30Z,from sample B lookup
4369,Niko Price,96921,Q30070205,Niko Price,2017-05-16T16:54:24Z,
8111,Sergey Morozov,89693,Q60830629,Sergey Morozov (fighter),2021-10-30T07:07:25Z,
8011,Malcolm Gordon,113429,Q104830422,Malcolm Gordon (fighter),2020-12-26T16:58:46Z,
794,Punahele Soriano,230239,Q107639652,Punahele Soriano,2021-03-25T04:02:52Z,from sample B lookup
8266,Drako Rodriguez,203421,,,,no verified article
8257,Domingo Pilarte,48495,Q108198509,Domingo Pilarte (fighter),2021-06-02T15:23:10Z,from sample B lookup
2332,Vanessa Demopoulos,118775,Q112722857,Vanessa Demopoulos,2022-04-13T15:53:45Z,from sample B lookup
4004,David Zawada,72910,Q48849509,David Zawada,2019-11-11T07:47:49Z,from sample B lookup
6502,Jack Shore,110177,Q106459264,Jack Shore,2019-04-28T00:07:29Z,from sample B lookup
8117,Liudvik Sholinian,216799,,,,no verified article
8067,Mandy Bohm,172907,,,,no verified article
8033,J.P. Buys,197069,,,,no verified article
3558,Erin Blanchfield,283251,Q72704755,Erin Blanchfield,2019-10-28T14:16:30Z,
8254,Sarah Alpar,82261,,,,no verified article
3428,Nick Maximov,302823,Q112033010,Nick Maximov,2022-02-27T03:05:16Z,from sample B lookup
571,Cody Brundage,281913,Q116686341,Cody Brundage,2023-02-05T02:19:43Z,from sample B lookup
6481,Damon Jackson,113767,Q17916907,Damon Jackson,2014-09-04T07:47:07Z,from sample B lookup
3649,Manon Fiorot,228689,Q106358942,Manon Fiorot,2021-06-10T06:29:51Z,
2262,Lupita Godinez,246543,Q108911599,Loopy Godinez,2021-10-13T04:49:21Z,from sample B lookup
1280,David Onama,254945,Q113004679,David Onama,2025-07-13T08:20:54Z,
8058,Maria Oliveira,207835,,,,no verified article
2259,Tabatha Ricci,152919,Q112110663,Tabatha Ricci,2022-02-23T13:35:34Z,from sample B lookup
8249,Zviad Lazishvili,341317,,,,no verified article
263,Volkan Oezdemir,58503,Q28758684,Volkan Oezdemir,2017-04-20T20:59:25Z,from sample B lookup
8094,Zubaira Tukhugov,63813,Q16354655,Zubaira Tukhugov,2014-11-15T20:40:22Z,from sample B lookup
523,Roman Kopylov,232601,Q51670222,Roman Kopylov,2022-04-08T00:30:49Z,from sample B lookup
8035,Albert Duraev,86841,,,,no verified article
1008,Benoit St. Denis,317103,,,,no verified article
1000,Justin Gaethje,46648,Q15634226,Justin Gaethje,2016-01-20T23:39:36Z,
1030,Michael Chandler,50829,Q614630,Michael Chandler,2011-04-24T08:40:35Z,
6107,John Allan,114875,Q109483919,John Allan (fighter),2020-09-02T04:05:20Z,from sample B lookup
3364,Melsik Baghdasaryan,164681,Q104704560,Melsik Baghdasaryan,2020-09-08T12:27:14Z,
1442,Bruno Souza,231115,,,,no verified article
1811,Ode Osbourne,137969,Q83093836,Ode' Osbourne,2021-04-07T04:50:57Z,from sample B lookup
6175,C.J. Vergara,72117,Q117243120,C. J. Vergara,2023-03-21T15:54:28Z,from sample B lookup
8242,Liana Jojua,208997,Q100856734,Liana Jojua,2020-09-07T20:34:17Z,
7984,Kyung Ho Kang,24067,Q12582720,Kang Kyung-ho,2014-01-06T01:40:41Z,from sample B lookup
7995,Natan Levy,227411,Q101460620,Natan Levy,2022-12-05T16:49:44Z,
1878,Cody Durden,222325,Q109658681,Cody Durden,2021-08-25T02:54:16Z,
8238,Sean Soriano,61682,Q20744713,Sean Soriano,2015-01-19T05:32:26Z,
5800,Luana Pinheiro,237525,Q109632784,Luana Pinheiro,2022-02-08T16:08:23Z,from sample B lookup
8138,Darian Weeks,223693,,,,no verified article
6261,Mallory Martin,200771,Q61483130,Mallory Martin,2019-02-05T09:21:57Z,
1285,Joanderson Brito,181115,,,,no verified article
8071,Joseph Holmes,285543,,,,no verified article
849,Ramiz Brahimaj,178855,Q110577269,Ramiz Brahimaj,2021-10-30T07:04:30Z,
8022,Andre Fialho,188171,Q112082193,André Fialho,2022-04-17T22:04:38Z,
6045,Victor Henry,52195,Q66479774,Victor Henry (fighter),2020-07-15T19:35:48Z,from sample B lookup
5040,Saimon Oliveira,156991,,,,no verified article
8083,Tony Gravely,210575,Q106542766,Tony Gravely,2021-02-21T03:33:53Z,from sample B lookup
3559,Jasmine Jasudavicius,311001,Q128115823,Jasmine Jasudavicius,2024-07-29T23:39:28Z,
524,Bryan Battle,249825,Q131305383,Bryan Battle,2024-10-15T20:06:29Z,from sample B lookup
526,Tresean Gore,289719,,,,no verified article
8229,Fabio Cherant,230293,Q110906546,Fabio Cherant,2021-11-23T06:54:14Z,
252,Carlos Ulberg,84291,Q105361122,Carlos Ulberg,2021-02-07T15:07:26Z,
8056,Ronnie Lawrence,102885,,,,no verified article
8092,Leomana Martinez,130553,,,,no verified article
7992,A.J. Dobson,119943,,,,no verified article
8176,Alan Baudot,138183,Q110969535,Alan Baudot,2022-01-25T17:22:56Z,
6551,Jonathan Pearce,183541,Q108693599,Jonathan Pearce (fighter),2021-03-02T19:08:59Z,
1321,Christian Rodriguez,303043,,,,no verified article
8121,Jay Perrin,99689,,,,no verified article
8119,Ramona Pascual,232645,,,,no verified article
6182,Josiane Nunes,147215,Q123834857,Josiane Nunes,2023-12-15T04:13:12Z,from sample B lookup
537,Michal Oleksiejczuk,156397,Q65618791,Michał Oleksiejczuk,2019-07-17T13:52:23Z,from sample B lookup
3746,Alex Pereira,224511,Q15987809,Alex Pereira,2014-02-24T07:10:04Z,from sample B lookup
5856,Bruno Silva,66304,Q108793651,Bruno Silva (fighter),2021-11-04T15:18:02Z,
6429,A.J. Fletcher,284309,,,,no verified article
1585,Javid Basharat,222651,Q109301375,Javid Basharat,2021-10-28T13:43:57Z,
8090,Trevin Jones,73904,Q108195327,Trevin Jones,2021-04-15T21:25:21Z,
8065,Takashi Sato,147403,Q17349973,Takashi Sato,2020-06-29T03:41:38Z,
4924,Viacheslav Borshchev,337895,,,,no verified article
501,Khamzat Chimaev,280021,Q76476288,Khamzat Chimaev,2020-07-16T22:52:09Z,from sample B lookup
754,Ian Garry,268923,Q109657967,Ian Machado Garry,2021-08-16T16:33:57Z,from sample B lookup
511,Anthony Hernandez,86783,Q96372195,Anthony Hernandez,2020-05-29T19:44:38Z,
576,Josh Fremd,162285,,,,no verified article
2265,Piera Rodriguez,247469,,,,no verified article
1347,Daniel Santos,144395,,,,no verified article
1384,T.J. Laramie,188479,,,,no verified article
5641,Ange Loosa,95799,,,,no verified article
6324,Preston Parsons,173219,,,,no verified article
5888,Evan Elder,269245,,,,no verified article
3530,Gerald Meerschaert,21501,Q30323752,Gerald Meerschaert,2017-06-17T03:55:41Z,from sample B lookup
8034,Mike Breeden,243687,,,,no verified article
3536,Melissa Gatto,193547,Q111905660,Melissa Gatto,2019-12-08T11:57:20Z,from sample B lookup
2339,Ariane Carnelossi,182853,Q108911384,Ariane Carnelossi,2021-08-10T04:15:21Z,
8001,Fernie Garcia,112047,,,,no verified article
3367,Allan Nascimento,87857,Q140516374,Allan Nascimento,2026-08-04T04:45:15Z,from sample B lookup
1618,Jake Hadley,200597,,,,no verified article
1750,Tatsuro Taira,293975,Q108109936,Tatsuro Taira,2023-02-10T18:02:28Z,from sample B lookup
8118,Carlos Candelario,97453,,,,no verified article
6553,Dan Argueta,263385,,,,no verified article
768,Rinat Fakhretdinov,145067,Q97664397,Rinat Fakhretdinov,2023-07-03T20:54:31Z,from sample B lookup
4454,Natalia Silva,193033,Q121898011,Natália Silva (fighter),2023-08-20T18:49:24Z,
1011,Mateusz Gamrot,90605,Q19521996,Mateusz Gamrot,2020-08-25T19:27:25Z,from sample B lookup
1502,Umar Nurmagomedov,240893,Q56315142,Umar Nurmagomedov,2022-03-12T17:54:16Z,
782,Chris Curtis,48039,Q47539914,Chris Curtis (fighter),2022-01-26T21:30:40Z,from sample B lookup
578,Rodolfo Vieira,137167,Q7357207,Rodolfo Vieira,2012-08-16T23:46:47Z,
502,Dricus Du Plessis,146193,Q48870794,Dricus du Plessis,2019-12-16T07:30:34Z,from sample B lookup
507,Caio Borralho,188043,Q120264548,Caio Borralho,2022-10-22T18:17:09Z,
6183,Armen Petrosyan,302783,Q109489660,Armen Petrosyan (fighter),2023-11-22T03:05:46Z,from sample B lookup
4375,Ricky Turcios,80671,,,,no verified article
4838,Saidyokub Kakhramonov,274077,,,,no verified article
8167,Dwight Grant,68983,Q63254358,Dwight Grant,2019-04-22T11:17:48Z,from sample B lookup
7981,Emily Ducote,207407,Q73264293,Emily Ducote,2019-11-02T14:59:07Z,from sample B lookup
5263,Paul Craig,110167,Q30121921,Paul Craig,2017-01-23T22:18:24Z,
4848,Muhammad Mokaev,236141,Q109492182,Muhammad Mokaev,2021-11-18T20:50:30Z,
3187,Charles Johnson,254715,Q130733620,Charles Johnson (fighter),2024-11-11T07:56:29Z,from sample B lookup
1081,Kyle Nelson,95383,Q71631455,Kyle Nelson (fighter),2019-10-20T02:57:49Z,
1068,Jai Herbert,168551,Q109137956,Jai Herbert,2020-08-30T01:10:44Z,from sample B lookup
7948,Victoria Leonardo,212725,Q104440630,Victoria Leonardo,2020-11-25T22:19:54Z,
8027,Mike Mathetha,266635,,,,no verified article
8062,Orion Cosce,156917,,,,no verified article
3586,Yazmin Jauregui,299051,Q120068643,Yazmin Jauregui,2023-06-29T05:19:31Z,
2261,Iasmin Lucindo,264861,Q136898149,Iasmin Lucindo,2025-11-05T17:13:33Z,from sample B lookup
8139,Luke Rockhold,23345,Q967452,Luke Rockhold,2009-10-01T20:28:40Z,
760,Joaquin Buckley,175481,Q102221793,Joaquin Buckley,2020-10-15T03:26:27Z,from sample B lookup
7986,Michal Figlak,151393,,,,no verified article
8137,Danyelle Wolf,297121,Q26703035,Danyelle Wolf,2016-07-30T07:06:31Z,
3566,Chad Anheliger,63370,,,,no verified article
2353,Elise Reed,278133,Q112110677,Elise Reed,2022-05-04T07:26:20Z,from sample B lookup
2379,Melissa Martinez,224241,,,,no verified article
8131,Louis Cosce,282403,,,,no verified article
2254,Denise Gomes,382138,Q122272654,Denise Gomes,2023-09-07T03:40:16Z,from sample B lookup
1108,Daniel Zellhuber,238903,Q124527720,Daniel Zellhuber,2024-02-26T09:27:09Z,from sample B lookup
6323,Trey Ogden,187343,,,,no verified article
633,Gadzhi Omargadzhiev,145315,,,,no verified article
9,Waldo Cortes-Acosta,190909,Q126165389,Waldo Cortes-Acosta,2025-02-03T05:06:38Z,
4208,Carlos Mota,182629,,,,no verified article
594,Andre Petroski,215253,Q112033004,Andre Petroski,2022-02-27T03:04:47Z,from sample B lookup
8125,Silvana Gomez Juarez,69518,Q112365159,Silvana Gómez Juárez,2022-03-21T07:32:37Z,
1331,Miles Johns,172691,Q108829904,Miles Johns,2020-09-27T23:44:02Z,from sample B lookup
3590,Brady Hiestand,249533,,,,no verified article
8038,Genaro Valdez,227047,,,,no verified article
1005,Paddy Pimblett,84902,Q57409501,Paddy Pimblett,2022-05-04T15:46:05Z,
1225,Maheshate Hayisaer,336819,,,,no verified article
7997,Mateus Mendonca,336923,,,,no verified article
1062,Mateusz Rebecki,146417,,,,no verified article
8064,Nick Fiore,230223,,,,no verified article
8021,Nick Aguirre,297869,,,,no verified article
4371,Luan Lacerda,97579,,,,no verified article
8020,Zarah Fairn,142861,Q111697160,Zarah Fairn,2021-03-31T15:30:08Z,
284,Modestas Bukauskas,152163,Q106241945,Modestas Bukauskas,2021-01-15T17:58:54Z,from sample B lookup
3533,Francisco Prado,337565,,,,no verified article
8093,Don Shainis,59975,,,,no verified article
1375,Jack Jenkins,228039,,,,no verified article
8007,Blake Bilder,179949,,,,no verified article
683,Jordan Wright,79138,Q106867906,Jordan Wright,2021-03-09T02:03:00Z,
8000,Zac Pauga,343389,,,,no verified article
143,Jamal Pogues,152993,,,,no verified article
8088,Khusein Askhabov,136435,,,,no verified article
62,Augusto Sakai,87303,Q20716569,Augusto Sakai,2015-06-30T03:15:37Z,from sample B lookup
3476,Gabriella Fernandes,232327,,,,no verified article
5642,Da'Mon Blackshear,243891,,,,no verified article
1518,Farid Basharat,222641,Q123849055,Farid Basharat,2023-12-10T20:25:42Z,from sample B lookup
1042,Esteban Ribovics,214867,Q125906881,Esteban Ribovics,2025-10-22T22:04:34Z,from sample B lookup
3451,Loik Radzhabov,154357,,,,no verified article
7996,Anton Turkalj,234667,,,,no verified article
12,Vitor Petrino,255313,Q125798867,Vitor Petrino,2024-05-06T02:35:04Z,
144,Lukasz Brzeski,132249,,,,no verified article
74,Karl Williams,333575,,,,no verified article
882,Carlston Harris,85711,Q108659285,Carlston Harris,2021-11-23T06:51:42Z,
3646,Casey O'Neill,175007,Q108779860,Casey O'Neill,2021-02-19T23:43:24Z,from sample B lookup
2861,Juliana Miller,259759,,,,no verified article
6237,Lucas Alexander,227745,,,,no verified article
7978,Vinicius Salvador,179169,,,,no verified article
6637,Victor Altamirano,212269,,,,no verified article
1519,Raul Rosas Jr.,339419,Q124527491,Raul Rosas Jr.,2024-12-17T18:22:36Z,
3653,Ignacio Bahamondes,221417,Q111023906,Ignacio Bahamondes,2021-10-30T07:07:49Z,from sample B lookup
2272,Jaqueline Amorim,375210,,,,no verified article
270,Azamat Murzakanov,60203,Q56000949,Azamat Murzakanov,2017-06-30T23:45:22Z,
8076,Aaron Phillips,55298,Q98746772,Aaron Phillips (fighter),2020-07-28T19:53:17Z,
1418,Gaston Bolanos,140905,,,,no verified article
5252,Brogan Walker,176193,Q72814412,Brogan Walker,2019-10-29T11:42:38Z,
102,Mohammed Usman,253535,,,,no verified article
375,Junior Tafa,408471,Q94800634,Junior Tafa,2023-09-10T03:07:32Z,
919,Trey Waters,319103,,,,no verified article
7972,Josh Quinlan,290925,,,,no verified article
83,Martin Buday,164475,Q107737264,Martin Buday,2025-07-27T08:03:30Z,from sample B lookup
3561,Jamey-Lyn Horth,246541,,,,no verified article
3045,Hailey Cowan,271495,,,,no verified article
1250,Diego Lopes,112531,Q124217612,Diego Lopes (fighter),2024-02-06T07:42:05Z,
826,Themba Gorimbo,117729,Q126003275,Themba Gorimbo,2024-05-20T20:04:33Z,from sample B lookup
6532,Daniel Pineda,21564,Q5218457,Daniel Pineda (fighter),2012-01-16T20:16:46Z,
4400,Muin Gafurov,182325,,,,no verified article
1757,Steve Erceg,228813,Q121354731,Steve Erceg,2024-01-26T11:57:34Z,
510,Christian Leroy Duncan,209939,Q136762489,Christian Leroy Duncan,2025-11-11T14:03:36Z,
4884,Tereza Bleda,280807,,,,no verified article
1294,Jose Mariscal,171651,,,,no verified article
3687,Trevor Peek,280187,,,,no verified article
697,Sedriques Dumas,288537,,,,no verified article
751,Michael Morales,268041,Q115298767,Michael Morales (fighter),2024-04-09T18:58:31Z,
4037,Ivana Petrovic,331333,,,,no verified article
18,Alexander Romanov,242931,Q30231442,Alexander Romanov (fighter),2020-12-12T16:46:15Z,
1774,Edgar Chairez,244721,,,,no verified article
3564,Chelsea Chandler,273105,Q98767350,Chelsea Chandler,2020-08-30T07:00:48Z,
1266,Melquizael Costa,168403,,,,no verified article
8041,Carl Deaton,57423,,,,no verified article
3584,Ailin Perez,297989,,,,no verified article
3480,Mick Parkin,224411,Q131463179,Mick Parkin,2024-12-18T02:40:27Z,
5818,Yanal Ashmouz,252115,,,,no verified article
1047,Chris Duncan,74346,,,,no verified article
2341,Shauna Bannon,315165,,,,no verified article
2284,Bruna Brasil,182855,,,,no verified article
3042,Dennis Buzukja,286225,,,,no verified article
1671,Cody Gibson,38903,Q18155755,Cody Gibson,2014-09-28T02:31:32Z,
1572,Rinya Nakamura,386855,Q45819117,Rinya Nakamura,2021-07-27T21:24:33Z,
5107,Rolando Bedoya,178707,,,,no verified article
1428,Jarno Errens,207605,,,,no verified article
1459,Caolan Loughran,250567,,,,no verified article
3689,Nora Cornolle,367103,Q122819719,Nora Cornolle,2024-11-17T04:30:33Z,from sample B lookup
3903,Jacqueline Cavalcanti,293351,Q131151601,Jacqueline Cavalcanti,2024-11-12T07:58:33Z,from sample B lookup
3866,Felipe dos Santos,324589,,,,no verified article
8008,Landon Quinones,277891,,,,no verified article
836,Charles Radtke,175669,,,,no verified article
6462,Fernando Padilla,228071,Q125127273,Fernando Padilla,2026-03-09T10:13:33Z,
2336,Josefine Lindgren Knutsson,378677,Q97288027,Josefine Lindgren Knutsson,2020-06-21T12:55:48Z,
7987,Marnic Mann,268753,,,,no verified article
5889,Cameron Saaiman,317055,Q120514794,Cameron Saaiman,2023-07-10T22:19:25Z,
3474,Tainara Lisboa,233589,,,,no verified article
2862,Ravena Oliveira,258909,,,,no verified article
3366,Melissa Mullins,287951,,,,no verified article
5039,Irina Alekseeva,318403,,,,no verified article
3346,Mohammad Yahya,104821,,,,no verified article
1324,Muhammadjon Naimov,228381,,,,no verified article
2301,Victoria Dudakova,333829,,,,no verified article
521,Sharabutdin Magomedov,309711,Q123384660,Sharabutdin Magomedov,2023-10-22T06:40:17Z,
10,Jailton Almeida,114657,Q116258683,Jailton Almeida,2022-06-16T06:53:49Z,from sample B lookup
42,Rodrigo Nascimento,97975,Q97164717,Rodrigo Nascimento,2021-03-07T07:54:21Z,from sample B lookup
518,Abus Magomedov,60755,Q66132201,Abusupiyan Magomedov,2025-07-29T05:48:17Z,
3732,Alessandro Costa,214613,,,,no verified article
1747,Joshua Van,365973,Q131411649,Joshua Van,2025-01-02T02:46:57Z,from sample B lookup
1814,Kevin Borjas,245493,,,,no verified article
345,Caio Machado,247161,,,,no verified article
4109,Rafael Estevam,200851,,,,no verified article
5398,Kevin Jousset,300519,Q122382352,Kevin Jousset,2024-05-08T00:21:41Z,
3369,Luana Santos,327683,Q122840468,Luana Santos,2026-07-30T02:02:52Z,
1751,Brandon Royval,83851,Q102225197,Brandon Royval,2020-07-18T03:12:45Z,from sample B lookup
6503,Garrett Armfield,254941,,,,no verified article
5151,Azat Maksum,257699,,,,no verified article
3472,Jeong Yeong Lee,135897,,,,no verified article
1052,Marquel Mederos,302655,,,,no verified article
84,Thomas Petersen,287525,,,,no verified article
504,Joe Pyfer,239253,Q124447415,Joe Pyfer,2024-02-07T04:58:44Z,
559,Robert Bryczek,85060,Q100591012,Robert Bryczek,2025-11-12T22:25:51Z,
6322,Ihor Potieria,188721,,,,no verified article
2642,Darrius Flowers,191363,,,,no verified article
6181,Carlos Vera,127691,,,,no verified article
891,Oban Elliott,247601,,,,no verified article
8004,Valentine Woodburn,315963,,,,no verified article
1588,Bekzat Almakhan,294895,Q131471409,Bekzat Almakhan,2024-12-06T02:26:19Z,
761,Michael Page,91937,Q6833334,Michael Page,2012-07-23T12:47:30Z,
1758,Asu Almabayev,219183,Q128803907,Asu Almabayev,2024-08-10T22:01:05Z,
7953,Charalampos Grigoriou,236255,,,,no verified article
5643,Steven Nguyen,121057,,,,no verified article
4370,Montserrat Rendon,392870,,,,no verified article
3531,Darya Zheleznyakova,334747,,,,no verified article
4401,Angel Pacheco,90675,,,,no verified article
5106,Charlie Campbell,286213,,,,no verified article
35,Valter Walker,376023,Q133797811,Valter Walker,2025-11-04T15:37:25Z,
6046,Pedro Falcao,150185,,,,no verified article
4835,Victor Hugo,123631,,,,no verified article
3475,Karine Silva,153807,Q121898004,Karine Silva,2023-08-20T18:49:28Z,
2268,Ketlen Souza,272209,Q116257126,Ketlen Souza,2023-01-19T05:58:56Z,from sample B lookup
1194,Elves Brener,224229,,,,no verified article
778,Myktybek Orolbai,316759,Q125813369,Myktybek Orolbai,2025-09-01T13:42:56Z,from sample B lookup
3535,Ernesta Kareckaite,319093,,,,no verified article
3097,Dione Barbosa,266915,,,,no verified article
1187,Ismael Bonfim,84528,,,,no verified article
539,Nursulton Ruziboev,175547,Q109493783,Nursulton Ruziboev,2023-07-02T04:23:09Z,
57,Robelis Despaigne,406903,Q961740,Robelis Despaigne,2012-08-11T22:11:43Z,
2859,Billy Goff,282365,,,,no verified article
7980,Kleydson Rodrigues,229541,,,,no verified article
6482,Bassil Hafez,116663,,,,no verified article
7971,Jesse Butler,217941,,,,no verified article
1516,Daniel Marcos,205313,Q124538366,Daniel Marcos,2024-03-27T14:50:47Z,from sample B lookup
5038,Lucas Almeida,191243,,,,no verified article
1645,Timothy Cuamba,316223,,,,no verified article
6321,Jose Johnson,238733,,,,no verified article
5887,Jimmy Flick,60460,,,,no verified article
2835,Julia Polastri,266047,,,,no verified article
4,Sergei Pavlovich,184051,Q72386202,Sergei Pavlovich,2019-10-26T10:57:16Z,
5799,Carlos Hernandez,171603,,,,no verified article
1773,Rei Tsuruya,380465,,,,no verified article
1273,Vinicius Oliveira,139517,Q132012973,Vinicius Oliveira,2025-07-19T22:16:59Z,
757,Gabriel Bonfim,185083,Q121590551,Gabriel Bonfim,2025-09-02T13:52:57Z,from sample B lookup
2256,Fatima Kline,300151,Q140051525,Fatima Kline,2026-03-03T02:37:32Z,
7950,Kaynan Kruschewsky,152747,,,,no verified article
41,Shamil Gaziev,313721,Q126005422,Shamil Gaziev,2025-02-01T02:36:58Z,
1138,Jordan Vucenic,236825,,,,no verified article
1104,Guram Kutateladze,127817,,,,no verified article
7976,Denis Tiuliulin,230989,,,,no verified article
5583,Quang Le,223785,,,,no verified article
80,Jhonata Diniz,389887,Q118279267,Jhonata Diniz,2023-05-10T22:56:43Z,
2271,Talita Alencar,386905,Q85877553,Talita Alencar,2023-03-23T11:27:05Z,from sample B lookup
2283,Stephanie Luciano,265743,,,,no verified article
1035,Tom Nolan,244655,Q138016466,Tom Nolan (fighter),2026-07-31T03:22:59Z,
7968,Alex Reyes,24199,,,,no verified article
639,Zachary Reese,100903,Q137164061,Zachary Reese,2025-11-30T04:28:04Z,from sample B lookup
4402,Jose Medina,251871,,,,no verified article
2833,Andre Lima,201199,Q134458124,André Lima (fighter),2026-04-23T10:06:59Z,from sample B lookup
1363,Zha Yi,228277,,,,no verified article
6252,Gabriel Santos,179211,,,,no verified article
6187,Dylan Budka,377018,,,,no verified article
6176,Ronaldo Rodriguez,266121,,,,no verified article
299,Oumar Sy,310239,,,,no verified article
3904,Daniel Barez,133743,,,,no verified article
5815,Kayla Harrison,237039,Q2358331,Kayla Harrison,2010-06-05T21:43:19Z,
593,Cesar Almeida,217983,Q79494528,César Almeida (fighter),2019-12-23T20:58:51Z,from sample B lookup
777,Chidi Njokuani,25761,Q112108330,Chidi Njokuani,2022-03-18T07:07:27Z,from sample B lookup
1583,Cody Haddon,286511,,,,no verified article
1711,Cameron Smotherman,339497,,,,no verified article
1527,Jean Matsumoto,263061,,,,no verified article
2295,Alice Ardelean,181889,,,,no verified article
418,Austen Lane,249439,Q2872095,Austen Lane,2010-04-17T19:56:12Z,
776,Carlos Leal,109073,,,,no verified article
767,Mike Malott,79377,Q108332236,Mike Malott,2023-05-30T00:24:20Z,
6042,Cortavious Romious,206845,,,,no verified article
519,Bo Nickal,392031,Q86752584,Bo Nickal,2020-02-21T23:42:20Z,
1007,Mauricio Ruffy,192545,Q131228114,Maurício Ruffy,2025-03-09T05:16:31Z,
5160,James Llontop,191443,,,,no verified article
1521,Marcus McGhee,122153,Q132431664,Marcus McGhee,2025-07-01T16:46:51Z,
5890,Roberto Romero,306595,,,,no verified article
3647,Eduarda Moura,395040,,,,no verified article
1596,Su Young You,179453,,,,no verified article
1485,Jieleyisi Baergeng,284119,,,,no verified article
2447,Lone’er Kavanagh,213249,,,,no verified article
1786,Jose Ochoa,302523,,,,no verified article
1198,Nikolas Motta,103887,,,,no verified article
6554,Shavkat Rakhmonov,179185,Q110825847,Shavkat Rakhmonov,2021-11-23T06:50:44Z,
256,Navajo Stirling,413272,Q136816852,Navajo Stirling,2026-06-18T04:15:21Z,
358,George Tokkos,175999,,,,no verified article
1303,Felipe Lima,205627,Q126887995,Felipe Lima (fighter),2025-06-28T23:12:13Z,
5105,Ramon Taveras,332055,,,,no verified article
1406,Austin Bashi,362871,,,,no verified article
6325,Magomed Gadzhiyasulov,272659,,,,no verified article
359,Bruno Lopes,144007,,,,no verified article
1065,Nurullo Aliev,274869,Q109489643,Nurullo Aliev,2026-06-17T05:44:20Z,
1507,Payton Talbott,296553,Q125871461,Payton Talbott,2024-05-10T20:43:36Z,
1597,Bernardo Sopai,226661,,,,no verified article
1841,Clayton Carpenter,208467,,,,no verified article
1304,Kaan Ofli,189203,,,,no verified article
3848,Cong Wang,413126,Q70863806,Wang Cong,2019-10-13T09:51:44Z,
1649,Colby Thicknesse,285257,,,,no verified article
1565,Aleksandre Topuria,199421,Q124562187,Aleksandre Topuria,2025-12-15T17:59:08Z,
1126,Kody Steele,392962,,,,no verified article
815,Jonathan Micallef,366859,,,,no verified article
1827,Jesus Santos Aguilar,203965,,,,no verified article
1548,Elijah Smith,385324,,,,no verified article
1755,Ramazonbek Temirov,215649,,,,no verified article
371,Osman Diaz,156965,,,,no verified article
656,Djorden Santos,164321,,,,no verified article
6180,A.J. Cunningham,228033,,,,no verified article
1322,Morgan Charriere,186243,,,,no verified article
677,Andrey Pulyaev,398399,,,,no verified article
1082,Kaue Fernandes,297051,,,,no verified article
6044,Istela Nunes,83194,,,,no verified article
325,Uran Satybaldiev,364447,,,,no verified article
1265,Patricio Freire,9960,Q7145945,Patrício Pitbull,2010-05-06T18:13:11Z,
752,Carlos Prates,95593,Q131010375,Carlos Prates,2024-11-14T07:01:26Z,
1109,Gauge Young,325407,,,,no verified article
5876,Serhiy Sidey,220713,,,,no verified article
756,Jack Della Maddalena,208155,Q115433201,Jack Della Maddalena,2021-06-03T05:42:59Z,from sample B lookup
311,Ivan Erslan,198413,,,,no verified article
4926,Mairon Santos,297155,,,,no verified article
3963,Jafel Filho,131375,,,,no verified article
1440,Michael Aswell,286497,,,,no verified article
1215,Bolaji Oki,276669,,,,no verified article
5875,Rayanne dos Santos,230789,Q118151751,Rayanne dos Santos,2023-05-05T02:20:37Z,from sample B lookup
3063,Patrick Mix,161007,Q101079395,Patchy Mix,2020-11-01T20:05:11Z,from sample B lookup
812,Andreas Gustafsson,280041,,,,no verified article
1006,Quillan Salkilld,300317,Q134467028,Quillan Salkilld,2026-02-04T21:03:59Z,
5819,Mark Choinski,375943,,,,no verified article
1396,Bogdan Grad,156707,,,,no verified article
807,Seok Hyeon Ko,275977,,,,no verified article
3690,Klaudia Sygula,328753,,,,no verified article
115,Hamdy Abdelwahab,331853,,,,no verified article
176,Alvin Hines,405550,,,,no verified article
313,Billy Elekana,250351,Q137584666,Billy Elekana,2026-03-30T17:02:45Z,
381,Ibo Aslan,247071,Q125261351,İbo Aslan,2024-10-27T18:49:35Z,
76,Marcus Almeida,116977,Q15987650,Marcus Buchecha,2012-06-12T23:24:22Z,
1358,Danny Silva,310429,,,,no verified article
1262,Kevin Vallejos,391233,Q135207548,Kevin Vallejos,2026-03-07T12:04:20Z,
1817,Felipe Bunes,135973,,,,no verified article
334,Julius Walker,366067,,,,no verified article
450,Raffael Cerqueira,344561,,,,no verified article
1691,Long Xiao,233007,,,,no verified article
1288,William Gomis,217407,,,,no verified article
1339,Robert Ruchala,278203,,,,no verified article
3651,David Martinez,221351,Q131701112,David Martínez (fighter),2025-09-23T09:11:57Z,
1870,Luis Gurule,390304,,,,no verified article
307,Rodolfo Bellato,266457,,,,no verified article
5108,Josias Musasa,416801,,,,no verified article
3961,Michelle Montague,326995,,,,no verified article
2257,Alexia Thainara,287251,,,,no verified article
863,Nikolay Veretennikov,186789,,,,no verified article
1835,Lucas Rocha,255729,,,,no verified article
3096,Stewart Nicoll,289569,,,,no verified article
5250,Danny Barlow,336147,,,,no verified article
515,Ikram Aliskerov,202763,Q25693551,Ikram Aliskerov,2020-10-01T18:31:50Z,
1295,Jose Delgado,307733,,,,no verified article
169,Chris Barnett,45664,Q109467173,Chris Barnett,2021-11-07T06:24:20Z,
1779,Mitch Raposo,278793,,,,no verified article
773,Jeremiah Wells,80157,Q112628298,Jeremiah Wells,2022-04-21T02:48:04Z,from sample B lookup
1647,Chang Ho Lee,258443,,,,no verified article
1373,Hyder Amil,269917,,,,no verified article
1681,Malcolm Wellmaker,277031,,,,no verified article
4108,Ethyn Ewing,312049,,,,no verified article
1086,Matheus Camilo,319531,,,,no verified article
4373,Shaqueme Rock,273205,,,,no verified article
156,Denzel Freeman,270825,,,,no verified article
182,Marek Bujlo,396050,,,,no verified article
522,Brunno Ferreira,322603,,,,no verified article
547,Cezary Oleksiejczuk,171801,,,,no verified article
1424,Isaac Thomson,286035,,,,no verified article
3563,Melissa Croden,234687,,,,no verified article
3537,Allen Frye,395495,,,,no verified article
160,Guilherme Pat,416559,,,,no verified article
1256,Jean Silva,239947,Q127429178,Jean Silva,2024-07-15T00:43:11Z,
577,Ateba Abega Gautier,386979,,,,no verified article
22,Tallison Teixeira,394342,Q134289443,Tallison Teixeira,2025-05-01T00:32:01Z,
646,Torrez Finney,379262,,,,no verified article
1162,Dom Mar Fan,305329,,,,no verified article
4407,Sang Wook Kim,361209,,,,no verified article
7,Rizvan Kuniev,86319,Q112990103,Rizvan Kuniev,2025-06-21T21:00:30Z,from sample B lookup
806,Daniil Donchenko,357199,,,,no verified article
2860,Gianni Vazquez,188217,,,,no verified article
20,Ante Delija,75487,Q85859508,Ante Delija,2024-05-01T17:39:23Z,
1795,Alden Coria,203015,,,,no verified article
1334,Yadier Del Valle,293141,,,,no verified article
2673,Carli Judice,381889,,,,no verified article
1652,Santiago Luna,411838,,,,no verified article
1659,Cristian Quinonez,164995,,,,no verified article
4404,Kris Moutinho,126341,,,,no verified article
3655,Regina Tarin,396659,,,,no verified article
258,Reinier de Ridder,133677,Q103783008,Reinier de Ridder,2022-07-20T04:36:49Z,from sample B lookup
1797,Nyamjargal Tumendemberel,403608,,,,no verified article
408,Rafael Tobias,403663,,,,no verified article
317,Diyar Nurgozhay,274275,,,,no verified article
108,Steven Asplund,407940,,,,no verified article
1608,Hecher Sosa,236589,,,,no verified article
1282,Luke Riley,354035,,,,no verified article
804,Sam Patterson,141735,,,,no verified article
1079,Axel Sola,269167,Q129357325,Axel Sola,2026-09-06T03:03:39Z,
370,Felipe Franco,415770,,,,no verified article
53,Mario Pinto,310173,Q133819989,Mario Pinto,2026-02-04T03:16:35Z,
4372,Antonio Trocoli,123109,,,,no verified article
669,Mantas Kondratavicius,310159,,,,no verified article
1131,Abdul-Kareem Al-Selwady,115453,,,,no verified article
1020,Tofiq Musayev,145311,Q68184874,Tofiq Musayev,2022-07-22T00:05:36Z,
23,Tyrell Fortune,204623,Q30231735,Tyrell Fortune,2026-06-16T03:09:59Z,
1309,Jose Mauro Delano,177407,,,,no verified article
8,Josh Hokit,433441,Q108055029,Josh Hokit,2022-01-12T19:54:02Z,
1260,Aaron Pico,191127,Q18786737,Aaron Pico,2014-12-25T23:55:57Z,
1636,Adrian Luna Martinetti,254547,,,,no verified article
596,Eric McConico,206921,,,,no verified article
1401,Francis Marshall,282887,,,,no verified article
3964,Lucas Brennan,271789,Q112990147,Lucas Brennan,2022-12-21T00:33:47Z,
796,Victor Valenzuela,133527,,,,no verified article
38,Louie Sutherland,357627,,,,no verified article
538,Cameron Rowston,239381,,,,no verified article
582,Marco Tulio,263543,,,,no verified article
2836,Jingnan Xiong,176083,,,,no verified article
1633,John Yannis,249443,,,,no verified article
3371,Otari Tanzilovi,333455,,,,no verified article
1494,Shane Collins,319747,,,,no verified article
3362,Eric Nolan,346419,,,,no verified article
3361,Farman Hasanov,410721,,,,no verified article
3850,John Garza,386901,,,,no verified article
795,Jean-Paul Lebosnoyani,248169,,,,no verified article
3095,Damien Anderson,421802,,,,no verified article
3094,Ezra Elliott,415646,,,,no verified article
1096,Magomed Zaynukov,383513,,,,no verified article
1240,Damian Rzepecki,343575,Q131358477,Damian Rzepecki,2025-10-03T09:45:19Z,
858,Saygid Izagakhmaev,127299,,,,no verified article
780,Abubakar Vagaev,171149,,,,no verified article
343,Brendson Ribeiro,210539,,,,no verified article
308,Magomed Tuchalov,339963,,,,no verified article
1558,Borislav Nikolic,229283,,,,no verified article
1686,Mark Vologdin,309575,,,,no verified article
1095,Richie Miranda,280549,,,,no verified article
1058,Manoel Sousa,319559,,,,no verified article
2324,Giovanna Canuto,380339,,,,no verified article
2274,Carol Foro,432597,,,,no verified article
