bout_id,fighter_id,fight_date,en_title,start,end,status,days_returned,views_w1,views_w2
17878,6026,2015-09-05,John Dodson (fighter),2015-07-07,2015-08-28,ok,53,47013,37396
17878,8528,2015-09-05,Demetrious Johnson,2015-07-07,2015-08-28,ok,53,1151,3324
17879,8832,2015-09-05,Frank Mir,2015-07-07,2015-08-28,ok,53,195795,60343
17879,7983,2015-09-05,Andrei Arlovski,2015-07-07,2015-08-28,ok,53,60620,53455
17881,260,2015-09-05,Jan Błachowicz,2015-07-07,2015-08-28,ok,53,28479,8909
17881,254,2015-09-05,Corey Anderson (fighter),2015-07-07,2015-08-28,ok,53,5997,8335
17781,8806,2015-09-26,Josh Barnett,2015-07-28,2015-09-18,ok,53,35262,33526
17781,8671,2015-09-26,Roy Nelson,2015-07-28,2015-09-18,ok,53,360,376
17783,1752,2015-09-26,Kyoji Horiguchi,2015-07-28,2015-09-18,ok,53,6876,7748
17783,8869,2015-09-26,Chico Camus,2015-07-28,2015-09-18,ok,53,2830,4304
17784,8870,2015-09-26,George Roop,2015-07-28,2015-09-18,ok,53,4297,4209
17784,8705,2015-09-26,Takeya Mizugaki,2015-07-28,2015-09-18,ok,53,6827,6490
17867,8724,2015-10-03,Ryan Bader,2015-08-04,2015-09-25,ok,53,33405,18397
17867,8545,2015-10-03,Rashad Evans,2015-08-04,2015-09-25,ok,53,40119,27913
17868,8894,2015-10-03,Shawn Jordan,2015-08-04,2015-09-25,ok,53,7137,5948
17868,8893,2015-10-03,Ruslan Magomedov,2015-08-04,2015-09-25,ok,53,10328,9912
17869,8303,2015-10-03,Joseph Benavidez,2015-08-04,2015-09-25,ok,53,12010,11744
17869,8727,2015-10-03,Ali Bagautinov,2015-08-04,2015-09-25,ok,53,7212,7638
17870,5816,2015-10-03,Julianna Peña,2015-08-04,2015-09-25,ok,53,14870,9159
17870,8204,2015-10-03,Jessica Eye,2015-08-04,2015-09-25,ok,53,19328,8644
17871,2451,2015-10-03,Yair Rodríguez,2015-08-04,2015-09-25,ok,53,6450,4919
17871,1013,2015-10-03,Dan Hooker,2015-08-04,2015-09-25,ok,53,4287,2525
17876,8896,2015-10-03,Chris Cariaso,2015-08-04,2015-09-25,ok,53,4854,4222
17876,1510,2015-10-03,Sergio Pettis,2015-08-04,2015-09-25,ok,53,7871,6046
17772,8665,2015-10-24,Reza Madadi,2015-08-25,2015-10-16,ok,53,4080,7614
17772,8839,2015-10-24,Norman Parke,2015-08-25,2015-10-16,ok,53,4862,7605
17779,6640,2015-10-24,Rob Whiteford,2015-08-25,2015-10-16,ok,53,972,786
17779,1436,2015-10-24,Darren Elkins,2015-08-25,2015-10-16,ok,53,1922,2677
17857,8672,2015-11-07,Rashid Magomedov,2015-09-08,2015-10-30,ok,53,4864,5787
17857,790,2015-11-07,Gilbert Burns,2015-09-08,2015-10-30,ok,39,27,35
17858,8890,2015-11-07,Fábio Maldonado,2015-09-08,2015-10-30,ok,53,4333,4176
17858,254,2015-11-07,Corey Anderson (fighter),2015-09-08,2015-10-30,ok,53,4918,5279
17860,8819,2015-11-07,Yan Cabral,2015-09-08,2015-10-30,ok,53,1642,2012
17860,3749,2015-11-07,Johnny Case,2015-09-08,2015-10-30,ok,53,1571,2711
17863,8892,2015-11-07,Gasan Umalatov,2015-09-08,2015-10-30,ok,53,940,1641
17863,8835,2015-11-07,Viscardi Andrade,2015-09-08,2015-10-30,ok,53,694,1146
17841,8179,2015-11-14,Joanna Jędrzejczyk,2015-09-15,2015-11-06,ok,53,43246,35656
17841,8708,2015-11-14,Valérie Létourneau,2015-09-15,2015-11-06,ok,53,20337,17913
17843,8203,2015-11-14,Uriah Hall,2015-09-15,2015-11-06,ok,53,101060,22384
17843,257,2015-11-14,Robert Whittaker (fighter),2015-09-15,2015-11-06,ok,53,19086,11690
17844,8849,2015-11-14,Jared Rosholt,2015-09-15,2015-11-06,ok,53,5990,6744
17844,8335,2015-11-14,Stefan Struve,2015-09-15,2015-11-06,ok,53,15208,11793
17848,8886,2015-11-14,Richie Vaculik,2015-09-15,2015-11-06,ok,53,1747,2645
17848,8885,2015-11-14,Danny Martinez,2015-09-15,2015-11-06,ok,53,1192,1251
17828,8344,2015-11-21,Diego Sanchez,2015-09-22,2015-11-13,ok,53,16313,13969
17828,8341,2015-11-21,Ricardo Lamas,2015-09-22,2015-11-13,ok,53,7044,6705
17832,8824,2015-11-21,Efraín Escudero,2015-09-22,2015-11-13,no data in window,0,,
17832,6535,2015-11-21,Leandro Silva (fighter),2015-09-22,2015-11-13,no data in window,0,,
17833,8804,2015-11-21,Erik Pérez,2015-09-22,2015-11-13,no data in window,0,,
17833,1524,2015-11-21,Taylor Lapilus,2015-09-22,2015-11-13,ok,53,401,1310
17728,60,2015-12-10,Thiago Santos,2015-10-11,2015-12-02,ok,49,54,1348
17728,8444,2015-12-10,Elias Theodorou,2015-10-11,2015-12-02,ok,53,4282,7112
17752,8393,2015-12-11,Joe Lauzon,2015-10-12,2015-12-03,ok,53,10782,12644
17752,8366,2015-12-11,Evan Dunham,2015-10-12,2015-12-03,ok,53,3362,3622
17756,8861,2015-12-11,Mike Pierce,2015-10-12,2015-12-03,ok,53,3084,2935
17756,8503,2015-12-11,Ryan LaFlare,2015-10-12,2015-12-03,ok,53,2923,3515
17807,8280,2015-12-12,Demian Maia,2015-10-13,2015-12-04,ok,53,14300,25179
17807,6184,2015-12-12,Gunnar Nelson (fighter),2015-10-13,2015-12-04,ok,53,21018,30883
17808,3782,2015-12-12,Jeremy Stephens,2015-10-13,2015-12-04,ok,53,9342,13395
17808,3846,2015-12-12,Max Holloway,2015-10-13,2015-12-04,ok,53,19161,24587
17809,8381,2015-12-12,Urijah Faber,2015-10-13,2015-12-04,ok,53,72481,84627
17809,8346,2015-12-12,Frankie Saenz,2015-10-13,2015-12-04,ok,53,9045,16072
17793,872,2015-12-19,Nate Diaz,2015-10-20,2015-12-11,ok,53,21575,24237
17793,1099,2015-12-19,Michael Johnson (fighter),2015-10-20,2015-12-11,ok,53,14561,13540
17744,8146,2016-01-02,Nina Nunes,2015-11-03,2015-12-25,no data in window,0,,
17744,8289,2016-01-02,Justine Kish,2015-11-03,2015-12-25,ok,53,3803,5396
17745,8112,2016-01-02,Scott Holtzman,2015-11-03,2015-12-25,ok,53,243,2181
17745,1046,2016-01-02,Drew Dober,2015-11-03,2015-12-25,ok,53,2378,2767
17746,5493,2016-01-02,Dustin Poirier,2015-11-03,2015-12-25,ok,53,23429,59536
17746,8353,2016-01-02,Joseph Duffy (fighter),2015-11-03,2015-12-25,ok,53,43148,137684
17715,8456,2016-01-17,Ross Pearson,2015-11-18,2016-01-09,ok,53,12645,11988
17715,8133,2016-01-17,Francisco Trinaldo,2015-11-18,2016-01-09,ok,53,3712,7441
17677,8306,2016-01-30,Jimmie Rivera,2015-12-01,2016-01-22,ok,53,2162,5753
17677,8525,2016-01-30,Iuri Alcântara,2015-12-01,2016-01-22,ok,53,3681,6169
17679,8522,2016-01-30,Jake Ellenberger,2015-12-01,2016-01-22,ok,53,12827,13840
17679,8668,2016-01-30,Tarec Saffiedine,2015-12-01,2016-01-22,ok,53,8324,8877
17680,8416,2016-01-30,Olivier Aubin-Mercier,2015-12-01,2016-01-22,ok,53,3144,3796
17680,1041,2016-01-30,Carlos Diego Ferreira,2015-12-01,2016-01-22,ok,53,2856,4321
17682,8464,2016-01-30,Dustin Ortiz,2015-12-01,2016-01-22,ok,53,1519,2900
17682,1476,2016-01-30,Wilson Reis,2015-12-01,2016-01-22,ok,53,1553,2197
17701,8671,2016-02-06,Roy Nelson,2015-12-08,2016-01-29,ok,53,433,270
17701,8849,2016-02-06,Jared Rosholt,2015-12-08,2016-01-29,ok,53,15036,14205
17702,8850,2016-02-06,Rafael Cavalcante,2015-12-08,2016-01-29,ok,53,15853,9840
17702,6624,2016-02-06,Ovince Saint Preux,2015-12-08,2016-01-29,ok,53,11029,11670
17703,8709,2016-02-06,Zach Makovsky,2015-12-08,2016-01-29,ok,53,1260,5771
17703,8303,2016-02-06,Joseph Benavidez,2015-12-08,2016-01-29,ok,53,14177,21622
17706,8851,2016-02-06,K.J. Noons,2015-12-08,2016-01-29,ok,53,6742,6220
17706,8567,2016-02-06,Josh Burkman,2015-12-08,2016-01-29,ok,53,8263,7080
17708,8357,2016-02-06,Ray Borg,2015-12-08,2016-01-29,ok,53,1938,2690
17708,8536,2016-02-06,Justin Scoggins,2015-12-08,2016-01-29,ok,53,1070,2368
17665,8797,2016-02-21,Tatsuya Kawajiri,2015-12-23,2016-02-13,ok,53,5980,5018
17665,8465,2016-02-21,Dennis Bermudez,2015-12-23,2016-02-13,ok,53,9526,6420
17667,8795,2016-02-21,Shane Campbell,2015-12-23,2016-02-13,ok,53,1494,2277
17667,8327,2016-02-21,James Krause (fighter),2015-12-23,2016-02-13,ok,53,2997,2787
17674,8100,2016-02-21,Shamil Abdurakhimov,2015-12-23,2016-02-13,ok,53,3089,3296
17674,226,2016-02-21,Anthony Hamilton (fighter),2015-12-23,2016-02-13,ok,53,3172,3301
17649,8321,2016-02-27,Anderson Silva,2015-12-29,2016-02-19,ok,53,123987,118113
17649,8611,2016-02-27,Michael Bisping,2015-12-29,2016-02-19,ok,53,58134,66541
17650,8679,2016-02-27,Gegard Mousasi,2015-12-29,2016-02-19,ok,53,24568,17959
17650,8504,2016-02-27,Thales Leites,2015-12-29,2016-02-19,ok,53,12049,10484
17651,8452,2016-02-27,Keita Nakamura,2015-12-29,2016-02-19,ok,53,4732,4653
17651,310,2016-02-27,Tom Breese,2015-12-29,2016-02-19,ok,53,5827,5929
17653,8836,2016-02-27,Mike Wilkinson (fighter),2015-12-29,2016-02-19,ok,53,3668,3554
17653,1241,2016-02-27,Makwan Amirkhani,2015-12-29,2016-02-19,ok,53,10174,6927
17657,525,2016-02-27,Krzysztof Jotko,2015-12-29,2016-02-19,ok,53,1581,1412
17657,8538,2016-02-27,Brad Scott (fighter),2015-12-29,2016-02-19,ok,53,1936,1651
17658,8376,2016-02-27,Rustam Khabilov,2015-12-29,2016-02-19,ok,53,7246,5531
17658,8839,2016-02-27,Norman Parke,2015-12-29,2016-02-19,ok,53,8183,4250
17690,8063,2016-03-05,Ilir Latifi,2016-01-05,2016-02-26,ok,53,52482,9715
17690,8245,2016-03-05,Gian Villante,2016-01-05,2016-02-26,ok,53,8433,8118
17691,254,2016-03-05,Corey Anderson (fighter),2016-01-05,2016-02-26,ok,53,13973,9994
17691,8846,2016-03-05,Tom Lawlor,2016-01-05,2016-02-26,ok,53,12738,11800
17692,8057,2016-03-05,Amanda Nunes,2016-01-05,2016-02-26,ok,53,7898,9438
17692,4922,2016-03-05,Valentina Shevchenko,2016-01-05,2016-02-26,ok,53,288,176
17696,8225,2016-03-05,Chas Skelly,2016-01-05,2016-02-26,ok,53,2656,2526
17696,1436,2016-03-05,Darren Elkins,2016-01-05,2016-02-26,ok,53,3296,2502
17697,8344,2016-03-05,Diego Sanchez,2016-01-05,2016-02-26,ok,53,30991,28264
17697,1051,2016-03-05,Jim Miller (fighter),2016-01-05,2016-02-26,ok,53,10809,10911
17642,8555,2016-03-19,Bec Rawlings,2016-01-19,2016-03-11,ok,53,4610,6273
17642,8718,2016-03-19,Seo Hee Ham,2016-01-19,2016-03-11,ok,53,1680,1531
17646,8835,2016-03-19,Viscardi Andrade,2016-01-19,2016-03-11,ok,53,1207,1279
17646,8720,2016-03-19,Richard Walsh (fighter),2016-01-19,2016-03-11,ok,53,1519,1610
17589,70,2016-04-10,Junior dos Santos,2016-02-10,2016-04-02,ok,53,57176,63155
17589,8239,2016-04-10,Ben Rothwell,2016-02-10,2016-04-02,ok,53,36885,50698
17593,8826,2016-04-10,Igor Pokrajac,2016-02-10,2016-04-02,ok,53,6211,6634
17593,260,2016-04-10,Jan Błachowicz,2016-02-10,2016-04-02,ok,53,6426,5502
17595,8074,2016-04-10,Zak Cummings,2016-02-10,2016-04-02,ok,53,2545,3950
17595,793,2016-04-10,Nicolas Dalby,2016-02-10,2016-04-02,ok,53,2279,3113
17603,4455,2016-04-16,Rose Namajunas,2016-02-16,2016-04-08,ok,53,29440,27339
17603,2263,2016-04-16,Tecia Pennington,2016-02-16,2016-04-08,no data in window,0,,
17605,1145,2016-04-16,Hacran Dias,2016-02-16,2016-04-08,ok,53,3220,3837
17605,4211,2016-04-16,Cub Swanson,2016-02-16,2016-04-08,ok,53,16970,15923
17577,6478,2016-04-23,Jon Jones,2016-02-23,2016-04-15,ok,53,431701,214795
17577,6624,2016-04-23,Ovince Saint Preux,2016-02-23,2016-04-15,ok,53,12006,205696
17579,1153,2016-04-23,Edson Barboza,2016-02-23,2016-04-15,ok,53,26616,17139
17579,8314,2016-04-23,Anthony Pettis,2016-02-23,2016-04-15,ok,53,71747,38894
17580,257,2016-04-23,Robert Whittaker (fighter),2016-02-23,2016-04-15,ok,53,26292,14051
17580,8643,2016-04-23,Rafael Natal,2016-02-23,2016-04-15,ok,53,9684,6413
17582,1510,2016-04-23,Sergio Pettis,2016-02-23,2016-04-15,ok,53,8770,10754
17582,8822,2016-04-23,Chris Kelades,2016-02-23,2016-04-15,ok,53,2351,2379
17584,8569,2016-04-23,Juliana Lima,2016-02-23,2016-04-15,ok,53,5398,5783
17584,6625,2016-04-23,Carla Esparza,2016-02-23,2016-04-15,ok,53,17943,14779
17588,1130,2016-04-23,Kevin Lee,2016-02-23,2016-04-15,ok,53,142,80
17588,8824,2016-04-23,Efraín Escudero,2016-02-23,2016-04-15,no data in window,0,,
17569,8813,2016-05-08,Heather Clark (fighter),2016-03-09,2016-04-30,ok,28,6,7
17569,2316,2016-05-08,Karolina Kowalkiewicz,2016-03-09,2016-04-30,ok,53,3902,6189
17570,8645,2016-05-08,Chris Wade (fighter),2016-03-09,2016-04-30,ok,53,2665,4187
17570,8376,2016-05-08,Rustam Khabilov,2016-03-09,2016-04-30,ok,53,8018,9450
17574,1752,2016-05-08,Kyoji Horiguchi,2016-03-09,2016-04-30,ok,53,7756,9642
17574,8658,2016-05-08,Neil Seery,2016-03-09,2016-04-30,ok,53,4778,22413
17617,7994,2016-05-14,Bryan Barberena,2016-03-15,2016-05-06,ok,53,14743,8914
17617,7979,2016-05-14,Warlley Alves,2016-03-15,2016-05-06,ok,53,4986,3255
17620,8275,2016-05-14,Yancy Medeiros,2016-03-15,2016-05-06,ok,53,4055,2565
17620,8133,2016-05-14,Francisco Trinaldo,2016-03-15,2016-05-06,ok,53,5521,2787
17527,3782,2016-05-29,Jeremy Stephens,2016-03-30,2016-05-21,ok,53,13942,12646
17527,8387,2016-05-29,Renan Barão,2016-03-30,2016-05-21,ok,53,22380,17593
17528,8798,2016-05-29,Rick Story,2016-03-30,2016-05-21,ok,53,6227,11906
17528,8668,2016-05-29,Tarec Saffiedine,2016-03-30,2016-05-21,ok,53,6010,7463
17529,8533,2016-05-29,Vitor Miranda,2016-03-30,2016-05-21,ok,53,2767,3341
17529,8664,2016-05-29,Chris Camozzi,2016-03-30,2016-05-21,ok,53,4162,5520
17531,8567,2016-05-29,Josh Burkman,2016-03-30,2016-05-21,ok,53,5687,5019
17531,8319,2016-05-29,Paul Felder,2016-03-30,2016-05-21,ok,53,5148,4043
17532,8204,2016-05-29,Jessica Eye,2016-03-30,2016-05-21,ok,53,10980,11848
17532,8221,2016-05-29,Sara McMann,2016-03-30,2016-05-21,ok,53,9244,8464
17552,8145,2016-06-04,Dominick Cruz,2016-04-05,2016-05-27,ok,53,94558,48770
17552,8381,2016-06-04,Urijah Faber,2016-04-05,2016-05-27,ok,53,79266,48150
17553,3846,2016-06-04,Max Holloway,2016-04-05,2016-05-27,ok,53,26270,17201
17553,8341,2016-06-04,Ricardo Lamas,2016-04-05,2016-05-27,ok,53,10151,9338
17559,8703,2016-06-04,Cole Miller,2016-04-05,2016-05-27,ok,53,4369,19626
17559,7977,2016-06-04,Alex Caceres,2016-04-05,2016-05-27,ok,53,5327,4914
17538,775,2016-06-18,Stephen Thompson (fighter),2016-04-19,2016-06-10,ok,53,57220,50962
17538,8816,2016-06-18,Rory MacDonald (fighter),2016-04-19,2016-06-10,ok,53,47979,47763
17547,8149,2016-06-18,Sam Alvey,2016-04-19,2016-06-10,ok,53,4567,4663
17547,8444,2016-06-18,Elias Theodorou,2016-04-19,2016-06-10,ok,53,9565,5421
17625,8179,2016-07-08,Joanna Jędrzejczyk,2016-05-09,2016-06-30,ok,53,57356,56237
17625,8325,2016-07-08,Cláudia Gadelha,2016-05-09,2016-06-30,ok,53,39438,37831
17628,8456,2016-07-08,Ross Pearson,2016-05-09,2016-06-30,ok,53,9362,11310
17628,8624,2016-07-08,Will Brooks,2016-05-09,2016-06-30,ok,53,20120,38314
17634,44,2016-07-08,Anthony Smith (fighter),2016-05-09,2016-06-30,ok,53,1444,1456
17634,8421,2016-07-08,Cezar Ferreira,2016-05-09,2016-06-30,ok,53,4565,2963
17761,8321,2016-07-09,Anderson Silva,2016-05-10,2016-07-01,ok,53,151684,73830
17761,8367,2016-07-09,Daniel Cormier,2016-05-10,2016-07-01,ok,53,66383,70633
17762,8123,2016-07-09,Frankie Edgar,2016-05-10,2016-07-01,ok,53,49402,39040
17762,5855,2016-07-09,José Aldo,2016-05-10,2016-07-01,ok,53,63100,45939
17764,5816,2016-07-09,Julianna Peña,2016-05-10,2016-07-01,ok,53,17556,16023
17764,8478,2016-07-09,Cat Zingano,2016-05-10,2016-07-01,ok,53,36033,29196
17765,527,2016-07-09,Kelvin Gastelum,2016-05-10,2016-07-01,ok,53,20851,18319
17765,8621,2016-07-09,Johny Hendricks,2016-05-10,2016-07-01,ok,53,36348,44732
17766,8082,2016-07-09,Raphael Assunção,2016-05-10,2016-07-01,ok,53,32102,14625
17766,8178,2016-07-09,T.J. Dillashaw,2016-05-10,2016-07-01,ok,53,70161,25743
17487,8812,2016-07-13,Cody Pfister,2016-05-14,2016-07-05,ok,53,2749,2349
17487,8112,2016-07-13,Scott Holtzman,2016-05-14,2016-07-05,ok,53,957,841
17503,4922,2016-07-23,Valentina Shevchenko,2016-05-24,2016-07-15,ok,53,132,94
17503,7991,2016-07-23,Holly Holm,2016-05-24,2016-07-15,ok,53,71536,109924
17504,1153,2016-07-23,Edson Barboza,2016-05-24,2016-07-15,ok,53,19822,19108
17504,8429,2016-07-23,Gilbert Melendez,2016-05-24,2016-07-15,ok,53,13125,20014
17508,8568,2016-07-23,Godofredo Pepey,2016-05-24,2016-07-15,ok,53,1842,2185
17508,1436,2016-07-23,Darren Elkins,2016-05-24,2016-07-15,ok,53,2516,1994
17511,8704,2016-07-23,James Moontasri,2016-05-24,2016-07-15,ok,53,1993,2363
17511,8216,2016-07-23,Alex Oliveira,2016-05-24,2016-07-15,ok,48,38,34
17459,8804,2016-07-30,Erik Pérez,2016-05-31,2016-07-22,no data in window,0,,
17459,8805,2016-07-30,Francisco Rivera (fighter),2016-05-31,2016-07-22,ok,53,4342,5519
17462,8456,2016-07-30,Ross Pearson,2016-05-31,2016-07-22,ok,53,13702,35107
17462,8077,2016-07-30,Jorge Masvidal,2016-05-31,2016-07-22,ok,53,11461,8389
17412,8465,2016-08-06,Dennis Bermudez,2016-06-07,2016-07-29,ok,53,6831,8868
17412,8690,2016-08-06,Rony Jason,2016-06-07,2016-07-29,ok,53,1268,3273
17414,834,2016-08-06,Santiago Ponzinibbio,2016-06-07,2016-07-29,ok,53,2748,3167
17414,8074,2016-08-06,Zak Cummings,2016-06-07,2016-07-29,ok,53,2717,2560
17417,8661,2016-08-06,Dominique Steele,2016-06-07,2016-07-29,ok,53,1737,1737
17417,810,2016-08-06,Court McGee,2016-06-07,2016-07-29,ok,53,5692,4419
17421,8797,2016-08-06,Tatsuya Kawajiri,2016-06-07,2016-07-29,ok,53,4989,5873
17421,4211,2016-08-06,Cub Swanson,2016-06-07,2016-07-29,ok,53,10888,13037
17429,8799,2016-08-20,Elizabeth Phillips (martial artist),2016-06-21,2016-08-12,no data in window,0,,
17429,6623,2016-08-20,Raquel Pennington,2016-06-21,2016-08-12,ok,53,10572,11749
17468,8163,2016-09-03,Alexander Gustafsson,2016-07-05,2016-08-26,ok,53,51548,34862
17468,260,2016-09-03,Jan Błachowicz,2016-07-05,2016-08-26,ok,53,11917,12348
17470,8807,2016-09-03,Tae Hyun Bang,2016-07-05,2016-08-26,ok,53,1793,2016
17470,8438,2016-09-03,Nick Hein,2016-07-05,2016-08-26,ok,53,2228,1849
17472,8350,2016-09-03,Peter Sobotta,2016-07-05,2016-08-26,ok,53,1630,1381
17472,793,2016-09-03,Nicolas Dalby,2016-07-05,2016-08-26,ok,53,1602,1550
17474,8808,2016-09-03,Leandro Issa,2016-07-05,2016-08-26,ok,53,1131,906
17474,1524,2016-09-03,Taylor Lapilus,2016-07-05,2016-08-26,ok,53,1585,1227
17477,6535,2016-09-03,Leandro Silva (fighter),2016-07-05,2016-08-26,no data in window,0,,
17477,8376,2016-09-03,Rustam Khabilov,2016-07-05,2016-08-26,ok,53,11581,6166
17436,8349,2016-09-10,Fabrício Werdum,2016-07-12,2016-09-02,ok,53,41513,38099
17436,8648,2016-09-10,Travis Browne,2016-07-12,2016-09-02,ok,53,45749,43037
17438,8306,2016-09-10,Jimmie Rivera,2016-07-12,2016-09-02,ok,53,13163,12095
17438,8381,2016-09-10,Urijah Faber,2016-07-12,2016-09-02,ok,53,42508,46364
17393,8645,2016-09-17,Chris Wade (fighter),2016-07-19,2016-09-09,ok,53,2173,2141
17393,750,2016-09-17,Islam Makhachev,2016-07-19,2016-09-09,ok,53,2215,2312
17377,8695,2016-09-24,Phillipe Nover,2016-07-26,2016-09-16,ok,53,8723,9425
17377,8387,2016-09-24,Renan Barão,2016-07-26,2016-09-16,ok,53,17550,15558
17382,5708,2016-09-24,Michel Prazeres,2016-07-26,2016-09-16,ok,53,1935,1516
17382,790,2016-09-24,Gilbert Burns,2016-07-26,2016-09-16,ok,36,23,23
17383,8697,2016-09-24,Michinori Tanaka,2016-07-26,2016-09-16,ok,53,2210,1157
17383,7985,2016-09-24,Rani Yahya,2016-07-26,2016-09-16,ok,53,2758,1944
17384,8365,2016-09-24,Jussier Formiga,2016-07-26,2016-09-16,ok,53,2880,2140
17384,8464,2016-09-24,Dustin Ortiz,2016-07-26,2016-09-16,ok,53,2516,1625
17386,6638,2016-09-24,Stevie Ray (fighter),2016-07-26,2016-09-16,no data in window,0,,
17386,8212,2016-09-24,Alan Patrick (fighter),2016-07-26,2016-09-16,ok,53,1796,1597
17320,1319,2016-10-01,Andre Fili,2016-08-02,2016-09-23,ok,53,8708,3739
17320,1145,2016-10-01,Hacran Dias,2016-08-02,2016-09-23,ok,53,4502,2874
17276,8611,2016-10-08,Michael Bisping,2016-08-09,2016-09-30,ok,53,103174,108466
17276,8730,2016-10-08,Dan Henderson,2016-08-09,2016-09-30,ok,53,76179,97305
17490,3481,2016-11-05,Rafael dos Anjos,2016-09-06,2016-10-28,ok,53,85943,52279
17490,7975,2016-11-05,Tony Ferguson,2016-09-06,2016-10-28,ok,53,38381,56104
17491,8344,2016-11-05,Diego Sanchez,2016-09-06,2016-10-28,ok,53,18968,17291
17491,1124,2016-11-05,Marcin Held,2016-09-06,2016-10-28,ok,53,7518,9706
17494,1015,2016-11-05,Beneil Dariush,2016-09-06,2016-10-28,ok,53,10474,7194
17494,8672,2016-11-05,Rashid Magomedov,2016-09-06,2016-10-28,ok,53,7124,6712
17495,3650,2016-11-05,Alexa Grasso,2016-09-06,2016-10-28,ok,53,6160,6473
17495,8813,2016-11-05,Heather Clark (fighter),2016-09-06,2016-10-28,ok,32,3,2
17447,2316,2016-11-12,Karolina Kowalkiewicz,2016-09-13,2016-11-04,ok,53,68649,39785
17447,8179,2016-11-12,Joanna Jędrzejczyk,2016-09-13,2016-11-04,ok,53,82447,58801
17449,5877,2016-11-12,Miesha Tate,2016-09-13,2016-11-04,ok,53,74709,61843
17449,6623,2016-11-12,Raquel Pennington,2016-09-13,2016-11-04,ok,53,31326,19735
17450,8123,2016-11-12,Frankie Edgar,2016-09-13,2016-11-04,ok,53,55477,28805
17450,3782,2016-11-12,Jeremy Stephens,2016-09-13,2016-11-04,ok,53,181677,34970
17454,8384,2016-11-12,Thiago Alves (fighter),2016-09-13,2016-11-04,ok,53,23358,14434
17454,1051,2016-11-12,Jim Miller (fighter),2016-09-13,2016-11-04,ok,53,15977,9118
17254,8504,2016-11-19,Thales Leites,2016-09-20,2016-11-11,ok,53,9798,4087
17254,525,2016-11-19,Krzysztof Jotko,2016-09-20,2016-11-11,ok,53,6733,2056
17255,3090,2016-11-19,Kamaru Usman,2016-09-20,2016-11-11,ok,53,5554,2993
17255,7979,2016-11-19,Warlley Alves,2016-09-20,2016-11-11,ok,53,3845,2357
17266,8499,2016-11-19,Artem Lobov,2016-09-20,2016-11-11,ok,53,12556,11994
17266,8468,2016-11-19,Teruto Ishihara,2016-09-20,2016-11-11,ok,53,8641,5414
17268,8727,2016-11-19,Ali Bagautinov,2016-09-20,2016-11-11,ok,53,9192,3788
17268,1752,2016-11-19,Kyoji Horiguchi,2016-09-20,2016-11-11,ok,53,6761,3253
17240,8272,2016-11-26,Omari Akhmedov,2016-09-27,2016-11-18,ok,53,1591,2000
17240,8716,2016-11-26,Kyle Noke,2016-09-27,2016-11-18,ok,53,3268,2340
17244,8537,2016-11-26,Dan Kelly (fighter),2016-09-27,2016-11-18,ok,53,3315,1786
17244,8664,2016-11-26,Chris Camozzi,2016-09-27,2016-11-18,ok,53,4863,3601
17247,8721,2016-11-26,Geane Herrera,2016-09-27,2016-11-18,ok,53,1188,1021
17247,8485,2016-11-26,Ben Nguyen,2016-09-27,2016-11-18,ok,53,9963,3268
17226,1761,2016-12-03,Tim Elliott,2016-10-04,2016-11-25,ok,53,19058,12762
17226,8528,2016-12-03,Demetrious Johnson,2016-10-04,2016-11-25,ok,53,584,451
17232,8502,2016-12-03,Gray Maynard,2016-10-04,2016-11-25,ok,53,10662,15150
17232,8237,2016-12-03,Ryan Hall (fighter),2016-10-04,2016-11-25,no data in window,0,,
17235,8553,2016-12-03,Jamie Moyle,2016-10-04,2016-11-25,ok,53,1900,1584
17235,8614,2016-12-03,Kailin Curran,2016-10-04,2016-11-25,ok,53,3952,3201
17204,1283,2016-12-10,Choi Doo-ho,2016-10-11,2016-12-02,ok,53,15470,16674
17204,4211,2016-12-10,Cub Swanson,2016-10-11,2016-12-02,ok,53,17027,22007
17212,8376,2016-12-10,Rustam Khabilov,2016-10-11,2016-12-02,ok,53,5863,8058
17212,8618,2016-12-10,Jason Saggo,2016-10-11,2016-12-02,ok,53,2051,2177
17191,8381,2016-12-17,Urijah Faber,2016-10-18,2016-12-09,ok,53,61104,45652
17191,8689,2016-12-17,Brad Pickett,2016-10-18,2016-12-09,ok,53,15091,16238
17192,6656,2016-12-17,Mike Perry (fighter),2016-10-18,2016-12-09,ok,53,14556,12182
17192,8326,2016-12-17,Alan Jouban,2016-10-18,2016-12-09,ok,53,14093,11507
17194,8487,2016-12-17,Mizuto Hirota,2016-10-18,2016-12-09,ok,53,1720,3706
17194,8703,2016-12-17,Cole Miller,2016-10-18,2016-12-09,ok,53,4942,10754
17195,6460,2016-12-17,Colby Covington,2016-10-18,2016-12-09,ok,53,3725,3135
17195,7994,2016-12-17,Bryan Barberena,2016-10-18,2016-12-09,ok,53,11991,11020
17196,822,2016-12-17,Alex Morono,2016-10-18,2016-12-09,ok,53,936,1148
17196,8704,2016-12-17,James Moontasri,2016-10-18,2016-12-09,ok,53,1602,1647
17198,6653,2016-12-17,Irene Aldana,2016-10-18,2016-12-09,ok,53,3223,3000
17198,8660,2016-12-17,Leslie Smith (fighter),2016-10-18,2016-12-09,ok,53,5457,5259
17180,1561,2016-12-30,Cody Garbrandt,2016-10-31,2016-12-22,ok,53,58950,100091
17180,8145,2016-12-30,Dominick Cruz,2016-10-31,2016-12-22,ok,53,79148,121201
17181,8178,2016-12-30,T.J. Dillashaw,2016-10-31,2016-12-22,ok,53,37415,43006
17181,8448,2016-12-30,John Lineker,2016-10-31,2016-12-22,ok,53,17465,22359
17183,8357,2016-12-30,Ray Borg,2016-10-31,2016-12-22,ok,53,1809,5360
17183,8210,2016-12-30,Louis Smolka,2016-10-31,2016-12-22,ok,53,5891,8383
17184,8621,2016-12-30,Johny Hendricks,2016-10-31,2016-12-22,ok,53,42809,31570
17184,774,2016-12-30,Neil Magny,2016-10-31,2016-12-22,ok,53,16742,18958
17169,810,2017-01-15,Court McGee,2016-11-16,2017-01-07,ok,53,7728,6692
17169,8382,2017-01-15,Ben Saunders (fighter),2016-11-16,2017-01-07,ok,53,5682,7234
17170,8523,2017-01-15,John Moraga,2016-11-16,2017-01-07,ok,53,3330,4553
17170,1510,2017-01-15,Sergio Pettis,2016-11-16,2017-01-07,ok,53,13805,8991
17174,8363,2017-01-15,Anthony Rocco Martin,2016-11-16,2017-01-07,no data in window,0,,
17174,8391,2017-01-15,Alex White (fighter),2016-11-16,2017-01-07,ok,53,3765,2561
17159,8590,2017-01-28,Nate Marquardt,2016-11-29,2017-01-20,ok,53,14206,24051
17159,8149,2017-01-28,Sam Alvey,2016-11-29,2017-01-20,ok,53,9392,8082
17144,3650,2017-02-04,Alexa Grasso,2016-12-06,2017-01-27,ok,53,14515,10987
17144,8182,2017-02-04,Felice Herrig,2016-12-06,2017-01-27,ok,53,17392,11395
17148,2264,2017-02-04,Angela Hill,2016-12-06,2017-01-27,ok,53,614,405
17148,2266,2017-02-04,Jéssica Andrade,2016-12-06,2017-01-27,ok,53,14098,7644
17152,2263,2017-02-04,Tecia Pennington,2016-12-06,2017-01-27,no data in window,0,,
17152,8555,2017-02-04,Bec Rawlings,2016-12-06,2017-01-27,ok,53,12602,5614
17133,7990,2017-02-11,Germaine de Randamie,2016-12-13,2017-02-03,ok,53,97931,55143
17133,7991,2017-02-11,Holly Holm,2016-12-13,2017-02-03,ok,53,387864,85446
17134,8091,2017-02-11,Derek Brunson,2016-12-13,2017-02-03,ok,53,6154,51445
17134,8321,2017-02-11,Anderson Silva,2016-12-13,2017-02-03,ok,53,138172,129084
17136,514,2017-02-11,Jared Cannonier,2016-12-13,2017-02-03,ok,53,16496,10510
17136,8097,2017-02-11,Glover Teixeira,2016-12-13,2017-02-03,ok,53,19348,15533
17138,786,2017-02-11,Randy Brown (fighter),2016-12-13,2017-02-03,ok,53,5070,3077
17138,759,2017-02-11,Belal Muhammad,2016-12-13,2017-02-03,ok,52,105,50
17139,8493,2017-02-11,Ulka Sasaki,2016-12-13,2017-02-03,ok,53,3810,3018
17139,1476,2017-02-11,Wilson Reis,2016-12-13,2017-02-03,ok,53,4444,3236
17140,8310,2017-02-11,Nik Lentz,2016-12-13,2017-02-03,ok,53,5100,3472
17140,750,2017-02-11,Islam Makhachev,2016-12-13,2017-02-03,ok,53,5731,4485
17142,8503,2017-02-11,Ryan LaFlare,2016-12-13,2017-02-03,ok,53,4768,3292
17142,8696,2017-02-11,Roan Carneiro,2016-12-13,2017-02-03,ok,53,3544,2556
17123,8505,2017-02-19,Héctor Lombard,2016-12-21,2017-02-11,no data in window,0,,
17123,8621,2017-02-19,Johny Hendricks,2016-12-21,2017-02-11,ok,53,136542,25393
17125,8444,2017-02-19,Elias Theodorou,2016-12-21,2017-02-11,ok,53,6695,6128
17125,8421,2017-02-19,Cezar Ferreira,2016-12-21,2017-02-11,ok,53,3991,4435
17128,8426,2017-02-19,Nordine Taleb,2016-12-21,2017-02-11,ok,53,4430,3580
17128,834,2017-02-19,Santiago Ponzinibbio,2016-12-21,2017-02-11,ok,53,5638,3047
17102,8365,2017-03-11,Jussier Formiga,2017-01-10,2017-03-03,ok,53,2963,2540
17102,8357,2017-03-11,Ray Borg,2017-01-10,2017-03-03,ok,53,3619,2609
17107,7985,2017-03-11,Rani Yahya,2017-01-10,2017-03-03,ok,53,2109,2097
17107,8573,2017-03-11,Joe Soto,2017-01-10,2017-03-03,ok,53,3927,3853
17092,8665,2017-03-18,Reza Madadi,2017-01-17,2017-03-10,ok,53,5776,5056
17092,8353,2017-03-18,Joseph Duffy (fighter),2017-01-17,2017-03-10,ok,53,25304,18518
17095,758,2017-03-18,Leon Edwards,2017-01-17,2017-03-10,ok,53,5571,3516
17095,530,2017-03-18,Vicente Luque,2017-01-17,2017-03-10,ok,53,6575,2847
17063,8384,2017-04-08,Thiago Alves (fighter),2017-02-07,2017-03-31,ok,53,13154,15876
17063,8680,2017-04-08,Patrick Côté (fighter),2017-02-07,2017-03-31,ok,53,9819,12055
17066,3090,2017-04-08,Kamaru Usman,2017-02-07,2017-03-31,ok,53,8112,9937
17066,500,2017-04-08,Sean Strickland,2017-02-07,2017-03-31,ok,53,4195,6696
17014,8671,2017-04-15,Roy Nelson,2017-02-14,2017-04-07,ok,53,498,155
17014,2,2017-04-15,Alexander Volkov (fighter),2017-02-14,2017-04-07,ok,53,8760,11748
17017,1761,2017-04-15,Tim Elliott,2017-02-14,2017-04-07,ok,53,11454,7377
17017,8210,2017-04-15,Louis Smolka,2017-02-14,2017-04-07,ok,53,6377,4140
17023,4211,2017-04-22,Cub Swanson,2017-02-21,2017-04-14,ok,53,24935,19730
17023,8499,2017-04-22,Artem Lobov,2017-02-21,2017-04-14,ok,53,36959,35110
17026,8174,2017-04-22,Eddie Wineland,2017-02-21,2017-04-14,ok,53,5115,3521
17026,6026,2017-04-22,John Dodson (fighter),2017-02-21,2017-04-14,ok,53,11188,10101
17029,8149,2017-04-22,Sam Alvey,2017-02-21,2017-04-14,ok,53,17434,5943
17029,8504,2017-04-22,Thales Leites,2017-02-21,2017-04-14,ok,53,6775,5513
17033,8230,2017-04-22,Alexis Davis (fighter),2017-02-21,2017-04-14,ok,53,6181,3900
17033,8676,2017-04-22,Cindy Dandois,2017-02-21,2017-04-14,ok,53,7720,2830
17049,8179,2017-05-13,Joanna Jędrzejczyk,2017-03-14,2017-05-05,ok,53,47488,59752
17049,2266,2017-05-13,Jéssica Andrade,2017-03-14,2017-05-05,ok,53,21627,30578
16980,6501,2017-05-28,Pedro Munhoz,2017-03-29,2017-05-20,ok,53,2378,1999
16980,5579,2017-05-28,Damian Stasiak,2017-03-29,2017-05-20,ok,53,1198,1454
16981,8385,2017-05-28,Trevor Smith (fighter),2017-03-29,2017-05-20,ok,53,2079,1747
16981,8664,2017-05-28,Chris Camozzi,2017-03-29,2017-05-20,ok,53,4555,3277
17000,8590,2017-06-03,Nate Marquardt,2017-04-04,2017-05-26,ok,53,16531,19931
17000,8548,2017-06-03,Vitor Belfort,2017-04-04,2017-05-26,ok,53,44185,34385
16987,29,2017-06-17,Marcin Tybura,2017-04-18,2017-06-09,ok,53,6142,7348
16987,7983,2017-06-17,Andrei Arlovski,2017-04-18,2017-06-09,ok,53,32240,22880
16988,8667,2017-06-17,Dong Hyun Kim,2017-04-18,2017-06-09,ok,53,15580,13621
16988,6460,2017-06-17,Colby Covington,2017-04-18,2017-06-09,ok,53,7461,5481
16989,8668,2017-06-17,Tarec Saffiedine,2017-04-18,2017-06-09,ok,53,7811,7035
16989,3481,2017-06-17,Rafael dos Anjos,2017-04-18,2017-06-09,ok,53,25829,21861
16917,8182,2017-06-25,Felice Herrig,2017-04-26,2017-06-17,ok,53,8934,7564
16917,8289,2017-06-25,Justine Kish,2017-04-26,2017-06-17,ok,53,2641,3014
16919,8500,2017-06-25,Alex Garcia (fighter),2017-04-26,2017-06-17,ok,53,2249,2985
16919,6626,2017-06-25,Tim Means,2017-04-26,2017-06-17,ok,53,3687,3415
16921,6557,2017-06-25,Clay Guida,2017-04-26,2017-06-17,ok,53,13625,12699
16921,8418,2017-06-25,Erik Koch,2017-04-26,2017-06-17,ok,53,3130,3940
16923,8003,2017-06-25,Maryna Moroz,2017-04-26,2017-06-17,ok,53,3404,2864
16923,6625,2017-06-25,Carla Esparza,2017-04-26,2017-06-17,ok,53,17952,10259
16926,3749,2017-06-25,Johnny Case,2017-04-26,2017-06-17,ok,53,1354,1429
16926,8363,2017-06-25,Anthony Rocco Martin,2017-04-26,2017-06-17,no data in window,0,,
16908,8444,2017-07-07,Elias Theodorou,2017-05-08,2017-06-29,ok,53,5788,5269
16908,564,2017-07-07,Brad Tavares,2017-05-08,2017-06-29,ok,53,4575,4956
16909,8512,2017-07-07,Jordan Johnson (fighter),2017-05-08,2017-06-29,ok,1,0,2
16909,8592,2017-07-07,Marcel Fortuna,2017-05-08,2017-06-29,ok,53,1683,2863
16912,8075,2017-07-07,Ed Herman,2017-05-08,2017-06-29,ok,53,187,121
16912,8510,2017-07-07,C. B. Dollaway,2017-05-08,2017-06-29,ok,53,2466,1384
16914,8468,2017-07-07,Teruto Ishihara,2017-05-08,2017-06-29,ok,53,4858,4989
16914,8502,2017-07-07,Gray Maynard,2017-05-08,2017-06-29,ok,53,18750,10985
16893,257,2017-07-08,Robert Whittaker (fighter),2017-05-09,2017-06-30,ok,53,50354,43061
16893,8369,2017-07-08,Yoel Romero,2017-05-09,2017-06-30,ok,53,71160,47211
16895,11,2017-07-08,Curtis Blaydes,2017-05-09,2017-06-30,ok,53,3913,4041
16895,8647,2017-07-08,Daniel Omielańczuk,2017-05-09,2017-06-30,ok,53,5303,5483
16896,8314,2017-07-08,Anthony Pettis,2017-05-09,2017-06-30,ok,53,44039,22502
16896,1051,2017-07-08,Jim Miller (fighter),2017-05-09,2017-06-30,ok,53,13936,12370
16901,8531,2017-07-08,Jordan Mein,2017-05-09,2017-06-30,ok,53,5009,4678
16901,759,2017-07-08,Belal Muhammad,2017-05-09,2017-06-30,ok,53,179,70
16952,8002,2017-07-16,Joanne Wood,2017-05-17,2017-07-08,no data in window,0,,
16952,8078,2017-07-16,Cynthia Calvillo,2017-05-17,2017-07-08,ok,53,8506,7219
16961,6658,2017-07-16,Albert Morales,2017-05-17,2017-07-08,ok,53,1329,1644
16961,1438,2017-07-16,Brett Johns,2017-05-17,2017-07-08,ok,53,1185,1365
16883,8294,2017-07-22,Thomas Almeida,2017-05-23,2017-07-14,ok,53,8387,7056
16883,8306,2017-07-22,Jimmie Rivera,2017-05-23,2017-07-14,ok,53,8083,6475
16887,8644,2017-07-22,Damian Grabowski,2017-05-23,2017-07-14,ok,53,2791,2067
16887,119,2017-07-22,Chase Sherman,2017-05-23,2017-07-14,ok,53,3329,3568
16891,8568,2017-07-22,Godofredo Pepey,2017-05-23,2017-07-14,ok,53,2152,1521
16891,8166,2017-07-22,Shane Burgos,2017-05-23,2017-07-14,ok,53,1665,1319
17037,8293,2017-07-29,Tyron Woodley,2017-05-30,2017-07-21,ok,53,54770,68490
17037,8280,2017-07-29,Demian Maia,2017-05-30,2017-07-21,ok,53,30609,55830
17039,8061,2017-07-29,Robbie Lawler,2017-05-30,2017-07-21,ok,53,41182,36708
17039,8202,2017-07-29,Donald Cerrone,2017-05-30,2017-07-21,ok,53,44006,43365
17042,1249,2017-07-29,Aljamain Sterling,2017-05-30,2017-07-21,ok,53,8822,7489
17042,8387,2017-07-29,Renan Barão,2017-05-30,2017-07-21,ok,53,17425,15009
17045,8614,2017-07-29,Kailin Curran,2017-05-30,2017-07-21,ok,53,9043,6503
17045,8392,2017-07-29,Aleksandra Albu,2017-05-30,2017-07-21,ok,6,132,5
16857,1753,2017-08-05,Brandon Moreno,2017-06-06,2017-07-28,ok,53,6524,6987
16857,1510,2017-08-05,Sergio Pettis,2017-06-06,2017-07-28,ok,53,9244,9406
16942,7994,2017-09-02,Bryan Barberena,2017-07-04,2017-08-25,ok,53,6347,5363
16942,758,2017-09-02,Leon Edwards,2017-07-04,2017-08-25,ok,53,4348,4174
16943,873,2017-09-02,Bojan Veličković,2017-07-04,2017-08-25,ok,53,2191,2883
16943,8120,2017-09-02,Darren Till,2017-07-04,2017-08-25,ok,53,1790,3218
16946,8440,2017-09-02,Desmond Green,2017-07-04,2017-08-25,ok,53,4248,3395
16946,8376,2017-09-02,Rustam Khabilov,2017-07-04,2017-08-25,ok,53,6168,5667
16872,8063,2017-09-09,Ilir Latifi,2017-07-11,2017-09-01,ok,53,10696,7028
16872,385,2017-09-09,Tyson Pedro,2017-07-11,2017-09-01,ok,53,12058,5221
16873,3782,2017-09-09,Jeremy Stephens,2017-07-11,2017-09-01,ok,53,33723,22188
16873,8429,2017-09-09,Gilbert Melendez,2017-07-11,2017-09-01,ok,53,17759,12710
16878,8445,2017-09-09,Arjan Bhullar,2017-07-11,2017-09-01,ok,53,6796,7605
16878,5401,2017-09-09,Luis Henrique (fighter),2017-07-11,2017-09-01,ok,53,3571,4205
16848,8325,2017-09-22,Cláudia Gadelha,2017-07-24,2017-09-14,ok,53,14205,12236
16848,2266,2017-09-22,Jéssica Andrade,2017-07-24,2017-09-14,ok,53,7017,8439
16834,8504,2017-10-07,Thales Leites,2017-08-08,2017-09-29,ok,53,4031,5921
16834,564,2017-10-07,Brad Tavares,2017-08-08,2017-09-29,ok,53,3029,4300
16929,8428,2017-10-21,Jodie Esquibel,2017-08-22,2017-10-13,ok,53,4491,8844
16929,2316,2017-10-21,Karolina Kowalkiewicz,2017-08-22,2017-10-13,ok,53,17520,19509
16935,8499,2017-10-21,Artem Lobov,2017-08-22,2017-10-13,ok,53,26538,12654
16935,1319,2017-10-21,Andre Fili,2017-08-22,2017-10-13,ok,53,5274,5378
16938,8516,2017-10-21,Felipe Arantes,2017-08-22,2017-10-13,ok,53,2461,1403
16938,1272,2017-10-21,Josh Emmett,2017-08-22,2017-10-13,ok,53,1045,1688
16745,6460,2017-10-28,Colby Covington,2017-08-29,2017-10-20,ok,53,17212,13139
16745,8280,2017-10-28,Demian Maia,2017-08-29,2017-10-20,ok,53,21300,16222
16747,1051,2017-10-28,Jim Miller (fighter),2017-08-29,2017-10-20,ok,53,8298,6199
16747,8133,2017-10-28,Francisco Trinaldo,2017-08-29,2017-10-20,ok,53,4271,6744
16749,1511,2017-10-28,Marlon Vera,2017-08-29,2017-10-20,ok,53,281,449
16749,8448,2017-10-28,John Lineker,2017-08-29,2017-10-20,ok,53,7299,7684
16752,1072,2017-10-28,Jared Gordon,2017-08-29,2017-10-20,ok,53,1051,1058
16752,1145,2017-10-28,Hacran Dias,2017-08-29,2017-10-20,ok,53,1238,1578
16792,775,2017-11-04,Stephen Thompson (fighter),2017-09-05,2017-10-27,ok,53,33286,28629
16792,8077,2017-11-04,Jorge Masvidal,2017-09-05,2017-10-27,ok,53,29486,31954
16797,786,2017-11-04,Randy Brown (fighter),2017-09-05,2017-10-27,ok,53,21384,18080
16797,3589,2017-11-04,Mickey Gall,2017-09-05,2017-10-27,ok,53,50639,35681
16688,2253,2017-11-11,Tatiana Suarez,2017-09-12,2017-11-03,ok,53,2636,2117
16688,8519,2017-11-11,Viviane Pereira,2017-09-12,2017-11-03,ok,53,3374,1689
16690,2264,2017-11-11,Angela Hill,2017-09-12,2017-11-03,ok,53,1223,771
16690,8146,2017-11-11,Nina Nunes,2017-09-12,2017-11-03,no data in window,0,,
16691,810,2017-11-11,Court McGee,2017-09-12,2017-11-03,ok,53,3745,3910
16691,500,2017-11-11,Sean Strickland,2017-09-12,2017-11-03,ok,53,2418,1853
16692,8592,2017-11-11,Marcel Fortuna,2017-09-12,2017-11-03,ok,53,1825,1021
16692,8023,2017-11-11,Jake Collier,2017-09-12,2017-11-03,ok,53,821,1021
16811,29,2017-11-18,Marcin Tybura,2017-09-19,2017-11-10,ok,53,16146,13293
16811,8349,2017-11-18,Fabrício Werdum,2017-09-19,2017-11-10,ok,53,95560,28144
16815,8444,2017-11-18,Elias Theodorou,2017-09-19,2017-11-10,ok,53,4769,5599
16815,8537,2017-11-18,Dan Kelly (fighter),2017-09-19,2017-11-10,ok,53,4134,7916
16821,8403,2017-11-18,Nadia Kassem,2017-09-19,2017-11-10,ok,53,1576,1782
16821,8506,2017-11-18,Alex Chambers,2017-09-19,2017-11-10,ok,53,1917,2540
16778,4925,2017-12-02,Henry Cejudo,2017-10-03,2017-11-24,ok,53,16530,10671
16778,1510,2017-12-02,Sergio Pettis,2017-10-03,2017-11-24,ok,53,8986,14964
16780,7982,2017-12-02,Michelle Waterson-Gomez,2017-10-03,2017-11-24,no data in window,0,,
16780,2263,2017-12-02,Tecia Pennington,2017-10-03,2017-11-24,no data in window,0,,
16783,8463,2017-12-02,David Teymur,2017-10-03,2017-11-24,ok,53,11879,6815
16783,1049,2017-12-02,Drakkar Klose,2017-10-03,2017-11-24,ok,53,6932,5479
16695,7988,2017-12-09,Gabriel Benítez,2017-10-10,2017-12-01,ok,53,1511,2174
16695,8497,2017-12-09,Jason Knight (fighter),2017-10-10,2017-12-01,ok,53,4330,5695
16697,8112,2017-12-09,Scott Holtzman,2017-10-10,2017-12-01,ok,53,1036,1164
16697,8490,2017-12-09,Darrell Horcher,2017-10-10,2017-12-01,ok,53,3121,2944
16704,8224,2017-12-09,Alejandro Pérez (fighter),2017-10-10,2017-12-01,ok,53,1150,1094
16704,8525,2017-12-09,Iuri Alcântara,2017-10-10,2017-12-01,ok,53,2828,2299
16707,8061,2017-12-16,Robbie Lawler,2017-10-17,2017-12-08,ok,53,56337,30474
16707,3481,2017-12-16,Rafael dos Anjos,2017-10-17,2017-12-08,ok,53,37775,27613
16709,6656,2017-12-16,Mike Perry (fighter),2017-10-17,2017-12-08,ok,53,84564,20314
16709,834,2017-12-16,Santiago Ponzinibbio,2017-10-17,2017-12-08,ok,53,29949,12581
16711,260,2017-12-16,Jan Błachowicz,2017-10-17,2017-12-08,ok,53,20549,3535
16711,514,2017-12-16,Jared Cannonier,2017-10-17,2017-12-08,ok,53,3920,2739
16715,8026,2017-12-16,John Makdessi,2017-10-17,2017-12-08,ok,53,3237,2691
16715,8596,2017-12-16,Abel Trujillo,2017-10-17,2017-12-08,ok,53,5669,3874
16717,8531,2017-12-16,Jordan Mein,2017-10-17,2017-12-08,ok,53,5725,4785
16717,8598,2017-12-16,Erick Silva,2017-10-17,2017-12-08,ok,53,7742,7541
16766,2633,2017-12-30,Cris Cyborg,2017-10-31,2017-12-22,ok,53,58340,88373
16766,7991,2017-12-30,Holly Holm,2017-10-31,2017-12-22,ok,53,59336,80457
16767,1153,2017-12-30,Edson Barboza,2017-10-31,2017-12-22,ok,53,42927,56290
16767,8333,2017-12-30,Khabib Nurmagomedov,2017-10-31,2017-12-22,ok,53,79366,91986
16769,6625,2017-12-30,Carla Esparza,2017-10-31,2017-12-22,ok,53,29593,13343
16769,8078,2017-12-30,Cynthia Calvillo,2017-10-31,2017-12-22,ok,53,11113,12657
16770,774,2017-12-30,Neil Magny,2017-10-31,2017-12-22,ok,53,15920,16884
16770,8271,2017-12-30,Carlos Condit,2017-10-31,2017-12-22,ok,53,31438,30614
16772,7969,2017-12-30,Ricky Glenn,2017-10-31,2017-12-22,no data in window,0,,
16772,8462,2017-12-30,Myles Jury,2017-10-31,2017-12-22,ok,53,6927,8016
16774,6533,2017-12-30,Matheus Nicolau,2017-10-31,2017-12-22,ok,53,1826,2561
16774,8210,2017-12-30,Louis Smolka,2017-10-31,2017-12-22,ok,53,4270,5313
16652,8069,2018-01-14,Jessica-Rose Clark,2017-11-15,2018-01-06,ok,11,0,1757
16652,8354,2018-01-14,Paige VanZant,2017-11-15,2018-01-06,ok,53,51253,37650
16653,3090,2018-01-14,Kamaru Usman,2017-11-15,2018-01-06,ok,53,28463,27264
16653,8372,2018-01-14,Emil Weber Meek,2017-11-15,2018-01-06,ok,53,22184,18037
16655,8327,2018-01-14,James Krause (fighter),2017-11-15,2018-01-06,ok,53,5667,7077
16655,8391,2018-01-14,Alex White (fighter),2017-11-15,2018-01-06,ok,53,1576,2528
16662,6479,2018-01-20,Stipe Miocic,2017-11-21,2018-01-12,ok,53,216561,142541
16662,5,2018-01-20,Francis Ngannou,2017-11-21,2018-01-12,ok,53,459144,166822
16669,8464,2018-01-20,Dustin Ortiz,2017-11-21,2018-01-12,ok,53,3287,4202
16669,1748,2018-01-20,Alexandre Pantoja,2017-11-21,2018-01-12,ok,53,2253,2472
16671,1341,2018-01-20,Enrique Barzola,2017-11-21,2018-01-12,ok,53,2078,2015
16671,8540,2018-01-20,Matt Bessette,2017-11-21,2018-01-12,ok,53,338,863
16608,8418,2018-01-27,Erik Koch,2017-11-28,2018-01-19,ok,53,3519,3577
16608,3781,2018-01-27,King Green,2017-11-28,2018-01-19,no data in window,0,,
16611,8569,2018-01-27,Juliana Lima,2017-11-28,2018-01-19,ok,53,3713,3331
16611,8247,2018-01-27,Randa Markos,2017-11-28,2018-01-19,ok,53,5077,5699
16613,6177,2018-01-27,Vinc Pichel,2017-11-28,2018-01-19,ok,53,1383,1547
16613,1078,2018-01-27,Joaquim Silva (fighter),2017-11-28,2018-01-19,ok,53,1061,1330
16642,8440,2018-02-03,Desmond Green,2017-12-05,2018-01-26,ok,53,13227,4754
16642,5708,2018-02-03,Michel Prazeres,2017-12-05,2018-01-26,ok,53,2568,2933
16644,1511,2018-02-03,Marlon Vera,2017-12-05,2018-01-26,ok,53,448,574
16644,4405,2018-02-03,Douglas Silva de Andrade,2017-12-05,2018-01-26,ok,53,437,1944
16647,6236,2018-02-03,Damir Hadžović,2017-12-05,2018-01-26,ok,53,1812,1963
16647,8212,2018-02-03,Alan Patrick (fighter),2017-12-05,2018-01-26,ok,53,1472,1563
16629,8483,2018-02-10,Mark Hunt,2017-12-12,2018-02-02,ok,53,48629,52930
16629,11,2018-02-10,Curtis Blaydes,2017-12-12,2018-02-02,ok,53,39570,33724
16637,8487,2018-02-10,Mizuto Hirota,2017-12-12,2018-02-02,ok,53,2917,2343
16637,8456,2018-02-10,Ross Pearson,2017-12-12,2018-02-02,ok,53,10804,7152
16638,8317,2018-02-10,José Alberto Quiñónez,2017-12-12,2018-02-02,ok,53,1821,1508
16638,8468,2018-02-10,Teruto Ishihara,2017-12-12,2018-02-02,ok,53,5065,4252
16594,8398,2018-02-18,James Vick,2017-12-20,2018-02-10,ok,53,12099,9780
16594,8133,2018-02-18,Francisco Trinaldo,2017-12-20,2018-02-10,ok,53,5779,5808
16597,8501,2018-02-18,Thibault Gouti,2017-12-20,2018-02-10,ok,53,8746,5923
16597,8535,2018-02-18,Sage Northcutt,2017-12-20,2018-02-10,ok,53,48584,31982
16601,8312,2018-02-18,Sarah Moras,2017-12-20,2018-02-10,ok,53,2392,1855
16601,4003,2018-02-18,Lucie Pudilová,2017-12-20,2018-02-10,no data in window,0,,
16581,2266,2018-02-24,Jéssica Andrade,2017-12-26,2018-02-16,ok,53,13453,9583
16581,2263,2018-02-24,Tecia Pennington,2017-12-26,2018-02-16,no data in window,0,,
16583,6656,2018-02-24,Mike Perry (fighter),2017-12-26,2018-02-16,ok,53,20936,13847
16583,803,2018-02-24,Max Griffin,2017-12-26,2018-02-16,ok,33,113,12
16584,8387,2018-02-24,Renan Barão,2017-12-26,2018-02-16,ok,53,16015,10180
16584,7952,2018-02-24,Brian Kelleher,2017-12-26,2018-02-16,ok,53,5455,3387
16586,8003,2018-02-24,Maryna Moroz,2017-12-26,2018-02-16,ok,53,7741,1930
16586,2264,2018-02-24,Angela Hill,2017-12-26,2018-02-16,ok,53,530,388
16618,8413,2018-03-03,Andre Soukhamthath,2018-01-02,2018-02-23,ok,53,5520,9378
16618,3747,2018-03-03,Sean O'Malley (fighter),2018-01-02,2018-02-23,ok,53,14937,17509
16619,8335,2018-03-03,Stefan Struve,2018-01-02,2018-02-23,ok,53,58306,23942
16619,7983,2018-03-03,Andrei Arlovski,2018-01-02,2018-02-23,ok,53,52954,25088
16571,260,2018-03-17,Jan Błachowicz,2018-01-16,2018-03-09,ok,53,10238,11691
16571,8435,2018-03-17,Jimi Manuwa,2018-01-16,2018-03-09,ok,53,29892,15876
16547,8243,2018-04-07,Al Iaquinta,2018-02-06,2018-03-30,ok,53,13967,17998
16547,8333,2018-04-07,Khabib Nurmagomedov,2018-02-06,2018-03-30,ok,53,139656,144328
16548,4455,2018-04-07,Rose Namajunas,2018-02-06,2018-03-30,ok,53,72428,78015
16548,8179,2018-04-07,Joanna Jędrzejczyk,2018-02-06,2018-03-30,ok,53,43684,43311
16550,8395,2018-04-07,Kyle Bochniak,2018-02-06,2018-03-30,ok,53,5973,7553
16550,8375,2018-04-07,Zabit Magomedsharipov,2018-02-06,2018-03-30,ok,53,14157,18550
16554,8042,2018-04-07,Ashlee Evans-Smith,2018-02-06,2018-03-30,ok,53,11783,7895
16554,8555,2018-04-07,Bec Rawlings,2018-02-06,2018-03-30,ok,53,6184,6710
16539,8523,2018-04-14,John Moraga,2018-02-13,2018-04-06,ok,53,2734,1851
16539,1476,2018-04-14,Wilson Reis,2018-02-13,2018-04-06,ok,53,3320,2376
16543,8484,2018-04-14,Yushin Okami,2018-02-13,2018-04-06,ok,53,9463,6091
16543,8277,2018-04-14,Dhiego Lima,2018-02-13,2018-04-06,ok,53,5723,3887
16546,8287,2018-04-14,Luke Sanders,2018-02-13,2018-04-06,ok,53,15499,9662
16546,8554,2018-04-14,Patrick Williams (fighter),2018-02-13,2018-04-06,ok,53,1429,1019
16512,4211,2018-04-21,Cub Swanson,2018-02-20,2018-04-13,ok,53,28404,22980
16512,8123,2018-04-21,Frankie Edgar,2018-02-20,2018-04-13,ok,53,183531,37939
16515,1249,2018-04-21,Aljamain Sterling,2018-02-20,2018-04-13,ok,53,8211,5317
16515,1438,2018-04-21,Brett Johns,2018-02-20,2018-04-13,ok,53,7186,4601
16517,8500,2018-04-21,Alex Garcia (fighter),2018-02-20,2018-04-13,ok,53,3507,2911
16517,8503,2018-04-21,Ryan LaFlare,2018-02-20,2018-04-13,ok,53,2795,2742
16520,8441,2018-04-21,Patrick Cummins (fighter),2018-02-20,2018-04-13,ok,53,7787,3859
16520,254,2018-04-21,Corey Anderson (fighter),2018-02-20,2018-04-13,ok,53,8381,4467
16521,8452,2018-04-21,Keita Nakamura,2018-02-20,2018-04-13,ok,53,1880,1649
16521,8363,2018-04-21,Anthony Rocco Martin,2018-02-20,2018-04-13,no data in window,0,,
16509,544,2018-05-12,Ramazan Emeev,2018-03-13,2018-05-04,ok,53,2352,3525
16509,8549,2018-05-12,Alberto Mina,2018-03-13,2018-05-04,ok,53,1900,3610
16460,8280,2018-05-19,Demian Maia,2018-03-20,2018-05-11,ok,53,24594,22283
16460,3090,2018-05-19,Kamaru Usman,2018-03-20,2018-05-11,ok,53,64824,31725
16463,8081,2018-05-19,Guido Cannetti,2018-03-20,2018-05-11,ok,53,1952,1292
16463,8541,2018-05-19,Diego Rivas (fighter),2018-03-20,2018-05-11,ok,53,1655,1162
16467,1753,2018-05-19,Brandon Moreno,2018-03-20,2018-05-11,ok,53,12134,2496
16467,1748,2018-05-19,Alexandre Pantoja,2018-03-20,2018-05-11,ok,53,806,1746
16437,8120,2018-05-27,Darren Till,2018-03-28,2018-05-19,ok,53,72943,40875
16437,775,2018-05-27,Stephen Thompson (fighter),2018-03-28,2018-05-19,ok,53,63625,35272
16447,8444,2018-05-27,Elias Theodorou,2018-03-28,2018-05-19,ok,53,20602,7572
16447,8385,2018-05-27,Trevor Smith (fighter),2018-03-28,2018-05-19,ok,53,2607,1974
16479,5578,2018-06-01,Lauren Murphy,2018-04-02,2018-05-24,ok,53,2494,2057
16479,8234,2018-06-01,Sijara Eubanks,2018-04-02,2018-05-24,ok,53,3715,2656
16480,8463,2018-06-01,David Teymur,2018-04-02,2018-05-24,ok,53,8559,5038
16480,8310,2018-06-01,Nik Lentz,2018-04-02,2018-05-24,ok,53,5033,3090
16482,852,2018-06-01,Gleison Tibau,2018-04-02,2018-05-24,ok,53,14420,3390
16482,8440,2018-06-01,Desmond Green,2018-04-02,2018-05-24,ok,53,2541,2022
16486,6460,2018-06-09,Colby Covington,2018-04-10,2018-06-01,ok,53,96757,68229
16486,3481,2018-06-09,Rafael dos Anjos,2018-04-10,2018-06-01,ok,53,47693,35957
16487,8302,2018-06-09,Megan Anderson (fighter),2018-04-10,2018-06-01,ok,53,34015,23348
16487,7991,2018-06-09,Holly Holm,2018-04-10,2018-06-01,ok,53,57371,44633
16488,28,2018-06-09,Tai Tuivasa,2018-04-10,2018-06-01,ok,53,12294,17381
16488,7983,2018-06-09,Andrei Arlovski,2018-04-10,2018-06-01,ok,53,30560,22415
16360,8202,2018-06-23,Donald Cerrone,2018-04-24,2018-06-15,ok,53,40585,42886
16360,758,2018-06-23,Leon Edwards,2018-04-24,2018-06-15,ok,53,16102,20632
16362,8204,2018-06-23,Jessica Eye,2018-04-24,2018-06-15,ok,53,5481,5785
16362,8069,2018-06-23,Jessica-Rose Clark,2018-04-24,2018-06-15,ok,53,5216,8696
16448,564,2018-07-06,Brad Tavares,2018-05-07,2018-06-28,ok,53,13431,12109
16448,512,2018-07-06,Israel Adesanya,2018-05-07,2018-06-28,ok,53,20038,17876
16523,5,2018-07-07,Francis Ngannou,2018-05-08,2018-06-29,ok,53,40926,49255
16523,21,2018-07-07,Derrick Lewis,2018-05-08,2018-06-29,ok,53,200,284
16528,1522,2018-07-07,Rob Font,2018-05-08,2018-06-29,ok,53,6199,4921
16528,8082,2018-07-07,Raphael Assunção,2018-05-08,2018-06-29,ok,53,16997,6810
16529,1049,2018-07-07,Drakkar Klose,2018-05-08,2018-06-29,ok,53,4310,4358
16529,4111,2018-07-07,Lando Vannata,2018-05-08,2018-06-29,ok,53,8090,6095
16530,803,2018-07-07,Max Griffin,2018-05-08,2018-06-29,ok,36,20,18
16530,731,2018-07-07,Curtis Millender,2018-05-08,2018-06-29,ok,53,3841,4539
16424,70,2018-07-14,Junior dos Santos,2018-05-15,2018-07-06,ok,53,28603,27454
16424,8044,2018-07-14,Blagoy Ivanov,2018-05-15,2018-07-06,ok,53,16333,15229
16429,8270,2018-07-14,Marion Reneau,2018-05-15,2018-07-06,ok,53,6272,2605
16429,8478,2018-07-14,Cat Zingano,2018-05-15,2018-07-06,ok,53,102316,15809
16430,8174,2018-07-14,Eddie Wineland,2018-05-15,2018-07-06,ok,53,3542,2220
16430,8224,2018-07-14,Alejandro Pérez (fighter),2018-05-15,2018-07-06,ok,53,2370,1330
16431,1436,2018-07-14,Darren Elkins,2018-05-15,2018-07-06,ok,53,11776,8273
16431,1248,2018-07-14,Alexander Volkanovski,2018-05-15,2018-07-06,ok,53,5193,3871
16434,3052,2018-07-14,Liz Carmouche,2018-05-15,2018-07-06,ok,53,5836,3346
16434,8014,2018-07-14,Jennifer Maia,2018-05-15,2018-07-06,ok,53,3709,2349
16436,8455,2018-07-14,Jessica Aguilar,2018-05-15,2018-07-06,ok,53,6943,1406
16436,8428,2018-07-14,Jodie Esquibel,2018-05-15,2018-07-06,ok,53,4795,1366
16412,254,2018-07-22,Corey Anderson (fighter),2018-05-23,2018-07-14,ok,53,5911,6283
16412,8097,2018-07-22,Glover Teixeira,2018-05-23,2018-07-14,ok,53,10252,11260
16414,8335,2018-07-22,Stefan Struve,2018-05-23,2018-07-14,ok,53,18942,25454
16414,29,2018-07-22,Marcin Tybura,2018-05-23,2018-07-14,ok,53,6612,7280
16400,2263,2018-07-28,Tecia Pennington,2018-05-29,2018-07-20,no data in window,0,,
16400,8179,2018-07-28,Joanna Jędrzejczyk,2018-05-29,2018-07-20,ok,53,27843,24055
16402,8531,2018-07-28,Jordan Mein,2018-05-29,2018-07-20,ok,53,3057,3032
16402,822,2018-07-28,Alex Morono,2018-05-29,2018-07-20,ok,53,986,1872
16406,8456,2018-07-28,Ross Pearson,2018-05-29,2018-07-20,ok,53,5323,5875
16406,8026,2018-07-28,John Makdessi,2018-05-29,2018-07-20,ok,53,2558,2759
16407,8230,2018-07-28,Alexis Davis (fighter),2018-05-29,2018-07-20,ok,53,5530,4275
16407,3562,2018-07-28,Katlyn Cerminara,2018-05-29,2018-07-20,no data in window,0,,
16409,8247,2018-07-28,Randa Markos,2018-05-29,2018-07-20,ok,53,3436,2476
16409,8146,2018-07-28,Nina Nunes,2018-05-29,2018-07-20,no data in window,0,,
16391,6501,2018-08-04,Pedro Munhoz,2018-06-05,2018-07-27,ok,53,2190,3534
16391,1438,2018-08-04,Brett Johns,2018-06-05,2018-07-27,ok,53,2364,3237
16381,8300,2018-08-25,Markus Perez,2018-06-26,2018-08-17,ok,47,53,57
16381,643,2018-08-25,Andrew Sanchez,2018-06-26,2018-08-17,ok,53,5760,3398
16384,8527,2018-08-25,Jon Tuck,2018-06-26,2018-08-17,ok,53,2090,3161
16384,1046,2018-08-25,Drew Dober,2018-06-26,2018-08-17,ok,53,2089,3008
16338,6026,2018-09-08,John Dodson (fighter),2018-07-10,2018-08-31,ok,53,29122,14387
16338,8306,2018-09-08,Jimmie Rivera,2018-07-10,2018-08-31,ok,53,14202,9859
16350,7983,2018-09-15,Andrei Arlovski,2018-07-17,2018-09-07,ok,53,23137,14477
16350,8100,2018-09-15,Shamil Abdurakhimov,2018-07-17,2018-09-07,ok,53,4374,4237
16355,8440,2018-09-15,Desmond Green,2018-07-17,2018-09-07,ok,53,3883,7890
16355,8424,2018-09-15,Mairbek Taisumov,2018-07-17,2018-09-07,ok,53,7384,5296
16332,8505,2018-09-22,Héctor Lombard,2018-07-24,2018-09-14,ok,53,5520,4131
16332,8504,2018-09-22,Thales Leites,2018-07-24,2018-09-14,ok,53,5263,2631
16311,6624,2018-10-06,Ovince Saint Preux,2018-08-07,2018-09-28,ok,53,16029,17387
16311,261,2018-10-06,Dominick Reyes,2018-08-07,2018-09-28,ok,53,12026,15455
16313,8182,2018-10-06,Felice Herrig,2018-08-07,2018-09-28,ok,53,12260,15412
16313,7982,2018-10-06,Michelle Waterson-Gomez,2018-08-07,2018-09-28,no data in window,0,,
16314,8365,2018-10-06,Jussier Formiga,2018-08-07,2018-09-28,ok,53,6702,4975
16314,1510,2018-10-06,Sergio Pettis,2018-08-07,2018-09-28,ok,53,16675,9661
16318,8087,2018-10-06,Lina Länsberg,2018-08-07,2018-09-28,ok,53,7110,6767
16318,3471,2018-10-06,Yana Santos,2018-08-07,2018-09-28,no data in window,0,,
16297,1099,2018-10-27,Michael Johnson (fighter),2018-08-28,2018-10-19,ok,53,43847,109838
16297,8499,2018-10-27,Artem Lobov,2018-08-28,2018-10-19,ok,53,40277,157020
16301,810,2018-10-27,Court McGee,2018-08-28,2018-10-19,ok,53,4336,5542
16301,8500,2018-10-27,Alex Garcia (fighter),2018-08-28,2018-10-19,ok,53,2067,3871
16308,6638,2018-10-27,Stevie Ray (fighter),2018-08-28,2018-10-19,ok,53,1843,3075
16308,926,2018-10-27,Jessin Ayari,2018-08-28,2018-10-19,ok,53,3499,2269
16287,8322,2018-11-03,Jack Marshman,2018-09-04,2018-10-26,ok,53,2205,5955
16287,8170,2018-11-03,Karl Roberson,2018-09-04,2018-10-26,ok,53,1881,5989
16289,8497,2018-11-03,Jason Knight (fighter),2018-09-04,2018-10-26,ok,53,4280,4988
16289,8458,2018-11-03,Jordan Rinaldi,2018-09-04,2018-10-26,ok,53,2046,2963
16290,8234,2018-11-03,Sijara Eubanks,2018-09-04,2018-10-26,ok,53,27668,34556
16290,8228,2018-11-03,Roxanne Modafferi,2018-09-04,2018-10-26,ok,53,9977,7940
16274,7990,2018-11-10,Germaine de Randamie,2018-09-11,2018-11-02,ok,53,10039,7857
16274,6623,2018-11-10,Raquel Pennington,2018-09-11,2018-11-02,ok,53,12235,9833
16235,3481,2018-11-30,Rafael dos Anjos,2018-10-01,2018-11-22,ok,53,89976,24935
16235,3090,2018-11-30,Kamaru Usman,2018-10-01,2018-11-22,ok,53,22071,18206
16240,8168,2018-11-30,Antonina Shevchenko,2018-10-01,2018-11-22,ok,53,5634,5238
16240,8068,2018-11-30,Ji Yeon Kim (fighter),2018-10-01,2018-11-22,ok,53,494,245
16225,8483,2018-12-01,Mark Hunt,2018-10-02,2018-11-23,ok,53,72832,35359
16225,8457,2018-12-01,Justin Willis,2018-10-02,2018-11-23,ok,50,33,41
16230,8485,2018-12-01,Ben Nguyen,2018-10-02,2018-11-23,ok,53,6833,4463
16230,1476,2018-12-01,Wilson Reis,2018-10-02,2018-11-23,ok,53,2817,2344
16233,7989,2018-12-01,Christos Giagos,2018-10-02,2018-11-23,ok,53,1077,997
16233,8487,2018-12-01,Mizuto Hirota,2018-10-02,2018-11-23,ok,53,1195,1287
16211,4922,2018-12-08,Valentina Shevchenko,2018-10-09,2018-11-30,ok,51,375,51
16211,8179,2018-12-08,Joanna Jędrzejczyk,2018-10-09,2018-11-30,ok,53,41862,28494
16215,8325,2018-12-08,Cláudia Gadelha,2018-10-09,2018-11-30,ok,53,13015,11751
16215,8146,2018-12-08,Nina Nunes,2018-10-09,2018-11-30,no data in window,0,,
16216,790,2018-12-08,Gilbert Burns,2018-10-09,2018-11-30,ok,42,24,27
16216,8416,2018-12-08,Olivier Aubin-Mercier,2018-10-09,2018-11-30,ok,53,5173,4504
16198,1130,2018-12-15,Kevin Lee,2018-10-16,2018-12-07,ok,53,581,341
16198,8243,2018-12-15,Al Iaquinta,2018-10-16,2018-12-07,ok,53,46956,17653
16200,1510,2018-12-15,Sergio Pettis,2018-10-16,2018-12-07,ok,53,10266,6820
16200,1522,2018-12-15,Rob Font,2018-10-16,2018-12-07,ok,53,3029,3023
16203,3781,2018-12-15,King Green,2018-10-16,2018-12-07,no data in window,0,,
16203,1049,2018-12-15,Drakkar Klose,2018-10-16,2018-12-07,ok,53,4380,2292
16206,8385,2018-12-15,Trevor Smith (fighter),2018-10-16,2018-12-07,ok,53,1420,1392
16206,8074,2018-12-15,Zak Cummings,2018-10-16,2018-12-07,ok,53,1677,2435
16188,8063,2018-12-29,Ilir Latifi,2018-10-30,2018-12-21,ok,53,14325,18913
16188,254,2018-12-29,Corey Anderson (fighter),2018-10-30,2018-12-21,ok,53,9715,12036
16196,731,2018-12-29,Curtis Millender,2018-10-30,2018-12-21,ok,53,5541,5432
16196,8404,2018-12-29,Siyar Bahadurzada,2018-10-30,2018-12-21,ok,53,5472,6479
16153,8303,2019-01-19,Joseph Benavidez,2018-11-20,2019-01-11,ok,53,24396,14848
16153,8464,2019-01-19,Dustin Ortiz,2018-11-20,2019-01-11,ok,53,2434,5562
16163,512,2019-02-09,Israel Adesanya,2018-12-11,2019-02-01,ok,53,93886,88733
16163,8321,2019-02-09,Anderson Silva,2018-12-11,2019-02-01,ok,53,115396,94799
16126,8319,2019-02-17,Paul Felder,2018-12-19,2019-02-09,ok,53,9346,9594
16126,8398,2019-02-17,James Vick,2018-12-19,2019-02-09,ok,53,10045,10109
16127,8078,2019-02-17,Cynthia Calvillo,2018-12-19,2019-02-09,ok,53,5739,5630
16127,8169,2019-02-17,Cortney Casey,2018-12-19,2019-02-09,ok,53,3307,3483
16130,8462,2019-02-17,Myles Jury,2018-12-19,2019-02-09,ok,53,7643,4493
16130,1319,2019-02-17,Andre Fili,2018-12-19,2019-02-09,ok,53,4679,5198
16131,8306,2019-02-17,Jimmie Rivera,2018-12-19,2019-02-09,ok,53,8299,11917
16131,1249,2019-02-17,Aljamain Sterling,2018-12-19,2019-02-09,ok,53,8412,10398
16133,6190,2019-02-17,Andrea Lee (fighter),2018-12-19,2019-02-09,ok,53,5337,4397
16133,8042,2019-02-17,Ashlee Evans-Smith,2018-12-19,2019-02-09,ok,53,8673,6069
16134,8310,2019-02-17,Nik Lentz,2018-12-19,2019-02-09,ok,53,3814,4081
16134,8112,2019-02-17,Scott Holtzman,2018-12-19,2019-02-09,ok,53,1542,1574
16053,3052,2019-02-23,Liz Carmouche,2018-12-25,2019-02-15,ok,53,10478,4497
16053,4003,2019-02-23,Lucie Pudilová,2018-12-25,2019-02-15,ok,53,2356,1967
16054,1498,2019-02-23,Petr Yan,2018-12-25,2019-02-15,ok,53,32188,5956
16054,6026,2019-02-23,John Dodson (fighter),2018-12-25,2019-02-15,ok,53,24431,11590
16061,8376,2019-02-23,Rustam Khabilov,2018-12-25,2019-02-15,ok,53,5081,3978
16061,1041,2019-02-23,Carlos Diego Ferreira,2018-12-25,2019-02-15,ok,53,1891,1428
16113,44,2019-03-02,Anthony Smith (fighter),2019-01-01,2019-02-22,ok,53,191103,6523
16113,6478,2019-03-02,Jon Jones,2019-01-01,2019-02-22,ok,53,251435,151597
16114,3090,2019-03-02,Kamaru Usman,2019-01-01,2019-02-22,ok,53,81906,132947
16114,8293,2019-03-02,Tyron Woodley,2019-01-01,2019-02-22,ok,53,115490,118882
16118,8375,2019-03-02,Zabit Magomedsharipov,2019-01-01,2019-02-22,ok,53,45696,41573
16118,3782,2019-03-02,Jeremy Stephens,2019-01-01,2019-02-22,ok,53,29606,25492
16120,8224,2019-03-02,Alejandro Pérez (fighter),2019-01-01,2019-02-22,ok,53,1999,3769
16120,6485,2019-03-02,Cody Stamann,2019-01-01,2019-02-22,ok,53,1699,4029
16103,8044,2019-03-09,Blagoy Ivanov,2019-01-08,2019-03-01,ok,53,5533,5806
16103,8239,2019-03-09,Ben Rothwell,2019-01-08,2019-03-01,ok,53,11900,11125
16105,8459,2019-03-09,Tim Boetsch,2019-01-08,2019-03-01,ok,53,5078,4978
16105,8272,2019-03-09,Omari Akhmedov,2019-01-08,2019-03-01,ok,53,3522,3791
16106,8386,2019-03-09,Sérgio Moraes,2019-01-08,2019-03-01,ok,53,5244,5219
16106,8363,2019-03-09,Anthony Rocco Martin,2019-01-08,2019-03-01,ok,53,2383,2678
16107,8270,2019-03-09,Marion Reneau,2019-01-08,2019-03-01,ok,53,3037,2309
16107,3471,2019-03-09,Yana Santos,2019-01-08,2019-03-01,no data in window,0,,
16094,1255,2019-03-16,Arnold Allen,2019-01-15,2019-03-08,ok,52,122,85
16094,8458,2019-03-16,Jordan Rinaldi,2019-01-15,2019-03-08,ok,53,3081,2029
16095,4460,2019-03-16,Marc Diakiese,2019-01-15,2019-03-08,ok,53,7037,5653
16095,8353,2019-03-16,Joseph Duffy (fighter),2019-01-15,2019-03-08,ok,53,17238,11653
16077,8457,2019-03-23,Justin Willis,2019-01-22,2019-03-15,ok,51,72,96
16077,11,2019-03-23,Curtis Blaydes,2019-01-22,2019-03-15,ok,53,28407,13234
16079,1506,2019-03-23,Deiveson Figueiredo,2019-01-22,2019-03-15,ok,53,3729,3069
16079,8365,2019-03-23,Jussier Formiga,2019-01-22,2019-03-15,ok,53,4424,3680
16080,8290,2019-03-23,Luis Peña (fighter),2019-01-22,2019-03-15,ok,9,13,0
16080,8080,2019-03-23,Steven Peterson,2019-01-22,2019-03-15,ok,53,894,1281
16084,8014,2019-03-23,Jennifer Maia,2019-01-22,2019-03-15,ok,53,3288,3112
16084,8230,2019-03-23,Alexis Davis (fighter),2019-01-22,2019-03-15,ok,53,5067,4880
16066,7982,2019-03-30,Michelle Waterson-Gomez,2019-01-29,2019-03-22,no data in window,0,,
16066,2316,2019-03-30,Karolina Kowalkiewicz,2019-01-29,2019-03-22,ok,53,11432,12324
16037,3846,2019-04-13,Max Holloway,2019-02-12,2019-04-05,ok,53,141315,120697
16037,5493,2019-04-13,Dustin Poirier,2019-02-12,2019-04-05,ok,53,98446,102125
16038,512,2019-04-13,Israel Adesanya,2019-02-12,2019-04-05,ok,53,139406,69658
16038,527,2019-04-13,Kelvin Gastelum,2019-02-12,2019-04-05,ok,53,67156,38176
16039,259,2019-04-13,Khalil Rountree Jr.,2019-02-12,2019-04-05,ok,53,19860,12582
16039,542,2019-04-13,Eryk Anders,2019-02-12,2019-04-05,ok,53,12046,11883
16042,1142,2019-04-13,Matt Frevola,2019-02-12,2019-04-05,ok,52,181,2420
16042,1022,2019-04-13,Jalin Turner,2019-02-12,2019-04-05,no data in window,0,,
16046,759,2019-04-13,Belal Muhammad,2019-02-12,2019-04-05,ok,53,129,1207
16046,731,2019-04-13,Curtis Millender,2019-02-12,2019-04-05,ok,53,34322,7276
16032,8451,2019-04-20,Sultan Aliev,2019-02-19,2019-04-12,ok,53,2759,1589
16032,8452,2019-04-20,Keita Nakamura,2019-02-19,2019-04-12,ok,53,2169,1417
16013,8282,2019-04-27,Ronaldo Souza,2019-02-26,2019-04-19,ok,53,37142,42963
16013,857,2019-04-27,Jack Hermansson,2019-02-26,2019-04-19,ok,53,12496,72416
16015,8216,2019-04-27,Alex Oliveira,2019-02-26,2019-04-19,ok,53,66,37
16015,6656,2019-04-27,Mike Perry (fighter),2019-02-26,2019-04-19,ok,53,20000,17072
16021,2252,2019-04-27,Virna Jandiroba,2019-02-26,2019-04-19,ok,53,309,2169
16021,6625,2019-04-27,Carla Esparza,2019-02-26,2019-04-19,ok,53,8076,6982
16024,8428,2019-04-27,Jodie Esquibel,2019-02-26,2019-04-19,ok,53,2068,1789
16024,2264,2019-04-27,Angela Hill,2019-02-26,2019-04-19,ok,53,2686,728
16001,8202,2019-05-04,Donald Cerrone,2019-03-05,2019-04-26,ok,53,116233,42760
16001,8243,2019-05-04,Al Iaquinta,2019-03-05,2019-04-26,ok,53,49247,31077
16002,8091,2019-05-04,Derek Brunson,2019-03-05,2019-04-26,ok,53,10835,17840
16002,8444,2019-05-04,Elias Theodorou,2019-03-05,2019-04-26,ok,53,9814,12816
15991,1248,2019-05-11,Alexander Volkanovski,2019-03-12,2019-05-03,ok,53,22481,19886
15991,5855,2019-05-11,José Aldo,2019-03-12,2019-05-03,ok,53,59965,41501
15997,6557,2019-05-11,Clay Guida,2019-03-12,2019-05-03,ok,53,15750,10538
15997,8442,2019-05-11,B.J. Penn,2019-03-12,2019-05-03,ok,53,39335,34221
15982,8234,2019-05-18,Sijara Eubanks,2019-03-19,2019-05-10,ok,53,4812,5064
15982,8214,2019-05-18,Aspen Ladd,2019-03-19,2019-05-10,ok,53,7499,5422
15967,6236,2019-06-01,Damir Hadžović,2019-04-02,2019-05-24,ok,53,2408,3437
15967,7989,2019-06-01,Christos Giagos,2019-04-02,2019-05-24,ok,53,1426,2530
15970,8087,2019-06-01,Lina Länsberg,2019-04-02,2019-05-24,ok,53,2573,4059
15970,8437,2019-06-01,Tonya Evinger,2019-04-02,2019-05-24,ok,53,3185,5273
15954,1498,2019-06-08,Petr Yan,2019-04-09,2019-05-31,ok,53,6724,8641
15954,8306,2019-06-08,Jimmie Rivera,2019-04-09,2019-05-31,ok,53,6516,8025
15955,8044,2019-06-08,Blagoy Ivanov,2019-04-09,2019-05-31,ok,53,6882,8077
15955,28,2019-06-08,Tai Tuivasa,2019-04-09,2019-05-31,ok,53,13460,10534
15956,8146,2019-06-08,Nina Nunes,2019-04-09,2019-05-31,no data in window,0,,
15956,2253,2019-06-08,Tatiana Suarez,2019-04-09,2019-05-31,ok,53,23308,19032
15957,6501,2019-06-08,Pedro Munhoz,2019-04-09,2019-05-31,ok,53,34178,9291
15957,1249,2019-06-08,Aljamain Sterling,2019-04-09,2019-05-31,ok,53,9721,8968
15958,2316,2019-06-08,Karolina Kowalkiewicz,2019-04-09,2019-05-31,ok,53,20972,23495
15958,3650,2019-06-08,Alexa Grasso,2019-04-09,2019-05-31,ok,53,4921,5238
15960,2258,2019-06-08,Yan Xiaonan,2019-04-09,2019-05-31,no data in window,0,,
15960,2264,2019-06-08,Angela Hill,2019-04-09,2019-05-31,ok,53,750,399
15963,8002,2019-06-08,Joanne Wood,2019-04-09,2019-05-31,no data in window,0,,
15963,3562,2019-06-08,Katlyn Cerminara,2019-04-09,2019-05-31,no data in window,0,,
15943,2790,2019-06-22,Montana De La Rosa,2019-04-23,2019-06-14,ok,53,2951,4475
15943,6190,2019-06-22,Andrea Lee (fighter),2019-04-23,2019-06-14,ok,53,3524,6850
15944,770,2019-06-22,Kevin Holland,2019-04-23,2019-06-14,ok,51,105,129
15944,8151,2019-06-22,Alessio Di Chirico,2019-04-23,2019-06-14,ok,53,1860,2363
15946,8432,2019-06-22,Syuri,2019-04-23,2019-06-14,ok,53,1912,3217
15946,2319,2019-06-22,Ashley Yoder,2019-04-23,2019-06-14,ok,53,2082,3103
15920,4368,2019-07-06,Michael Chiesa,2019-05-07,2019-06-28,ok,53,11744,14999
15920,8344,2019-07-06,Diego Sanchez,2019-05-07,2019-06-28,ok,53,20809,35696
15921,8429,2019-07-06,Gilbert Melendez,2019-05-07,2019-06-28,ok,53,13251,11294
15921,1255,2019-07-06,Arnold Allen,2019-05-07,2019-06-28,ok,52,150,60
15923,8325,2019-07-06,Cláudia Gadelha,2019-05-07,2019-06-28,ok,53,14273,10446
15923,8247,2019-07-06,Randa Markos,2019-05-07,2019-06-28,ok,53,4002,4849
15883,528,2019-07-13,Marvin Vettori,2019-05-14,2019-07-05,ok,53,3148,2807
15883,8421,2019-07-13,Cezar Ferreira,2019-05-14,2019-07-05,ok,53,4580,4955
15887,8237,2019-07-13,Ryan Hall (fighter),2019-05-14,2019-07-05,no data in window,0,,
15887,1436,2019-07-13,Darren Elkins,2019-05-14,2019-07-05,ok,53,8512,4445
15866,3481,2019-07-20,Rafael dos Anjos,2019-05-21,2019-07-12,ok,53,48488,32741
15866,758,2019-07-20,Leon Edwards,2019-05-21,2019-07-12,ok,53,20564,31786
15870,8133,2019-07-20,Francisco Trinaldo,2019-05-21,2019-07-12,ok,53,2331,2741
15870,1039,2019-07-20,Alexander Hernandez,2019-05-21,2019-07-12,ok,53,8373,5591
15871,7983,2019-07-20,Andrei Arlovski,2019-05-21,2019-07-12,ok,53,29246,21810
15871,8239,2019-07-20,Ben Rothwell,2019-05-21,2019-07-12,ok,53,13782,8983
15872,8080,2019-07-20,Steven Peterson,2019-05-21,2019-07-12,ok,53,1218,1623
15872,7977,2019-07-20,Alex Caceres,2019-05-21,2019-07-12,ok,53,5265,5804
15875,8014,2019-07-20,Jennifer Maia,2019-05-21,2019-07-12,ok,53,2325,3970
15875,8228,2019-07-20,Roxanne Modafferi,2019-05-21,2019-07-12,ok,53,8305,6188
15855,3846,2019-07-27,Max Holloway,2019-05-28,2019-07-19,ok,53,73575,93901
15855,8123,2019-07-27,Frankie Edgar,2019-05-28,2019-07-19,ok,53,34648,47251
15856,8240,2019-07-27,Felicia Spencer,2019-05-28,2019-07-19,ok,53,18560,27163
15856,2633,2019-07-27,Cris Cyborg,2019-05-28,2019-07-19,ok,53,54908,100494
15858,8416,2019-07-27,Olivier Aubin-Mercier,2019-05-28,2019-07-19,ok,53,4776,7017
15858,1002,2019-07-27,Arman Tsarukyan,2019-05-28,2019-07-19,no data in window,0,,
15863,1748,2019-07-27,Alexandre Pantoja,2019-05-28,2019-07-19,ok,53,2721,2810
15863,1506,2019-07-27,Deiveson Figueiredo,2019-05-28,2019-07-19,ok,53,2457,3019
15843,8061,2019-08-03,Robbie Lawler,2019-06-04,2019-07-26,ok,53,45486,76913
15843,6460,2019-08-03,Colby Covington,2019-06-04,2019-07-26,ok,53,46468,77671
15830,4922,2019-08-10,Valentina Shevchenko,2019-06-11,2019-08-02,ok,53,698,70
15830,3052,2019-08-10,Liz Carmouche,2019-06-11,2019-08-02,ok,53,37823,18721
15905,8314,2019-08-17,Anthony Pettis,2019-06-18,2019-08-09,ok,53,61828,65664
15905,872,2019-08-17,Nate Diaz,2019-06-18,2019-08-09,ok,53,97311,103066
15906,8369,2019-08-17,Yoel Romero,2019-06-18,2019-08-09,ok,53,73797,51722
15906,255,2019-08-17,Paulo Costa,2019-06-18,2019-08-09,ok,52,135,151
15910,8082,2019-08-17,Raphael Assunção,2019-06-18,2019-08-09,ok,53,13807,7939
15910,1504,2019-08-17,Cory Sandhagen,2019-06-18,2019-08-09,ok,53,6310,5304
15911,7989,2019-08-17,Christos Giagos,2019-06-18,2019-08-09,ok,53,1305,2997
15911,1049,2019-08-17,Drakkar Klose,2019-06-18,2019-08-09,ok,53,4629,4058
15822,8412,2019-08-31,Derrick Krantz,2019-07-02,2019-08-23,ok,53,2397,4611
15822,6463,2019-08-31,Song Kenan,2019-07-02,2019-08-23,no data in window,0,,
15893,1127,2019-09-07,Davi Ramos,2019-07-09,2019-08-30,ok,53,7221,11901
15893,750,2019-09-07,Islam Makhachev,2019-07-09,2019-08-30,ok,53,29186,37540
15895,1041,2019-09-07,Carlos Diego Ferreira,2019-07-09,2019-08-30,ok,53,4525,6338
15895,8424,2019-09-07,Mairbek Taisumov,2019-07-09,2019-08-30,ok,53,6275,10985
15902,8074,2019-09-07,Zak Cummings,2019-07-09,2019-08-30,ok,53,2869,2622
15902,8272,2019-09-07,Omari Akhmedov,2019-07-09,2019-08-30,ok,53,4684,4564
15803,8039,2019-09-21,Tyson Nam,2019-07-23,2019-09-13,ok,53,349,4049
15803,1510,2019-09-21,Sergio Pettis,2019-07-23,2019-09-13,ok,53,18850,8328
15805,8259,2019-09-21,Bethe Correia,2019-07-23,2019-09-13,ok,53,7377,4569
15805,8234,2019-09-21,Sijara Eubanks,2019-07-23,2019-09-13,ok,53,3940,2065
15692,790,2019-09-28,Gilbert Burns,2019-07-30,2019-09-20,ok,45,140,53
15692,6184,2019-09-28,Gunnar Nelson (fighter),2019-07-30,2019-09-20,ok,53,14250,13005
15695,793,2019-09-28,Nicolas Dalby,2019-07-30,2019-09-20,ok,53,9626,4924
15695,8216,2019-09-28,Alex Oliveira,2019-07-30,2019-09-20,ok,50,45,44
15700,4403,2019-09-28,Macy Chiasson,2019-07-30,2019-09-20,ok,53,2403,2869
15700,8087,2019-09-28,Lina Länsberg,2019-07-30,2019-09-20,ok,53,3290,2114
15701,4460,2019-09-28,Marc Diakiese,2019-07-30,2019-09-20,ok,53,8883,6905
15701,4111,2019-09-28,Lando Vannata,2019-07-30,2019-09-20,ok,53,7502,7855
15680,8243,2019-10-05,Al Iaquinta,2019-08-06,2019-09-27,ok,53,54166,67363
15680,1013,2019-10-05,Dan Hooker,2019-08-06,2019-09-27,ok,53,18114,24016
15665,7982,2019-10-12,Michelle Waterson-Gomez,2019-08-13,2019-10-04,no data in window,0,,
15665,8179,2019-10-12,Joanna Jędrzejczyk,2019-08-13,2019-10-04,ok,53,43413,24745
15666,4211,2019-10-12,Cub Swanson,2019-08-13,2019-10-04,ok,53,19496,14867
15666,6555,2019-10-12,Kron Gracie,2019-08-13,2019-10-04,ok,53,50936,32201
15673,822,2019-10-12,Alex Morono,2019-08-13,2019-10-04,ok,53,2544,1505
15673,803,2019-10-12,Max Griffin,2019-08-13,2019-10-04,ok,32,23,18
15677,643,2019-10-12,Andrew Sanchez,2019-08-13,2019-10-04,ok,53,4327,3307
15677,528,2019-10-12,Marvin Vettori,2019-08-13,2019-10-04,ok,53,8048,7666
15653,2451,2019-10-18,Yair Rodríguez,2019-08-19,2019-10-10,ok,53,27444,85705
15653,3782,2019-10-18,Jeremy Stephens,2019-08-19,2019-10-10,ok,53,32333,102575
15631,530,2019-11-02,Vicente Luque,2019-09-03,2019-10-25,ok,53,22217,17848
15631,775,2019-11-02,Stephen Thompson (fighter),2019-09-03,2019-10-25,ok,53,48391,39192
15638,8014,2019-11-02,Jennifer Maia,2019-09-03,2019-10-25,ok,53,8039,8472
15638,3562,2019-11-02,Katlyn Cerminara,2019-09-03,2019-10-25,no data in window,0,,
15566,1305,2019-11-09,Calvin Kattar,2019-09-10,2019-11-01,ok,53,16763,18669
15566,8375,2019-11-09,Zabit Magomedsharipov,2019-09-10,2019-11-01,ok,53,51763,30115
15567,2,2019-11-09,Alexander Volkov (fighter),2019-09-10,2019-11-01,ok,53,16622,43974
15567,116,2019-11-09,Greg Hardy,2019-09-10,2019-11-01,ok,53,25992,186996
15570,544,2019-11-09,Ramazan Emeev,2019-09-10,2019-11-01,ok,53,1745,2136
15570,8363,2019-11-09,Anthony Rocco Martin,2019-09-10,2019-11-01,ok,53,4287,5689
15577,8069,2019-11-09,Jessica-Rose Clark,2019-09-10,2019-11-01,ok,53,3289,4215
15577,2039,2019-11-09,Pannie Kianzad,2019-09-10,2019-11-01,ok,53,3229,1987
15624,3781,2019-11-16,King Green,2019-09-17,2019-11-08,no data in window,0,,
15624,8133,2019-11-16,Francisco Trinaldo,2019-09-17,2019-11-08,ok,53,3124,2790
15626,4405,2019-11-16,Douglas Silva de Andrade,2019-09-17,2019-11-08,ok,53,2600,2290
15626,8387,2019-11-16,Renan Barão,2019-09-17,2019-11-08,ok,53,11645,7903
15610,1522,2019-12-07,Rob Font,2019-10-08,2019-11-29,ok,53,2740,4680
15610,1540,2019-12-07,Ricky Simón,2019-10-08,2019-11-29,no data in window,0,,
15593,3846,2019-12-14,Max Holloway,2019-10-15,2019-12-06,ok,53,77151,68143
15593,1248,2019-12-14,Alexander Volkanovski,2019-10-15,2019-12-06,ok,53,52380,46185
15594,8057,2019-12-14,Amanda Nunes,2019-10-15,2019-12-06,ok,53,78216,79995
15594,7990,2019-12-14,Germaine de Randamie,2019-10-15,2019-12-06,ok,53,37267,28341
15599,8272,2019-12-14,Omari Akhmedov,2019-10-15,2019-12-06,ok,53,4398,3231
15599,8269,2019-12-14,Ian Heinisch,2019-10-15,2019-12-06,ok,53,4020,3055
15602,1753,2019-12-14,Brandon Moreno,2019-10-15,2019-12-06,ok,53,3550,3104
15602,1756,2019-12-14,Kai Kara-France,2019-10-15,2019-12-06,ok,53,5653,4800
15544,6623,2020-01-18,Raquel Pennington,2019-11-19,2020-01-10,ok,53,17684,22130
15544,7991,2020-01-18,Holly Holm,2019-11-19,2020-01-10,ok,53,60760,45648
15548,4367,2020-01-18,Maycee Barber,2019-11-19,2020-01-10,ok,53,15145,16807
15548,8228,2020-01-18,Roxanne Modafferi,2019-11-19,2020-01-10,ok,53,9722,11810
15549,1319,2020-01-18,Andre Fili,2019-11-19,2020-01-10,ok,53,10881,12665
15549,5796,2020-01-18,Sodiq Yusuff,2019-11-19,2020-01-10,ok,53,8401,12787
15555,4368,2020-01-25,Michael Chiesa,2019-11-26,2020-01-17,ok,53,14228,19621
15555,3481,2020-01-25,Rafael dos Anjos,2019-11-26,2020-01-17,ok,53,52581,35533
15560,8310,2020-01-25,Nik Lentz,2019-11-26,2020-01-17,ok,53,2619,4161
15560,1255,2020-01-25,Arnold Allen,2019-11-26,2020-01-17,ok,53,167,170
15561,8289,2020-01-25,Justine Kish,2019-11-26,2020-01-17,ok,53,1861,1812
15561,4003,2020-01-25,Lucie Pudilová,2019-11-26,2020-01-17,ok,53,1941,1569
15563,8221,2020-01-25,Sara McMann,2019-11-26,2020-01-17,ok,53,6735,4572
15563,8087,2020-01-25,Lina Länsberg,2019-11-26,2020-01-17,ok,53,3591,2599
15531,6478,2020-02-08,Jon Jones,2019-12-10,2020-01-31,ok,53,257489,275093
15531,261,2020-02-08,Dominick Reyes,2019-12-10,2020-01-31,ok,53,134769,115192
15535,8063,2020-02-08,Ilir Latifi,2019-12-10,2020-01-31,ok,53,22330,21460
15535,21,2020-02-08,Derrick Lewis,2019-12-10,2020-01-31,ok,53,253,242
15508,8338,2020-02-15,Mara Romero Borella,2019-12-17,2020-02-07,ok,53,1102,2150
15508,2790,2020-02-15,Montana De La Rosa,2019-12-17,2020-02-07,ok,53,2813,3581
15511,4111,2020-02-15,Lando Vannata,2019-12-17,2020-02-07,ok,53,9614,8572
15511,8275,2020-02-15,Yancy Medeiros,2019-12-17,2020-02-07,ok,53,5324,5333
15514,8112,2020-02-15,Scott Holtzman,2019-12-17,2020-02-07,ok,53,2066,2248
15514,1051,2020-02-15,Jim Miller (fighter),2019-12-17,2020-02-07,ok,53,8510,9518
15496,2316,2020-02-23,Karolina Kowalkiewicz,2019-12-25,2020-02-15,ok,53,15804,11076
15496,2258,2020-02-23,Yan Xiaonan,2019-12-25,2020-02-15,ok,53,3318,4628
15501,787,2020-02-23,Jake Matthews (fighter),2019-12-25,2020-02-15,ok,53,5703,3893
15501,8372,2020-02-23,Emil Weber Meek,2019-12-25,2020-02-15,ok,53,6260,4956
15503,1756,2020-02-23,Kai Kara-France,2019-12-25,2020-02-15,ok,53,5016,4640
15503,8039,2020-02-23,Tyson Nam,2019-12-25,2020-02-15,ok,53,2634,2222
15504,2307,2020-02-23,Loma Lookboonmee,2019-12-25,2020-02-15,ok,53,1904,2606
15504,2264,2020-02-23,Angela Hill,2019-12-25,2020-02-15,ok,53,545,704
15478,14,2020-02-29,Serghei Spivac,2019-12-31,2020-02-21,no data in window,0,,
15478,29,2020-02-29,Marcin Tybura,2019-12-31,2020-02-21,ok,53,2832,3890
15479,1261,2020-02-29,Steve Garcia,2019-12-31,2020-02-21,ok,53,255,155
15479,8290,2020-02-29,Luis Peña (fighter),2019-12-31,2020-02-21,ok,53,4394,3352
15483,512,2020-03-07,Israel Adesanya,2020-01-07,2020-02-28,ok,53,213229,200765
15483,8369,2020-03-07,Yoel Romero,2020-01-07,2020-02-28,ok,53,142358,191488
15522,3479,2020-03-14,Johnny Walker (fighter),2020-01-14,2020-03-06,ok,53,37789,27978
15522,275,2020-03-14,Nikita Krylov,2020-01-14,2020-03-06,ok,53,9416,9674
15523,8133,2020-03-14,Francisco Trinaldo,2020-01-14,2020-03-06,ok,53,5591,6319
15523,8026,2020-03-14,John Makdessi,2020-01-14,2020-03-06,ok,53,3625,2531
15524,1753,2020-03-14,Brandon Moreno,2020-01-14,2020-03-06,ok,53,3634,5356
15524,8365,2020-03-14,Jussier Formiga,2020-01-14,2020-03-06,ok,53,5064,25018
15526,832,2020-03-14,Alexey Kunchenko,2020-01-14,2020-03-06,ok,53,2329,2221
15526,813,2020-03-14,Elizeu Zaleski dos Santos,2020-01-14,2020-03-06,ok,53,3608,4137
15465,8314,2020-05-09,Anthony Pettis,2020-03-10,2020-05-01,ok,53,56264,54741
15465,8202,2020-05-09,Donald Cerrone,2020-03-10,2020-05-01,ok,53,132562,96657
15469,8164,2020-05-09,Charles Rosa,2020-03-10,2020-05-01,ok,53,1681,6568
15469,1513,2020-05-09,Bryce Mitchell,2020-03-10,2020-05-01,ok,53,4512,8859
15388,75,2020-05-13,Philipe Lins,2020-03-14,2020-05-05,ok,53,2042,2866
15388,7983,2020-05-13,Andrei Arlovski,2020-03-14,2020-05-05,ok,53,31277,25091
15390,8234,2020-05-13,Sijara Eubanks,2020-03-14,2020-05-05,ok,53,6153,2189
15390,8312,2020-05-13,Sarah Moras,2020-03-14,2020-05-05,ok,53,4206,1636
15441,525,2020-05-16,Krzysztof Jotko,2020-03-17,2020-05-08,ok,53,2808,3043
15441,542,2020-05-16,Eryk Anders,2020-03-17,2020-05-08,ok,53,6299,3940
15442,1511,2020-05-16,Marlon Vera,2020-03-17,2020-05-08,ok,53,2507,1089
15442,1501,2020-05-16,Song Yadong,2020-03-17,2020-05-08,ok,53,4887,4889
15373,8293,2020-05-30,Tyron Woodley,2020-03-31,2020-05-22,ok,53,69473,65968
15373,790,2020-05-30,Gilbert Burns,2020-03-31,2020-05-22,ok,50,87,289
15378,8168,2020-05-30,Antonina Shevchenko,2020-03-31,2020-05-22,ok,53,7619,7450
15378,3562,2020-05-30,Katlyn Cerminara,2020-03-31,2020-05-22,no data in window,0,,
15426,8057,2020-06-06,Amanda Nunes,2020-04-07,2020-05-29,ok,53,94557,110094
15426,8240,2020-06-06,Felicia Spencer,2020-04-07,2020-05-29,ok,53,14707,55640
15429,774,2020-06-06,Neil Magny,2020-04-07,2020-05-29,ok,53,6162,10322
15429,8363,2020-06-06,Anthony Rocco Martin,2020-04-07,2020-05-29,ok,53,1239,4905
15431,7977,2020-06-06,Alex Caceres,2020-04-07,2020-05-29,ok,53,4737,10299
15431,3091,2020-06-06,Chase Hooper,2020-04-07,2020-05-29,ok,5,0,472
15433,6485,2020-06-06,Cody Stamann,2020-04-07,2020-05-29,ok,53,2324,11506
15433,7952,2020-06-06,Brian Kelleher,2020-04-07,2020-05-29,ok,53,3823,26449
15406,8078,2020-06-13,Cynthia Calvillo,2020-04-14,2020-06-05,ok,53,3422,9189
15406,8204,2020-06-13,Jessica Eye,2020-04-14,2020-06-05,ok,53,6227,19400
15394,2,2020-06-20,Alexander Volkov (fighter),2020-04-21,2020-06-12,ok,53,42157,20532
15394,11,2020-06-20,Curtis Blaydes,2020-04-21,2020-06-12,ok,53,49686,24590
15395,1272,2020-06-20,Josh Emmett,2020-04-21,2020-06-12,ok,53,9937,7677
15395,8166,2020-06-20,Shane Burgos,2020-04-21,2020-06-12,ok,53,8955,7830
15396,8270,2020-06-20,Marion Reneau,2020-04-21,2020-06-12,ok,53,1592,3670
15396,6623,2020-06-20,Raquel Pennington,2020-04-21,2020-06-12,ok,53,11283,19216
15397,759,2020-06-20,Belal Muhammad,2020-04-21,2020-06-12,ok,53,134,76
15397,8358,2020-06-20,Lyman Good,2020-04-21,2020-06-12,ok,53,7173,4221
15399,6557,2020-06-20,Clay Guida,2020-04-21,2020-06-12,ok,53,25813,15743
15399,3781,2020-06-20,King Green,2020-04-21,2020-06-12,no data in window,0,,
15400,8359,2020-06-20,Brianna Fortino,2020-04-21,2020-06-12,no data in window,0,,
15400,2263,2020-06-20,Tecia Pennington,2020-04-21,2020-06-12,no data in window,0,,
15404,5578,2020-06-20,Lauren Murphy,2020-04-21,2020-06-12,ok,53,3503,4076
15404,8228,2020-06-20,Roxanne Modafferi,2020-04-21,2020-06-12,ok,53,9873,17316
15416,1013,2020-06-27,Dan Hooker,2020-04-28,2020-06-19,ok,53,50784,74543
15416,5493,2020-06-27,Dustin Poirier,2020-04-28,2020-06-19,ok,53,179419,81343
15417,3589,2020-06-27,Mickey Gall,2020-04-28,2020-06-19,ok,53,19322,32582
15417,6656,2020-06-27,Mike Perry (fighter),2020-04-28,2020-06-19,ok,53,45838,46849
15360,8077,2020-07-11,Jorge Masvidal,2020-05-12,2020-07-03,ok,53,206474,126127
15360,3090,2020-07-11,Kamaru Usman,2020-05-12,2020-07-03,ok,53,211983,114733
15369,29,2020-07-11,Marcin Tybura,2020-05-12,2020-07-03,ok,53,6799,5942
15369,316,2020-07-11,Maxim Grishin,2020-05-12,2020-07-03,no data in window,0,,
15322,3652,2020-07-15,Dan Ige,2020-05-16,2020-07-07,ok,53,60440,20880
15322,1305,2020-07-15,Calvin Kattar,2020-05-16,2020-07-07,ok,53,23260,36040
15323,8262,2020-07-15,Ryan Benoit,2020-05-16,2020-07-07,ok,53,5514,2410
15323,1761,2020-07-15,Tim Elliott,2020-05-16,2020-07-07,ok,53,27396,7291
15324,6485,2020-07-15,Cody Stamann,2020-05-16,2020-07-07,ok,53,93572,5681
15324,8306,2020-07-15,Jimmie Rivera,2020-05-16,2020-07-07,ok,53,18866,10292
15330,1072,2020-07-15,Jared Gordon,2020-05-16,2020-07-07,ok,53,1966,3080
15330,8347,2020-07-15,Chris Fishgold,2020-05-16,2020-07-07,ok,53,1209,3436
15350,4460,2020-07-18,Marc Diakiese,2020-05-19,2020-07-10,ok,53,9266,8908
15350,1009,2020-07-18,Rafael Fiziev,2020-05-19,2020-07-10,no data in window,0,,
15352,8220,2020-07-18,Askar Askarov,2020-05-19,2020-07-10,ok,5,81,0
15352,1748,2020-07-18,Alexandre Pantoja,2020-05-19,2020-07-10,ok,53,4844,3285
15354,1019,2020-07-18,Grant Dawson,2020-05-19,2020-07-10,ok,53,1203,1959
15354,8352,2020-07-18,Nad Narimani,2020-05-19,2020-07-10,ok,53,1103,1590
15356,1520,2020-07-18,Montel Jackson,2020-05-19,2020-07-10,ok,53,2127,2435
15356,1438,2020-07-18,Brett Johns,2020-05-19,2020-07-10,ok,53,3793,3623
15358,1127,2020-07-18,Davi Ramos,2020-05-19,2020-07-10,ok,53,3814,3604
15358,1002,2020-07-18,Arman Tsarukyan,2020-05-19,2020-07-10,no data in window,0,,
15333,257,2020-07-25,Robert Whittaker (fighter),2020-05-26,2020-07-17,ok,53,56009,46773
15333,8120,2020-07-25,Darren Till,2020-05-26,2020-07-17,ok,53,105026,104070
15338,8350,2020-07-25,Peter Sobotta,2020-05-26,2020-07-17,ok,53,2709,5360
15338,8216,2020-07-25,Alex Oliveira,2020-05-26,2020-07-17,ok,53,708,84
15345,2039,2020-07-25,Pannie Kianzad,2020-05-26,2020-07-17,ok,53,4730,3589
15345,8259,2020-07-25,Bethe Correia,2020-05-26,2020-07-17,ok,53,12694,6530
15317,4111,2020-08-01,Lando Vannata,2020-06-02,2020-07-24,ok,53,5935,6543
15317,3781,2020-08-01,King Green,2020-06-02,2020-07-24,no data in window,0,,
15283,8272,2020-08-08,Omari Akhmedov,2020-06-09,2020-07-31,ok,53,17007,19467
15283,6556,2020-08-08,Chris Weidman,2020-06-09,2020-07-31,ok,53,49957,55298
15285,5409,2020-08-08,Julija Stoliarenko,2020-06-09,2020-07-31,ok,53,1569,1327
15285,3471,2020-08-08,Yana Santos,2020-06-09,2020-07-31,no data in window,0,,
15287,6626,2020-08-08,Tim Means,2020-06-09,2020-07-31,ok,53,4580,4471
15287,864,2020-08-08,Laureano Staropoli,2020-06-09,2020-07-31,ok,53,2489,3358
15449,8367,2020-08-15,Daniel Cormier,2020-06-16,2020-08-07,ok,53,133677,123383
15449,6479,2020-08-15,Stipe Miocic,2020-06-16,2020-08-07,ok,53,148204,129108
15453,6026,2020-08-15,John Dodson (fighter),2020-06-16,2020-08-07,ok,53,20546,16159
15453,1499,2020-08-15,Merab Dvalishvili,2020-06-16,2020-08-07,ok,53,7343,10694
15454,6177,2020-08-15,Vinc Pichel,2020-06-16,2020-08-07,ok,53,2701,2037
15454,1051,2020-08-15,Jim Miller (fighter),2020-06-16,2020-08-07,ok,53,56307,8848
15457,8248,2020-08-15,Lívia Renata Souza,2020-06-16,2020-08-07,ok,53,1533,597
15457,2319,2020-08-15,Ashley Yoder,2020-06-16,2020-08-07,ok,53,3346,2716
15272,44,2020-08-29,Anthony Smith (fighter),2020-06-30,2020-08-21,ok,53,2564,4270
15272,24,2020-08-29,Aleksandar Rakić,2020-06-30,2020-08-21,ok,53,423,264
15273,8061,2020-08-29,Robbie Lawler,2020-06-30,2020-08-21,ok,53,52647,32015
15273,774,2020-08-29,Neil Magny,2020-06-30,2020-08-21,ok,53,14439,11271
15274,8068,2020-08-29,Ji Yeon Kim (fighter),2020-06-30,2020-08-21,ok,53,142,145
15274,3650,2020-08-29,Alexa Grasso,2020-06-30,2020-08-21,ok,53,5663,4872
15277,8074,2020-08-29,Zak Cummings,2020-06-30,2020-08-21,ok,53,2645,3338
15277,8151,2020-08-29,Alessio Di Chirico,2020-06-30,2020-08-21,ok,53,1830,2307
15232,2790,2020-09-05,Montana De La Rosa,2020-07-07,2020-08-28,ok,53,3887,2534
15232,3053,2020-09-05,Viviane Araújo (fighter),2020-07-07,2020-08-28,ok,53,1742,1174
15262,8228,2020-09-12,Roxanne Modafferi,2020-07-14,2020-09-04,ok,53,11817,7583
15262,6190,2020-09-12,Andrea Lee (fighter),2020-07-14,2020-09-04,ok,53,6474,4639
15264,8212,2020-09-12,Alan Patrick (fighter),2020-07-14,2020-09-04,ok,53,1060,1374
15264,3781,2020-09-12,King Green,2020-07-14,2020-09-04,no data in window,0,,
15266,8234,2020-09-12,Sijara Eubanks,2020-07-14,2020-09-04,ok,53,4551,6158
15266,6188,2020-09-12,Julia Avila,2020-07-14,2020-09-04,ok,53,3470,3484
15252,1816,2020-09-19,David Dvořák,2020-07-21,2020-09-11,no data in window,0,,
15252,8304,2020-09-19,Jordan Espinosa,2020-07-21,2020-09-11,ok,53,1843,1325
15306,8234,2020-09-26,Sijara Eubanks,2020-07-28,2020-09-18,ok,53,3670,17107
15306,2634,2020-09-26,Ketlen Vieira,2020-07-28,2020-09-18,ok,53,3160,3363
15309,8344,2020-09-26,Diego Sanchez,2020-07-28,2020-09-18,ok,53,28515,35823
15309,787,2020-09-26,Jake Matthews (fighter),2020-07-28,2020-09-18,ok,53,7231,8876
15216,6653,2020-10-03,Irene Aldana,2020-08-04,2020-09-25,ok,53,6927,9218
15216,7991,2020-10-03,Holly Holm,2020-08-04,2020-09-25,ok,53,50602,30948
15221,8271,2020-10-03,Carlos Condit,2020-08-04,2020-09-25,ok,53,29825,17405
15221,810,2020-10-03,Court McGee,2020-08-04,2020-09-25,ok,53,7776,5166
15224,8060,2020-10-03,Jinh Yu Frey,2020-08-04,2020-09-25,ok,53,2320,2086
15224,2307,2020-10-03,Loma Lookboonmee,2020-08-04,2020-09-25,ok,53,1896,2962
15193,1153,2020-10-10,Edson Barboza,2020-08-11,2020-10-02,ok,53,19662,17517
15193,1241,2020-10-10,Makwan Amirkhani,2020-08-11,2020-10-02,ok,53,5966,7762
15194,29,2020-10-10,Marcin Tybura,2020-08-11,2020-10-02,ok,53,7741,3804
15194,8239,2020-10-10,Ben Rothwell,2020-08-11,2020-10-02,ok,53,20090,7405
15205,8017,2020-10-17,The Korean Zombie,2020-08-18,2020-10-09,ok,31,30,36
15205,3644,2020-10-17,Brian Ortega,2020-08-18,2020-10-09,ok,53,44130,31199
15208,8327,2020-10-17,James Krause (fighter),2020-08-18,2020-10-09,ok,53,3819,5198
15208,8165,2020-10-17,Cláudio Silva,2020-08-18,2020-10-09,ok,53,4083,4645
15209,8294,2020-10-17,Thomas Almeida,2020-08-18,2020-10-09,ok,53,5111,4602
15209,6480,2020-10-17,Jonathan Martinez,2020-08-18,2020-10-09,ok,35,22,6
15211,8180,2020-10-17,Poliana Botelho,2020-08-18,2020-10-09,ok,53,1547,1775
15211,2255,2020-10-17,Gillian Robertson,2020-08-18,2020-10-09,ok,53,3287,3309
15212,8328,2020-10-17,John Phillips (fighter),2020-08-18,2020-10-09,ok,53,3123,16146
15212,535,2020-10-17,Jun Yong Park,2020-08-18,2020-10-09,no data in window,0,,
15235,257,2020-10-24,Robert Whittaker (fighter),2020-08-25,2020-10-16,ok,53,50887,121693
15235,514,2020-10-24,Jared Cannonier,2020-08-25,2020-10-16,ok,53,40042,187437
15241,8265,2020-10-24,Casey Kenney,2020-08-25,2020-10-16,ok,53,1808,12413
15241,1270,2020-10-24,Nathaniel Wood (fighter),2020-08-25,2020-10-16,ok,53,2377,3454
15160,1319,2020-10-31,Andre Fili,2020-09-01,2020-10-23,ok,53,5568,6762
15160,1513,2020-10-31,Bryce Mitchell,2020-09-01,2020-10-23,ok,53,10865,12806
15163,1110,2020-10-31,Thiago Moisés,2020-09-01,2020-10-23,ok,53,7535,3071
15163,3781,2020-10-31,King Green,2020-09-01,2020-10-23,no data in window,0,,
15166,500,2020-10-31,Sean Strickland,2020-09-01,2020-10-23,ok,53,1734,2801
15166,8322,2020-10-31,Jack Marshman,2020-09-01,2020-10-23,ok,53,2052,2751
15171,87,2020-11-07,Tanner Boser,2020-09-08,2020-10-30,ok,53,9064,7140
15171,7983,2020-11-07,Andrei Arlovski,2020-09-08,2020-10-30,ok,53,21648,19567
15172,1451,2020-11-07,Khalid Taha,2020-09-08,2020-10-30,ok,53,2177,2538
15172,1517,2020-11-07,Raoni Barcelos,2020-09-08,2020-10-30,ok,53,741,5007
15174,8325,2020-11-07,Cláudia Gadelha,2020-09-08,2020-10-30,ok,53,17495,9720
15174,2258,2020-11-07,Yan Xiaonan,2020-09-08,2020-10-30,ok,53,5491,3238
15142,2319,2020-11-14,Ashley Yoder,2020-09-15,2020-11-06,ok,53,2526,1520
15142,8150,2020-11-14,Miranda Granger,2020-09-15,2020-11-06,no data in window,0,,
15145,2315,2020-11-14,Kanako Murata,2020-09-15,2020-11-06,ok,53,1112,1760
15145,8247,2020-11-14,Randa Markos,2020-09-15,2020-11-06,ok,53,35762,3443
15181,8014,2020-11-21,Jennifer Maia,2020-09-22,2020-11-13,ok,53,14224,24366
15181,4922,2020-11-21,Valentina Shevchenko,2020-09-22,2020-11-13,ok,52,167,96
15182,6626,2020-11-21,Tim Means,2020-09-22,2020-11-13,ok,53,2192,12925
15182,6656,2020-11-21,Mike Perry (fighter),2020-09-22,2020-11-13,ok,53,61977,40384
15183,3562,2020-11-21,Katlyn Cerminara,2020-09-22,2020-11-13,no data in window,0,,
15183,8078,2020-11-21,Cynthia Calvillo,2020-09-22,2020-11-13,ok,53,10858,6825
15188,771,2020-11-21,Daniel Rodriguez (fighter),2020-09-22,2020-11-13,ok,53,1230,4026
15188,793,2020-11-21,Nicolas Dalby,2020-09-22,2020-11-13,ok,53,3962,3909
15122,528,2020-12-05,Marvin Vettori,2020-10-06,2020-11-27,ok,53,21204,11497
15122,857,2020-12-05,Jack Hermansson,2020-10-06,2020-11-27,ok,53,46817,23225
15129,8245,2020-12-05,Gian Villante,2020-10-06,2020-11-27,ok,53,5670,4841
15129,8023,2020-12-05,Jake Collier,2020-10-06,2020-11-27,ok,53,1691,1703
15131,4374,2020-12-12,Charles Oliveira,2020-10-13,2020-12-04,ok,53,50427,85704
15131,7975,2020-12-12,Tony Ferguson,2020-10-13,2020-12-04,ok,53,215191,68019
15132,2251,2020-12-12,Mackenzie Dern,2020-10-13,2020-12-04,ok,53,14682,14270
15132,2252,2020-12-12,Virna Jandiroba,2020-10-13,2020-12-04,ok,53,3472,4512
15137,2858,2020-12-12,Billy Quarantillo,2020-10-13,2020-12-04,ok,53,2320,3655
15137,8029,2020-12-12,Gavin Tucker,2020-10-13,2020-12-04,ok,53,2131,4049
15110,772,2020-12-19,Geoff Neal,2020-10-20,2020-12-11,ok,53,21778,28076
15110,775,2020-12-19,Stephen Thompson (fighter),2020-10-20,2020-12-11,ok,53,55714,38392
15111,1511,2020-12-19,Marlon Vera,2020-10-20,2020-12-11,ok,53,6044,6888
15111,5855,2020-12-19,José Aldo,2020-10-20,2020-12-11,ok,53,67484,41038
15115,8314,2020-12-19,Anthony Pettis,2020-10-20,2020-12-11,ok,53,44002,30556
15115,822,2020-12-19,Alex Morono,2020-10-20,2020-12-11,ok,53,11877,8757
15116,8234,2020-12-19,Sijara Eubanks,2020-10-20,2020-12-11,ok,53,4061,4297
15116,2039,2020-12-19,Pannie Kianzad,2020-10-20,2020-12-11,ok,53,2079,3096
15118,2255,2020-12-19,Gillian Robertson,2020-10-20,2020-12-11,ok,53,4630,5734
15118,2637,2020-12-19,Taila Santos,2020-10-20,2020-12-11,ok,26,15,45
15100,1305,2021-01-16,Calvin Kattar,2020-11-17,2021-01-08,ok,53,38693,45440
15100,3846,2021-01-16,Max Holloway,2020-11-17,2021-01-08,ok,53,78467,84253
15101,8066,2021-01-16,Matt Brown (fighter),2020-11-17,2021-01-08,ok,53,14713,14731
15101,8271,2021-01-16,Carlos Condit,2020-11-17,2021-01-08,ok,53,13816,15428
15108,8311,2021-01-16,Vanessa Melo,2020-11-17,2021-01-08,ok,53,513,803
15108,8312,2021-01-16,Sarah Moras,2020-11-17,2021-01-08,ok,53,1217,1340
15017,774,2021-01-20,Neil Magny,2020-11-21,2021-01-12,ok,53,16842,20193
15017,4368,2021-01-20,Michael Chiesa,2020-11-21,2021-01-12,ok,53,17692,26287
15020,3053,2021-01-20,Viviane Araújo (fighter),2020-11-21,2021-01-12,ok,53,2463,2442
15020,8228,2021-01-20,Roxanne Modafferi,2020-11-21,2021-01-12,ok,53,13104,9985
15025,4934,2021-01-20,Zarrukh Adashev,2020-11-21,2021-01-12,ok,53,1038,1776
15025,1766,2021-01-20,Su Mudaerji,2020-11-21,2021-01-12,ok,44,2847,1903
15026,8122,2021-01-20,Dalcha Lungiambula,2020-11-21,2021-01-12,no data in window,0,,
15026,8300,2021-01-20,Markus Perez,2020-11-21,2021-01-12,ok,53,2279,2494
15081,8002,2021-01-23,Joanne Wood,2020-11-24,2021-01-15,no data in window,0,,
15081,8204,2021-01-23,Jessica Eye,2020-11-24,2021-01-15,ok,53,8789,9255
15084,1142,2021-01-23,Matt Frevola,2020-11-24,2021-01-15,ok,53,3097,4835
15084,1002,2021-01-23,Arman Tsarukyan,2020-11-24,2021-01-15,ok,53,7199,6392
15085,269,2021-01-23,Antônio Carlos Jr.,2020-11-24,2021-01-15,ok,12,2,0
15085,564,2021-01-23,Brad Tavares,2020-11-24,2021-01-15,ok,53,7819,6848
15087,259,2021-01-23,Khalil Rountree Jr.,2020-11-24,2021-01-15,ok,53,9133,13484
15087,335,2021-01-23,Marcin Prachnio,2020-11-24,2021-01-15,ok,53,3621,6992
15089,1772,2021-01-23,Amir Albazi,2020-11-24,2021-01-15,no data in window,0,,
15089,1626,2021-01-23,Zhalgas Zhumagulov,2020-11-24,2021-01-15,no data in window,0,,
15069,1099,2021-02-06,Michael Johnson (fighter),2020-12-08,2021-01-29,ok,53,28592,69878
15069,6557,2021-02-06,Clay Guida,2020-12-08,2021-01-29,ok,53,14172,17226
15070,1748,2021-02-06,Alexandre Pantoja,2020-12-08,2021-01-29,ok,53,9827,5116
15070,1749,2021-02-06,Manel Kape,2020-12-08,2021-01-29,no data in window,0,,
15076,1259,2021-02-06,Youssef Zalal,2020-12-08,2021-01-29,ok,53,1231,1770
15076,6179,2021-02-06,Seung Woo Choi,2020-12-08,2021-01-29,ok,18,0,18
15077,1490,2021-02-06,Timur Valiev,2020-12-08,2021-01-29,ok,53,796,2178
15077,8309,2021-02-06,Martin Day (fighter),2020-12-08,2021-01-29,ok,53,382,363
15091,3650,2021-02-13,Alexa Grasso,2020-12-15,2021-02-05,ok,53,5596,9369
15091,4367,2021-02-13,Maycee Barber,2020-12-15,2021-02-05,ok,53,12838,14798
15092,8269,2021-02-13,Ian Heinisch,2020-12-15,2021-02-05,ok,53,6203,10092
15092,527,2021-02-13,Kelvin Gastelum,2020-12-15,2021-02-05,ok,53,28052,30589
15093,7952,2021-02-13,Brian Kelleher,2020-12-15,2021-02-05,ok,53,4442,3164
15093,1540,2021-02-13,Ricky Simón,2020-12-15,2021-02-05,no data in window,0,,
15096,8277,2021-02-13,Dhiego Lima,2020-12-15,2021-02-05,ok,53,5302,6694
15096,759,2021-02-13,Belal Muhammad,2020-12-15,2021-02-05,ok,53,187,227
15098,8235,2021-02-13,Andre Ewell,2020-12-15,2021-02-05,ok,53,3613,5183
15098,1530,2021-02-13,Chris Gutierrez,2020-12-15,2021-02-05,ok,53,469,317
15032,2634,2021-02-20,Ketlen Vieira,2020-12-22,2021-02-12,ok,53,2083,2954
15032,3471,2021-02-20,Yana Santos,2020-12-22,2021-02-12,no data in window,0,,
15058,6235,2021-02-27,Jairzinho Rozenstruik,2020-12-29,2021-02-19,ok,53,22098,47128
15058,1,2021-02-27,Ciryl Gane,2020-12-29,2021-02-19,ok,53,17436,32732
15059,275,2021-02-27,Nikita Krylov,2020-12-29,2021-02-19,ok,53,9360,9422
15059,251,2021-02-27,Magomed Ankalaev,2020-12-29,2021-02-19,ok,53,16933,12880
15061,8306,2021-02-27,Jimmie Rivera,2020-12-29,2021-02-19,ok,53,8119,13737
15061,6501,2021-02-27,Pedro Munhoz,2020-12-29,2021-02-19,ok,53,11092,22483
15063,1039,2021-02-27,Alexander Hernandez,2020-12-29,2021-02-19,ok,53,12512,19131
15063,1110,2021-02-27,Thiago Moisés,2020-12-29,2021-02-19,ok,53,4024,6884
15064,8230,2021-02-27,Alexis Davis (fighter),2020-12-29,2021-02-19,ok,53,6200,4982
15064,8219,2021-02-27,Sabina Mazo,2020-12-29,2021-02-19,ok,53,1714,1731
15066,286,2021-02-27,Dustin Jacoby,2020-12-29,2021-02-19,ok,53,1270,1528
15066,316,2021-02-27,Maxim Grishin,2020-12-29,2021-02-19,ok,1,1,0
15043,260,2021-03-06,Jan Błachowicz,2021-01-05,2021-02-26,ok,53,92672,177038
15043,512,2021-03-06,Israel Adesanya,2021-01-05,2021-02-26,ok,53,256000,301093
15047,60,2021-03-06,Thiago Santos,2021-01-05,2021-02-26,ok,52,88,326
15047,24,2021-03-06,Aleksandar Rakić,2021-01-05,2021-02-26,ok,53,410,832
15050,8220,2021-03-06,Askar Askarov,2021-01-05,2021-02-26,ok,53,8331,16071
15050,8303,2021-03-06,Joseph Benavidez,2021-01-05,2021-02-26,ok,53,17942,20089
15052,8304,2021-03-06,Jordan Espinosa,2021-01-05,2021-02-26,ok,53,1525,1472
15052,1761,2021-03-06,Tim Elliott,2021-01-05,2021-02-26,ok,53,4916,4739
15000,2264,2021-03-13,Angela Hill,2021-01-12,2021-03-05,ok,53,647,1675
15000,2319,2021-03-13,Ashley Yoder,2021-01-12,2021-03-05,ok,53,1427,12380
15007,8091,2021-03-20,Derek Brunson,2021-01-19,2021-03-12,ok,53,21785,27662
15007,770,2021-03-20,Kevin Holland,2021-01-19,2021-03-12,ok,53,25511,78533
15012,8270,2021-03-20,Marion Reneau,2021-01-19,2021-03-12,ok,53,8104,3262
15012,4403,2021-03-20,Macy Chiasson,2021-01-19,2021-03-12,ok,53,8163,3174
15014,6500,2021-03-20,Trevin Giles,2021-01-19,2021-03-12,ok,53,3232,3491
15014,264,2021-03-20,Roman Dolidze,2021-01-19,2021-03-12,no data in window,0,,
14974,2255,2021-03-27,Gillian Robertson,2021-01-26,2021-03-19,ok,53,16983,5133
14974,5640,2021-03-27,Miranda Maverick,2021-01-26,2021-03-19,ok,53,13842,3691
14979,8079,2021-03-27,Omar Morales (fighter),2021-01-26,2021-03-19,ok,53,1587,2561
14979,8028,2021-03-27,Shane Young,2021-01-26,2021-03-19,ok,53,4253,5147
14981,528,2021-04-10,Marvin Vettori,2021-02-09,2021-04-02,ok,53,49614,70173
14981,770,2021-04-10,Kevin Holland,2021-02-09,2021-04-02,ok,53,87897,278544
14982,5796,2021-04-10,Sodiq Yusuff,2021-02-09,2021-04-02,ok,53,7196,13707
14982,1255,2021-04-10,Arnold Allen,2021-02-09,2021-04-02,ok,53,129,100
14985,771,2021-04-10,Daniel Rodriguez (fighter),2021-02-09,2021-04-02,ok,53,7692,10472
14985,6656,2021-04-10,Mike Perry (fighter),2021-02-09,2021-04-02,ok,53,37950,34329
14961,257,2021-04-17,Robert Whittaker (fighter),2021-02-16,2021-04-09,ok,53,117801,64380
14961,527,2021-04-17,Kelvin Gastelum,2021-02-16,2021-04-09,ok,53,79330,42765
14962,7983,2021-04-17,Andrei Arlovski,2021-02-16,2021-04-09,ok,53,86729,33879
14962,119,2021-04-17,Chase Sherman,2021-02-16,2021-04-09,ok,53,3059,3835
14940,525,2021-05-01,Krzysztof Jotko,2021-03-02,2021-04-23,ok,53,6117,3984
14940,500,2021-05-01,Sean Strickland,2021-03-02,2021-04-23,ok,53,10428,7484
14941,1499,2021-05-01,Merab Dvalishvili,2021-03-02,2021-04-23,ok,53,15815,4721
14941,6485,2021-05-01,Cody Stamann,2021-03-02,2021-04-23,ok,53,8771,2896
14947,8287,2021-05-01,Luke Sanders,2021-03-02,2021-04-23,ok,53,1442,1345
14947,8201,2021-05-01,Felipe Colares,2021-03-02,2021-04-23,ok,53,398,380
14928,5878,2021-05-08,Marina Rodriguez,2021-03-09,2021-04-30,ok,27,20,8
14928,7982,2021-05-08,Michelle Waterson-Gomez,2021-03-09,2021-04-30,no data in window,0,,
14930,772,2021-05-08,Geoff Neal,2021-03-09,2021-04-30,ok,53,24255,15193
14930,774,2021-05-08,Neil Magny,2021-03-09,2021-04-30,ok,53,15603,13263
14931,49,2021-05-08,Marcos Rogério de Lima,2021-03-09,2021-04-30,ok,53,1509,2733
14931,8189,2021-05-08,Maurice Greene (fighter),2021-03-09,2021-04-30,ok,53,5200,5951
14917,7975,2021-05-15,Tony Ferguson,2021-03-16,2021-05-07,ok,53,110001,94516
14917,1015,2021-05-15,Beneil Dariush,2021-03-16,2021-05-07,ok,53,61934,54355
14919,3562,2021-05-15,Katlyn Cerminara,2021-03-16,2021-05-07,no data in window,0,,
14919,3053,2021-05-15,Viviane Araújo (fighter),2021-03-16,2021-05-07,ok,53,3058,6910
14904,1522,2021-05-22,Rob Font,2021-03-23,2021-05-14,ok,53,28936,19471
14904,1561,2021-05-22,Cody Garbrandt,2021-03-23,2021-05-14,ok,53,57508,43047
14908,1468,2021-05-22,Ricardo Ramos (fighter),2021-03-23,2021-05-14,ok,53,4537,1231
14908,7951,2021-05-22,Bill Algeo,2021-03-23,2021-05-14,no data in window,0,,
14909,529,2021-05-22,Edmen Shahbazyan,2021-03-23,2021-05-14,ok,53,17890,18177
14909,857,2021-05-22,Jack Hermansson,2021-03-23,2021-05-14,ok,53,39823,20103
14911,810,2021-05-22,Court McGee,2021-03-23,2021-05-14,ok,53,7880,6021
14911,8165,2021-05-22,Cláudio Silva,2021-03-23,2021-05-14,ok,53,2650,3041
14867,864,2021-06-05,Laureano Staropoli,2021-04-06,2021-05-28,ok,53,813,4159
14867,264,2021-06-05,Roman Dolidze,2021-04-06,2021-05-28,ok,53,3353,5227
14868,834,2021-06-05,Santiago Ponzinibbio,2021-04-06,2021-05-28,ok,53,12479,14512
14868,7970,2021-06-05,Miguel Baeza,2021-04-06,2021-05-28,ok,53,704,565
14872,8133,2021-06-05,Francisco Trinaldo,2021-04-06,2021-05-28,ok,53,3689,8215
14872,785,2021-06-05,Muslim Salikhov,2021-04-06,2021-05-28,ok,53,4939,6186
14890,512,2021-06-12,Israel Adesanya,2021-04-13,2021-06-04,ok,53,327402,162944
14890,528,2021-06-12,Marvin Vettori,2021-04-13,2021-06-04,ok,53,125062,86791
14892,872,2021-06-12,Nate Diaz,2021-04-13,2021-06-04,ok,53,234322,89324
14892,758,2021-06-12,Leon Edwards,2021-04-13,2021-06-04,ok,53,85727,38395
14893,759,2021-06-12,Belal Muhammad,2021-04-13,2021-06-04,ok,52,149,128
14893,8280,2021-06-12,Demian Maia,2021-04-13,2021-06-04,ok,53,70774,26205
14895,8124,2021-06-12,Brad Riddell,2021-04-13,2021-06-04,ok,53,6032,6235
14895,1046,2021-06-12,Drew Dober,2021-04-13,2021-06-04,ok,53,18732,22463
14896,8261,2021-06-12,Darren Stewart,2021-04-13,2021-06-04,ok,36,22,20
14896,542,2021-06-12,Eryk Anders,2021-04-13,2021-06-04,ok,53,6816,5027
14898,1251,2021-06-12,Movsar Evloev,2021-04-13,2021-06-04,ok,53,6146,9841
14898,1390,2021-06-12,Hakeem Dawodu,2021-04-13,2021-06-04,ok,53,7248,9192
14899,2039,2021-06-12,Pannie Kianzad,2021-04-13,2021-06-04,ok,53,3318,3777
14899,8230,2021-06-12,Alexis Davis (fighter),2021-04-13,2021-06-04,ok,53,9544,5908
14901,3091,2021-06-12,Chase Hooper,2021-04-13,2021-06-04,ok,53,21457,13565
14901,8080,2021-06-12,Steven Peterson,2021-04-13,2021-06-04,ok,53,2922,4180
14878,3652,2021-06-19,Dan Ige,2021-04-20,2021-06-11,ok,53,20979,13285
14878,8017,2021-06-19,The Korean Zombie,2021-04-20,2021-06-11,ok,23,26,10
14879,14,2021-06-19,Serghei Spivac,2021-04-20,2021-06-11,no data in window,0,,
14879,8134,2021-06-19,Aleksei Oleinik,2021-04-20,2021-06-11,ok,53,7945,6045
14880,1511,2021-06-19,Marlon Vera,2021-04-20,2021-06-11,ok,53,9857,5644
14880,1539,2021-06-19,Davey Grant,2021-04-20,2021-06-11,ok,53,7167,7787
14852,1,2021-06-26,Ciryl Gane,2021-04-27,2021-06-18,ok,53,31199,39289
14852,2,2021-06-26,Alexander Volkov (fighter),2021-04-27,2021-06-18,ok,53,31511,28107
14856,6626,2021-06-26,Tim Means,2021-04-27,2021-06-18,ok,53,5158,5892
14856,793,2021-06-26,Nicolas Dalby,2021-04-27,2021-06-18,ok,53,4159,3195
14864,6236,2021-06-26,Damir Hadžović,2021-04-27,2021-06-18,ok,53,9271,2068
14864,8275,2021-06-26,Yancy Medeiros,2021-04-27,2021-06-18,ok,53,12686,2512
14841,790,2021-07-10,Gilbert Burns,2021-05-11,2021-07-02,ok,53,12557,16312
14841,775,2021-07-10,Stephen Thompson (fighter),2021-05-11,2021-07-02,ok,53,84223,81062
14845,803,2021-07-10,Max Griffin,2021-05-11,2021-07-02,ok,32,26,21
14845,8271,2021-07-10,Carlos Condit,2021-05-11,2021-07-02,ok,53,25597,26774
14846,4369,2021-07-10,Niko Price,2021-05-11,2021-07-02,ok,53,14016,12224
14846,569,2021-07-10,Michel Pereira,2021-05-11,2021-07-02,ok,48,84,40
14849,8014,2021-07-10,Jennifer Maia,2021-05-11,2021-07-02,ok,53,6317,7342
14849,8204,2021-07-10,Jessica Eye,2021-05-11,2021-07-02,ok,53,10695,8334
14824,794,2021-07-24,Punahele Soriano,2021-05-25,2021-07-16,no data in window,0,,
14824,506,2021-07-24,Brendan Allen,2021-05-25,2021-07-16,ok,53,5444,3872
14783,8203,2021-07-31,Uriah Hall,2021-06-01,2021-07-23,ok,53,35258,26982
14783,500,2021-07-31,Sean Strickland,2021-06-01,2021-07-23,ok,53,39922,17020
14790,2319,2021-07-31,Ashley Yoder,2021-06-01,2021-07-23,ok,53,1867,2158
14790,8060,2021-07-31,Jinh Yu Frey,2021-06-01,2021-07-23,ok,53,2062,2274
14791,8262,2021-07-31,Ryan Benoit,2021-06-01,2021-07-23,ok,53,2223,1428
14791,4934,2021-07-31,Zarrukh Adashev,2021-06-01,2021-07-23,ok,53,885,1143
14807,6501,2021-08-07,Pedro Munhoz,2021-06-08,2021-07-30,ok,53,7903,20966
14807,5855,2021-08-07,José Aldo,2021-06-08,2021-07-30,ok,53,65513,106624
14809,2263,2021-08-07,Tecia Pennington,2021-06-08,2021-07-30,no data in window,0,,
14809,2264,2021-08-07,Angela Hill,2021-06-08,2021-07-30,ok,53,482,473
14811,1009,2021-08-07,Rafael Fiziev,2021-06-08,2021-07-30,ok,53,11032,11778
14811,3781,2021-08-07,King Green,2021-06-08,2021-07-30,no data in window,0,,
14813,277,2021-08-07,Alonzo Menifield,2021-06-08,2021-07-30,ok,53,8769,3067
14813,8075,2021-08-07,Ed Herman,2021-06-08,2021-07-30,ok,46,44,33
14747,514,2021-08-21,Jared Cannonier,2021-06-22,2021-08-13,ok,53,12981,24602
14747,527,2021-08-21,Kelvin Gastelum,2021-06-22,2021-08-13,ok,53,27836,34435
14749,119,2021-08-21,Chase Sherman,2021-06-22,2021-08-13,ok,53,4857,4465
14749,8018,2021-08-21,Parker Porter,2021-06-22,2021-08-13,ok,53,1330,2591
14751,5346,2021-08-21,Austin Hubbard,2021-06-22,2021-08-13,ok,53,1712,3465
14751,6177,2021-08-21,Vinc Pichel,2021-06-22,2021-08-13,ok,53,1218,2591
14754,8257,2021-08-21,Domingo Pilarte (fighter),2021-06-22,2021-08-13,no data in window,0,,
14754,7952,2021-08-21,Brian Kelleher,2021-06-22,2021-08-13,ok,53,3119,3161
14774,771,2021-08-28,Daniel Rodriguez (fighter),2021-06-29,2021-08-20,ok,53,24445,12874
14774,1130,2021-08-28,Kevin Lee,2021-06-29,2021-08-20,ok,53,329,341
14726,822,2021-09-04,Alex Morono,2021-07-06,2021-08-27,ok,53,8891,4516
14726,4004,2021-09-04,David Zawada,2021-07-06,2021-08-27,ok,53,3168,1954
14729,8068,2021-09-04,Ji Yeon Kim (fighter),2021-07-06,2021-08-27,ok,51,85,59
14729,6185,2021-09-04,Molly McCann,2021-07-06,2021-08-27,ok,53,3277,2606
14732,545,2021-09-04,Marc-André Barriault,2021-07-06,2021-08-27,ok,53,1524,1281
14732,8122,2021-09-04,Dalcha Lungiambula,2021-07-06,2021-08-27,ok,53,2089,1766
14734,135,2021-09-18,Devin Clark (fighter),2021-07-20,2021-09-10,ok,53,3545,4746
14734,288,2021-09-18,Ion Cutelaba,2021-07-20,2021-09-10,ok,51,55,99
14739,8032,2021-09-18,Tafon Nchukwi,2021-07-20,2021-09-10,no data in window,0,,
14739,8253,2021-09-18,Mike Rodríguez (fighter),2021-07-20,2021-09-10,ok,53,2126,1904
14740,6623,2021-09-18,Raquel Pennington,2021-07-20,2021-09-10,ok,53,17108,5772
14740,2039,2021-09-18,Pannie Kianzad,2021-07-20,2021-09-10,ok,53,3739,3122
14793,3644,2021-09-25,Brian Ortega,2021-07-27,2021-09-17,ok,53,67653,44800
14793,1248,2021-09-25,Alexander Volkanovski,2021-07-27,2021-09-17,ok,53,82559,61431
14796,11,2021-09-25,Curtis Blaydes,2021-07-27,2021-09-17,ok,53,32633,10926
14796,6235,2021-09-25,Jairzinho Rozenstruik,2021-07-27,2021-09-17,ok,53,39592,14358
14799,1083,2021-09-25,Nasrat Haqparast,2021-07-27,2021-09-17,ok,53,20022,16360
14799,1013,2021-09-25,Dan Hooker,2021-07-27,2021-09-17,ok,53,35845,25799
14801,8228,2021-09-25,Roxanne Modafferi,2021-07-27,2021-09-17,ok,53,9952,5872
14801,2637,2021-09-25,Taila Santos,2021-07-27,2021-09-17,ok,53,1394,3383
14759,60,2021-10-02,Thiago Santos,2021-08-03,2021-09-24,ok,47,48,49
14759,3479,2021-10-02,Johnny Walker (fighter),2021-08-03,2021-09-24,ok,53,20507,31956
14761,4369,2021-10-02,Niko Price,2021-08-03,2021-09-24,ok,53,10996,5614
14761,8216,2021-10-02,Alex Oliveira,2021-08-03,2021-09-24,ok,53,2833,2540
14766,8259,2021-10-02,Bethe Correia,2021-08-03,2021-09-24,ok,53,4549,3456
14766,3370,2021-10-02,Karol Rosa,2021-08-03,2021-09-24,ok,53,768,815
14715,2251,2021-10-09,Mackenzie Dern,2021-08-10,2021-10-01,ok,53,12842,14145
14715,5878,2021-10-09,Marina Rodriguez,2021-08-10,2021-10-01,ok,40,12,8
14716,786,2021-10-09,Randy Brown (fighter),2021-08-10,2021-10-01,ok,53,2980,2603
14716,713,2021-10-09,Jared Gooden,2021-08-10,2021-10-01,ok,53,1086,1206
14717,6533,2021-10-09,Matheus Nicolau,2021-08-10,2021-10-01,ok,53,1226,1308
14717,1761,2021-10-09,Tim Elliott,2021-08-10,2021-10-01,ok,53,4740,3567
14721,6481,2021-10-09,Damon Jackson,2021-08-10,2021-10-01,ok,53,1369,1097
14721,8164,2021-10-09,Charles Rosa,2021-08-10,2021-10-01,ok,53,1591,1183
14691,3583,2021-10-16,Norma Dumont,2021-08-17,2021-10-08,ok,53,3431,11684
14691,8214,2021-10-16,Aspen Ladd,2021-08-17,2021-10-08,ok,53,6524,38116
14692,69,2021-10-16,Carlos Felipe,2021-08-17,2021-10-08,ok,53,2533,4073
14692,7983,2021-10-16,Andrei Arlovski,2021-08-17,2021-10-08,ok,53,29564,19783
14694,3962,2021-10-16,Mayra Bueno Silva,2021-08-17,2021-10-08,ok,53,1804,2604
14694,3649,2021-10-16,Manon Fiorot,2021-08-17,2021-10-08,no data in window,0,,
14677,255,2021-10-23,Paulo Costa,2021-08-24,2021-10-15,ok,53,11695,15812
14677,528,2021-10-23,Marvin Vettori,2021-08-24,2021-10-15,ok,53,31639,24311
14679,3960,2021-10-23,Joselyne Edwards,2021-08-24,2021-10-15,no data in window,0,,
14679,8069,2021-10-23,Jessica-Rose Clark,2021-08-24,2021-10-15,ok,53,3999,5272
14686,864,2021-10-23,Laureano Staropoli,2021-08-24,2021-10-15,ok,53,1132,2003
14686,8009,2021-10-23,Jamie Pickett,2021-08-24,2021-10-15,no data in window,0,,
14689,8248,2021-10-23,Lívia Renata Souza,2021-08-24,2021-10-15,ok,53,730,1298
14689,8247,2021-10-23,Randa Markos,2021-08-24,2021-10-15,ok,53,2553,4457
14702,1504,2021-10-30,Cory Sandhagen,2021-08-31,2021-10-22,ok,53,28173,33550
14702,1498,2021-10-30,Petr Yan,2021-08-31,2021-10-22,ok,53,47954,37344
14704,29,2021-10-30,Marcin Tybura,2021-08-31,2021-10-22,ok,53,10896,10163
14704,2,2021-10-30,Alexander Volkov (fighter),2021-08-31,2021-10-22,ok,53,19623,18075
14706,251,2021-10-30,Magomed Ankalaev,2021-08-31,2021-10-22,ok,53,29994,20543
14706,263,2021-10-30,Volkan Oezdemir,2021-08-31,2021-10-22,ok,53,23994,17821
14707,2269,2021-10-30,Amanda Ribas,2021-08-31,2021-10-22,ok,53,7698,20330
14707,2252,2021-10-30,Virna Jandiroba,2021-08-31,2021-10-22,ok,53,2818,5185
14708,8094,2021-10-30,Zubaira Tukhugov,2021-08-31,2021-10-22,ok,53,8183,8444
14708,1468,2021-10-30,Ricardo Ramos (fighter),2021-08-31,2021-10-22,ok,53,2383,2976
14663,3090,2021-11-06,Kamaru Usman,2021-09-07,2021-10-29,ok,53,118309,120453
14663,6460,2021-11-06,Colby Covington,2021-09-07,2021-10-29,ok,53,77733,86636
14666,2858,2021-11-06,Billy Quarantillo,2021-09-07,2021-10-29,ok,53,3242,4916
14666,8166,2021-11-06,Shane Burgos,2021-09-07,2021-10-29,ok,53,5734,6240
14667,1000,2021-11-06,Justin Gaethje,2021-09-07,2021-10-29,ok,53,60014,56652
14667,1030,2021-11-06,Michael Chandler,2021-09-07,2021-10-29,ok,53,44413,38255
14674,286,2021-11-06,Dustin Jacoby,2021-09-07,2021-10-29,ok,53,5957,1739
14674,6107,2021-11-06,John Allan (fighter),2021-09-07,2021-10-29,no data in window,0,,
14652,2451,2021-11-13,Yair Rodríguez,2021-09-14,2021-11-05,ok,53,34045,18296
14652,3846,2021-11-13,Max Holloway,2021-09-14,2021-11-05,ok,53,139517,49274
14660,8169,2021-11-13,Cortney Casey,2021-09-14,2021-11-05,ok,53,1776,1503
14660,8242,2021-11-13,Liana Jojua,2021-09-14,2021-11-05,ok,53,2795,2431
14641,2634,2021-11-20,Ketlen Vieira,2021-09-21,2021-11-12,ok,53,5075,6062
14641,5877,2021-11-20,Miesha Tate,2021-09-21,2021-11-12,ok,53,32270,26386
14642,753,2021-11-20,Sean Brady (fighter),2021-09-21,2021-11-12,ok,53,5771,10388
14642,4368,2021-11-20,Michael Chiesa,2021-09-21,2021-11-12,ok,53,15649,26293
14644,7984,2021-11-20,Kang Kyung-ho,2021-09-21,2021-11-12,ok,53,960,1133
14644,7985,2021-11-20,Rani Yahya,2021-09-21,2021-11-12,ok,53,1283,1784
14601,1522,2021-12-04,Rob Font,2021-10-05,2021-11-26,ok,53,14547,29409
14601,5855,2021-12-04,José Aldo,2021-10-05,2021-11-26,ok,53,46732,70391
14606,3589,2021-12-04,Mickey Gall,2021-10-05,2021-11-26,ok,53,8984,11338
14606,822,2021-12-04,Alex Morono,2021-10-05,2021-11-26,ok,53,4361,7810
14610,8110,2021-12-04,Cheyanne Vlismas,2021-10-05,2021-11-26,no data in window,0,,
14610,6261,2021-12-04,Mallory Martin,2021-10-05,2021-11-26,ok,53,1465,2163
14611,8086,2021-12-04,William Knight (fighter),2021-10-05,2021-11-26,ok,53,2503,3873
14611,277,2021-12-04,Alonzo Menifield,2021-10-05,2021-11-26,ok,53,2055,2612
14632,3652,2021-12-11,Dan Ige,2021-10-12,2021-12-03,ok,53,9029,9392
14632,1272,2021-12-11,Josh Emmett,2021-10-12,2021-12-03,ok,53,11323,9351
14633,6501,2021-12-11,Pedro Munhoz,2021-10-12,2021-12-03,ok,53,13870,13619
14633,8145,2021-12-11,Dominick Cruz,2021-10-12,2021-12-03,ok,53,36111,26315
14637,5640,2021-12-11,Miranda Maverick,2021-10-12,2021-12-03,ok,53,3404,4714
14637,3558,2021-12-11,Erin Blanchfield,2021-10-12,2021-12-03,ok,53,3723,2114
14638,8115,2021-12-11,Darrick Minner,2021-10-12,2021-12-03,ok,53,4259,3769
14638,8237,2021-12-11,Ryan Hall (fighter),2021-10-12,2021-12-03,ok,53,14248,13029
14615,759,2021-12-18,Belal Muhammad,2021-10-19,2021-12-10,ok,53,37297,14382
14615,775,2021-12-18,Stephen Thompson (fighter),2021-10-19,2021-12-10,ok,53,47657,26359
14623,1512,2021-12-18,Charles Jourdain,2021-10-19,2021-12-10,ok,53,3258,2018
14623,8235,2021-12-18,Andre Ewell,2021-10-19,2021-12-10,ok,53,2299,1137
14591,1308,2022-01-15,Giga Chikadze,2021-11-16,2022-01-07,ok,53,20753,36261
14591,1305,2022-01-15,Calvin Kattar,2021-11-16,2022-01-07,ok,53,17520,22650
14594,3562,2022-01-15,Katlyn Cerminara,2021-11-16,2022-01-07,no data in window,0,,
14594,8014,2022-01-15,Jennifer Maia,2021-11-16,2022-01-07,ok,53,4310,4975
14598,810,2022-01-15,Court McGee,2021-11-16,2022-01-07,ok,53,5912,6115
14598,849,2022-01-15,Ramiz Brahimaj,2021-11-16,2022-01-07,no data in window,0,,
14599,7952,2022-01-15,Brian Kelleher,2021-11-16,2022-01-07,ok,53,2688,4067
14599,8213,2022-01-15,Kevin Croom,2021-11-16,2022-01-07,ok,53,1113,716
14600,1157,2022-01-15,T.J. Brown,2021-11-16,2022-01-07,ok,53,923,1913
14600,8164,2022-01-15,Charles Rosa,2021-11-16,2022-01-07,ok,53,2068,1274
14580,5,2022-01-22,Francis Ngannou,2021-11-23,2022-01-14,ok,53,150837,181435
14580,1,2022-01-22,Ciryl Gane,2021-11-23,2022-01-14,ok,53,121736,136821
14581,1506,2022-01-22,Deiveson Figueiredo,2021-11-23,2022-01-14,ok,53,24654,21604
14581,1753,2022-01-22,Brandon Moreno,2021-11-23,2022-01-14,ok,53,61998,45722
14585,6045,2022-01-22,Victor Henry (fighter),2021-11-23,2022-01-14,no data in window,0,,
14585,1517,2022-01-22,Raoni Barcelos,2021-11-23,2022-01-14,ok,53,4642,2348
14574,8126,2022-02-05,Michael Trizano,2021-12-07,2022-01-28,ok,53,1800,4414
14574,1390,2022-02-05,Hakeem Dawodu,2021-12-07,2022-01-28,ok,53,5140,7536
14576,5409,2022-02-05,Julija Stoliarenko,2021-12-07,2022-01-28,ok,53,1205,2389
14576,8230,2022-02-05,Alexis Davis (fighter),2021-12-07,2022-01-28,ok,53,9172,3642
14553,257,2022-02-12,Robert Whittaker (fighter),2021-12-14,2022-02-04,ok,53,73180,72242
14553,512,2022-02-12,Israel Adesanya,2021-12-14,2022-02-04,ok,53,169251,164003
14557,3781,2022-02-12,King Green,2021-12-14,2022-02-04,no data in window,0,,
14557,1083,2022-02-12,Nasrat Haqparast,2021-12-14,2022-02-04,ok,53,7657,17083
14561,8229,2022-02-12,Fabio Cherant,2021-12-14,2022-02-04,no data in window,0,,
14561,252,2022-02-12,Carlos Ulberg,2021-12-14,2022-02-04,ok,53,4310,3983
14566,8086,2022-02-12,William Knight (fighter),2021-12-14,2022-02-04,ok,53,2938,3124
14566,316,2022-02-12,Maxim Grishin,2021-12-14,2022-02-04,ok,53,1818,4443
14549,8173,2022-02-19,Gloria de Paula,2021-12-21,2022-02-11,no data in window,0,,
14549,6043,2022-02-19,Diana Belbiță,2021-12-21,2022-02-11,no data in window,0,,
14532,8068,2022-02-26,Ji Yeon Kim (fighter),2021-12-28,2022-02-18,ok,52,81,59
14532,3734,2022-02-26,Priscila Cachoeira,2021-12-28,2022-02-18,ok,53,3389,2508
14538,6480,2022-02-26,Jonathan Martinez,2021-12-28,2022-02-18,ok,53,972,1156
14538,8224,2022-02-26,Alejandro Pérez (fighter),2021-12-28,2022-02-18,ok,53,1403,1233
14479,6460,2022-03-05,Colby Covington,2022-01-04,2022-02-25,ok,53,82606,80394
14479,8077,2022-03-05,Jorge Masvidal,2022-01-04,2022-02-25,ok,53,106114,95050
14481,1153,2022-03-05,Edson Barboza,2022-01-04,2022-02-25,ok,53,32369,19377
14481,1513,2022-03-05,Bryce Mitchell,2022-01-04,2022-02-25,ok,53,21052,30814
14489,1761,2022-03-05,Tim Elliott,2022-01-04,2022-02-25,ok,53,5982,3871
14489,1762,2022-03-05,Tagir Ulanbekov,2022-01-04,2022-02-25,no data in window,0,,
14491,286,2022-03-05,Dustin Jacoby,2022-01-04,2022-02-25,ok,53,4031,4744
14491,537,2022-03-05,Michał Oleksiejczuk,2022-01-04,2022-02-25,ok,53,2831,3077
14492,60,2022-03-12,Thiago Santos,2022-01-11,2022-03-04,ok,47,54,44
14492,251,2022-03-12,Magomed Ankalaev,2022-01-11,2022-03-04,ok,53,22079,34419
14494,5796,2022-03-12,Sodiq Yusuff,2022-01-11,2022-03-04,ok,53,6331,5233
14494,7977,2022-03-12,Alex Caceres,2022-01-11,2022-03-04,ok,53,8017,5856
14497,3746,2022-03-12,Alex Pereira,2022-01-11,2022-03-04,ok,53,37536,46702
14497,5856,2022-03-12,Bruno Silva (fighter),2022-01-11,2022-03-04,ok,53,7617,11588
14500,1585,2022-03-12,Javid Basharat,2022-01-11,2022-03-04,ok,53,659,798
14500,8090,2022-03-12,Trevin Jones,2022-01-11,2022-03-04,ok,53,2080,1235
14521,6184,2022-03-19,Gunnar Nelson (fighter),2022-01-18,2022-03-11,ok,53,14760,12642
14521,8065,2022-03-19,Takashi Sato,2022-01-18,2022-03-11,ok,53,981,3179
14527,1490,2022-03-19,Timur Valiev,2022-01-18,2022-03-11,ok,53,9094,3092
14527,6502,2022-03-19,Jack Shore,2022-01-18,2022-03-11,ok,53,8113,5306
14509,8220,2022-03-26,Askar Askarov,2022-01-25,2022-03-18,ok,53,11046,9711
14509,1756,2022-03-26,Kai Kara-France,2022-01-25,2022-03-18,ok,53,17047,11109
14512,3370,2022-03-26,Karol Rosa,2022-01-25,2022-03-18,ok,53,807,924
14512,8221,2022-03-26,Sara McMann,2022-01-25,2022-03-18,ok,53,5184,3012
14515,8014,2022-03-26,Jennifer Maia,2022-01-25,2022-03-18,ok,53,3150,3305
14515,3649,2022-03-26,Manon Fiorot,2022-01-25,2022-03-18,ok,53,4220,4948
14516,6533,2022-03-26,Matheus Nicolau,2022-01-25,2022-03-18,ok,53,1223,1996
14516,1816,2022-03-26,David Dvořák,2022-01-25,2022-03-18,ok,53,1387,1431
14455,501,2022-04-09,Khamzat Chimaev,2022-02-08,2022-04-01,ok,53,278931,215651
14455,790,2022-04-09,Gilbert Burns,2022-02-08,2022-04-01,ok,53,74403,107104
14457,6177,2022-04-09,Vinc Pichel,2022-02-08,2022-04-01,ok,53,3829,7178
14457,8015,2022-04-09,Mark Madsen (fighter),2022-02-08,2022-04-01,ok,53,6311,9621
14460,8214,2022-04-09,Aspen Ladd,2022-02-08,2022-04-01,ok,53,7422,10168
14460,6623,2022-04-09,Raquel Pennington,2022-02-08,2022-04-01,ok,53,5819,6592
14439,530,2022-04-16,Vicente Luque,2022-02-15,2022-04-08,ok,53,36045,26561
14439,759,2022-04-16,Belal Muhammad,2022-02-15,2022-04-08,ok,53,34050,27263
14446,8087,2022-04-16,Lina Länsberg,2022-02-15,2022-04-08,ok,53,1515,1923
14446,2039,2022-04-16,Pannie Kianzad,2022-02-15,2022-04-08,ok,53,2562,1811
14419,4367,2022-04-23,Maycee Barber,2022-02-22,2022-04-15,ok,53,8000,7294
14419,2790,2022-04-23,Montana De La Rosa,2022-02-22,2022-04-15,ok,53,2808,3009
14426,335,2022-04-23,Marcin Prachnio,2022-02-22,2022-04-15,ok,53,3799,1271
14426,75,2022-04-23,Philipe Lins,2022-02-22,2022-04-15,ok,53,835,1062
14406,1522,2022-04-30,Rob Font,2022-03-01,2022-04-22,ok,53,19041,16005
14406,1511,2022-04-30,Marlon Vera,2022-03-01,2022-04-22,ok,53,33291,25025
14410,8205,2022-04-30,Tristan Connelly,2022-03-01,2022-04-22,no data in window,0,,
14410,1436,2022-04-30,Darren Elkins,2022-03-01,2022-04-22,ok,53,4232,5605
14411,3530,2022-04-30,Gerald Meerschaert,2022-03-01,2022-04-22,ok,53,26807,32048
14411,525,2022-04-30,Krzysztof Jotko,2022-03-01,2022-04-22,ok,53,3868,3171
14470,8133,2022-05-07,Francisco Trinaldo,2022-03-08,2022-04-29,ok,53,5569,3893
14470,5410,2022-05-07,Danny Roberts (fighter),2022-03-08,2022-04-29,ok,53,2652,2798
14473,49,2022-05-07,Marcos Rogério de Lima,2022-03-08,2022-04-29,ok,53,5257,4953
14473,8044,2022-05-07,Blagoy Ivanov,2022-03-08,2022-04-29,ok,53,8517,6199
14477,2339,2022-05-07,Ariane Carnelossi,2022-03-08,2022-04-29,ok,53,942,1723
14477,2262,2022-05-07,Loopy Godinez,2022-03-08,2022-04-29,no data in window,0,,
14434,3053,2022-05-14,Viviane Araújo (fighter),2022-03-15,2022-05-06,ok,53,1954,1760
14434,6190,2022-05-14,Andrea Lee (fighter),2022-03-15,2022-05-06,ok,53,4962,3334
14436,2252,2022-05-14,Virna Jandiroba,2022-03-15,2022-05-06,ok,53,2292,2188
14436,2264,2022-05-14,Angela Hill,2022-03-15,2022-05-06,ok,53,4069,5811
14386,2363,2022-05-21,Polyana Viana,2022-03-22,2022-05-13,ok,53,10061,4356
14386,2259,2022-05-21,Tabatha Ricci,2022-03-22,2022-05-13,no data in window,0,,
14391,1678,2022-05-21,Vince Morales,2022-03-22,2022-05-13,ok,53,1085,1175
14391,6480,2022-05-21,Jonathan Martinez,2022-03-22,2022-05-13,ok,53,835,1299
14346,3652,2022-06-04,Dan Ige,2022-04-05,2022-05-27,ok,53,19244,7138
14346,1251,2022-06-04,Movsar Evloev,2022-04-05,2022-05-27,ok,53,7567,8948
14341,506,2022-06-12,Brendan Allen,2022-04-13,2022-06-04,ok,53,6679,5808
14341,3844,2022-06-12,Jacob Malkoun,2022-04-13,2022-06-04,ok,53,2924,2435
14297,1002,2022-06-25,Arman Tsarukyan,2022-04-26,2022-06-17,ok,53,30560,22304
14297,1011,2022-06-25,Mateusz Gamrot,2022-04-26,2022-06-17,ok,53,13256,18665
14302,782,2022-06-25,Chris Curtis (fighter),2022-04-26,2022-06-17,no data in window,0,,
14302,578,2022-06-25,Rodolfo Vieira,2022-04-26,2022-06-17,ok,53,2570,2942
14305,8111,2022-06-25,Sergey Morozov (fighter),2022-04-26,2022-06-17,ok,53,1422,2102
14305,8177,2022-06-25,Raulian Paiva,2022-04-26,2022-06-17,ok,53,10681,4872
14394,514,2022-07-02,Jared Cannonier,2022-05-03,2022-06-24,ok,53,67230,64256
14394,512,2022-07-02,Israel Adesanya,2022-05-03,2022-06-24,ok,53,146119,111643
14395,1248,2022-07-02,Alexander Volkanovski,2022-05-03,2022-06-24,ok,53,83114,58773
14395,3846,2022-07-02,Max Holloway,2022-05-03,2022-06-24,ok,53,96216,62643
14401,754,2022-07-02,Ian Machado Garry,2022-05-03,2022-06-24,no data in window,0,,
14401,5797,2022-07-02,Gabriel Green (fighter),2022-05-03,2022-06-24,ok,53,608,4810
14402,502,2022-07-02,Dricus du Plessis,2022-05-03,2022-06-24,no data in window,0,,
14402,564,2022-07-02,Brad Tavares,2022-05-03,2022-06-24,ok,53,6682,6045
14403,549,2022-07-02,André Muniz,2022-05-03,2022-06-24,ok,53,7738,6905
14403,8203,2022-07-02,Uriah Hall,2022-05-03,2022-06-24,ok,53,24277,19206
14404,4367,2022-07-02,Maycee Barber,2022-05-03,2022-06-24,ok,53,7220,6467
14404,8204,2022-07-02,Jessica Eye,2022-05-03,2022-06-24,ok,53,7489,7369
14275,1546,2022-07-09,Said Nurmagomedov,2022-05-10,2022-07-01,ok,53,5520,13002
14275,4405,2022-07-09,Douglas Silva de Andrade,2022-05-10,2022-07-01,ok,53,2289,3237
14266,5877,2022-07-16,Miesha Tate,2022-05-17,2022-07-08,ok,53,44317,30047
14266,5578,2022-07-16,Lauren Murphy,2022-05-17,2022-07-08,ok,53,13168,9650
14271,8167,2022-07-16,Dwight Grant,2022-05-17,2022-07-08,ok,53,1023,1292
14271,552,2022-07-16,Dustin Stoltzfus,2022-05-17,2022-07-08,ok,53,1163,1761
14272,6534,2022-07-16,Jessica Penne,2022-05-17,2022-07-08,ok,53,5489,2462
14272,7981,2022-07-16,Emily Ducote,2022-05-17,2022-07-08,ok,53,1936,1686
14248,782,2022-07-23,Chris Curtis (fighter),2022-05-24,2022-07-15,ok,20,0,27231
14248,857,2022-07-23,Jack Hermansson,2022-05-24,2022-07-15,ok,53,14537,26146
14252,5263,2022-07-23,Paul Craig,2022-05-24,2022-07-15,ok,53,28742,19857
14252,263,2022-07-23,Volkan Oezdemir,2022-05-24,2022-07-15,ok,53,27633,11367
14253,1053,2022-07-23,Ľudovít Klein,2022-05-24,2022-07-15,ok,53,2379,2009
14253,1073,2022-07-23,Mason Jones (fighter),2022-05-24,2022-07-15,ok,53,748,1921
14254,4460,2022-07-23,Marc Diakiese,2022-05-24,2022-07-15,ok,53,3808,5619
14254,6236,2022-07-23,Damir Hadžović,2022-05-24,2022-07-15,ok,53,2620,2579
14255,8164,2022-07-23,Charles Rosa,2022-05-24,2022-07-15,ok,53,1915,2140
14255,1270,2022-07-23,Nathaniel Wood (fighter),2022-05-24,2022-07-15,ok,53,1778,2288
14258,1081,2022-07-23,Kyle Nelson (fighter),2022-05-24,2022-07-15,ok,53,1288,1811
14258,1068,2022-07-23,Jai Herbert,2022-05-24,2022-07-15,ok,53,4980,4104
14260,8165,2022-07-23,Cláudio Silva,2022-05-24,2022-07-15,ok,53,2985,3230
14260,793,2022-07-23,Nicolas Dalby,2022-05-24,2022-07-15,ok,53,4329,3395
14309,8057,2022-07-30,Amanda Nunes,2022-05-31,2022-07-22,ok,53,70996,62884
14309,5816,2022-07-30,Julianna Peña,2022-05-31,2022-07-22,ok,53,52027,53865
14314,822,2022-07-30,Alex Morono,2022-05-31,2022-07-22,ok,53,5796,7303
14314,6484,2022-07-30,Matthew Semelsberger,2022-05-31,2022-07-22,ok,53,1027,2411
14317,1049,2022-07-30,Drakkar Klose,2022-05-31,2022-07-22,ok,53,3105,3641
14317,1023,2022-07-30,Rafa García (fighter),2022-05-31,2022-07-22,ok,53,547,978
14200,2264,2022-08-13,Angela Hill,2022-06-14,2022-08-05,ok,53,5700,8110
14200,2262,2022-08-13,Loopy Godinez,2022-06-14,2022-08-05,no data in window,0,,
14183,8139,2022-08-20,Luke Rockhold,2022-06-21,2022-08-12,ok,53,51262,43934
14183,255,2022-08-20,Paulo Costa,2022-06-21,2022-08-12,ok,53,40943,34438
14184,5855,2022-08-20,José Aldo,2022-06-21,2022-08-12,ok,53,82201,56126
14184,1499,2022-08-20,Merab Dvalishvili,2022-06-21,2022-08-12,ok,53,19752,20561
14188,8142,2022-08-20,Leonardo Santos (fighter),2022-06-21,2022-08-12,ok,53,4087,4656
14188,1072,2022-08-20,Jared Gordon,2022-06-21,2022-08-12,ok,53,3145,4687
14218,257,2022-09-03,Robert Whittaker (fighter),2022-07-05,2022-08-26,ok,53,34877,34751
14218,528,2022-09-03,Marvin Vettori,2022-07-05,2022-08-26,ok,53,26961,46361
14219,760,2022-09-03,Joaquin Buckley,2022-07-05,2022-08-26,ok,53,10984,9789
14219,503,2022-09-03,Nassourdine Imavov,2022-07-05,2022-08-26,ok,53,9492,10417
14222,1512,2022-09-03,Charles Jourdain,2022-07-05,2022-08-26,ok,53,35847,10641
14222,1270,2022-09-03,Nathaniel Wood (fighter),2022-07-05,2022-08-26,ok,53,26263,5947
14224,1083,2022-09-03,Nasrat Haqparast,2022-07-05,2022-08-26,ok,53,7693,7818
14224,8026,2022-09-03,John Makdessi,2022-07-05,2022-08-26,ok,53,3322,6217
14174,1364,2022-09-10,Julian Erosa,2022-07-12,2022-09-02,ok,53,10964,8398
14174,1390,2022-09-10,Hakeem Dawodu,2022-07-12,2022-09-02,ok,53,4543,6304
14178,3583,2022-09-10,Norma Dumont,2022-07-12,2022-09-02,ok,53,4822,3505
14178,8137,2022-09-10,Danyelle Wolf,2022-07-12,2022-09-02,ok,53,5128,5226
14156,1585,2022-09-17,Javid Basharat,2022-07-19,2022-09-09,no data in window,0,,
14156,8083,2022-09-17,Tony Gravely,2022-07-19,2022-09-09,ok,53,953,901
14159,8133,2022-10-01,Francisco Trinaldo,2022-08-02,2022-09-23,ok,53,3613,6201
14159,786,2022-10-01,Randy Brown (fighter),2022-08-02,2022-09-23,ok,53,4259,5770
14160,8090,2022-10-01,Trevin Jones,2022-08-02,2022-09-23,ok,53,1088,2432
14160,1517,2022-10-01,Raoni Barcelos,2022-08-02,2022-09-23,ok,53,1604,3212
14164,8134,2022-10-01,Aleksei Oleinik,2022-08-02,2022-09-23,ok,53,909,2590
14164,8063,2022-10-01,Ilir Latifi,2022-08-02,2022-09-23,ok,53,7491,9396
14134,3053,2022-10-15,Viviane Araújo (fighter),2022-08-16,2022-10-07,ok,53,3663,7591
14134,3650,2022-10-15,Alexa Grasso,2022-08-16,2022-10-07,ok,53,6897,10830
14137,8082,2022-10-15,Raphael Assunção,2022-08-16,2022-10-07,ok,53,6490,6789
14137,6045,2022-10-15,Victor Henry (fighter),2022-08-16,2022-10-07,no data in window,0,,
14140,3428,2022-10-15,Nick Maximov,2022-08-16,2022-10-07,ok,53,3942,3259
14140,3844,2022-10-15,Jacob Malkoun,2022-08-16,2022-10-07,ok,53,1516,2473
14325,1015,2022-10-22,Beneil Dariush,2022-08-23,2022-10-14,ok,53,47440,46203
14325,1011,2022-10-22,Mateusz Gamrot,2022-08-23,2022-10-14,ok,53,29682,43255
14326,3562,2022-10-22,Katlyn Cerminara,2022-08-23,2022-10-14,no data in window,0,,
14326,3649,2022-10-22,Manon Fiorot,2022-08-23,2022-10-14,ok,53,11278,12846
14329,275,2022-10-22,Nikita Krylov,2022-08-23,2022-10-14,ok,53,13164,11346
14329,263,2022-10-22,Volkan Oezdemir,2022-08-23,2022-10-14,ok,53,15907,12369
14102,3986,2022-11-05,Shanna Young,2022-09-06,2022-10-28,ok,53,725,523
14102,5640,2022-11-05,Miranda Maverick,2022-09-06,2022-10-28,ok,53,2263,1826
14128,6694,2022-11-12,Wellington Turman,2022-09-13,2022-11-04,ok,53,2359,3011
14128,594,2022-11-12,Andre Petroski,2022-09-13,2022-11-04,ok,53,3739,5660
14130,2316,2022-11-12,Karolina Kowalkiewicz,2022-09-13,2022-11-04,ok,53,9661,9775
14130,8125,2022-11-12,Silvana Gómez Juárez,2022-09-13,2022-11-04,ok,53,1728,2162
14132,1317,2022-11-12,Julio Arce,2022-09-13,2022-11-04,ok,53,2608,1381
14132,1520,2022-11-12,Montel Jackson,2022-09-13,2022-11-04,ok,53,1145,1156
14080,8014,2022-11-19,Jennifer Maia,2022-09-20,2022-11-11,ok,53,3097,4075
14080,8003,2022-11-19,Maryna Moroz,2022-09-20,2022-11-11,ok,53,7565,3404
14081,1331,2022-11-19,Miles Johns,2022-09-20,2022-11-11,ok,53,850,608
14081,1678,2022-11-19,Vince Morales,2022-09-20,2022-11-11,ok,53,1354,1190
14068,7981,2022-12-03,Emily Ducote,2022-10-04,2022-11-25,ok,53,1257,2664
14068,2264,2022-12-03,Angela Hill,2022-10-04,2022-11-25,ok,53,4459,5636
14070,1099,2022-12-03,Michael Johnson (fighter),2022-10-04,2022-11-25,ok,53,17631,22006
14070,4460,2022-12-03,Marc Diakiese,2022-10-04,2022-11-25,ok,53,3530,5022
14071,6551,2022-12-03,Jonathan Pearce (fighter),2022-10-04,2022-11-25,ok,53,1354,2025
14071,1436,2022-12-03,Darren Elkins,2022-10-04,2022-11-25,ok,53,5933,3776
14109,1072,2022-12-10,Jared Gordon,2022-10-11,2022-12-02,ok,53,51366,41699
14109,1005,2022-12-10,Paddy Pimblett,2022-10-11,2022-12-02,ok,53,142497,169791
14049,1002,2022-12-17,Arman Tsarukyan,2022-10-18,2022-12-09,ok,53,46596,12072
14049,8043,2022-12-17,Damir Ismagulov,2022-10-18,2022-12-09,ok,53,15394,8915
14054,6552,2022-12-17,Cory McKenna,2022-10-18,2022-12-09,no data in window,0,,
14054,8110,2022-12-17,Cheyanne Vlismas,2022-10-18,2022-12-09,ok,53,2522,2704
14055,787,2022-12-17,Jake Matthews (fighter),2022-10-18,2022-12-09,ok,53,8780,8503
14055,6484,2022-12-17,Matthew Semelsberger,2022-10-18,2022-12-09,ok,53,1073,3631
14059,1816,2022-12-17,David Dvořák,2022-10-18,2022-12-09,ok,53,1701,2478
14059,1749,2022-12-17,Manel Kape,2022-10-18,2022-12-09,ok,53,3490,3872
14060,8111,2022-12-17,Sergey Morozov (fighter),2022-10-18,2022-12-09,ok,53,2232,1869
14060,8072,2022-12-17,Journey Newson,2022-10-18,2022-12-09,ok,53,632,674
14001,500,2023-01-14,Sean Strickland,2022-11-15,2023-01-06,ok,53,54093,71709
14001,503,2023-01-14,Nassourdine Imavov,2022-11-15,2023-01-06,ok,53,21452,21237
14021,273,2023-01-21,Jamahal Hill,2022-11-22,2023-01-13,ok,53,127853,39249
14021,8097,2023-01-21,Glover Teixeira,2022-11-22,2023-01-13,ok,53,88778,31403
14024,2266,2023-01-21,Jéssica Andrade,2022-11-22,2023-01-13,ok,53,12301,9911
14024,5578,2023-01-21,Lauren Murphy,2022-11-22,2023-01-13,ok,53,5180,6477
13978,135,2023-02-04,Devin Clark (fighter),2022-12-06,2023-01-27,ok,53,2792,4544
13978,6635,2023-02-04,Da Woon Jung,2022-12-06,2023-01-27,no data in window,0,,
13979,29,2023-02-04,Marcin Tybura,2022-12-06,2023-01-27,ok,53,4579,7280
13979,8044,2023-02-04,Blagoy Ivanov,2022-12-06,2023-01-27,ok,53,5141,9617
13988,750,2023-02-11,Islam Makhachev,2022-12-13,2023-02-03,ok,53,136446,133429
13988,1248,2023-02-11,Alexander Volkanovski,2022-12-13,2023-02-03,ok,53,124948,146121
13993,385,2023-02-11,Tyson Pedro,2022-12-13,2023-02-03,ok,53,6665,9840
13993,284,2023-02-11,Modestas Bukauskas,2022-12-13,2023-02-03,ok,53,3720,5927
13955,8086,2023-02-18,William Knight (fighter),2022-12-20,2023-02-10,ok,53,2015,3587
13955,335,2023-02-18,Marcin Prachnio,2022-12-20,2023-02-10,ok,53,1187,1255
13956,1039,2023-02-18,Alexander Hernandez,2022-12-20,2023-02-10,ok,53,7291,6348
13956,1051,2023-02-18,Jim Miller (fighter),2022-12-20,2023-02-10,ok,53,9396,8636
13943,62,2023-02-25,Augusto Sakai,2022-12-27,2023-02-17,ok,53,3681,7945
13943,5879,2023-02-25,Don'Tale Mayes,2022-12-27,2023-02-17,ok,53,2329,3718
13968,8090,2023-03-04,Trevin Jones,2023-01-03,2023-02-24,ok,53,1563,11878
13968,1561,2023-03-04,Cody Garbrandt,2023-01-03,2023-02-24,ok,53,30482,33354
13970,2269,2023-03-04,Amanda Ribas,2023-01-03,2023-02-24,ok,53,7441,4693
13970,3053,2023-03-04,Viviane Araújo (fighter),2023-01-03,2023-02-24,ok,53,4765,4340
13929,1499,2023-03-11,Merab Dvalishvili,2023-01-10,2023-03-03,ok,53,24855,15855
13929,1498,2023-03-11,Petr Yan,2023-01-10,2023-03-03,ok,53,31450,28581
13932,1546,2023-03-11,Said Nurmagomedov,2023-01-10,2023-03-03,ok,53,17289,12588
13932,6480,2023-03-11,Jonathan Martinez,2023-01-10,2023-03-03,ok,53,2747,3011
13941,882,2023-03-11,Carlston Harris,2023-01-10,2023-03-03,ok,53,2467,3899
13941,713,2023-03-11,Jared Gooden,2023-01-10,2023-03-03,ok,53,1632,1984
13907,3646,2023-03-18,Casey O'Neill,2023-01-17,2023-03-10,ok,53,4287,6385
13907,8014,2023-03-18,Jennifer Maia,2023-01-17,2023-03-10,ok,53,2876,5754
13908,264,2023-03-18,Roman Dolidze,2023-01-17,2023-03-10,ok,53,13251,18037
13908,528,2023-03-18,Marvin Vettori,2023-01-17,2023-03-10,ok,53,16738,18486
13920,7991,2023-03-25,Holly Holm,2023-01-24,2023-03-17,ok,53,23740,36956
13920,3471,2023-03-25,Yana Santos,2023-01-24,2023-03-17,no data in window,0,,
13893,790,2023-04-08,Gilbert Burns,2023-02-07,2023-03-31,ok,53,38612,83372
13893,8077,2023-04-08,Jorge Masvidal,2023-02-07,2023-03-31,ok,53,62697,201026
13897,782,2023-04-08,Chris Curtis (fighter),2023-02-07,2023-03-31,ok,53,15622,14660
13897,527,2023-04-08,Kelvin Gastelum,2023-02-07,2023-03-31,ok,53,19681,26819
13878,3846,2023-04-15,Max Holloway,2023-02-14,2023-04-07,ok,53,63188,56916
13878,1255,2023-04-15,Arnold Allen,2023-02-14,2023-04-07,ok,53,30254,29121
13882,6501,2023-04-15,Pedro Munhoz,2023-02-14,2023-04-07,ok,53,11581,9900
13882,1530,2023-04-15,Chris Gutierrez,2023-02-14,2023-04-07,ok,53,1164,1195
13883,6557,2023-04-15,Clay Guida,2023-02-14,2023-04-07,ok,53,12950,11566
13883,1023,2023-04-15,Rafa García (fighter),2023-02-14,2023-04-07,ok,53,1423,1937
13874,3370,2023-04-22,Karol Rosa,2023-02-21,2023-04-14,ok,53,1222,1228
13874,3583,2023-04-22,Norma Dumont,2023-02-21,2023-04-14,ok,53,2273,2335
13845,790,2023-05-06,Gilbert Burns,2023-03-07,2023-04-28,ok,53,116748,213542
13845,759,2023-05-06,Belal Muhammad,2023-03-07,2023-04-28,ok,53,146357,69452
13848,1512,2023-05-06,Charles Jourdain,2023-03-07,2023-04-28,ok,53,9352,10455
13848,6555,2023-05-06,Kron Gracie,2023-03-07,2023-04-28,ok,53,38530,40874
13852,5878,2023-05-06,Marina Rodriguez,2023-03-07,2023-04-28,ok,53,3809,4133
13852,2252,2023-05-06,Virna Jandiroba,2023-03-07,2023-04-28,ok,53,2475,2485
13834,44,2023-05-13,Anthony Smith (fighter),2023-03-14,2023-05-05,ok,53,19898,15286
13834,3479,2023-05-13,Johnny Walker (fighter),2023-03-14,2023-05-05,ok,53,24923,19082
13840,6485,2023-05-13,Cody Stamann,2023-03-14,2023-05-05,ok,53,3129,3483
13840,4405,2023-05-13,Douglas Silva de Andrade,2023-03-14,2023-05-05,ok,53,2455,1495
13821,2264,2023-05-20,Angela Hill,2023-03-21,2023-05-12,ok,53,6045,8928
13821,2251,2023-05-20,Mackenzie Dern,2023-03-21,2023-05-12,ok,53,12028,17057
13823,2262,2023-05-20,Loopy Godinez,2023-03-21,2023-05-12,no data in window,0,,
13823,7981,2023-05-20,Emily Ducote,2023-03-21,2023-05-12,ok,53,1694,2745
13827,2316,2023-05-20,Karolina Kowalkiewicz,2023-03-21,2023-05-12,ok,53,7682,6324
13827,2332,2023-05-20,Vanessa Demopoulos,2023-03-21,2023-05-12,ok,53,3111,2272
13796,6532,2023-06-03,Daniel Pineda (fighter),2023-04-04,2023-05-26,ok,53,2691,4658
13796,7977,2023-06-03,Alex Caceres,2023-04-04,2023-05-26,ok,53,8378,12138
13805,8060,2023-06-03,Jinh Yu Frey,2023-04-04,2023-05-26,ok,53,1766,2449
13805,2353,2023-06-03,Elise Reed,2023-04-04,2023-05-26,ok,53,1007,1291
13807,75,2023-06-03,Philipe Lins,2023-04-04,2023-05-26,ok,53,2387,8012
13807,316,2023-06-03,Maxim Grishin,2023-04-04,2023-05-26,ok,53,1626,2393
13771,8057,2023-06-10,Amanda Nunes,2023-04-11,2023-06-02,ok,53,75558,47829
13771,6653,2023-06-10,Irene Aldana,2023-04-11,2023-06-02,ok,53,39745,25046
13774,3560,2023-06-10,Nate Landwehr,2023-04-11,2023-06-02,ok,53,7330,6482
13774,3652,2023-06-10,Dan Ige,2023-04-11,2023-06-02,ok,53,10799,5796
13775,542,2023-06-10,Eryk Anders,2023-04-11,2023-06-02,ok,53,4551,4706
13775,545,2023-06-10,Marc-André Barriault,2023-04-11,2023-06-02,ok,53,3164,4958
13759,528,2023-06-17,Marvin Vettori,2023-04-18,2023-06-09,ok,53,22523,14339
13759,514,2023-06-17,Jared Cannonier,2023-04-18,2023-06-09,ok,53,16473,11483
13764,793,2023-06-17,Nicolas Dalby,2023-04-18,2023-06-09,ok,53,3791,2489
13764,785,2023-06-17,Muslim Salikhov,2023-04-18,2023-06-09,ok,53,4975,5793
13746,1001,2023-06-24,Ilia Topuria,2023-04-25,2023-06-16,ok,53,35047,21116
13746,1272,2023-06-24,Josh Emmett,2023-04-25,2023-06-16,ok,53,12564,12048
13752,786,2023-06-24,Randy Brown (fighter),2023-04-25,2023-06-16,ok,53,5699,2614
13752,6694,2023-06-24,Wellington Turman,2023-04-25,2023-06-16,ok,53,1828,1539
13754,2255,2023-06-24,Gillian Robertson,2023-04-25,2023-06-16,ok,53,4259,34914
13754,2259,2023-06-24,Tabatha Ricci,2023-04-25,2023-06-16,ok,53,4722,3451
13700,8043,2023-07-01,Damir Ismagulov,2023-05-02,2023-06-23,ok,53,5873,10844
13700,1019,2023-07-01,Grant Dawson,2023-05-02,2023-06-23,ok,53,5631,6655
13710,8044,2023-07-01,Blagoy Ivanov,2023-05-02,2023-06-23,ok,53,4653,4447
13710,18,2023-07-01,Alexander Romanov (fighter),2023-05-02,2023-06-23,ok,53,5529,4730
13679,3564,2023-07-15,Chelsea Chandler,2023-05-16,2023-07-07,ok,53,2173,2593
13679,3583,2023-07-15,Norma Dumont,2023-05-16,2023-07-07,ok,53,4250,3016
13733,1270,2023-07-22,Nathaniel Wood (fighter),2023-05-23,2023-07-14,ok,53,2853,4310
13733,1319,2023-07-22,Andre Fili,2023-05-23,2023-07-14,ok,53,3620,4643
13735,1068,2023-07-22,Jai Herbert,2023-05-23,2023-07-14,ok,53,4368,11450
13735,1044,2023-07-22,Farès Ziam,2023-05-23,2023-07-14,ok,53,1844,2782
13736,7966,2023-07-22,Joshua Culibao,2023-05-23,2023-07-14,ok,53,2292,3626
13736,1254,2023-07-22,Lerone Murphy,2023-05-23,2023-07-14,ok,53,2396,3373
13741,278,2023-07-22,Makhmud Muradov,2023-05-23,2023-07-14,ok,53,4315,4112
13741,7994,2023-07-22,Bryan Barberena,2023-05-23,2023-07-14,ok,53,4805,10494
13742,2039,2023-07-22,Pannie Kianzad,2023-05-23,2023-07-14,ok,53,2931,2492
13742,2634,2023-07-22,Ketlen Vieira,2023-05-23,2023-07-14,ok,53,8882,4479
13638,1522,2023-08-05,Rob Font,2023-06-06,2023-07-28,ok,53,10935,13026
13638,1504,2023-08-05,Cory Sandhagen,2023-06-06,2023-07-28,ok,53,27920,20524
13642,8030,2023-08-05,Aleksa Camur,2023-06-06,2023-07-28,ok,53,1240,2088
13642,87,2023-08-05,Tanner Boser,2023-06-06,2023-07-28,ok,53,2638,3938
13643,1053,2023-08-05,Ľudovít Klein,2023-06-06,2023-07-28,ok,53,3122,2672
13643,3653,2023-08-05,Ignacio Bahamondes,2023-06-06,2023-07-28,ok,53,2736,2791
13644,1525,2023-08-05,Kyler Phillips,2023-06-06,2023-07-28,ok,53,2778,2280
13644,1517,2023-08-05,Raoni Barcelos,2023-06-06,2023-07-28,ok,53,4984,2012
13646,6481,2023-08-05,Damon Jackson,2023-06-06,2023-07-28,ok,53,10503,2326
13646,2858,2023-08-05,Billy Quarantillo,2023-06-06,2023-07-28,ok,53,4099,2892
13650,530,2023-08-12,Vicente Luque,2023-06-13,2023-08-04,ok,53,13013,16669
13650,3481,2023-08-12,Rafael dos Anjos,2023-06-13,2023-08-04,ok,53,20955,25306
13651,1390,2023-08-12,Hakeem Dawodu,2023-06-13,2023-08-04,ok,53,4287,3630
13651,4211,2023-08-12,Cub Swanson,2023-06-13,2023-08-04,ok,53,9678,9592
13664,4923,2023-08-19,Zhang Weili,2023-06-20,2023-08-11,ok,53,28412,29211
13664,2260,2023-08-19,Amanda Lemos,2023-06-20,2023-08-11,ok,53,9264,15196
13665,774,2023-08-19,Neil Magny,2023-06-20,2023-08-11,ok,53,28537,16871
13665,754,2023-08-19,Ian Machado Garry,2023-06-20,2023-08-11,ok,53,28444,39103
13667,6501,2023-08-19,Pedro Munhoz,2023-06-20,2023-08-11,ok,53,10991,11986
13667,1511,2023-08-19,Marlon Vera,2023-06-20,2023-08-11,ok,53,32572,29303
13668,6556,2023-08-19,Chris Weidman,2023-06-20,2023-08-11,ok,53,28241,34525
13668,564,2023-08-19,Brad Tavares,2023-06-20,2023-08-11,ok,53,13350,8379
13671,5857,2023-08-19,Brad Katona,2023-06-20,2023-08-11,ok,53,39445,24932
13671,1671,2023-08-19,Cody Gibson,2023-06-20,2023-08-11,ok,53,5904,2838
13536,1308,2023-08-26,Giga Chikadze,2023-06-27,2023-08-18,ok,53,11464,11658
13536,7977,2023-08-26,Alex Caceres,2023-06-27,2023-08-18,ok,53,7821,8911
13538,2637,2023-08-26,Taila Santos,2023-06-27,2023-08-18,ok,53,7032,5640
13538,3558,2023-08-26,Erin Blanchfield,2023-06-27,2023-08-18,ok,53,22526,11983
13548,4455,2023-09-02,Rose Namajunas,2023-07-04,2023-08-25,ok,53,44989,78363
13548,3649,2023-09-02,Manon Fiorot,2023-07-04,2023-08-25,ok,53,13329,12531
13626,500,2023-09-09,Sean Strickland,2023-07-11,2023-09-01,ok,53,176173,117945
13626,512,2023-09-09,Israel Adesanya,2023-07-11,2023-09-01,ok,53,279441,150742
13633,1137,2023-09-09,Jamie Mullarkey,2023-07-11,2023-09-01,ok,53,6220,4213
13633,8026,2023-09-09,John Makdessi,2023-07-11,2023-09-01,ok,53,4476,3765
13593,3652,2023-09-23,Dan Ige,2023-07-25,2023-09-15,ok,53,8714,9541
13593,1513,2023-09-23,Bryce Mitchell,2023-07-25,2023-09-15,ok,53,19228,14198
13601,2275,2023-09-23,Mizuki Inoue,2023-07-25,2023-09-15,ok,53,2331,1940
13601,8024,2023-09-23,Hannah Goldy,2023-07-25,2023-09-15,ok,53,3070,2322
13584,822,2023-10-07,Alex Morono,2023-08-08,2023-09-29,ok,53,3100,5878
13584,760,2023-10-07,Joaquin Buckley,2023-08-08,2023-09-29,ok,53,6866,9968
13586,1039,2023-10-07,Alexander Hernandez,2023-08-08,2023-09-29,ok,53,6153,7657
13586,7951,2023-10-07,Bill Algeo,2023-08-08,2023-09-29,ok,53,1567,2966
13587,6043,2023-10-07,Diana Belbiță,2023-08-08,2023-09-29,no data in window,0,,
13587,2316,2023-10-07,Karolina Kowalkiewicz,2023-08-08,2023-09-29,ok,53,8112,12450
13589,2332,2023-10-07,Vanessa Demopoulos,2023-08-08,2023-09-29,ok,53,2659,6964
13589,2315,2023-10-07,Kanako Murata,2023-08-08,2023-09-29,ok,53,864,1834
13590,1669,2023-10-07,Aori Qileng,2023-08-08,2023-09-29,ok,53,1143,1696
13590,1694,2023-10-07,Johnny Muñoz Jr.,2023-08-08,2023-09-29,ok,53,585,1131
13501,5796,2023-10-14,Sodiq Yusuff,2023-08-15,2023-10-06,ok,53,7945,10006
13501,1153,2023-10-14,Edson Barboza,2023-08-15,2023-10-06,ok,53,17396,19240
13502,8014,2023-10-14,Jennifer Maia,2023-08-15,2023-10-06,ok,53,5607,3599
13502,3053,2023-10-14,Viviane Araújo (fighter),2023-08-15,2023-10-06,ok,53,2794,3052
13510,1530,2023-10-14,Chris Gutierrez,2023-08-15,2023-10-06,ok,53,1720,1334
13510,3588,2023-10-14,Alateng Heili,2023-08-15,2023-10-06,ok,53,962,1481
13511,7981,2023-10-14,Emily Ducote,2023-08-15,2023-10-06,ok,53,1012,1253
13511,2319,2023-10-14,Ashley Yoder,2023-08-15,2023-10-06,ok,53,1270,1363
13558,21,2023-11-04,Derrick Lewis,2023-09-05,2023-10-27,ok,53,46514,41833
13558,10,2023-11-04,Jailton Almeida,2023-09-05,2023-10-27,ok,53,16366,26354
13560,5879,2023-11-04,Don'Tale Mayes,2023-09-05,2023-10-27,ok,53,2726,3186
13560,42,2023-11-04,Rodrigo Nascimento,2023-09-05,2023-10-27,ok,53,2271,3176
13522,3587,2023-11-11,John Castañeda,2023-09-12,2023-11-03,ok,53,1064,1514
13522,7984,2023-11-11,Kang Kyung-ho,2023-09-12,2023-11-03,ok,53,1079,2049
13491,1506,2023-12-02,Deiveson Figueiredo,2023-10-03,2023-11-24,ok,53,9911,12883
13491,1522,2023-12-02,Rob Font,2023-10-03,2023-11-24,ok,53,7350,8976
13493,6557,2023-12-02,Clay Guida,2023-10-03,2023-11-24,ok,53,12135,14424
13493,1078,2023-12-02,Joaquim Silva (fighter),2023-10-03,2023-11-24,ok,53,3098,4375
13478,1501,2023-12-09,Song Yadong,2023-10-10,2023-12-01,ok,53,10059,11971
13478,1530,2023-12-09,Chris Gutierrez,2023-10-10,2023-12-01,ok,53,1754,1796
13614,758,2023-12-16,Leon Edwards,2023-10-17,2023-12-08,ok,53,131640,69520
13614,6460,2023-12-16,Colby Covington,2023-10-17,2023-12-08,ok,53,80006,80989
13615,1751,2023-12-16,Brandon Royval,2023-10-17,2023-12-08,ok,53,15534,15819
13615,1748,2023-12-16,Alexandre Pantoja,2023-10-17,2023-12-08,ok,53,43958,30041
13617,1005,2023-12-16,Paddy Pimblett,2023-10-17,2023-12-08,ok,53,101642,84715
13617,7975,2023-12-16,Tony Ferguson,2023-10-17,2023-12-08,ok,53,112344,92998
13619,277,2023-12-16,Alonzo Menifield,2023-10-17,2023-12-08,ok,53,4571,4582
13619,286,2023-12-16,Dustin Jacoby,2023-10-17,2023-12-08,ok,53,6371,6433
13620,6653,2023-12-16,Irene Aldana,2023-10-17,2023-12-08,ok,53,7490,6098
13620,3370,2023-12-16,Karol Rosa,2023-10-17,2023-12-08,ok,53,2281,2498
13469,1503,2024-01-13,Mario Bautista,2023-11-14,2024-01-05,ok,53,7129,5176
13469,1540,2024-01-13,Ricky Simón,2023-11-14,2024-01-05,ok,53,7483,6051
13456,3962,2024-01-20,Mayra Bueno Silva,2023-11-21,2024-01-12,ok,53,11060,12791
13456,6623,2024-01-20,Raquel Pennington,2023-11-21,2024-01-12,ok,53,13603,13920
13459,1255,2024-01-20,Arnold Allen,2023-11-21,2024-01-12,ok,53,16805,18164
13459,1251,2024-01-20,Movsar Evloev,2023-11-21,2024-01-12,ok,53,13542,16775
13434,4454,2024-02-03,Natália Silva (fighter),2023-12-05,2024-01-26,ok,53,1735,2696
13434,3053,2024-02-03,Viviane Araújo (fighter),2023-12-05,2024-01-26,ok,53,1892,2901
13400,135,2024-02-10,Devin Clark (fighter),2023-12-12,2024-02-02,ok,53,2323,1547
13400,335,2024-02-10,Marcin Prachnio,2023-12-12,2024-02-02,ok,53,2187,1663
13420,255,2024-02-17,Paulo Costa,2023-12-19,2024-02-09,ok,53,35713,31649
13420,257,2024-02-17,Robert Whittaker (fighter),2023-12-19,2024-02-09,ok,53,52175,57843
13422,1499,2024-02-17,Merab Dvalishvili,2023-12-19,2024-02-09,ok,53,28755,32178
13422,4925,2024-02-17,Henry Cejudo,2023-12-19,2024-02-09,ok,53,36576,35175
13424,2260,2024-02-17,Amanda Lemos,2023-12-19,2024-02-09,ok,53,7089,7153
13424,2251,2024-02-17,Mackenzie Dern,2023-12-19,2024-02-09,ok,53,12907,17386
13430,5640,2024-02-17,Miranda Maverick,2023-12-19,2024-02-09,ok,53,2750,4450
13430,6190,2024-02-17,Andrea Lee (fighter),2023-12-19,2024-02-09,ok,53,5807,5438
13446,4848,2024-03-02,Muhammad Mokaev,2024-01-02,2024-02-23,ok,53,13575,10747
13446,1769,2024-03-02,Alex Perez (fighter),2024-01-02,2024-02-23,ok,53,4678,5294
13449,8009,2024-03-02,Jamie Pickett,2024-01-02,2024-02-23,ok,53,4544,2829
13449,542,2024-03-02,Eryk Anders,2024-01-02,2024-02-23,ok,53,10843,3475
13451,1585,2024-03-02,Javid Basharat,2024-01-02,2024-02-23,ok,53,10562,4590
13451,1505,2024-03-02,Aiemann Zahabi,2024-01-02,2024-02-23,ok,53,3490,3573
13405,3747,2024-03-09,Sean O'Malley (fighter),2024-01-09,2024-03-01,ok,53,91102,127760
13405,1511,2024-03-09,Marlon Vera,2024-01-09,2024-03-01,ok,53,46929,68166
13407,761,2024-03-09,Michael Page,2024-01-09,2024-03-01,ok,53,87436,71654
13407,770,2024-03-09,Kevin Holland,2024-01-09,2024-03-01,ok,53,30225,27404
13409,1498,2024-03-09,Petr Yan,2024-01-09,2024-03-01,ok,53,28530,42453
13409,1501,2024-03-09,Song Yadong,2024-01-09,2024-03-01,ok,53,16258,18944
13411,3562,2024-03-09,Katlyn Cerminara,2024-01-09,2024-03-01,ok,13,0,4984
13411,4367,2024-03-09,Maycee Barber,2024-01-09,2024-03-01,ok,53,11123,8615
13412,1011,2024-03-09,Mateusz Gamrot,2024-01-09,2024-03-01,ok,53,23395,16649
13412,3481,2024-03-09,Rafael dos Anjos,2024-01-09,2024-03-01,ok,53,22167,17668
13413,6501,2024-03-09,Pedro Munhoz,2024-01-09,2024-03-01,ok,53,7740,9236
13413,1525,2024-03-09,Kyler Phillips,2024-01-09,2024-03-01,ok,53,3467,4139
13414,75,2024-03-09,Philipe Lins,2024-01-09,2024-03-01,ok,53,1575,2788
13414,288,2024-03-09,Ion Cutelaba,2024-01-09,2024-03-01,ok,46,65,25
13360,3564,2024-03-16,Chelsea Chandler,2024-01-16,2024-03-08,ok,53,2191,1345
13360,6182,2024-03-16,Josiane Nunes,2024-01-16,2024-03-08,ok,53,1293,943
13340,4455,2024-03-23,Rose Namajunas,2024-01-23,2024-03-15,ok,53,33604,32225
13340,2269,2024-03-23,Amanda Ribas,2024-01-23,2024-03-15,ok,53,8643,10919
13348,1331,2024-03-23,Miles Johns,2024-01-23,2024-03-15,ok,53,653,774
13348,1671,2024-03-23,Cody Gibson,2024-01-23,2024-03-15,ok,53,1944,1804
13366,3558,2024-03-30,Erin Blanchfield,2024-01-30,2024-03-22,ok,53,14377,11800
13366,3649,2024-03-30,Manon Fiorot,2024-01-30,2024-03-22,ok,53,9340,15153
13373,2252,2024-03-30,Virna Jandiroba,2024-01-30,2024-03-22,ok,53,2127,1874
13373,2262,2024-03-30,Loopy Godinez,2024-01-30,2024-03-22,ok,53,2516,1934
13317,810,2024-04-06,Court McGee,2024-02-06,2024-03-29,ok,53,3806,3851
13317,822,2024-04-06,Alex Morono,2024-02-06,2024-03-29,ok,53,2517,3064
13319,7990,2024-04-06,Germaine de Randamie,2024-02-06,2024-03-29,ok,53,5340,6240
13319,3583,2024-04-06,Norma Dumont,2024-02-06,2024-03-29,ok,53,2971,4262
13325,2258,2024-04-13,Yan Xiaonan,2024-02-13,2024-04-05,ok,53,19443,16946
13325,4923,2024-04-13,Zhang Weili,2024-02-13,2024-04-05,ok,53,41213,41271
13330,1305,2024-04-13,Calvin Kattar,2024-02-13,2024-04-05,ok,53,21683,13637
13330,1249,2024-04-13,Aljamain Sterling,2024-02-13,2024-04-05,ok,53,82794,27898
13335,3781,2024-04-13,King Green,2024-02-13,2024-04-05,no data in window,0,,
13335,1051,2024-04-13,Jim Miller (fighter),2024-02-13,2024-04-05,ok,53,35972,24782
13301,3475,2024-04-27,Karine Silva,2024-02-27,2024-04-19,ok,53,1651,2023
13301,3056,2024-04-27,Ariane Lipski da Silva,2024-02-27,2024-04-19,no data in window,0,,
13286,1748,2024-05-04,Alexandre Pantoja,2024-03-05,2024-04-26,ok,53,43181,35280
13286,1757,2024-05-04,Steve Erceg,2024-03-05,2024-04-26,ok,53,75483,34750
13287,5855,2024-05-04,José Aldo,2024-03-05,2024-04-26,ok,53,89137,63790
13287,6480,2024-05-04,Jonathan Martinez,2024-03-05,2024-04-26,ok,53,22572,13960
13294,1078,2024-05-04,Joaquim Silva (fighter),2024-03-05,2024-04-26,ok,53,4118,5952
13294,1049,2024-05-04,Drakkar Klose,2024-03-05,2024-04-26,ok,53,3110,2829
13239,760,2024-05-11,Joaquin Buckley,2024-03-12,2024-05-03,ok,53,65299,17657
13239,539,2024-05-11,Nursulton Ruziboev,2024-03-12,2024-05-03,ok,8,0,3835
13242,1296,2024-05-11,Sean Woodson,2024-03-12,2024-05-03,ok,53,4969,3149
13242,7977,2024-05-11,Alex Caceres,2024-03-12,2024-05-03,ok,53,6872,5416
13250,1153,2024-05-18,Edson Barboza,2024-03-19,2024-05-10,ok,53,24193,15085
13250,1254,2024-05-18,Lerone Murphy,2024-03-19,2024-05-10,ok,53,8303,8298
13229,4369,2024-06-01,Niko Price,2024-04-02,2024-05-24,ok,53,7628,6140
13229,822,2024-06-01,Alex Morono,2024-04-02,2024-05-24,ok,53,10602,5080
13230,813,2024-06-01,Elizeu Zaleski dos Santos,2024-04-02,2024-05-24,ok,53,9302,12061
13230,786,2024-06-01,Randy Brown (fighter),2024-04-02,2024-05-24,ok,53,4389,9480
13233,6326,2024-06-01,Joe Solecki,2024-04-02,2024-05-24,ok,53,2857,3442
13233,1019,2024-06-01,Grant Dawson,2024-04-02,2024-05-24,ok,53,7589,5292
13234,787,2024-06-01,Jake Matthews (fighter),2024-04-02,2024-05-24,ok,53,6358,4956
13234,818,2024-06-01,Philip Rowe,2024-04-02,2024-05-24,ok,53,2848,2951
13193,794,2024-06-08,Punahele Soriano,2024-04-09,2024-05-31,ok,53,1927,1603
13193,7970,2024-06-08,Miguel Baeza,2024-04-09,2024-05-31,ok,53,1793,1767
13194,1053,2024-06-08,Ľudovít Klein,2024-04-09,2024-05-31,ok,53,2007,1510
13194,1110,2024-06-08,Thiago Moisés,2024-04-09,2024-05-31,ok,53,4189,3393
13198,1516,2024-06-08,Daniel Marcos,2024-04-09,2024-05-31,ok,53,1279,775
13198,3587,2024-06-08,John Castañeda,2024-04-09,2024-05-31,ok,53,681,650
13200,6485,2024-06-08,Cody Stamann,2024-04-09,2024-05-31,ok,53,2226,1520
13200,1524,2024-06-08,Taylor Lapilus,2024-04-09,2024-05-31,ok,53,1087,885
13203,4405,2024-06-15,Douglas Silva de Andrade,2024-04-16,2024-06-07,ok,53,1426,2056
13203,1331,2024-06-15,Miles Johns,2024-04-16,2024-06-07,ok,53,811,1097
13276,2,2024-06-22,Alexander Volkov (fighter),2024-04-23,2024-06-14,ok,53,22697,25519
13276,4,2024-06-22,Sergei Pavlovich,2024-04-23,2024-06-14,ok,53,28394,23356
13277,771,2024-06-22,Daniel Rodriguez (fighter),2024-04-23,2024-06-14,ok,53,6564,6956
13277,527,2024-06-22,Kelvin Gastelum,2024-04-23,2024-06-14,ok,53,13003,15374
13263,3652,2024-06-29,Dan Ige,2024-04-30,2024-06-21,ok,53,5585,3623
13263,1250,2024-06-29,Diego Lopes (fighter),2024-04-30,2024-06-21,ok,53,11254,29253
13264,44,2024-06-29,Anthony Smith (fighter),2024-04-30,2024-06-21,ok,53,81373,27688
13264,264,2024-06-29,Roman Dolidze,2024-04-30,2024-06-21,ok,53,8978,12980
13266,761,2024-06-29,Michael Page,2024-04-30,2024-06-21,ok,53,46969,51928
13266,754,2024-06-29,Ian Machado Garry,2024-04-30,2024-06-21,ok,53,26699,29111
13271,7982,2024-06-29,Michelle Waterson-Gomez,2024-04-30,2024-06-21,ok,53,8908,8903
13271,2255,2024-06-29,Gillian Robertson,2024-04-30,2024-06-21,ok,53,5422,4222
13164,4455,2024-07-13,Rose Namajunas,2024-05-14,2024-07-05,ok,53,31153,32951
13164,3849,2024-07-13,Tracy Cortez,2024-05-14,2024-07-05,ok,53,14917,27826
13120,4003,2024-07-20,Lucie Pudilová,2024-05-21,2024-07-12,ok,53,1249,765
13120,5109,2024-07-20,Luana Carolina,2024-05-21,2024-07-12,ok,53,794,923
13122,759,2024-07-27,Belal Muhammad,2024-05-28,2024-07-19,ok,53,62440,51533
13122,758,2024-07-27,Leon Edwards,2024-05-28,2024-07-19,ok,53,99983,75131
13126,1255,2024-07-27,Arnold Allen,2024-05-28,2024-07-19,ok,53,11675,14850
13126,1308,2024-07-27,Giga Chikadze,2024-05-28,2024-07-19,ok,53,8034,11558
13127,1270,2024-07-27,Nathaniel Wood (fighter),2024-05-28,2024-07-19,ok,53,4084,3837
13127,6532,2024-07-27,Daniel Pineda (fighter),2024-05-28,2024-07-19,ok,53,2316,2791
13130,1749,2024-07-27,Manel Kape,2024-05-28,2024-07-19,ok,53,16581,14195
13130,4848,2024-07-27,Muhammad Mokaev,2024-05-28,2024-07-19,ok,53,18420,14549
13213,1502,2024-08-03,Umar Nurmagomedov,2024-06-04,2024-07-26,ok,53,51997,21085
13213,1504,2024-08-03,Cory Sandhagen,2024-06-04,2024-07-26,ok,53,19389,15042
13214,537,2024-08-03,Michał Oleksiejczuk,2024-06-04,2024-07-26,ok,53,9289,6128
13214,521,2024-08-03,Sharabutdin Magomedov,2024-06-04,2024-07-26,ok,53,149906,15475
13215,1511,2024-08-03,Marlon Vera,2024-06-04,2024-07-26,ok,53,24550,13904
13215,1506,2024-08-03,Deiveson Figueiredo,2024-06-04,2024-07-26,ok,53,12600,8734
13217,2262,2024-08-03,Loopy Godinez,2024-06-04,2024-07-26,ok,53,3746,4415
13217,2251,2024-08-03,Mackenzie Dern,2024-06-04,2024-07-26,ok,53,17473,19347
13140,3471,2024-08-10,Yana Santos,2024-06-11,2024-08-02,ok,53,1733,1674
13140,3564,2024-08-10,Chelsea Chandler,2024-06-11,2024-08-02,ok,53,1500,1721
13142,2039,2024-08-10,Pannie Kianzad,2024-06-11,2024-08-02,ok,53,2260,1434
13142,3370,2024-08-10,Karol Rosa,2024-06-11,2024-08-02,ok,53,1091,1148
13186,6463,2024-08-17,Song Kenan,2024-06-18,2024-08-09,ok,53,3811,2207
13186,7969,2024-08-17,Ricky Glenn,2024-06-18,2024-08-09,ok,53,2071,1933
13088,507,2024-08-24,Caio Borralho,2024-06-25,2024-08-16,ok,53,8100,12193
13088,514,2024-08-24,Jared Cannonier,2024-06-25,2024-08-16,ok,53,16031,13461
13089,2259,2024-08-24,Tabatha Ricci,2024-06-25,2024-08-16,ok,53,3555,3315
13089,2264,2024-08-24,Angela Hill,2024-06-25,2024-08-16,ok,53,8072,5520
13099,753,2024-09-07,Sean Brady (fighter),2024-07-09,2024-08-30,ok,53,26202,16083
13099,790,2024-09-07,Gilbert Burns,2024-07-09,2024-08-30,ok,53,31449,29118
13100,4454,2024-09-07,Natália Silva (fighter),2024-07-09,2024-08-30,ok,53,2466,5647
13100,2266,2024-09-07,Jéssica Andrade,2024-07-09,2024-08-30,ok,53,13425,8664
5861,1499,2024-09-14,Merab Dvalishvili,2024-07-16,2024-09-06,ok,53,60549,73834
5861,3747,2024-09-14,Sean O'Malley (fighter),2024-07-16,2024-09-06,ok,53,100228,94628
5862,3650,2024-09-14,Alexa Grasso,2024-07-16,2024-09-06,ok,53,37066,39312
5862,4922,2024-09-14,Valentina Shevchenko,2024-07-16,2024-09-06,ok,53,40469,48479
5863,1250,2024-09-14,Diego Lopes (fighter),2024-07-16,2024-09-06,ok,53,17071,18075
5863,3644,2024-09-14,Brian Ortega,2024-07-16,2024-09-06,ok,53,24196,20732
5866,3583,2024-09-14,Norma Dumont,2024-07-16,2024-09-06,ok,53,5199,4286
5866,6653,2024-09-14,Irene Aldana,2024-07-16,2024-09-06,ok,53,7535,5733
5815,503,2024-09-28,Nassourdine Imavov,2024-07-30,2024-09-20,ok,53,35929,12372
5815,506,2024-09-28,Brendan Allen,2024-07-30,2024-09-20,ok,53,32813,11254
5822,6636,2024-09-28,Roosevelt Roberts,2024-07-30,2024-09-20,ok,53,638,2471
5822,1053,2024-09-28,Ľudovít Klein,2024-07-30,2024-09-20,ok,53,2709,4243
5823,1678,2024-09-28,Vince Morales,2024-07-30,2024-09-20,ok,53,583,1541
5823,1524,2024-09-28,Taylor Lapilus,2024-07-30,2024-09-20,ok,53,1288,1263
5770,2634,2024-10-05,Ketlen Vieira,2024-08-06,2024-09-27,ok,53,7174,6705
5770,5815,2024-10-05,Kayla Harrison,2024-08-06,2024-09-27,ok,53,24573,19146
5776,2263,2024-10-05,Tecia Pennington,2024-08-06,2024-09-27,ok,53,5312,5411
5776,6625,2024-10-05,Carla Esparza,2024-08-06,2024-09-27,ok,53,10921,12000
5647,713,2024-10-12,Jared Gooden,2024-08-13,2024-10-04,ok,53,1039,806
5647,777,2024-10-12,Chidi Njokuani,2024-08-13,2024-10-04,ok,53,1426,1085
5652,826,2024-10-12,Themba Gorimbo,2024-08-13,2024-10-04,ok,53,3846,2722
5652,4369,2024-10-12,Niko Price,2024-08-13,2024-10-04,ok,53,3489,2414
5586,1522,2024-10-19,Rob Font,2024-08-20,2024-10-11,ok,53,5734,4665
5586,1525,2024-10-19,Kyler Phillips,2024-08-20,2024-10-11,ok,53,3238,3008
5589,6532,2024-10-19,Daniel Pineda (fighter),2024-08-20,2024-10-11,ok,53,1818,1340
5589,1436,2024-10-19,Darren Elkins,2024-08-20,2024-10-11,ok,53,2673,2178
5590,1758,2024-10-19,Asu Almabayev,2024-08-20,2024-10-11,ok,53,3635,2260
5590,6533,2024-10-19,Matheus Nicolau,2024-08-20,2024-10-11,ok,53,2893,1886
5593,2353,2024-10-19,Elise Reed,2024-08-20,2024-10-11,ok,53,601,607
5593,6534,2024-10-19,Jessica Penne,2024-08-20,2024-10-11,ok,53,3018,2211
5595,418,2024-10-19,Austen Lane,2024-08-20,2024-10-11,ok,53,2580,2089
5595,57,2024-10-19,Robelis Despaigne,2024-08-20,2024-10-11,ok,53,3382,2642
5792,24,2024-10-26,Aleksandar Rakić,2024-08-27,2024-10-18,ok,53,13590,29395
5792,251,2024-10-26,Magomed Ankalaev,2024-08-27,2024-10-18,ok,53,33696,90865
5793,3652,2024-10-26,Dan Ige,2024-08-27,2024-10-18,ok,53,15886,8802
5793,1254,2024-10-26,Lerone Murphy,2024-08-27,2024-10-18,ok,53,6507,10884
5801,554,2024-10-26,Ismail Naurdiev,2024-08-27,2024-10-18,ok,53,4569,3710
5801,5856,2024-10-26,Bruno Silva (fighter),2024-08-27,2024-10-18,ok,53,6838,10361
5538,1772,2024-11-02,Amir Albazi,2024-09-03,2024-10-25,ok,53,9408,9666
5538,1753,2024-11-02,Brandon Moreno,2024-09-03,2024-10-25,ok,53,23552,16538
5539,4455,2024-11-02,Rose Namajunas,2024-09-03,2024-10-25,ok,53,29505,18867
5539,3558,2024-11-02,Erin Blanchfield,2024-09-03,2024-10-25,ok,53,7998,5915
5543,767,2024-11-02,Mike Malott,2024-09-03,2024-10-25,ok,53,2532,2385
5543,6500,2024-11-02,Trevin Giles,2024-09-03,2024-10-25,ok,53,2067,1914
5544,6501,2024-11-02,Pedro Munhoz,2024-09-03,2024-10-25,ok,53,8582,3689
5544,1505,2024-11-02,Aiemann Zahabi,2024-09-03,2024-10-25,ok,53,4019,2584
5547,42,2024-11-02,Rodrigo Nascimento,2024-09-03,2024-10-25,ok,53,2542,2441
5547,18,2024-11-02,Alexander Romanov (fighter),2024-09-03,2024-10-25,ok,53,3346,3395
5488,2255,2024-11-09,Gillian Robertson,2024-09-10,2024-11-01,ok,53,3110,2084
5488,5800,2024-11-09,Luana Pinheiro,2024-09-10,2024-11-01,ok,53,1490,1288
5490,2316,2024-11-09,Karolina Kowalkiewicz,2024-09-10,2024-11-01,ok,53,6024,4482
5490,2254,2024-11-09,Denise Gomes,2024-09-10,2024-11-01,ok,53,2255,1031
5474,1030,2024-11-16,Michael Chandler,2024-09-17,2024-11-08,ok,53,35031,38202
5474,4374,2024-11-16,Charles Oliveira,2024-09-17,2024-11-08,ok,53,54985,61896
5475,5263,2024-11-16,Paul Craig,2024-09-17,2024-11-08,ok,53,40160,39322
5475,519,2024-11-16,Bo Nickal,2024-09-17,2024-11-08,ok,53,27293,47551
5476,3053,2024-11-16,Viviane Araújo (fighter),2024-09-17,2024-11-08,ok,53,2117,5020
5476,3475,2024-11-16,Karine Silva,2024-09-17,2024-11-08,ok,53,1696,4894
5439,1498,2024-11-23,Petr Yan,2024-09-24,2024-11-15,ok,53,24770,18731
5439,1506,2024-11-23,Deiveson Figueiredo,2024-09-24,2024-11-15,ok,53,18753,19312
5440,2258,2024-11-23,Yan Xiaonan,2024-09-24,2024-11-15,ok,53,6497,4920
5440,2259,2024-11-23,Tabatha Ricci,2024-09-24,2024-11-15,ok,53,7062,4981
5443,252,2024-11-23,Carlos Ulberg,2024-09-24,2024-11-15,ok,53,12504,7260
5443,263,2024-11-23,Volkan Oezdemir,2024-09-24,2024-11-15,ok,53,23764,16330
5658,754,2024-12-07,Ian Machado Garry,2024-10-08,2024-11-29,ok,53,33297,64617
5658,6554,2024-12-07,Shavkat Rakhmonov,2024-10-08,2024-11-29,ok,53,111776,83793
5664,1251,2024-12-07,Movsar Evloev,2024-10-08,2024-11-29,ok,53,43488,20773
5664,1249,2024-12-07,Aljamain Sterling,2024-10-08,2024-11-29,ok,53,23571,28331
5188,1499,2025-01-18,Merab Dvalishvili,2024-11-19,2025-01-10,ok,53,134492,66506
5188,1502,2025-01-18,Umar Nurmagomedov,2024-11-19,2025-01-10,ok,53,150121,80121
5192,1507,2025-01-18,Payton Talbott,2024-11-19,2025-01-10,ok,53,14318,15027
5192,1517,2025-01-18,Raoni Barcelos,2024-11-19,2025-01-10,ok,53,7373,5367
5195,1019,2025-01-18,Grant Dawson,2024-11-19,2025-01-10,ok,53,9861,6706
5195,1041,2025-01-18,Carlos Diego Ferreira,2024-11-19,2025-01-10,ok,53,8027,4299
5048,521,2025-02-01,Sharabutdin Magomedov,2024-12-03,2025-01-24,ok,53,92019,90540
5048,761,2025-02-01,Michael Page,2024-12-03,2025-01-24,ok,53,52946,38046
5049,4,2025-02-01,Sergei Pavlovich,2024-12-03,2025-01-24,ok,53,30544,20892
5049,6235,2025-02-01,Jairzinho Rozenstruik,2024-12-03,2025-01-24,ok,53,11806,11209
5051,1160,2025-02-01,Mike Davis (fighter),2024-12-03,2025-01-24,ok,53,2903,3488
5051,1044,2025-02-01,Farès Ziam,2024-12-03,2025-01-24,ok,53,3510,4210
5055,3559,2025-02-01,Jasmine Jasudavicius,2024-12-03,2025-01-24,ok,53,3820,5055
5055,3962,2025-02-01,Mayra Bueno Silva,2024-12-03,2025-01-24,ok,53,3187,4757
5092,502,2025-02-08,Dricus du Plessis,2024-12-10,2025-01-31,ok,53,89179,104476
5092,500,2025-02-08,Sean Strickland,2024-12-10,2025-01-31,ok,53,125997,109641
5093,4923,2025-02-08,Zhang Weili,2024-12-10,2025-01-31,ok,53,22830,25227
5093,2253,2025-02-08,Tatiana Suarez,2024-12-10,2025-01-31,ok,53,18801,23353
4926,1305,2025-02-15,Calvin Kattar,2024-12-17,2025-02-07,ok,53,7221,10235
4926,1259,2025-02-15,Youssef Zalal,2024-12-17,2025-02-07,ok,53,12633,13642
4929,578,2025-02-15,Rodolfo Vieira,2024-12-17,2025-02-07,ok,53,3096,3098
4929,594,2025-02-15,Andre Petroski,2024-12-17,2025-02-07,ok,53,2665,2302
4936,6188,2025-02-15,Julia Avila,2024-12-17,2025-02-07,ok,53,1135,1226
4936,3903,2025-02-15,Jacqueline Cavalcanti,2024-12-17,2025-02-07,ok,53,1421,1311
4938,511,2025-02-22,Anthony Hernandez,2024-12-24,2025-02-14,ok,53,8451,8531
4938,506,2025-02-22,Brendan Allen,2024-12-24,2025-02-14,ok,53,13008,23193
4900,3746,2025-03-08,Alex Pereira,2025-01-07,2025-02-28,ok,53,259517,183141
4900,251,2025-03-08,Magomed Ankalaev,2025-01-07,2025-02-28,ok,53,157494,117085
4901,1009,2025-03-08,Rafael Fiziev,2025-01-07,2025-02-28,ok,53,35917,49341
4901,1000,2025-03-08,Justin Gaethje,2025-01-07,2025-02-28,ok,53,72296,75811
4887,528,2025-03-15,Marvin Vettori,2025-01-14,2025-03-07,ok,53,36992,16289
4887,264,2025-03-15,Roman Dolidze,2025-01-14,2025-03-07,ok,53,28667,10985
4889,1177,2025-03-15,Kurt Holobaugh,2025-01-14,2025-03-07,ok,53,864,1141
4889,1039,2025-03-15,Alexander Hernandez,2025-01-14,2025-03-07,ok,53,6214,4940
4911,252,2025-03-22,Carlos Ulberg,2025-01-21,2025-03-14,ok,53,18399,16365
4911,260,2025-03-22,Jan Błachowicz,2025-01-21,2025-03-14,ok,53,59103,62199
4912,770,2025-03-22,Kevin Holland,2025-01-21,2025-03-14,ok,53,60597,20247
4912,6184,2025-03-22,Gunnar Nelson (fighter),2025-01-21,2025-03-14,ok,53,16246,10414
4918,29,2025-03-22,Marcin Tybura,2025-01-21,2025-03-14,ok,53,7859,5184
4918,3480,2025-03-22,Mick Parkin,2025-01-21,2025-03-14,ok,53,7342,4387
4875,1753,2025-03-29,Brandon Moreno,2025-01-28,2025-03-21,ok,53,21728,17848
4875,1757,2025-03-29,Steve Erceg,2025-01-28,2025-03-21,ok,53,12775,7696
4878,1519,2025-03-29,Raul Rosas Jr.,2025-01-28,2025-03-21,ok,53,15281,16128
4878,1678,2025-03-29,Vince Morales,2025-01-28,2025-03-21,ok,53,5403,3399
4884,1023,2025-03-29,Rafa García (fighter),2025-01-28,2025-03-21,ok,53,1641,1402
4884,6177,2025-03-29,Vinc Pichel,2025-01-28,2025-03-21,ok,53,1438,1463
4664,1254,2025-04-05,Lerone Murphy,2025-02-04,2025-03-28,ok,53,10769,10370
4664,1272,2025-04-05,Josh Emmett,2025-02-04,2025-03-28,ok,53,28635,18207
4667,564,2025-04-05,Brad Tavares,2025-02-04,2025-03-28,ok,53,8166,2869
4667,3530,2025-04-05,Gerald Meerschaert,2025-02-04,2025-03-28,ok,53,8059,6304
4675,2271,2025-04-05,Talita Alencar,2025-02-04,2025-03-28,ok,53,585,698
4675,2332,2025-04-05,Vanessa Demopoulos,2025-02-04,2025-03-28,ok,53,1676,1826
4249,1248,2025-04-12,Alexander Volkanovski,2025-02-11,2025-04-04,ok,53,100180,68086
4249,1250,2025-04-12,Diego Lopes (fighter),2025-02-11,2025-04-04,ok,53,72917,45968
4251,1265,2025-04-12,Patrício Pitbull,2025-02-11,2025-04-04,ok,53,63147,25276
4251,2451,2025-04-12,Yair Rodríguez,2025-02-11,2025-04-04,ok,53,25217,18828
4255,2252,2025-04-12,Virna Jandiroba,2025-02-11,2025-04-04,ok,53,6412,3162
4255,2258,2025-04-12,Yan Xiaonan,2025-02-11,2025-04-04,ok,53,8456,4286
4256,1051,2025-04-12,Jim Miller (fighter),2025-02-11,2025-04-04,ok,53,20372,12500
4256,3091,2025-04-12,Chase Hooper,2025-02-11,2025-04-04,ok,53,10989,8380
4065,754,2025-04-26,Ian Machado Garry,2025-02-25,2025-04-18,ok,53,22984,40616
4065,752,2025-04-26,Carlos Prates,2025-02-25,2025-04-18,ok,53,37976,72970
4032,1516,2025-05-03,Daniel Marcos,2025-03-04,2025-04-25,ok,53,2519,2448
4032,1520,2025-05-03,Montel Jackson,2025-03-04,2025-04-25,ok,53,2444,2346
4034,3782,2025-05-03,Jeremy Stephens,2025-03-04,2025-04-25,ok,53,27392,14822
4034,1073,2025-05-03,Mason Jones (fighter),2025-03-04,2025-04-25,ok,53,6511,2651
4035,5877,2025-05-03,Miesha Tate,2025-03-04,2025-04-25,ok,53,15302,15144
4035,3471,2025-05-03,Yana Santos,2025-03-04,2025-04-25,ok,53,2208,2487
3993,756,2025-05-10,Jack Della Maddalena,2025-03-11,2025-05-02,ok,53,53632,55062
3993,759,2025-05-10,Belal Muhammad,2025-03-11,2025-05-02,ok,53,130252,74189
3994,4922,2025-05-10,Valentina Shevchenko,2025-03-11,2025-05-02,ok,53,41027,36064
3994,3649,2025-05-10,Manon Fiorot,2025-03-11,2025-05-02,ok,53,12718,16315
3995,1505,2025-05-10,Aiemann Zahabi,2025-03-11,2025-05-02,ok,53,7954,12188
3995,5855,2025-05-10,José Aldo,2025-03-11,2025-05-02,ok,53,54155,47413
3996,3650,2025-05-10,Alexa Grasso,2025-03-11,2025-05-02,ok,53,15565,17731
3996,4454,2025-05-10,Natália Silva (fighter),2025-03-11,2025-05-02,ok,53,5016,7627
3910,539,2025-05-17,Nursulton Ruziboev,2025-03-18,2025-05-09,ok,53,3040,3191
3910,552,2025-05-17,Dustin Stoltzfus,2025-03-18,2025-05-09,ok,53,3026,2095
3918,2263,2025-05-17,Tecia Pennington,2025-03-18,2025-05-09,ok,53,2091,1692
3918,5800,2025-05-17,Luana Pinheiro,2025-03-18,2025-05-09,ok,53,1069,1316
4020,1011,2025-05-31,Mateusz Gamrot,2025-04-01,2025-05-23,ok,53,24194,22954
4020,1053,2025-05-31,Ľudovít Klein,2025-04-01,2025-05-23,ok,53,8257,13787
4023,4403,2025-05-31,Macy Chiasson,2025-04-01,2025-05-23,ok,53,2049,2607
4023,2634,2025-05-31,Ketlen Vieira,2025-04-01,2025-05-23,ok,53,4163,3731
3930,504,2025-06-07,Joe Pyfer,2025-04-08,2025-05-30,ok,53,6903,11301
3930,527,2025-06-07,Kelvin Gastelum,2025-04-08,2025-05-30,ok,53,13388,12785
3931,1503,2025-06-07,Mario Bautista,2025-04-08,2025-05-30,ok,53,10464,15503
3931,3063,2025-06-07,Patchy Mix,2025-04-08,2025-05-30,ok,53,6846,58412
3935,9,2025-06-07,Waldo Cortes-Acosta,2025-04-08,2025-05-30,ok,53,4770,4374
3935,14,2025-06-07,Serghei Spivac,2025-04-08,2025-05-30,ok,53,6782,7290
3937,3056,2025-06-07,Ariane Lipski da Silva,2025-04-08,2025-05-30,no data in window,0,,
3937,3848,2025-06-07,Wang Cong,2025-04-08,2025-05-30,ok,53,3164,3241
3679,760,2025-06-14,Joaquin Buckley,2025-04-15,2025-06-06,ok,53,46056,26264
3679,3090,2025-06-14,Kamaru Usman,2025-04-15,2025-06-06,ok,53,70586,39659
3680,4455,2025-06-14,Rose Namajunas,2025-04-15,2025-06-06,ok,53,35876,24712
3680,5640,2025-06-14,Miranda Maverick,2025-04-15,2025-06-06,ok,53,5077,5573
3681,529,2025-06-14,Edmen Shahbazyan,2025-04-15,2025-06-06,ok,53,4420,3995
3681,594,2025-06-14,Andre Petroski,2025-04-15,2025-06-06,ok,53,2560,2053
3682,1517,2025-06-14,Raoni Barcelos,2025-04-15,2025-06-06,ok,53,4279,3974
3682,1561,2025-06-14,Cody Garbrandt,2025-04-15,2025-06-06,ok,53,23036,17055
3686,810,2025-06-14,Court McGee,2025-04-15,2025-06-06,ok,53,4802,4165
3686,4368,2025-06-14,Michael Chiesa,2025-04-15,2025-06-06,ok,53,9281,7201
3704,259,2025-06-21,Khalil Rountree Jr.,2025-04-22,2025-06-13,ok,53,16429,14085
3704,273,2025-06-21,Jamahal Hill,2025-04-22,2025-06-13,ok,53,15951,10795
3705,1009,2025-06-21,Rafael Fiziev,2025-04-22,2025-06-13,ok,53,15172,11628
3705,3653,2025-06-21,Ignacio Bahamondes,2025-04-22,2025-06-13,ok,53,11668,8071
3711,535,2025-06-21,Jun Yong Park,2025-04-22,2025-06-13,ok,53,3130,1570
3711,554,2025-06-21,Ismail Naurdiev,2025-04-22,2025-06-13,ok,53,3612,2042
3819,1747,2025-06-28,Joshua Van,2025-04-29,2025-06-20,ok,53,5323,86193
3819,1751,2025-06-28,Brandon Royval,2025-04-29,2025-06-20,ok,53,9784,15027
3824,3849,2025-06-28,Tracy Cortez,2025-04-29,2025-06-20,ok,53,20107,16334
3824,3053,2025-06-28,Viviane Araújo (fighter),2025-04-29,2025-06-20,ok,53,4798,3046
3560,1305,2025-07-12,Calvin Kattar,2025-05-13,2025-07-04,ok,53,6905,9548
3560,1261,2025-07-12,Steve Garcia,2025-05-13,2025-07-04,ok,53,3728,4577
3456,5493,2025-07-19,Dustin Poirier,2025-05-20,2025-07-11,ok,53,72499,138203
3456,3846,2025-07-19,Max Holloway,2025-05-20,2025-07-11,ok,53,66720,159064
3457,523,2025-07-19,Roman Kopylov,2025-05-20,2025-07-11,ok,53,11159,11861
3457,255,2025-07-19,Paulo Costa,2025-05-20,2025-07-11,ok,53,21270,26462
3458,770,2025-07-19,Kevin Holland,2025-05-20,2025-07-11,ok,53,105071,31532
3458,771,2025-07-19,Daniel Rodriguez (fighter),2025-05-20,2025-07-11,ok,53,4495,6743
3459,3652,2025-07-19,Dan Ige,2025-05-20,2025-07-11,ok,53,6509,10444
3459,1265,2025-07-19,Patrício Pitbull,2025-05-20,2025-07-11,ok,53,13418,13055
3460,1108,2025-07-19,Daniel Zellhuber,2025-05-20,2025-07-11,ok,53,2773,6633
3460,1099,2025-07-19,Michael Johnson (fighter),2025-05-20,2025-07-11,ok,53,10491,17039
3462,506,2025-07-19,Brendan Allen,2025-05-20,2025-07-11,ok,53,8097,8319
3462,528,2025-07-19,Marvin Vettori,2025-05-20,2025-07-11,ok,53,9757,12654
3694,521,2025-07-26,Sharabutdin Magomedov,2025-05-27,2025-07-18,ok,53,29346,27232
3694,545,2025-07-26,Marc-André Barriault,2025-05-27,2025-07-18,ok,53,7307,4817
3697,1513,2025-07-26,Bryce Mitchell,2025-05-27,2025-07-18,ok,53,25813,37149
3697,1546,2025-07-26,Said Nurmagomedov,2025-05-27,2025-07-18,ok,53,11302,9415
3349,3689,2025-08-02,Nora Cornolle,2025-06-03,2025-07-25,ok,53,1006,847
3349,3370,2025-08-02,Karol Rosa,2025-06-03,2025-07-25,ok,53,1360,1037
3335,1811,2025-08-09,Ode' Osbourne,2025-06-10,2025-08-01,ok,53,1380,2181
3335,1757,2025-08-09,Steve Erceg,2025-06-10,2025-08-01,ok,53,23240,5686
3300,502,2025-08-16,Dricus du Plessis,2025-06-17,2025-08-08,ok,53,138451,165064
3300,501,2025-08-16,Khamzat Chimaev,2025-06-17,2025-08-08,ok,53,169118,192642
3303,514,2025-08-16,Jared Cannonier,2025-06-17,2025-08-08,ok,53,22509,20816
3303,761,2025-08-16,Michael Page,2025-06-17,2025-08-08,ok,53,50478,63509
3307,2262,2025-08-16,Loopy Godinez,2025-06-17,2025-08-08,ok,53,2555,3719
3307,2266,2025-08-16,Jéssica Andrade,2025-06-17,2025-08-08,ok,53,7920,6192
3309,1049,2025-08-16,Drakkar Klose,2025-06-17,2025-08-08,ok,53,4949,4198
3309,1153,2025-08-16,Edson Barboza,2025-06-17,2025-08-08,ok,53,17919,18212
3229,1249,2025-08-23,Aljamain Sterling,2025-06-24,2025-08-15,ok,53,31221,19463
3229,3644,2025-08-23,Brian Ortega,2025-06-24,2025-08-15,ok,53,41396,15220
3230,4,2025-08-23,Sergei Pavlovich,2025-06-24,2025-08-15,ok,53,37507,17286
3230,9,2025-08-23,Waldo Cortes-Acosta,2025-06-24,2025-08-15,ok,53,19380,8570
3235,5346,2025-08-23,Austin Hubbard,2025-06-24,2025-08-15,ok,53,1243,1359
3235,3266,2025-08-23,Rong Zhu,2025-06-24,2025-08-15,ok,53,1143,1437
3126,507,2025-09-06,Caio Borralho,2025-07-08,2025-08-29,ok,53,28178,78692
3126,503,2025-09-06,Nassourdine Imavov,2025-07-08,2025-08-29,ok,53,60596,110093
3582,527,2025-09-13,Kelvin Gastelum,2025-07-15,2025-09-05,ok,53,15839,11735
3582,552,2025-09-13,Dustin Stoltzfus,2025-07-15,2025-09-05,ok,53,4685,3191
3587,2253,2025-09-13,Tatiana Suarez,2025-07-15,2025-09-05,ok,53,7545,8574
3587,2260,2025-09-13,Amanda Lemos,2025-07-15,2025-09-05,ok,53,3125,5806
3072,1504,2025-10-04,Cory Sandhagen,2025-08-05,2025-09-26,ok,53,29475,15439
3072,1499,2025-10-04,Merab Dvalishvili,2025-08-05,2025-09-26,ok,53,99029,41260
3081,4403,2025-10-04,Macy Chiasson,2025-08-05,2025-09-26,ok,53,2695,1711
3081,3471,2025-10-04,Yana Santos,2025-08-05,2025-09-26,ok,53,2816,1736
3082,1518,2025-10-04,Farid Basharat,2025-08-05,2025-09-26,ok,53,3229,2305
3082,1530,2025-10-04,Chris Gutierrez,2025-08-05,2025-09-26,ok,53,617,548
3084,5252,2025-10-04,Brogan Walker,2025-08-05,2025-09-26,ok,53,2564,1606
3084,5251,2025-10-04,Veronica Hardy,2025-08-05,2025-09-26,ok,53,5546,2690
2732,530,2025-10-11,Vicente Luque,2025-08-12,2025-10-03,ok,53,8579,3685
2732,788,2025-10-11,Joel Álvarez,2025-08-12,2025-10-03,ok,53,8088,4414
3059,770,2025-10-18,Kevin Holland,2025-08-19,2025-10-10,ok,53,35552,12031
3059,767,2025-10-18,Mike Malott,2025-08-19,2025-10-10,ok,53,6750,9981
3063,1081,2025-10-18,Kyle Nelson (fighter),2025-08-19,2025-10-10,ok,53,1189,1246
3063,1142,2025-10-18,Matt Frevola,2025-08-19,2025-10-10,ok,53,4000,1795
2876,2251,2025-10-25,Mackenzie Dern,2025-08-26,2025-10-17,ok,53,41060,20523
2876,2252,2025-10-25,Virna Jandiroba,2025-08-26,2025-10-17,ok,53,23024,12238
2877,1502,2025-10-25,Umar Nurmagomedov,2025-08-26,2025-10-17,ok,53,34548,55134
2877,1503,2025-10-25,Mario Bautista,2025-08-26,2025-10-17,ok,53,13917,23037
2881,515,2025-10-25,Ikram Aliskerov,2025-08-26,2025-10-17,ok,53,9861,8191
2881,535,2025-10-25,Jun Yong Park,2025-08-26,2025-10-17,ok,53,3588,3810
2604,826,2025-11-01,Themba Gorimbo,2025-09-02,2025-10-24,ok,53,1971,3949
2604,773,2025-11-01,Jeremiah Wells,2025-09-02,2025-10-24,ok,53,362,1275
2541,1540,2025-11-08,Ricky Simón,2025-09-09,2025-10-31,ok,53,9852,8365
2541,1517,2025-11-08,Raoni Barcelos,2025-09-09,2025-10-31,ok,53,2600,5169
2542,3962,2025-11-08,Mayra Bueno Silva,2025-09-09,2025-10-31,ok,53,1783,2183
2542,3903,2025-11-08,Jacqueline Cavalcanti,2025-09-09,2025-10-31,ok,53,1158,1273
2544,2263,2025-11-08,Tecia Pennington,2025-09-09,2025-10-31,ok,53,1558,2398
2544,2254,2025-11-08,Denise Gomes,2025-09-09,2025-10-31,ok,53,902,1565
2547,750,2025-11-15,Islam Makhachev,2025-09-16,2025-11-07,ok,53,135997,118503
2547,756,2025-11-15,Jack Della Maddalena,2025-09-16,2025-11-07,ok,53,78926,93783
2548,4922,2025-11-15,Valentina Shevchenko,2025-09-16,2025-11-07,ok,53,31636,42858
2548,4923,2025-11-15,Zhang Weili,2025-09-16,2025-11-07,ok,53,23079,46055
2553,508,2025-11-15,Gregory Rodrigues,2025-09-16,2025-11-07,ok,53,5486,4453
2553,523,2025-11-15,Roman Kopylov,2025-09-16,2025-11-07,ok,53,6609,6012
2811,754,2025-11-22,Ian Machado Garry,2025-09-23,2025-11-14,ok,53,33229,24563
2811,759,2025-11-22,Belal Muhammad,2025-09-23,2025-11-14,ok,53,40619,50034
2561,1498,2025-12-06,Petr Yan,2025-10-07,2025-11-28,ok,53,64544,38078
2561,1499,2025-12-06,Merab Dvalishvili,2025-10-07,2025-11-28,ok,53,139732,98476
2564,4925,2025-12-06,Henry Cejudo,2025-10-07,2025-11-28,ok,53,42297,31520
2564,1507,2025-12-06,Payton Talbott,2025-10-07,2025-11-28,ok,53,20170,13546
2568,4367,2025-12-06,Maycee Barber,2025-10-07,2025-11-28,ok,53,8132,7734
2568,3475,2025-12-06,Karine Silva,2025-10-07,2025-11-28,ok,53,2489,3200
1986,1005,2026-01-24,Paddy Pimblett,2025-11-25,2026-01-16,ok,53,178096,128897
1986,1000,2026-01-24,Justin Gaethje,2025-11-25,2026-01-16,ok,53,118260,64124
1987,3747,2026-01-24,Sean O'Malley (fighter),2025-11-25,2026-01-16,ok,53,104116,36099
1987,1501,2026-01-24,Song Yadong,2025-11-25,2026-01-16,ok,53,51268,17151
1989,4455,2026-01-24,Rose Namajunas,2025-11-25,2026-01-16,ok,53,26522,21342
1989,4454,2026-01-24,Natália Silva (fighter),2025-11-25,2026-01-16,ok,53,11906,9175
1990,1256,2026-01-24,Jean Silva,2025-11-25,2026-01-16,ok,53,22861,11728
1990,1255,2026-01-24,Arnold Allen,2025-11-25,2026-01-16,ok,53,23531,11111
1991,1502,2026-01-24,Umar Nurmagomedov,2025-11-25,2026-01-16,ok,53,69665,23514
1991,1506,2026-01-24,Deiveson Figueiredo,2025-11-25,2026-01-16,ok,53,38804,8865
1932,1248,2026-01-31,Alexander Volkanovski,2025-12-02,2026-01-23,ok,53,107875,52584
1932,1250,2026-01-31,Diego Lopes (fighter),2025-12-02,2026-01-23,ok,53,29656,20240
1935,28,2026-01-31,Tai Tuivasa,2025-12-02,2026-01-23,ok,53,14253,9196
1935,22,2026-01-31,Tallison Teixeira,2025-12-02,2026-01-23,ok,53,8894,6083
1907,1772,2026-02-07,Amir Albazi,2025-12-09,2026-01-30,ok,53,6474,3523
1907,1752,2026-02-07,Kyoji Horiguchi,2025-12-09,2026-01-30,ok,53,14687,7168
1908,7,2026-02-07,Rizvan Kuniev,2025-12-09,2026-01-30,ok,53,3130,3481
1908,10,2026-02-07,Jailton Almeida,2025-12-09,2026-01-30,ok,53,5261,6093
1909,537,2026-02-07,Michał Oleksiejczuk,2025-12-09,2026-01-30,ok,53,5655,3378
1909,545,2026-02-07,Marc-André Barriault,2025-12-09,2026-01-30,ok,53,4029,2821
1823,14,2026-02-21,Serghei Spivac,2025-12-23,2026-02-13,ok,53,4450,9380
1823,20,2026-02-21,Ante Delija,2025-12-23,2026-02-13,ok,53,5073,9584
1830,849,2026-02-21,Ramiz Brahimaj,2025-12-23,2026-02-13,ok,53,2150,2630
1830,794,2026-02-21,Punahele Soriano,2025-12-23,2026-02-13,ok,53,999,1992
1920,1511,2026-02-28,Marlon Vera,2025-12-30,2026-02-20,ok,53,15605,8529
1920,3651,2026-02-28,David Martínez (fighter),2025-12-30,2026-02-20,ok,53,3791,4953
1847,3846,2026-03-07,Max Holloway,2026-01-06,2026-02-27,ok,53,147088,61189
1847,4374,2026-03-07,Charles Oliveira,2026-01-06,2026-02-27,ok,53,101011,56234
1848,258,2026-03-07,Reinier de Ridder,2026-01-06,2026-02-27,ok,53,21593,20029
1848,507,2026-03-07,Caio Borralho,2026-01-06,2026-02-27,ok,53,15052,13691
1849,1519,2026-03-07,Raul Rosas Jr.,2026-01-06,2026-02-27,ok,53,17042,16198
1849,1522,2026-03-07,Rob Font,2026-01-06,2026-02-27,ok,53,6298,6620
1807,2260,2026-03-14,Amanda Lemos,2026-01-13,2026-03-06,ok,53,1978,1642
1807,2255,2026-03-14,Gillian Robertson,2026-01-13,2026-03-06,ok,53,3088,2005
1812,778,2026-03-14,Myktybek Orolbai,2026-01-13,2026-03-06,ok,53,5956,9049
1812,782,2026-03-14,Chris Curtis (fighter),2026-01-13,2026-03-06,ok,53,10179,5129
1816,564,2026-03-14,Brad Tavares,2026-01-13,2026-03-06,ok,53,2464,1985
1816,542,2026-03-14,Eryk Anders,2026-01-13,2026-03-06,ok,53,2806,1862
1838,264,2026-03-21,Roman Dolidze,2026-01-20,2026-03-13,ok,53,7401,9950
1838,510,2026-03-21,Christian Leroy Duncan,2026-01-20,2026-03-13,ok,53,2796,3238
1799,1020,2026-03-28,Tofiq Musayev,2026-01-27,2026-03-20,ok,53,2294,3438
1799,3653,2026-03-28,Ignacio Bahamondes,2026-01-27,2026-03-20,ok,53,7421,5297
1524,2252,2026-04-04,Virna Jandiroba,2026-02-03,2026-03-27,ok,53,3020,3133
1524,2259,2026-04-04,Tabatha Ricci,2026-02-03,2026-03-27,ok,53,2385,3057
1652,11,2026-04-11,Curtis Blaydes,2026-02-10,2026-04-03,ok,53,14922,8430
1652,8,2026-04-11,Josh Hokit,2026-02-10,2026-04-03,ok,53,17766,8823
1655,1265,2026-04-11,Patrício Pitbull,2026-02-10,2026-04-03,ok,53,10964,9299
1655,1260,2026-04-11,Aaron Pico,2026-02-10,2026-04-03,ok,53,13524,17416
1656,770,2026-04-11,Kevin Holland,2026-02-10,2026-04-03,ok,53,22290,12420
1656,786,2026-04-11,Randy Brown (fighter),2026-02-10,2026-04-03,ok,53,4672,3560
1363,1525,2026-04-18,Kyler Phillips,2026-02-17,2026-04-10,ok,53,2772,1821
1363,1512,2026-04-18,Charles Jourdain,2026-02-17,2026-04-10,ok,53,3168,3388
1365,3475,2026-04-18,Karine Silva,2026-02-17,2026-04-10,ok,53,1625,3690
1365,3559,2026-04-18,Jasmine Jasudavicius,2026-02-17,2026-04-10,ok,53,2898,2951
1344,1249,2026-04-25,Aljamain Sterling,2026-02-24,2026-04-17,ok,53,30096,12186
1344,1259,2026-04-25,Youssef Zalal,2026-02-24,2026-04-17,ok,53,16330,10440
1345,3583,2026-04-25,Norma Dumont,2026-02-24,2026-04-17,ok,53,3206,2927
1345,3960,2026-04-25,Joselyne Edwards,2026-02-24,2026-04-17,ok,53,3195,1558
1346,1039,2026-04-25,Alexander Hernandez,2026-02-24,2026-04-17,ok,53,6535,6587
1346,1023,2026-04-25,Rafa García (fighter),2026-02-24,2026-04-17,ok,53,895,2063
1198,1757,2026-05-02,Steve Erceg,2026-03-03,2026-04-24,ok,53,4713,3457
1198,1761,2026-05-02,Tim Elliott,2026-03-03,2026-04-24,ok,53,4824,3797
1204,3530,2026-05-02,Gerald Meerschaert,2026-03-03,2026-04-24,ok,53,8411,3476
1204,3844,2026-05-02,Jacob Malkoun,2026-03-03,2026-04-24,ok,53,1486,1144
1136,9,2026-05-09,Waldo Cortes-Acosta,2026-03-10,2026-05-01,ok,53,12574,22120
1136,2,2026-05-09,Alexander Volkov (fighter),2026-03-10,2026-05-01,ok,53,17432,15230
1137,753,2026-05-09,Sean Brady (fighter),2026-03-10,2026-05-01,ok,53,13407,12707
1137,760,2026-05-09,Joaquin Buckley,2026-03-10,2026-05-01,ok,53,13791,10328
1269,2634,2026-05-16,Ketlen Vieira,2026-03-17,2026-05-08,ok,53,1596,1847
1269,3903,2026-05-16,Jacqueline Cavalcanti,2026-03-17,2026-05-08,ok,53,1136,1312
1405,787,2026-05-30,Jake Matthews (fighter),2026-03-31,2026-05-22,ok,53,3257,4746
1405,882,2026-05-30,Carlston Harris,2026-03-31,2026-05-22,ok,53,759,960
1082,757,2026-06-06,Gabriel Bonfim,2026-04-07,2026-05-29,ok,53,10051,11622
1082,759,2026-06-06,Belal Muhammad,2026-04-07,2026-05-29,ok,53,34426,29068
1083,529,2026-06-06,Edmen Shahbazyan,2026-04-07,2026-05-29,ok,53,5827,6982
1083,506,2026-06-06,Brendan Allen,2026-04-07,2026-05-29,ok,53,14800,17172
696,521,2026-06-27,Sharabutdin Magomedov,2026-04-28,2026-06-19,ok,53,38261,20695
696,569,2026-06-27,Michel Pereira,2026-04-28,2026-06-19,ok,53,9503,9850
1211,1503,2026-07-11,Mario Bautista,2026-05-12,2026-07-03,ok,53,8206,10599
1211,1504,2026-07-11,Cory Sandhagen,2026-05-12,2026-07-03,ok,53,11708,14389
1218,3848,2026-07-11,Wang Cong,2026-05-12,2026-07-03,ok,53,6267,5066
1218,3849,2026-07-11,Tracy Cortez,2026-05-12,2026-07-03,ok,53,18698,28040
481,502,2026-07-18,Dricus du Plessis,2026-05-19,2026-07-10,ok,53,42573,35877
481,3090,2026-07-18,Kamaru Usman,2026-05-19,2026-07-10,ok,53,46857,46906
482,510,2026-07-18,Christian Leroy Duncan,2026-05-19,2026-07-10,ok,53,3902,4303
482,514,2026-07-18,Jared Cannonier,2026-05-19,2026-07-10,ok,53,9345,8927
484,2256,2026-07-18,Fatima Kline,2026-05-19,2026-07-10,ok,38,766,2123
484,2259,2026-07-18,Tabatha Ricci,2026-05-19,2026-07-10,ok,53,2009,2740
429,29,2026-08-01,Marcin Tybura,2026-06-02,2026-07-24,ok,53,4572,3524
429,24,2026-08-01,Aleksandar Rakić,2026-06-02,2026-07-24,ok,53,7585,6550
292,1041,2026-08-08,Carlos Diego Ferreira,2026-06-09,2026-07-31,ok,53,1941,2399
292,2858,2026-08-08,Billy Quarantillo,2026-06-09,2026-07-31,ok,53,1338,1946
545,750,2026-08-15,Islam Makhachev,2026-06-16,2026-08-07,ok,53,237917,149730
545,754,2026-08-15,Ian Machado Garry,2026-06-16,2026-08-07,ok,53,158596,137646
546,2255,2026-08-15,Gillian Robertson,2026-06-16,2026-08-07,ok,53,15285,11216
546,2251,2026-08-15,Mackenzie Dern,2026-06-16,2026-08-07,ok,53,33363,26077
550,788,2026-08-15,Joel Álvarez,2026-06-16,2026-08-07,ok,53,4023,6758
550,777,2026-08-15,Chidi Njokuani,2026-06-16,2026-08-07,ok,53,2621,3847
