bout_id,event_id,wiki_page,section_tier,section_position,card_section,is_title,fotn
17878,3795,UFC 191,main_card,1,main_event,True,False
17879,3795,UFC 191,main_card,2,co_main,False,False
17880,3795,UFC 191,main_card,3,main_card,False,False
17882,3795,UFC 191,main_card,5,main_card,False,False
17883,3795,UFC 191,prelims,1,prelims,False,False
17884,3795,UFC 191,prelims,2,prelims,False,True
17885,3795,UFC 191,prelims,3,prelims,False,False
17887,3795,UFC 191,prelims,5,prelims,False,False
17888,3795,UFC 191,prelims,6,prelims,False,False
17781,3706,UFC Fight Night: Barnett vs. Nelson,main_card,1,main_event,False,False
17782,3706,UFC Fight Night: Barnett vs. Nelson,main_card,2,co_main,False,False
17783,3706,UFC Fight Night: Barnett vs. Nelson,main_card,3,main_card,False,False
17784,3706,UFC Fight Night: Barnett vs. Nelson,main_card,4,main_card,False,False
17785,3706,UFC Fight Night: Barnett vs. Nelson,main_card,5,main_card,False,False
17786,3706,UFC Fight Night: Barnett vs. Nelson,main_card,6,main_card,False,False
17787,3706,UFC Fight Night: Barnett vs. Nelson,prelims,1,prelims,False,False
17788,3706,UFC Fight Night: Barnett vs. Nelson,prelims,2,prelims,False,False
17789,3706,UFC Fight Night: Barnett vs. Nelson,prelims,3,prelims,False,False
17790,3706,UFC Fight Night: Barnett vs. Nelson,prelims,4,prelims,False,False
17866,3794,UFC 192,main_card,1,main_event,True,True
17867,3794,UFC 192,main_card,2,co_main,False,False
17868,3794,UFC 192,main_card,3,main_card,False,False
17869,3794,UFC 192,main_card,4,main_card,False,False
17870,3794,UFC 192,main_card,5,main_card,False,False
17871,3794,UFC 192,prelims,1,prelims,False,False
17872,3794,UFC 192,prelims,2,prelims,False,False
17873,3794,UFC 192,prelims,3,prelims,False,False
17874,3794,UFC 192,prelims,4,prelims,False,False
17875,3794,UFC 192,prelims,5,prelims,False,False
17876,3794,UFC 192,prelims,6,prelims,False,False
17877,3794,UFC 192,prelims,7,prelims,False,False
17772,3695,UFC Fight Night: Holohan vs. Smolka,main_card,2,co_main,False,False
17773,3695,UFC Fight Night: Holohan vs. Smolka,main_card,3,main_card,False,True
17774,3695,UFC Fight Night: Holohan vs. Smolka,main_card,4,main_card,False,False
17775,3695,UFC Fight Night: Holohan vs. Smolka,prelims,1,prelims,False,False
17776,3695,UFC Fight Night: Holohan vs. Smolka,prelims,2,prelims,False,False
17777,3695,UFC Fight Night: Holohan vs. Smolka,prelims,3,prelims,False,False
17778,3695,UFC Fight Night: Holohan vs. Smolka,prelims,4,prelims,False,False
17779,3695,UFC Fight Night: Holohan vs. Smolka,prelims,5,prelims,False,False
17780,3695,UFC Fight Night: Holohan vs. Smolka,prelims,6,prelims,False,False
17853,3793,UFC Fight Night: Belfort vs. Henderson 3,main_card,1,main_event,False,False
17854,3793,UFC Fight Night: Belfort vs. Henderson 3,main_card,2,co_main,False,False
17855,3793,UFC Fight Night: Belfort vs. Henderson 3,main_card,3,main_card,False,False
17856,3793,UFC Fight Night: Belfort vs. Henderson 3,main_card,4,main_card,False,False
17857,3793,UFC Fight Night: Belfort vs. Henderson 3,main_card,5,main_card,False,False
17858,3793,UFC Fight Night: Belfort vs. Henderson 3,main_card,6,main_card,False,False
17859,3793,UFC Fight Night: Belfort vs. Henderson 3,prelims,1,prelims,False,False
17860,3793,UFC Fight Night: Belfort vs. Henderson 3,prelims,2,prelims,False,False
17861,3793,UFC Fight Night: Belfort vs. Henderson 3,prelims,3,prelims,False,False
17863,3793,UFC Fight Night: Belfort vs. Henderson 3,prelims,5,prelims,False,False
17864,3793,UFC Fight Night: Belfort vs. Henderson 3,prelims,6,prelims,False,False
17840,3792,UFC 193,main_card,1,main_event,True,True
17841,3792,UFC 193,main_card,2,co_main,True,False
17842,3792,UFC 193,main_card,3,main_card,False,False
17843,3792,UFC 193,main_card,4,main_card,False,False
17844,3792,UFC 193,main_card,5,main_card,False,False
17845,3792,UFC 193,prelims,1,prelims,False,False
17846,3792,UFC 193,prelims,2,prelims,False,False
17847,3792,UFC 193,prelims,3,prelims,False,False
17848,3792,UFC 193,prelims,4,prelims,False,False
17849,3792,UFC 193,prelims,5,prelims,False,False
17850,3792,UFC 193,prelims,6,prelims,False,False
17851,3792,UFC 193,prelims,7,prelims,False,False
17852,3792,UFC 193,prelims,8,prelims,False,False
17827,3791,The Ultimate Fighter: Latin America 2,main_card,1,main_event,False,False
17828,3791,The Ultimate Fighter: Latin America 2,main_card,2,co_main,False,False
17829,3791,The Ultimate Fighter: Latin America 2,main_card,3,main_card,False,False
17830,3791,The Ultimate Fighter: Latin America 2,main_card,4,main_card,False,False
17831,3791,The Ultimate Fighter: Latin America 2,main_card,5,main_card,False,False
17832,3791,The Ultimate Fighter: Latin America 2,main_card,6,main_card,False,False
17833,3791,The Ultimate Fighter: Latin America 2,prelims,1,prelims,False,False
17834,3791,The Ultimate Fighter: Latin America 2,prelims,2,prelims,False,False
17835,3791,The Ultimate Fighter: Latin America 2,prelims,3,prelims,False,False
17836,3791,The Ultimate Fighter: Latin America 2,prelims,4,prelims,False,False
17837,3791,The Ultimate Fighter: Latin America 2,prelims,5,prelims,False,False
17838,3791,The Ultimate Fighter: Latin America 2,prelims,6,prelims,False,False
17839,3791,The Ultimate Fighter: Latin America 2,prelims,7,prelims,False,False
17816,3790,UFC Fight Night: Henderson vs. Masvidal,,1,,False,False
17817,3790,UFC Fight Night: Henderson vs. Masvidal,,2,,False,False
17818,3790,UFC Fight Night: Henderson vs. Masvidal,,3,,False,False
17819,3790,UFC Fight Night: Henderson vs. Masvidal,,4,,False,False
17820,3790,UFC Fight Night: Henderson vs. Masvidal,prelims,1,prelims,False,False
17821,3790,UFC Fight Night: Henderson vs. Masvidal,prelims,2,prelims,False,False
17822,3790,UFC Fight Night: Henderson vs. Masvidal,prelims,3,prelims,False,False
17823,3790,UFC Fight Night: Henderson vs. Masvidal,prelims,4,prelims,False,True
17824,3790,UFC Fight Night: Henderson vs. Masvidal,prelims,5,prelims,False,False
17825,3790,UFC Fight Night: Henderson vs. Masvidal,prelims,6,prelims,False,False
17826,3790,UFC Fight Night: Henderson vs. Masvidal,prelims,7,prelims,False,False
17725,3687,UFC Fight Night: Namajunas vs. VanZant,main_card,1,main_event,False,False
17726,3687,UFC Fight Night: Namajunas vs. VanZant,main_card,2,co_main,False,True
17727,3687,UFC Fight Night: Namajunas vs. VanZant,main_card,3,main_card,False,False
17728,3687,UFC Fight Night: Namajunas vs. VanZant,main_card,4,main_card,False,False
17729,3687,UFC Fight Night: Namajunas vs. VanZant,prelims,1,prelims,False,False
17730,3687,UFC Fight Night: Namajunas vs. VanZant,prelims,2,prelims,False,False
17731,3687,UFC Fight Night: Namajunas vs. VanZant,prelims,3,prelims,False,False
17732,3687,UFC Fight Night: Namajunas vs. VanZant,prelims,4,prelims,False,False
17733,3687,UFC Fight Night: Namajunas vs. VanZant,prelims,5,prelims,False,False
17734,3687,UFC Fight Night: Namajunas vs. VanZant,prelims,6,prelims,False,False
17735,3687,UFC Fight Night: Namajunas vs. VanZant,prelims,7,prelims,False,False
17736,3687,UFC Fight Night: Namajunas vs. VanZant,prelims,8,prelims,False,False
17749,3692,The Ultimate Fighter: Team McGregor vs. Team Faber,main_card,1,main_event,False,False
17750,3692,The Ultimate Fighter: Team McGregor vs. Team Faber,main_card,2,co_main,False,False
17751,3692,The Ultimate Fighter: Team McGregor vs. Team Faber,main_card,3,main_card,False,False
17752,3692,The Ultimate Fighter: Team McGregor vs. Team Faber,main_card,4,main_card,False,False
17753,3692,The Ultimate Fighter: Team McGregor vs. Team Faber,main_card,5,main_card,False,False
17754,3692,The Ultimate Fighter: Team McGregor vs. Team Faber,main_card,6,main_card,False,False
17755,3692,The Ultimate Fighter: Team McGregor vs. Team Faber,prelims,1,prelims,False,False
17756,3692,The Ultimate Fighter: Team McGregor vs. Team Faber,prelims,2,prelims,False,False
17757,3692,The Ultimate Fighter: Team McGregor vs. Team Faber,prelims,3,prelims,False,False
17758,3692,The Ultimate Fighter: Team McGregor vs. Team Faber,prelims,4,prelims,False,False
17804,3789,UFC 194,main_card,1,main_event,True,False
17805,3789,UFC 194,main_card,2,co_main,True,True
17806,3789,UFC 194,main_card,3,main_card,False,False
17807,3789,UFC 194,main_card,4,main_card,False,False
17808,3789,UFC 194,main_card,5,main_card,False,False
17809,3789,UFC 194,prelims,1,prelims,False,False
17811,3789,UFC 194,prelims,3,prelims,False,False
17812,3789,UFC 194,prelims,4,prelims,False,False
17813,3789,UFC 194,prelims,5,prelims,False,False
17814,3789,UFC 194,prelims,6,prelims,False,False
17815,3789,UFC 194,prelims,7,prelims,False,False
17791,3788,UFC on Fox: dos Anjos vs. Cowboy 2,main_card,1,main_event,True,False
17792,3788,UFC on Fox: dos Anjos vs. Cowboy 2,main_card,2,co_main,False,False
17793,3788,UFC on Fox: dos Anjos vs. Cowboy 2,main_card,3,main_card,False,True
17794,3788,UFC on Fox: dos Anjos vs. Cowboy 2,main_card,4,main_card,False,False
17795,3788,UFC on Fox: dos Anjos vs. Cowboy 2,prelims,1,prelims,False,False
17796,3788,UFC on Fox: dos Anjos vs. Cowboy 2,prelims,2,prelims,False,False
17797,3788,UFC on Fox: dos Anjos vs. Cowboy 2,prelims,3,prelims,False,False
17798,3788,UFC on Fox: dos Anjos vs. Cowboy 2,prelims,4,prelims,False,False
17799,3788,UFC on Fox: dos Anjos vs. Cowboy 2,prelims,5,prelims,False,False
17800,3788,UFC on Fox: dos Anjos vs. Cowboy 2,prelims,6,prelims,False,False
17801,3788,UFC on Fox: dos Anjos vs. Cowboy 2,prelims,7,prelims,False,False
17802,3788,UFC on Fox: dos Anjos vs. Cowboy 2,prelims,8,prelims,False,False
17803,3788,UFC on Fox: dos Anjos vs. Cowboy 2,prelims,9,prelims,False,False
17737,3691,UFC 195,main_card,1,main_event,True,True
17738,3691,UFC 195,main_card,2,co_main,False,False
17739,3691,UFC 195,main_card,3,main_card,False,False
17740,3691,UFC 195,main_card,4,main_card,False,False
17741,3691,UFC 195,main_card,5,main_card,False,False
17742,3691,UFC 195,prelims,1,prelims,False,False
17743,3691,UFC 195,prelims,2,prelims,False,False
17745,3691,UFC 195,prelims,4,prelims,False,False
17746,3691,UFC 195,prelims,5,prelims,False,False
17747,3691,UFC 195,prelims,6,prelims,False,False
17748,3691,UFC 195,prelims,7,prelims,False,False
17712,3686,UFC Fight Night: Dillashaw vs. Cruz,main_card,1,main_event,True,True
17713,3686,UFC Fight Night: Dillashaw vs. Cruz,main_card,2,co_main,False,False
17714,3686,UFC Fight Night: Dillashaw vs. Cruz,main_card,3,main_card,False,False
17715,3686,UFC Fight Night: Dillashaw vs. Cruz,main_card,4,main_card,False,False
17716,3686,UFC Fight Night: Dillashaw vs. Cruz,prelims,1,prelims,False,False
17717,3686,UFC Fight Night: Dillashaw vs. Cruz,prelims,2,prelims,False,False
17718,3686,UFC Fight Night: Dillashaw vs. Cruz,prelims,3,prelims,False,False
17719,3686,UFC Fight Night: Dillashaw vs. Cruz,prelims,4,prelims,False,False
17720,3686,UFC Fight Night: Dillashaw vs. Cruz,prelims,5,prelims,False,False
17721,3686,UFC Fight Night: Dillashaw vs. Cruz,prelims,6,prelims,False,False
17722,3686,UFC Fight Night: Dillashaw vs. Cruz,prelims,7,prelims,False,False
17723,3686,UFC Fight Night: Dillashaw vs. Cruz,prelims,8,prelims,False,False
17724,3686,UFC Fight Night: Dillashaw vs. Cruz,prelims,9,prelims,False,False
17675,3682,UFC on Fox: Johnson vs. Bader,main_card,1,main_event,False,False
17676,3682,UFC on Fox: Johnson vs. Bader,main_card,2,co_main,False,False
17677,3682,UFC on Fox: Johnson vs. Bader,main_card,3,main_card,False,True
17678,3682,UFC on Fox: Johnson vs. Bader,main_card,4,main_card,False,False
17679,3682,UFC on Fox: Johnson vs. Bader,prelims,1,prelims,False,False
17680,3682,UFC on Fox: Johnson vs. Bader,prelims,2,prelims,False,False
17681,3682,UFC on Fox: Johnson vs. Bader,prelims,3,prelims,False,False
17682,3682,UFC on Fox: Johnson vs. Bader,prelims,4,prelims,False,False
17683,3682,UFC on Fox: Johnson vs. Bader,prelims,5,prelims,False,False
17684,3682,UFC on Fox: Johnson vs. Bader,prelims,6,prelims,False,False
17685,3682,UFC on Fox: Johnson vs. Bader,prelims,7,prelims,False,False
17686,3682,UFC on Fox: Johnson vs. Bader,prelims,8,prelims,False,False
17687,3682,UFC on Fox: Johnson vs. Bader,prelims,9,prelims,False,False
17700,3684,UFC Fight Night: Hendricks vs. Thompson,main_card,1,main_event,False,False
17701,3684,UFC Fight Night: Hendricks vs. Thompson,main_card,2,co_main,False,False
17702,3684,UFC Fight Night: Hendricks vs. Thompson,main_card,3,main_card,False,False
17703,3684,UFC Fight Night: Hendricks vs. Thompson,main_card,4,main_card,False,False
17704,3684,UFC Fight Night: Hendricks vs. Thompson,main_card,5,main_card,False,False
17705,3684,UFC Fight Night: Hendricks vs. Thompson,main_card,6,main_card,False,True
17706,3684,UFC Fight Night: Hendricks vs. Thompson,prelims,1,prelims,False,False
17707,3684,UFC Fight Night: Hendricks vs. Thompson,prelims,2,prelims,False,False
17708,3684,UFC Fight Night: Hendricks vs. Thompson,prelims,3,prelims,False,False
17709,3684,UFC Fight Night: Hendricks vs. Thompson,prelims,4,prelims,False,False
17710,3684,UFC Fight Night: Hendricks vs. Thompson,prelims,5,prelims,False,False
17711,3684,UFC Fight Night: Hendricks vs. Thompson,prelims,6,prelims,False,False
17662,3681,UFC Fight Night: Cowboy vs. Cowboy,main_card,1,main_event,False,False
17663,3681,UFC Fight Night: Cowboy vs. Cowboy,main_card,2,co_main,False,False
17664,3681,UFC Fight Night: Cowboy vs. Cowboy,main_card,3,main_card,False,False
17665,3681,UFC Fight Night: Cowboy vs. Cowboy,main_card,4,main_card,False,False
17666,3681,UFC Fight Night: Cowboy vs. Cowboy,main_card,5,main_card,False,False
17667,3681,UFC Fight Night: Cowboy vs. Cowboy,main_card,6,main_card,False,False
17668,3681,UFC Fight Night: Cowboy vs. Cowboy,prelims,1,prelims,False,False
17669,3681,UFC Fight Night: Cowboy vs. Cowboy,prelims,2,prelims,False,False
17670,3681,UFC Fight Night: Cowboy vs. Cowboy,prelims,3,prelims,False,False
17671,3681,UFC Fight Night: Cowboy vs. Cowboy,prelims,4,prelims,False,False
17672,3681,UFC Fight Night: Cowboy vs. Cowboy,prelims,5,prelims,False,False
17673,3681,UFC Fight Night: Cowboy vs. Cowboy,prelims,6,prelims,False,True
17674,3681,UFC Fight Night: Cowboy vs. Cowboy,prelims,7,prelims,False,False
17649,3680,UFC Fight Night: Silva vs. Bisping,main_card,1,main_event,False,True
17650,3680,UFC Fight Night: Silva vs. Bisping,main_card,2,co_main,False,False
17651,3680,UFC Fight Night: Silva vs. Bisping,main_card,3,main_card,False,False
17652,3680,UFC Fight Night: Silva vs. Bisping,main_card,4,main_card,False,False
17653,3680,UFC Fight Night: Silva vs. Bisping,prelims,1,prelims,False,False
17654,3680,UFC Fight Night: Silva vs. Bisping,prelims,2,prelims,False,False
17655,3680,UFC Fight Night: Silva vs. Bisping,prelims,3,prelims,False,False
17656,3680,UFC Fight Night: Silva vs. Bisping,prelims,4,prelims,False,False
17657,3680,UFC Fight Night: Silva vs. Bisping,prelims,5,prelims,False,False
17658,3680,UFC Fight Night: Silva vs. Bisping,prelims,6,prelims,False,False
17659,3680,UFC Fight Night: Silva vs. Bisping,prelims,7,prelims,False,False
17660,3680,UFC Fight Night: Silva vs. Bisping,prelims,8,prelims,False,False
17661,3680,UFC Fight Night: Silva vs. Bisping,prelims,9,prelims,False,False
17688,3683,UFC 196,main_card,1,main_event,False,True
17689,3683,UFC 196,main_card,2,co_main,True,False
17690,3683,UFC 196,main_card,3,main_card,False,False
17691,3683,UFC 196,main_card,4,main_card,False,False
17692,3683,UFC 196,main_card,5,main_card,False,False
17693,3683,UFC 196,prelims,1,prelims,False,False
17694,3683,UFC 196,prelims,2,prelims,False,False
17695,3683,UFC 196,prelims,3,prelims,False,False
17696,3683,UFC 196,prelims,4,prelims,False,False
17697,3683,UFC 196,prelims,5,prelims,False,False
17698,3683,UFC 196,prelims,6,prelims,False,False
17699,3683,UFC 196,prelims,7,prelims,False,False
17637,3679,UFC Fight Night: Hunt vs. Mir,main_card,1,main_event,False,False
17638,3679,UFC Fight Night: Hunt vs. Mir,main_card,2,co_main,False,False
17639,3679,UFC Fight Night: Hunt vs. Mir,main_card,3,main_card,False,True
17640,3679,UFC Fight Night: Hunt vs. Mir,main_card,4,main_card,False,False
17641,3679,UFC Fight Night: Hunt vs. Mir,main_card,5,main_card,False,False
17642,3679,UFC Fight Night: Hunt vs. Mir,main_card,6,main_card,False,False
17643,3679,UFC Fight Night: Hunt vs. Mir,prelims,1,prelims,False,False
17644,3679,UFC Fight Night: Hunt vs. Mir,prelims,2,prelims,False,False
17645,3679,UFC Fight Night: Hunt vs. Mir,prelims,3,prelims,False,False
17646,3679,UFC Fight Night: Hunt vs. Mir,prelims,4,prelims,False,False
17647,3679,UFC Fight Night: Hunt vs. Mir,prelims,5,prelims,False,False
17648,3679,UFC Fight Night: Hunt vs. Mir,prelims,6,prelims,False,False
17589,3640,UFC Fight Night: Rothwell vs. dos Santos,main_card,1,main_event,False,False
17590,3640,UFC Fight Night: Rothwell vs. dos Santos,main_card,2,co_main,False,False
17591,3640,UFC Fight Night: Rothwell vs. dos Santos,main_card,3,main_card,False,False
17592,3640,UFC Fight Night: Rothwell vs. dos Santos,main_card,4,main_card,False,False
17594,3640,UFC Fight Night: Rothwell vs. dos Santos,main_card,6,main_card,False,False
17595,3640,UFC Fight Night: Rothwell vs. dos Santos,prelims,1,prelims,False,False
17596,3640,UFC Fight Night: Rothwell vs. dos Santos,prelims,2,prelims,False,False
17597,3640,UFC Fight Night: Rothwell vs. dos Santos,prelims,3,prelims,False,False
17598,3640,UFC Fight Night: Rothwell vs. dos Santos,prelims,4,prelims,False,False
17599,3640,UFC Fight Night: Rothwell vs. dos Santos,prelims,5,prelims,False,False
17600,3640,UFC Fight Night: Rothwell vs. dos Santos,prelims,6,prelims,False,False
17601,3640,UFC Fight Night: Rothwell vs. dos Santos,prelims,7,prelims,False,False
17602,3641,UFC on Fox: Teixeira vs. Evans,main_card,1,main_event,False,False
17604,3641,UFC on Fox: Teixeira vs. Evans,main_card,3,main_card,False,False
17605,3641,UFC on Fox: Teixeira vs. Evans,main_card,4,main_card,False,False
17606,3641,UFC on Fox: Teixeira vs. Evans,prelims,1,prelims,False,False
17607,3641,UFC on Fox: Teixeira vs. Evans,prelims,2,prelims,False,False
17608,3641,UFC on Fox: Teixeira vs. Evans,prelims,3,prelims,False,False
17609,3641,UFC on Fox: Teixeira vs. Evans,prelims,4,prelims,False,False
17610,3641,UFC on Fox: Teixeira vs. Evans,prelims,5,prelims,False,False
17611,3641,UFC on Fox: Teixeira vs. Evans,prelims,6,prelims,False,False
17612,3641,UFC on Fox: Teixeira vs. Evans,prelims,7,prelims,False,True
17577,3638,UFC 197,main_card,1,main_event,True,False
17578,3638,UFC 197,main_card,2,co_main,True,False
17579,3638,UFC 197,main_card,3,main_card,False,False
17580,3638,UFC 197,main_card,4,main_card,False,False
17581,3638,UFC 197,main_card,5,main_card,False,False
17582,3638,UFC 197,prelims,1,prelims,False,False
17583,3638,UFC 197,prelims,2,prelims,False,True
17584,3638,UFC 197,prelims,3,prelims,False,False
17585,3638,UFC 197,prelims,4,prelims,False,False
17586,3638,UFC 197,prelims,5,prelims,False,False
17587,3638,UFC 197,prelims,6,prelims,False,False
17588,3638,UFC 197,prelims,7,prelims,False,False
17564,3637,UFC Fight Night: Overeem vs. Arlovski,main_card,1,main_event,False,False
17565,3637,UFC Fight Night: Overeem vs. Arlovski,main_card,2,co_main,False,False
17566,3637,UFC Fight Night: Overeem vs. Arlovski,main_card,3,main_card,False,False
17567,3637,UFC Fight Night: Overeem vs. Arlovski,main_card,4,main_card,False,False
17568,3637,UFC Fight Night: Overeem vs. Arlovski,main_card,5,main_card,False,False
17569,3637,UFC Fight Night: Overeem vs. Arlovski,main_card,6,main_card,False,False
17570,3637,UFC Fight Night: Overeem vs. Arlovski,prelims,1,prelims,False,False
17571,3637,UFC Fight Night: Overeem vs. Arlovski,prelims,2,prelims,False,False
17572,3637,UFC Fight Night: Overeem vs. Arlovski,prelims,3,prelims,False,False
17573,3637,UFC Fight Night: Overeem vs. Arlovski,prelims,4,prelims,False,False
17574,3637,UFC Fight Night: Overeem vs. Arlovski,prelims,5,prelims,False,False
17575,3637,UFC Fight Night: Overeem vs. Arlovski,prelims,6,prelims,False,False
17613,3642,UFC 198,main_card,1,main_event,True,False
17614,3642,UFC 198,main_card,2,co_main,False,False
17616,3642,UFC 198,main_card,4,main_card,False,False
17617,3642,UFC 198,main_card,5,main_card,False,False
17618,3642,UFC 198,prelims,1,prelims,False,False
17619,3642,UFC 198,prelims,2,prelims,False,False
17620,3642,UFC 198,prelims,3,prelims,False,True
17621,3642,UFC 198,prelims,4,prelims,False,False
17622,3642,UFC 198,prelims,5,prelims,False,False
17623,3642,UFC 198,prelims,6,prelims,False,False
17526,3633,UFC Fight Night: Almeida vs. Garbrandt,main_card,1,main_event,False,False
17527,3633,UFC Fight Night: Almeida vs. Garbrandt,main_card,2,co_main,False,True
17528,3633,UFC Fight Night: Almeida vs. Garbrandt,main_card,3,main_card,False,False
17529,3633,UFC Fight Night: Almeida vs. Garbrandt,main_card,4,main_card,False,False
17530,3633,UFC Fight Night: Almeida vs. Garbrandt,main_card,5,main_card,False,False
17531,3633,UFC Fight Night: Almeida vs. Garbrandt,main_card,6,main_card,False,False
17532,3633,UFC Fight Night: Almeida vs. Garbrandt,prelims,1,prelims,False,False
17533,3633,UFC Fight Night: Almeida vs. Garbrandt,prelims,2,prelims,False,False
17535,3633,UFC Fight Night: Almeida vs. Garbrandt,prelims,4,prelims,False,False
17536,3633,UFC Fight Night: Almeida vs. Garbrandt,prelims,5,prelims,False,False
17537,3633,UFC Fight Night: Almeida vs. Garbrandt,prelims,6,prelims,False,False
17551,3635,UFC 199,main_card,1,main_event,True,False
17552,3635,UFC 199,main_card,2,co_main,True,False
17553,3635,UFC 199,main_card,3,main_card,False,False
17554,3635,UFC 199,main_card,4,main_card,False,False
17556,3635,UFC 199,prelims,1,prelims,False,False
17557,3635,UFC 199,prelims,2,prelims,False,False
17558,3635,UFC 199,prelims,3,prelims,False,False
17559,3635,UFC 199,prelims,4,prelims,False,False
17560,3635,UFC 199,prelims,5,prelims,False,False
17561,3635,UFC 199,prelims,6,prelims,False,False
17562,3635,UFC 199,prelims,7,prelims,False,False
17563,3635,UFC 199,prelims,8,prelims,False,True
17538,3634,UFC Fight Night: MacDonald vs. Thompson,main_card,1,main_event,False,False
17539,3634,UFC Fight Night: MacDonald vs. Thompson,main_card,2,co_main,False,False
17540,3634,UFC Fight Night: MacDonald vs. Thompson,main_card,3,main_card,False,True
17541,3634,UFC Fight Night: MacDonald vs. Thompson,main_card,4,main_card,False,False
17543,3634,UFC Fight Night: MacDonald vs. Thompson,prelims,1,prelims,False,False
17544,3634,UFC Fight Night: MacDonald vs. Thompson,prelims,2,prelims,False,False
17545,3634,UFC Fight Night: MacDonald vs. Thompson,prelims,3,prelims,False,False
17546,3634,UFC Fight Night: MacDonald vs. Thompson,prelims,4,prelims,False,False
17547,3634,UFC Fight Night: MacDonald vs. Thompson,prelims,5,prelims,False,False
17548,3634,UFC Fight Night: MacDonald vs. Thompson,prelims,6,prelims,False,False
17549,3634,UFC Fight Night: MacDonald vs. Thompson,prelims,7,prelims,False,False
17550,3634,UFC Fight Night: MacDonald vs. Thompson,prelims,8,prelims,False,False
17514,3632,UFC Fight Night: dos Anjos vs. Alvarez,main_card,1,main_event,True,False
17515,3632,UFC Fight Night: dos Anjos vs. Alvarez,main_card,2,co_main,False,False
17516,3632,UFC Fight Night: dos Anjos vs. Alvarez,main_card,3,main_card,False,True
17517,3632,UFC Fight Night: dos Anjos vs. Alvarez,main_card,4,main_card,False,False
17518,3632,UFC Fight Night: dos Anjos vs. Alvarez,prelims,1,prelims,False,False
17519,3632,UFC Fight Night: dos Anjos vs. Alvarez,prelims,2,prelims,False,False
17520,3632,UFC Fight Night: dos Anjos vs. Alvarez,prelims,3,prelims,False,False
17521,3632,UFC Fight Night: dos Anjos vs. Alvarez,prelims,4,prelims,False,False
17522,3632,UFC Fight Night: dos Anjos vs. Alvarez,prelims,5,prelims,False,False
17524,3632,UFC Fight Night: dos Anjos vs. Alvarez,prelims,7,prelims,False,False
17525,3632,UFC Fight Night: dos Anjos vs. Alvarez,prelims,8,prelims,False,False
17625,3643,The Ultimate Fighter: Team Joanna vs. Team Cláudia,main_card,1,main_event,True,False
17626,3643,The Ultimate Fighter: Team Joanna vs. Team Cláudia,main_card,2,co_main,False,False
17628,3643,The Ultimate Fighter: Team Joanna vs. Team Cláudia,main_card,4,main_card,False,False
17629,3643,The Ultimate Fighter: Team Joanna vs. Team Cláudia,main_card,5,main_card,False,False
17630,3643,The Ultimate Fighter: Team Joanna vs. Team Cláudia,main_card,6,main_card,False,False
17631,3643,The Ultimate Fighter: Team Joanna vs. Team Cláudia,prelims,1,prelims,False,False
17632,3643,The Ultimate Fighter: Team Joanna vs. Team Cláudia,prelims,2,prelims,False,False
17633,3643,The Ultimate Fighter: Team Joanna vs. Team Cláudia,prelims,3,prelims,False,False
17634,3643,The Ultimate Fighter: Team Joanna vs. Team Cláudia,prelims,4,prelims,False,False
17635,3643,The Ultimate Fighter: Team Joanna vs. Team Cláudia,prelims,5,prelims,False,False
17636,3643,The Ultimate Fighter: Team Joanna vs. Team Cláudia,prelims,6,prelims,False,False
17759,3693,UFC 200,main_card,1,main_event,True,False
17760,3693,UFC 200,main_card,2,co_main,False,False
17761,3693,UFC 200,main_card,3,main_card,True,False
17762,3693,UFC 200,main_card,4,main_card,True,False
17763,3693,UFC 200,main_card,5,main_card,False,False
17764,3693,UFC 200,prelims,1,prelims,False,False
17765,3693,UFC 200,prelims,2,prelims,False,False
17766,3693,UFC 200,prelims,3,prelims,False,False
17767,3693,UFC 200,prelims,4,prelims,False,False
17768,3693,UFC 200,prelims,5,prelims,False,False
17769,3693,UFC 200,prelims,6,prelims,False,False
17770,3693,UFC 200,prelims,7,prelims,False,False
17478,3623,UFC Fight Night: McDonald vs. Lineker,main_card,1,main_event,False,False
17479,3623,UFC Fight Night: McDonald vs. Lineker,main_card,2,co_main,False,True
17480,3623,UFC Fight Night: McDonald vs. Lineker,main_card,3,main_card,False,False
17482,3623,UFC Fight Night: McDonald vs. Lineker,main_card,5,main_card,False,False
17483,3623,UFC Fight Night: McDonald vs. Lineker,main_card,6,main_card,False,False
17485,3623,UFC Fight Night: McDonald vs. Lineker,prelims,2,prelims,False,False
17486,3623,UFC Fight Night: McDonald vs. Lineker,prelims,3,prelims,False,False
17487,3623,UFC Fight Night: McDonald vs. Lineker,prelims,4,prelims,False,False
17488,3623,UFC Fight Night: McDonald vs. Lineker,prelims,5,prelims,False,False
17489,3623,UFC Fight Night: McDonald vs. Lineker,prelims,6,prelims,False,False
17503,3629,UFC on Fox: Holm vs. Shevchenko,main_card,1,main_event,False,False
17504,3629,UFC on Fox: Holm vs. Shevchenko,main_card,2,co_main,False,False
17505,3629,UFC on Fox: Holm vs. Shevchenko,main_card,3,main_card,False,False
17506,3629,UFC on Fox: Holm vs. Shevchenko,main_card,4,main_card,False,False
17507,3629,UFC on Fox: Holm vs. Shevchenko,prelims,1,prelims,False,False
17509,3629,UFC on Fox: Holm vs. Shevchenko,prelims,3,prelims,False,False
17510,3629,UFC on Fox: Holm vs. Shevchenko,prelims,4,prelims,False,False
17511,3629,UFC on Fox: Holm vs. Shevchenko,prelims,5,prelims,False,False
17512,3629,UFC on Fox: Holm vs. Shevchenko,prelims,6,prelims,False,True
17456,3617,UFC 201,main_card,1,main_event,True,False
17457,3617,UFC 201,main_card,2,co_main,False,True
17458,3617,UFC 201,main_card,3,main_card,False,False
17459,3617,UFC 201,main_card,4,main_card,False,False
17460,3617,UFC 201,main_card,5,main_card,False,False
17461,3617,UFC 201,prelims,1,prelims,False,False
17462,3617,UFC 201,prelims,2,prelims,False,False
17463,3617,UFC 201,prelims,3,prelims,False,False
17464,3617,UFC 201,prelims,4,prelims,False,False
17465,3617,UFC 201,prelims,5,prelims,False,False
17466,3617,UFC 201,prelims,6,prelims,False,False
17411,3604,UFC Fight Night: Rodríguez vs. Caceres,main_card,1,main_event,False,True
17413,3604,UFC Fight Night: Rodríguez vs. Caceres,main_card,3,main_card,False,False
17414,3604,UFC Fight Night: Rodríguez vs. Caceres,main_card,4,main_card,False,False
17415,3604,UFC Fight Night: Rodríguez vs. Caceres,main_card,5,main_card,False,False
17416,3604,UFC Fight Night: Rodríguez vs. Caceres,main_card,6,main_card,False,False
17417,3604,UFC Fight Night: Rodríguez vs. Caceres,prelims,1,prelims,False,False
17418,3604,UFC Fight Night: Rodríguez vs. Caceres,prelims,2,prelims,False,False
17419,3604,UFC Fight Night: Rodríguez vs. Caceres,prelims,3,prelims,False,False
17420,3604,UFC Fight Night: Rodríguez vs. Caceres,prelims,4,prelims,False,False
17421,3604,UFC Fight Night: Rodríguez vs. Caceres,prelims,5,prelims,False,False
17422,3604,UFC Fight Night: Rodríguez vs. Caceres,prelims,6,prelims,False,False
17423,3605,UFC 202,main_card,1,main_event,False,True
17424,3605,UFC 202,main_card,2,co_main,False,False
17425,3605,UFC 202,main_card,3,main_card,False,False
17426,3605,UFC 202,main_card,4,main_card,False,False
17427,3605,UFC 202,main_card,5,main_card,False,False
17428,3605,UFC 202,prelims,1,prelims,False,False
17429,3605,UFC 202,prelims,2,prelims,False,False
17430,3605,UFC 202,prelims,3,prelims,False,False
17431,3605,UFC 202,prelims,4,prelims,False,False
17432,3605,UFC 202,prelims,5,prelims,False,False
17433,3605,UFC 202,prelims,6,prelims,False,False
17401,3602,UFC on Fox: Maia vs. Condit,main_card,1,main_event,False,False
17402,3602,UFC on Fox: Maia vs. Condit,main_card,2,co_main,False,False
17403,3602,UFC on Fox: Maia vs. Condit,main_card,3,main_card,False,False
17404,3602,UFC on Fox: Maia vs. Condit,main_card,4,main_card,False,True
17405,3602,UFC on Fox: Maia vs. Condit,prelims,1,prelims,False,False
17406,3602,UFC on Fox: Maia vs. Condit,prelims,2,prelims,False,False
17407,3602,UFC on Fox: Maia vs. Condit,prelims,3,prelims,False,False
17408,3602,UFC on Fox: Maia vs. Condit,prelims,4,prelims,False,False
17409,3602,UFC on Fox: Maia vs. Condit,prelims,5,prelims,False,False
17410,3602,UFC on Fox: Maia vs. Condit,prelims,6,prelims,False,False
17467,3618,UFC Fight Night: Arlovski vs. Barnett,main_card,1,main_event,False,True
17469,3618,UFC Fight Night: Arlovski vs. Barnett,main_card,3,main_card,False,False
17470,3618,UFC Fight Night: Arlovski vs. Barnett,main_card,4,main_card,False,False
17471,3618,UFC Fight Night: Arlovski vs. Barnett,prelims,1,prelims,False,False
17472,3618,UFC Fight Night: Arlovski vs. Barnett,prelims,2,prelims,False,False
17474,3618,UFC Fight Night: Arlovski vs. Barnett,prelims,4,prelims,False,False
17475,3618,UFC Fight Night: Arlovski vs. Barnett,prelims,5,prelims,False,False
17476,3618,UFC Fight Night: Arlovski vs. Barnett,prelims,6,prelims,False,False
17477,3618,UFC Fight Night: Arlovski vs. Barnett,prelims,7,prelims,False,False
17435,3606,UFC 203,main_card,1,main_event,True,True
17436,3606,UFC 203,main_card,2,co_main,False,False
17438,3606,UFC 203,main_card,4,main_card,False,False
17440,3606,UFC 203,prelims,1,prelims,False,False
17441,3606,UFC 203,prelims,2,prelims,False,False
17442,3606,UFC 203,prelims,3,prelims,False,False
17443,3606,UFC 203,prelims,4,prelims,False,False
17444,3606,UFC 203,prelims,5,prelims,False,False
17389,3600,UFC Fight Night: Poirier vs. Johnson,main_card,1,main_event,False,False
17390,3600,UFC Fight Night: Poirier vs. Johnson,main_card,2,co_main,False,False
17391,3600,UFC Fight Night: Poirier vs. Johnson,main_card,3,main_card,False,True
17392,3600,UFC Fight Night: Poirier vs. Johnson,main_card,4,main_card,False,False
17393,3600,UFC Fight Night: Poirier vs. Johnson,main_card,5,main_card,False,False
17394,3600,UFC Fight Night: Poirier vs. Johnson,main_card,6,main_card,False,False
17395,3600,UFC Fight Night: Poirier vs. Johnson,prelims,1,prelims,False,False
17396,3600,UFC Fight Night: Poirier vs. Johnson,prelims,2,prelims,False,False
17397,3600,UFC Fight Night: Poirier vs. Johnson,prelims,3,prelims,False,False
17398,3600,UFC Fight Night: Poirier vs. Johnson,prelims,4,prelims,False,False
17399,3600,UFC Fight Night: Poirier vs. Johnson,prelims,5,prelims,False,False
17400,3600,UFC Fight Night: Poirier vs. Johnson,prelims,6,prelims,False,False
17377,3599,UFC Fight Night: Cyborg vs. Länsberg,main_card,2,co_main,False,False
17378,3599,UFC Fight Night: Cyborg vs. Länsberg,main_card,3,main_card,False,False
17379,3599,UFC Fight Night: Cyborg vs. Länsberg,main_card,4,main_card,False,False
17380,3599,UFC Fight Night: Cyborg vs. Länsberg,main_card,5,main_card,False,False
17382,3599,UFC Fight Night: Cyborg vs. Länsberg,prelims,1,prelims,False,False
17383,3599,UFC Fight Night: Cyborg vs. Länsberg,prelims,2,prelims,False,False
17384,3599,UFC Fight Night: Cyborg vs. Länsberg,prelims,3,prelims,False,False
17385,3599,UFC Fight Night: Cyborg vs. Länsberg,prelims,4,prelims,False,True
17386,3599,UFC Fight Night: Cyborg vs. Länsberg,prelims,5,prelims,False,False
17387,3599,UFC Fight Night: Cyborg vs. Länsberg,prelims,6,prelims,False,False
17388,3599,UFC Fight Night: Cyborg vs. Länsberg,prelims,7,prelims,False,False
17315,3523,UFC Fight Night: Lineker vs. Dodson,main_card,1,main_event,False,False
17316,3523,UFC Fight Night: Lineker vs. Dodson,main_card,2,co_main,False,False
17317,3523,UFC Fight Night: Lineker vs. Dodson,main_card,3,main_card,False,False
17318,3523,UFC Fight Night: Lineker vs. Dodson,main_card,4,main_card,False,False
17319,3523,UFC Fight Night: Lineker vs. Dodson,prelims,1,prelims,False,False
17320,3523,UFC Fight Night: Lineker vs. Dodson,prelims,2,prelims,False,False
17321,3523,UFC Fight Night: Lineker vs. Dodson,prelims,3,prelims,False,False
17322,3523,UFC Fight Night: Lineker vs. Dodson,prelims,4,prelims,False,False
17323,3523,UFC Fight Night: Lineker vs. Dodson,prelims,5,prelims,False,False
17324,3523,UFC Fight Night: Lineker vs. Dodson,prelims,6,prelims,False,False
17325,3523,UFC Fight Night: Lineker vs. Dodson,prelims,7,prelims,False,False
17326,3523,UFC Fight Night: Lineker vs. Dodson,prelims,8,prelims,False,False
17276,3420,UFC 204,main_card,1,main_event,True,True
17277,3420,UFC 204,main_card,2,co_main,False,False
17278,3420,UFC 204,main_card,3,main_card,False,False
17279,3420,UFC 204,main_card,4,main_card,False,False
17280,3420,UFC 204,main_card,5,main_card,False,False
17281,3420,UFC 204,prelims,1,prelims,False,False
17282,3420,UFC 204,prelims,2,prelims,False,False
17283,3420,UFC 204,prelims,3,prelims,False,False
17285,3420,UFC 204,prelims,5,prelims,False,False
17286,3420,UFC 204,prelims,6,prelims,False,False
17490,3628,The Ultimate Fighter: Latin America 3,main_card,1,main_event,False,False
17491,3628,The Ultimate Fighter: Latin America 3,main_card,2,co_main,False,False
17492,3628,The Ultimate Fighter: Latin America 3,main_card,3,main_card,False,False
17493,3628,The Ultimate Fighter: Latin America 3,main_card,4,main_card,False,False
17494,3628,The Ultimate Fighter: Latin America 3,main_card,5,main_card,False,False
17495,3628,The Ultimate Fighter: Latin America 3,main_card,6,main_card,False,False
17496,3628,The Ultimate Fighter: Latin America 3,prelims,1,prelims,False,False
17497,3628,The Ultimate Fighter: Latin America 3,prelims,2,prelims,False,False
17498,3628,The Ultimate Fighter: Latin America 3,prelims,3,prelims,False,False
17500,3628,The Ultimate Fighter: Latin America 3,prelims,5,prelims,False,False
17501,3628,The Ultimate Fighter: Latin America 3,prelims,6,prelims,False,False
17502,3628,The Ultimate Fighter: Latin America 3,prelims,7,prelims,False,False
17445,3615,UFC 205,main_card,1,main_event,True,False
17446,3615,UFC 205,main_card,2,co_main,True,True
17447,3615,UFC 205,main_card,3,main_card,True,False
17448,3615,UFC 205,main_card,4,main_card,False,False
17449,3615,UFC 205,main_card,5,main_card,False,False
17450,3615,UFC 205,prelims,1,prelims,False,False
17451,3615,UFC 205,prelims,2,prelims,False,False
17452,3615,UFC 205,prelims,3,prelims,False,False
17453,3615,UFC 205,prelims,4,prelims,False,False
17454,3615,UFC 205,prelims,5,prelims,False,False
17251,3384,UFC Fight Night: Bader vs. Nogueira 2,main_card,1,main_event,False,False
17252,3384,UFC Fight Night: Bader vs. Nogueira 2,main_card,2,co_main,False,False
17253,3384,UFC Fight Night: Bader vs. Nogueira 2,main_card,3,main_card,False,False
17254,3384,UFC Fight Night: Bader vs. Nogueira 2,main_card,4,main_card,False,False
17255,3384,UFC Fight Night: Bader vs. Nogueira 2,main_card,5,main_card,False,False
17256,3384,UFC Fight Night: Bader vs. Nogueira 2,main_card,6,main_card,False,False
17257,3384,UFC Fight Night: Bader vs. Nogueira 2,prelims,1,prelims,False,False
17258,3384,UFC Fight Night: Bader vs. Nogueira 2,prelims,2,prelims,False,False
17259,3384,UFC Fight Night: Bader vs. Nogueira 2,prelims,3,prelims,False,False
17260,3384,UFC Fight Night: Bader vs. Nogueira 2,prelims,4,prelims,False,False
17261,3384,UFC Fight Night: Bader vs. Nogueira 2,prelims,5,prelims,False,False
17262,3384,UFC Fight Night: Bader vs. Nogueira 2,prelims,6,prelims,False,False
17263,3385,UFC Fight Night: Mousasi vs. Hall 2,main_card,1,main_event,False,False
17264,3385,UFC Fight Night: Mousasi vs. Hall 2,main_card,2,co_main,False,False
17265,3385,UFC Fight Night: Mousasi vs. Hall 2,main_card,3,main_card,False,False
17266,3385,UFC Fight Night: Mousasi vs. Hall 2,main_card,4,main_card,False,False
17267,3385,UFC Fight Night: Mousasi vs. Hall 2,prelims,1,prelims,False,False
17268,3385,UFC Fight Night: Mousasi vs. Hall 2,prelims,2,prelims,False,False
17269,3385,UFC Fight Night: Mousasi vs. Hall 2,prelims,3,prelims,False,False
17271,3385,UFC Fight Night: Mousasi vs. Hall 2,prelims,5,prelims,False,False
17272,3385,UFC Fight Night: Mousasi vs. Hall 2,prelims,6,prelims,False,False
17273,3385,UFC Fight Night: Mousasi vs. Hall 2,prelims,7,prelims,False,False
17274,3385,UFC Fight Night: Mousasi vs. Hall 2,prelims,8,prelims,False,False
17275,3385,UFC Fight Night: Mousasi vs. Hall 2,prelims,9,prelims,False,False
17238,3383,UFC Fight Night: Whittaker vs. Brunson,main_card,1,main_event,False,True
17239,3383,UFC Fight Night: Whittaker vs. Brunson,main_card,2,co_main,False,False
17240,3383,UFC Fight Night: Whittaker vs. Brunson,main_card,3,main_card,False,False
17241,3383,UFC Fight Night: Whittaker vs. Brunson,main_card,4,main_card,False,False
17242,3383,UFC Fight Night: Whittaker vs. Brunson,main_card,5,main_card,False,False
17243,3383,UFC Fight Night: Whittaker vs. Brunson,main_card,6,main_card,False,False
17244,3383,UFC Fight Night: Whittaker vs. Brunson,prelims,1,prelims,False,False
17245,3383,UFC Fight Night: Whittaker vs. Brunson,prelims,2,prelims,False,False
17246,3383,UFC Fight Night: Whittaker vs. Brunson,prelims,3,prelims,False,False
17247,3383,UFC Fight Night: Whittaker vs. Brunson,prelims,4,prelims,False,False
17248,3383,UFC Fight Night: Whittaker vs. Brunson,prelims,5,prelims,False,False
17249,3383,UFC Fight Night: Whittaker vs. Brunson,prelims,6,prelims,False,False
17250,3383,UFC Fight Night: Whittaker vs. Brunson,prelims,7,prelims,False,False
17226,3382,The Ultimate Fighter: Tournament of Champions,main_card,1,main_event,True,False
17227,3382,The Ultimate Fighter: Tournament of Champions,main_card,2,co_main,False,False
17228,3382,The Ultimate Fighter: Tournament of Champions,main_card,3,main_card,False,False
17229,3382,The Ultimate Fighter: Tournament of Champions,main_card,4,main_card,False,False
17230,3382,The Ultimate Fighter: Tournament of Champions,main_card,5,main_card,False,False
17231,3382,The Ultimate Fighter: Tournament of Champions,main_card,6,main_card,False,False
17232,3382,The Ultimate Fighter: Tournament of Champions,prelims,1,prelims,False,False
17233,3382,The Ultimate Fighter: Tournament of Champions,prelims,2,prelims,False,False
17234,3382,The Ultimate Fighter: Tournament of Champions,prelims,3,prelims,False,False
17235,3382,The Ultimate Fighter: Tournament of Champions,prelims,4,prelims,False,False
17236,3382,The Ultimate Fighter: Tournament of Champions,prelims,5,prelims,False,False
17237,3382,The Ultimate Fighter: Tournament of Champions,prelims,6,prelims,False,False
17214,3381,UFC Fight Night: Lewis vs. Abdurakhimov,main_card,1,main_event,False,False
17215,3381,UFC Fight Night: Lewis vs. Abdurakhimov,main_card,2,co_main,False,False
17216,3381,UFC Fight Night: Lewis vs. Abdurakhimov,main_card,3,main_card,False,False
17217,3381,UFC Fight Night: Lewis vs. Abdurakhimov,main_card,4,main_card,False,True
17218,3381,UFC Fight Night: Lewis vs. Abdurakhimov,prelims,1,prelims,False,False
17219,3381,UFC Fight Night: Lewis vs. Abdurakhimov,prelims,2,prelims,False,False
17220,3381,UFC Fight Night: Lewis vs. Abdurakhimov,prelims,3,prelims,False,False
17221,3381,UFC Fight Night: Lewis vs. Abdurakhimov,prelims,4,prelims,False,False
17223,3381,UFC Fight Night: Lewis vs. Abdurakhimov,prelims,6,prelims,False,False
17224,3381,UFC Fight Night: Lewis vs. Abdurakhimov,prelims,7,prelims,False,False
17202,3314,UFC 206,main_card,1,main_event,True,False
17203,3314,UFC 206,main_card,2,co_main,False,False
17204,3314,UFC 206,main_card,3,main_card,False,True
17205,3314,UFC 206,main_card,4,main_card,False,False
17206,3314,UFC 206,main_card,5,main_card,False,False
17207,3314,UFC 206,prelims,1,prelims,False,False
17208,3314,UFC 206,prelims,2,prelims,False,False
17209,3314,UFC 206,prelims,3,prelims,False,False
17210,3314,UFC 206,prelims,4,prelims,False,False
17211,3314,UFC 206,prelims,5,prelims,False,False
17212,3314,UFC 206,prelims,6,prelims,False,False
17213,3314,UFC 206,prelims,7,prelims,False,False
17189,3313,UFC on Fox: VanZant vs. Waterson,main_card,1,main_event,False,False
17190,3313,UFC on Fox: VanZant vs. Waterson,main_card,2,co_main,False,False
17191,3313,UFC on Fox: VanZant vs. Waterson,main_card,3,main_card,False,False
17192,3313,UFC on Fox: VanZant vs. Waterson,main_card,4,main_card,False,False
17193,3313,UFC on Fox: VanZant vs. Waterson,prelims,1,prelims,False,False
17194,3313,UFC on Fox: VanZant vs. Waterson,prelims,2,prelims,False,False
17195,3313,UFC on Fox: VanZant vs. Waterson,prelims,3,prelims,False,False
17196,3313,UFC on Fox: VanZant vs. Waterson,prelims,4,prelims,False,False
17197,3313,UFC on Fox: VanZant vs. Waterson,prelims,5,prelims,False,False
17198,3313,UFC on Fox: VanZant vs. Waterson,prelims,6,prelims,False,True
17199,3313,UFC on Fox: VanZant vs. Waterson,prelims,7,prelims,False,False
17200,3313,UFC on Fox: VanZant vs. Waterson,prelims,8,prelims,False,False
17201,3313,UFC on Fox: VanZant vs. Waterson,prelims,9,prelims,False,False
17179,3312,UFC 207,main_card,1,main_event,True,False
17180,3312,UFC 207,main_card,2,co_main,True,True
17181,3312,UFC 207,main_card,3,main_card,False,False
17182,3312,UFC 207,main_card,4,main_card,False,False
17183,3312,UFC 207,main_card,5,main_card,False,False
17184,3312,UFC 207,prelims,1,prelims,False,False
17185,3312,UFC 207,prelims,2,prelims,False,False
17186,3312,UFC 207,prelims,3,prelims,False,False
17187,3312,UFC 207,prelims,4,prelims,False,False
17188,3312,UFC 207,prelims,5,prelims,False,False
17167,3297,UFC Fight Night: Rodríguez vs. Penn,main_card,1,main_event,False,False
17168,3297,UFC Fight Night: Rodríguez vs. Penn,main_card,2,co_main,False,False
17169,3297,UFC Fight Night: Rodríguez vs. Penn,main_card,3,main_card,False,False
17170,3297,UFC Fight Night: Rodríguez vs. Penn,main_card,4,main_card,False,False
17171,3297,UFC Fight Night: Rodríguez vs. Penn,prelims,1,prelims,False,False
17172,3297,UFC Fight Night: Rodríguez vs. Penn,prelims,2,prelims,False,True
17173,3297,UFC Fight Night: Rodríguez vs. Penn,prelims,3,prelims,False,False
17174,3297,UFC Fight Night: Rodríguez vs. Penn,prelims,4,prelims,False,False
17176,3297,UFC Fight Night: Rodríguez vs. Penn,prelims,6,prelims,False,False
17177,3297,UFC Fight Night: Rodríguez vs. Penn,prelims,7,prelims,False,False
17155,3296,UFC on Fox: Shevchenko vs. Peña,main_card,1,main_event,False,False
17156,3296,UFC on Fox: Shevchenko vs. Peña,main_card,2,co_main,False,False
17157,3296,UFC on Fox: Shevchenko vs. Peña,main_card,3,main_card,False,False
17158,3296,UFC on Fox: Shevchenko vs. Peña,main_card,4,main_card,False,False
17159,3296,UFC on Fox: Shevchenko vs. Peña,prelims,1,prelims,False,False
17160,3296,UFC on Fox: Shevchenko vs. Peña,prelims,2,prelims,False,False
17161,3296,UFC on Fox: Shevchenko vs. Peña,prelims,3,prelims,False,False
17162,3296,UFC on Fox: Shevchenko vs. Peña,prelims,4,prelims,False,False
17163,3296,UFC on Fox: Shevchenko vs. Peña,prelims,5,prelims,False,False
17164,3296,UFC on Fox: Shevchenko vs. Peña,prelims,6,prelims,False,False
17165,3296,UFC on Fox: Shevchenko vs. Peña,prelims,7,prelims,False,False
17166,3296,UFC on Fox: Shevchenko vs. Peña,prelims,8,prelims,False,False
17143,3295,UFC Fight Night: Bermudez vs. The Korean Zombie,main_card,1,main_event,False,False
17144,3295,UFC Fight Night: Bermudez vs. The Korean Zombie,main_card,2,co_main,False,False
17145,3295,UFC Fight Night: Bermudez vs. The Korean Zombie,main_card,3,main_card,False,False
17146,3295,UFC Fight Night: Bermudez vs. The Korean Zombie,main_card,4,main_card,False,False
17147,3295,UFC Fight Night: Bermudez vs. The Korean Zombie,main_card,5,main_card,False,False
17148,3295,UFC Fight Night: Bermudez vs. The Korean Zombie,main_card,6,main_card,False,True
17149,3295,UFC Fight Night: Bermudez vs. The Korean Zombie,prelims,1,prelims,False,False
17150,3295,UFC Fight Night: Bermudez vs. The Korean Zombie,prelims,2,prelims,False,False
17151,3295,UFC Fight Night: Bermudez vs. The Korean Zombie,prelims,3,prelims,False,False
17153,3295,UFC Fight Night: Bermudez vs. The Korean Zombie,prelims,5,prelims,False,False
17154,3295,UFC Fight Night: Bermudez vs. The Korean Zombie,prelims,6,prelims,False,False
17133,3294,UFC 208,main_card,1,main_event,True,False
17134,3294,UFC 208,main_card,2,co_main,False,False
17135,3294,UFC 208,main_card,3,main_card,False,False
17136,3294,UFC 208,main_card,4,main_card,False,False
17137,3294,UFC 208,main_card,5,main_card,False,True
17138,3294,UFC 208,prelims,1,prelims,False,False
17140,3294,UFC 208,prelims,3,prelims,False,False
17141,3294,UFC 208,prelims,4,prelims,False,False
17142,3294,UFC 208,prelims,5,prelims,False,False
17122,3293,UFC Fight Night: Lewis vs. Browne,main_card,1,main_event,False,True
17123,3293,UFC Fight Night: Lewis vs. Browne,main_card,2,co_main,False,False
17124,3293,UFC Fight Night: Lewis vs. Browne,main_card,3,main_card,False,False
17125,3293,UFC Fight Night: Lewis vs. Browne,main_card,4,main_card,False,False
17126,3293,UFC Fight Night: Lewis vs. Browne,main_card,5,main_card,False,False
17127,3293,UFC Fight Night: Lewis vs. Browne,main_card,6,main_card,False,False
17128,3293,UFC Fight Night: Lewis vs. Browne,prelims,1,prelims,False,False
17129,3293,UFC Fight Night: Lewis vs. Browne,prelims,2,prelims,False,False
17130,3293,UFC Fight Night: Lewis vs. Browne,prelims,3,prelims,False,False
17131,3293,UFC Fight Night: Lewis vs. Browne,prelims,4,prelims,False,False
17132,3293,UFC Fight Night: Lewis vs. Browne,prelims,5,prelims,False,False
17111,3292,UFC 209,main_card,1,main_event,True,False
17112,3292,UFC 209,main_card,2,co_main,False,True
17113,3292,UFC 209,main_card,3,main_card,False,False
17115,3292,UFC 209,main_card,5,main_card,False,False
17116,3292,UFC 209,prelims,1,prelims,False,False
17117,3292,UFC 209,prelims,2,prelims,False,False
17118,3292,UFC 209,prelims,3,prelims,False,False
17119,3292,UFC 209,prelims,4,prelims,False,False
17120,3292,UFC 209,prelims,5,prelims,False,False
17121,3292,UFC 209,prelims,6,prelims,False,False
17099,3291,UFC Fight Night: Belfort vs. Gastelum,main_card,1,main_event,False,False
17100,3291,UFC Fight Night: Belfort vs. Gastelum,main_card,2,co_main,False,False
17101,3291,UFC Fight Night: Belfort vs. Gastelum,main_card,3,main_card,False,False
17102,3291,UFC Fight Night: Belfort vs. Gastelum,main_card,4,main_card,False,False
17103,3291,UFC Fight Night: Belfort vs. Gastelum,main_card,5,main_card,False,False
17104,3291,UFC Fight Night: Belfort vs. Gastelum,main_card,6,main_card,False,False
17105,3291,UFC Fight Night: Belfort vs. Gastelum,prelims,1,prelims,False,False
17106,3291,UFC Fight Night: Belfort vs. Gastelum,prelims,2,prelims,False,False
17107,3291,UFC Fight Night: Belfort vs. Gastelum,prelims,3,prelims,False,False
17108,3291,UFC Fight Night: Belfort vs. Gastelum,prelims,4,prelims,False,False
17110,3291,UFC Fight Night: Belfort vs. Gastelum,prelims,6,prelims,False,False
17088,3290,UFC Fight Night: Manuwa vs. Anderson,main_card,1,main_event,False,False
17089,3290,UFC Fight Night: Manuwa vs. Anderson,main_card,2,co_main,False,False
17090,3290,UFC Fight Night: Manuwa vs. Anderson,main_card,3,main_card,False,False
17091,3290,UFC Fight Night: Manuwa vs. Anderson,main_card,4,main_card,False,False
17093,3290,UFC Fight Night: Manuwa vs. Anderson,prelims,2,prelims,False,False
17094,3290,UFC Fight Night: Manuwa vs. Anderson,prelims,3,prelims,False,False
17095,3290,UFC Fight Night: Manuwa vs. Anderson,prelims,4,prelims,False,False
17096,3290,UFC Fight Night: Manuwa vs. Anderson,prelims,5,prelims,False,False
17097,3290,UFC Fight Night: Manuwa vs. Anderson,prelims,6,prelims,False,False
17098,3290,UFC Fight Night: Manuwa vs. Anderson,prelims,7,prelims,False,False
17060,3253,UFC 210,main_card,1,main_event,True,False
17061,3253,UFC 210,main_card,2,co_main,False,False
17062,3253,UFC 210,main_card,3,main_card,False,False
17063,3253,UFC 210,main_card,4,main_card,False,False
17064,3253,UFC 210,main_card,5,main_card,False,False
17065,3253,UFC 210,prelims,1,prelims,False,False
17066,3253,UFC 210,prelims,2,prelims,False,False
17067,3253,UFC 210,prelims,3,prelims,False,True
17069,3253,UFC 210,prelims,5,prelims,False,False
17070,3253,UFC 210,prelims,6,prelims,False,False
17072,3253,UFC 210,prelims,8,prelims,False,False
17010,3248,UFC on Fox: Johnson vs. Reis,main_card,1,main_event,True,False
17011,3248,UFC on Fox: Johnson vs. Reis,main_card,2,co_main,False,False
17012,3248,UFC on Fox: Johnson vs. Reis,main_card,3,main_card,False,False
17014,3248,UFC on Fox: Johnson vs. Reis,prelims,1,prelims,False,False
17015,3248,UFC on Fox: Johnson vs. Reis,prelims,2,prelims,False,False
17017,3248,UFC on Fox: Johnson vs. Reis,prelims,4,prelims,False,True
17018,3248,UFC on Fox: Johnson vs. Reis,prelims,5,prelims,False,False
17019,3248,UFC on Fox: Johnson vs. Reis,prelims,6,prelims,False,False
17020,3248,UFC on Fox: Johnson vs. Reis,prelims,7,prelims,False,False
17021,3248,UFC on Fox: Johnson vs. Reis,prelims,8,prelims,False,False
17022,3248,UFC on Fox: Johnson vs. Reis,prelims,9,prelims,False,False
17023,3249,UFC Fight Night: Swanson vs. Lobov,main_card,1,main_event,False,True
17024,3249,UFC Fight Night: Swanson vs. Lobov,main_card,2,co_main,False,False
17025,3249,UFC Fight Night: Swanson vs. Lobov,main_card,3,main_card,False,False
17026,3249,UFC Fight Night: Swanson vs. Lobov,main_card,4,main_card,False,False
17027,3249,UFC Fight Night: Swanson vs. Lobov,main_card,5,main_card,False,False
17028,3249,UFC Fight Night: Swanson vs. Lobov,main_card,6,main_card,False,False
17029,3249,UFC Fight Night: Swanson vs. Lobov,prelims,1,prelims,False,False
17030,3249,UFC Fight Night: Swanson vs. Lobov,prelims,2,prelims,False,False
17031,3249,UFC Fight Night: Swanson vs. Lobov,prelims,3,prelims,False,False
17032,3249,UFC Fight Night: Swanson vs. Lobov,prelims,4,prelims,False,False
17033,3249,UFC Fight Night: Swanson vs. Lobov,prelims,5,prelims,False,False
17034,3249,UFC Fight Night: Swanson vs. Lobov,prelims,6,prelims,False,False
17035,3249,UFC Fight Night: Swanson vs. Lobov,prelims,7,prelims,False,False
17048,3251,UFC 211,main_card,1,main_event,True,False
17049,3251,UFC 211,main_card,2,co_main,True,False
17050,3251,UFC 211,main_card,3,main_card,False,False
17051,3251,UFC 211,main_card,4,main_card,False,False
17052,3251,UFC 211,main_card,5,main_card,False,False
17053,3251,UFC 211,prelims,1,prelims,False,False
17054,3251,UFC 211,prelims,2,prelims,False,False
17055,3251,UFC 211,prelims,3,prelims,False,True
17056,3251,UFC 211,prelims,4,prelims,False,False
17057,3251,UFC 211,prelims,5,prelims,False,False
17058,3251,UFC 211,prelims,6,prelims,False,False
17059,3251,UFC 211,prelims,7,prelims,False,False
16974,3236,UFC Fight Night: Gustafsson vs. Teixeira,main_card,1,main_event,False,True
16975,3236,UFC Fight Night: Gustafsson vs. Teixeira,main_card,2,co_main,False,False
16976,3236,UFC Fight Night: Gustafsson vs. Teixeira,main_card,3,main_card,False,False
16977,3236,UFC Fight Night: Gustafsson vs. Teixeira,main_card,4,main_card,False,False
16978,3236,UFC Fight Night: Gustafsson vs. Teixeira,main_card,5,main_card,False,False
16979,3236,UFC Fight Night: Gustafsson vs. Teixeira,main_card,6,main_card,False,False
16980,3236,UFC Fight Night: Gustafsson vs. Teixeira,prelims,1,prelims,False,False
16981,3236,UFC Fight Night: Gustafsson vs. Teixeira,prelims,2,prelims,False,False
16982,3236,UFC Fight Night: Gustafsson vs. Teixeira,prelims,3,prelims,False,False
16983,3236,UFC Fight Night: Gustafsson vs. Teixeira,prelims,4,prelims,False,False
16984,3236,UFC Fight Night: Gustafsson vs. Teixeira,prelims,5,prelims,False,False
16985,3236,UFC Fight Night: Gustafsson vs. Teixeira,prelims,6,prelims,False,False
16998,3247,UFC 212,main_card,1,main_event,True,True
16999,3247,UFC 212,main_card,2,co_main,False,False
17000,3247,UFC 212,main_card,3,main_card,False,False
17001,3247,UFC 212,main_card,4,main_card,False,False
17002,3247,UFC 212,main_card,5,main_card,False,False
17003,3247,UFC 212,prelims,1,prelims,False,False
17004,3247,UFC 212,prelims,2,prelims,False,False
17005,3247,UFC 212,prelims,3,prelims,False,False
17006,3247,UFC 212,prelims,4,prelims,False,False
17007,3247,UFC 212,prelims,5,prelims,False,False
17008,3247,UFC 212,prelims,6,prelims,False,False
17009,3247,UFC 212,prelims,7,prelims,False,False
16963,3235,UFC Fight Night: Lewis vs. Hunt,main_card,1,main_event,False,True
16964,3235,UFC Fight Night: Lewis vs. Hunt,main_card,2,co_main,False,False
16965,3235,UFC Fight Night: Lewis vs. Hunt,main_card,3,main_card,False,False
16966,3235,UFC Fight Night: Lewis vs. Hunt,main_card,4,main_card,False,False
16967,3235,UFC Fight Night: Lewis vs. Hunt,main_card,5,main_card,False,False
16968,3235,UFC Fight Night: Lewis vs. Hunt,main_card,6,main_card,False,False
16969,3235,UFC Fight Night: Lewis vs. Hunt,prelims,1,prelims,False,False
16970,3235,UFC Fight Night: Lewis vs. Hunt,prelims,2,prelims,False,False
16971,3235,UFC Fight Night: Lewis vs. Hunt,prelims,3,prelims,False,False
16972,3235,UFC Fight Night: Lewis vs. Hunt,prelims,4,prelims,False,False
16986,3241,UFC Fight Night: Holm vs. Correia,main_card,1,main_event,False,False
16987,3241,UFC Fight Night: Holm vs. Correia,main_card,2,co_main,False,False
16988,3241,UFC Fight Night: Holm vs. Correia,main_card,3,main_card,False,False
16989,3241,UFC Fight Night: Holm vs. Correia,main_card,4,main_card,False,False
16990,3241,UFC Fight Night: Holm vs. Correia,prelims,1,prelims,False,False
16991,3241,UFC Fight Night: Holm vs. Correia,prelims,2,prelims,False,False
16992,3241,UFC Fight Night: Holm vs. Correia,prelims,3,prelims,False,False
16994,3241,UFC Fight Night: Holm vs. Correia,prelims,5,prelims,False,True
16995,3241,UFC Fight Night: Holm vs. Correia,prelims,6,prelims,False,False
16996,3241,UFC Fight Night: Holm vs. Correia,prelims,7,prelims,False,False
16997,3241,UFC Fight Night: Holm vs. Correia,prelims,8,prelims,False,False
16915,3229,UFC Fight Night: Chiesa vs. Lee,main_card,1,main_event,False,False
16916,3229,UFC Fight Night: Chiesa vs. Lee,main_card,2,co_main,False,False
16917,3229,UFC Fight Night: Chiesa vs. Lee,main_card,3,main_card,False,False
16918,3229,UFC Fight Night: Chiesa vs. Lee,main_card,4,main_card,False,False
16919,3229,UFC Fight Night: Chiesa vs. Lee,main_card,5,main_card,False,False
16920,3229,UFC Fight Night: Chiesa vs. Lee,main_card,6,main_card,False,False
16921,3229,UFC Fight Night: Chiesa vs. Lee,prelims,1,prelims,False,False
16922,3229,UFC Fight Night: Chiesa vs. Lee,prelims,2,prelims,False,False
16923,3229,UFC Fight Night: Chiesa vs. Lee,prelims,3,prelims,False,False
16924,3229,UFC Fight Night: Chiesa vs. Lee,prelims,4,prelims,False,False
16925,3229,UFC Fight Night: Chiesa vs. Lee,prelims,5,prelims,False,False
16926,3229,UFC Fight Night: Chiesa vs. Lee,prelims,6,prelims,False,False
16927,3229,UFC Fight Night: Chiesa vs. Lee,prelims,7,prelims,False,False
16904,3222,The Ultimate Fighter: Redemption,main_card,1,main_event,False,False
16905,3222,The Ultimate Fighter: Redemption,main_card,2,co_main,False,False
16906,3222,The Ultimate Fighter: Redemption,main_card,3,main_card,False,False
16907,3222,The Ultimate Fighter: Redemption,main_card,4,main_card,False,False
16908,3222,The Ultimate Fighter: Redemption,main_card,5,main_card,False,False
16909,3222,The Ultimate Fighter: Redemption,main_card,6,main_card,False,False
16910,3222,The Ultimate Fighter: Redemption,prelims,1,prelims,False,False
16911,3222,The Ultimate Fighter: Redemption,prelims,2,prelims,False,False
16912,3222,The Ultimate Fighter: Redemption,prelims,3,prelims,False,False
16914,3222,The Ultimate Fighter: Redemption,prelims,5,prelims,False,False
16893,3221,UFC 213,main_card,1,main_event,True,True
16894,3221,UFC 213,main_card,2,co_main,False,False
16895,3221,UFC 213,main_card,3,main_card,False,False
16896,3221,UFC 213,main_card,4,main_card,False,False
16897,3221,UFC 213,main_card,5,main_card,False,False
16899,3221,UFC 213,prelims,2,prelims,False,False
16900,3221,UFC 213,prelims,3,prelims,False,False
16901,3221,UFC 213,prelims,4,prelims,False,False
16902,3221,UFC 213,prelims,5,prelims,False,False
16903,3221,UFC 213,prelims,6,prelims,False,False
16951,3233,UFC Fight Night: Nelson vs. Ponzinibbio,main_card,1,main_event,False,False
16953,3233,UFC Fight Night: Nelson vs. Ponzinibbio,main_card,3,main_card,False,False
16954,3233,UFC Fight Night: Nelson vs. Ponzinibbio,main_card,4,main_card,False,False
16955,3233,UFC Fight Night: Nelson vs. Ponzinibbio,main_card,5,main_card,False,False
16956,3233,UFC Fight Night: Nelson vs. Ponzinibbio,main_card,6,main_card,False,False
16957,3233,UFC Fight Night: Nelson vs. Ponzinibbio,prelims,1,prelims,False,False
16958,3233,UFC Fight Night: Nelson vs. Ponzinibbio,prelims,2,prelims,False,False
16959,3233,UFC Fight Night: Nelson vs. Ponzinibbio,prelims,3,prelims,False,False
16960,3233,UFC Fight Night: Nelson vs. Ponzinibbio,prelims,4,prelims,False,True
16961,3233,UFC Fight Night: Nelson vs. Ponzinibbio,prelims,5,prelims,False,False
16962,3233,UFC Fight Night: Nelson vs. Ponzinibbio,prelims,6,prelims,False,False
16880,3212,UFC on Fox: Weidman vs. Gastelum,main_card,1,main_event,False,False
16881,3212,UFC on Fox: Weidman vs. Gastelum,main_card,2,co_main,False,False
16882,3212,UFC on Fox: Weidman vs. Gastelum,main_card,3,main_card,False,False
16883,3212,UFC on Fox: Weidman vs. Gastelum,main_card,4,main_card,False,False
16884,3212,UFC on Fox: Weidman vs. Gastelum,prelims,1,prelims,False,True
16885,3212,UFC on Fox: Weidman vs. Gastelum,prelims,2,prelims,False,False
16886,3212,UFC on Fox: Weidman vs. Gastelum,prelims,3,prelims,False,False
16887,3212,UFC on Fox: Weidman vs. Gastelum,prelims,4,prelims,False,False
16888,3212,UFC on Fox: Weidman vs. Gastelum,prelims,5,prelims,False,False
16889,3212,UFC on Fox: Weidman vs. Gastelum,prelims,6,prelims,False,False
16890,3212,UFC on Fox: Weidman vs. Gastelum,prelims,7,prelims,False,False
16892,3212,UFC on Fox: Weidman vs. Gastelum,prelims,9,prelims,False,False
17036,3250,UFC 214,main_card,1,main_event,True,False
17037,3250,UFC 214,main_card,2,co_main,True,False
17039,3250,UFC 214,main_card,4,main_card,False,False
17040,3250,UFC 214,main_card,5,main_card,False,False
17041,3250,UFC 214,prelims,1,prelims,False,False
17042,3250,UFC 214,prelims,2,prelims,False,False
17044,3250,UFC 214,prelims,4,prelims,False,False
17045,3250,UFC 214,prelims,5,prelims,False,False
17046,3250,UFC 214,prelims,6,prelims,False,False
17047,3250,UFC 214,prelims,7,prelims,False,False
17043,3250,UFC 214,,,,,True
16857,3206,UFC Fight Night: Pettis vs. Moreno,main_card,1,main_event,False,False
16858,3206,UFC Fight Night: Pettis vs. Moreno,main_card,2,co_main,False,False
16859,3206,UFC Fight Night: Pettis vs. Moreno,main_card,3,main_card,False,False
16860,3206,UFC Fight Night: Pettis vs. Moreno,main_card,4,main_card,False,False
16861,3206,UFC Fight Night: Pettis vs. Moreno,main_card,5,main_card,False,False
16862,3206,UFC Fight Night: Pettis vs. Moreno,main_card,6,main_card,False,False
16863,3206,UFC Fight Night: Pettis vs. Moreno,prelims,1,prelims,False,False
16864,3206,UFC Fight Night: Pettis vs. Moreno,prelims,2,prelims,False,False
16866,3206,UFC Fight Night: Pettis vs. Moreno,prelims,4,prelims,False,False
16867,3206,UFC Fight Night: Pettis vs. Moreno,prelims,5,prelims,False,False
16868,3206,UFC Fight Night: Pettis vs. Moreno,prelims,6,prelims,False,False
16939,3232,UFC Fight Night: Volkov vs. Struve,main_card,1,main_event,False,True
16940,3232,UFC Fight Night: Volkov vs. Struve,main_card,2,co_main,False,False
16941,3232,UFC Fight Night: Volkov vs. Struve,main_card,3,main_card,False,False
16942,3232,UFC Fight Night: Volkov vs. Struve,main_card,4,main_card,False,False
16943,3232,UFC Fight Night: Volkov vs. Struve,prelims,1,prelims,False,False
16944,3232,UFC Fight Night: Volkov vs. Struve,prelims,2,prelims,False,False
16945,3232,UFC Fight Night: Volkov vs. Struve,prelims,3,prelims,False,False
16946,3232,UFC Fight Night: Volkov vs. Struve,prelims,4,prelims,False,False
16947,3232,UFC Fight Night: Volkov vs. Struve,prelims,5,prelims,False,False
16948,3232,UFC Fight Night: Volkov vs. Struve,prelims,6,prelims,False,False
16949,3232,UFC Fight Night: Volkov vs. Struve,prelims,7,prelims,False,False
16950,3232,UFC Fight Night: Volkov vs. Struve,prelims,8,prelims,False,False
16869,3208,UFC 215,main_card,1,main_event,True,False
16870,3208,UFC 215,main_card,2,co_main,False,False
16871,3208,UFC 215,main_card,3,main_card,False,False
16872,3208,UFC 215,main_card,4,main_card,False,False
16873,3208,UFC 215,main_card,5,main_card,False,True
16874,3208,UFC 215,prelims,1,prelims,False,False
16875,3208,UFC 215,prelims,2,prelims,False,False
16876,3208,UFC 215,prelims,3,prelims,False,False
16877,3208,UFC 215,prelims,4,prelims,False,False
16878,3208,UFC 215,prelims,5,prelims,False,False
16879,3208,UFC 215,prelims,6,prelims,False,False
16756,3109,UFC Fight Night: Rockhold vs. Branch,main_card,1,main_event,False,False
16757,3109,UFC Fight Night: Rockhold vs. Branch,main_card,2,co_main,False,False
16758,3109,UFC Fight Night: Rockhold vs. Branch,main_card,3,main_card,False,False
16759,3109,UFC Fight Night: Rockhold vs. Branch,main_card,4,main_card,False,True
16760,3109,UFC Fight Night: Rockhold vs. Branch,main_card,5,main_card,False,False
16762,3109,UFC Fight Night: Rockhold vs. Branch,prelims,1,prelims,False,False
16763,3109,UFC Fight Night: Rockhold vs. Branch,prelims,2,prelims,False,False
16764,3109,UFC Fight Night: Rockhold vs. Branch,prelims,3,prelims,False,False
16765,3109,UFC Fight Night: Rockhold vs. Branch,prelims,4,prelims,False,False
16847,3205,UFC Fight Night: Saint Preux vs. Okami,main_card,1,main_event,False,False
16848,3205,UFC Fight Night: Saint Preux vs. Okami,main_card,2,co_main,False,True
16849,3205,UFC Fight Night: Saint Preux vs. Okami,main_card,3,main_card,False,False
16850,3205,UFC Fight Night: Saint Preux vs. Okami,main_card,4,main_card,False,False
16851,3205,UFC Fight Night: Saint Preux vs. Okami,main_card,5,main_card,False,False
16853,3205,UFC Fight Night: Saint Preux vs. Okami,prelims,1,prelims,False,False
16854,3205,UFC Fight Night: Saint Preux vs. Okami,prelims,2,prelims,False,False
16855,3205,UFC Fight Night: Saint Preux vs. Okami,prelims,3,prelims,False,False
16856,3205,UFC Fight Night: Saint Preux vs. Okami,prelims,4,prelims,False,False
16824,3115,UFC 216,main_card,1,main_event,True,False
16825,3115,UFC 216,main_card,2,co_main,True,False
16826,3115,UFC 216,main_card,3,main_card,False,False
16827,3115,UFC 216,main_card,4,main_card,False,False
16828,3115,UFC 216,main_card,5,main_card,False,False
16829,3115,UFC 216,prelims,1,prelims,False,False
16831,3115,UFC 216,prelims,3,prelims,False,False
16832,3115,UFC 216,prelims,4,prelims,False,False
16833,3115,UFC 216,prelims,5,prelims,False,False
16834,3115,UFC 216,prelims,6,prelims,False,False
16830,3115,UFC 216,,,,,True
16928,3231,UFC Fight Night: Cowboy vs. Till,main_card,1,main_event,False,False
16929,3231,UFC Fight Night: Cowboy vs. Till,main_card,2,co_main,False,False
16931,3231,UFC Fight Night: Cowboy vs. Till,main_card,4,main_card,False,False
16932,3231,UFC Fight Night: Cowboy vs. Till,prelims,1,prelims,False,False
16933,3231,UFC Fight Night: Cowboy vs. Till,prelims,2,prelims,False,True
16934,3231,UFC Fight Night: Cowboy vs. Till,prelims,3,prelims,False,False
16935,3231,UFC Fight Night: Cowboy vs. Till,prelims,4,prelims,False,False
16936,3231,UFC Fight Night: Cowboy vs. Till,prelims,5,prelims,False,False
16937,3231,UFC Fight Night: Cowboy vs. Till,prelims,6,prelims,False,False
16938,3231,UFC Fight Night: Cowboy vs. Till,prelims,7,prelims,False,False
16744,3108,UFC Fight Night: Brunson vs. Machida,main_card,1,main_event,False,False
16745,3108,UFC Fight Night: Brunson vs. Machida,main_card,2,co_main,False,False
16746,3108,UFC Fight Night: Brunson vs. Machida,main_card,3,main_card,False,False
16747,3108,UFC Fight Night: Brunson vs. Machida,main_card,4,main_card,False,False
16748,3108,UFC Fight Night: Brunson vs. Machida,main_card,5,main_card,False,False
16749,3108,UFC Fight Night: Brunson vs. Machida,main_card,6,main_card,False,False
16750,3108,UFC Fight Night: Brunson vs. Machida,prelims,1,prelims,False,False
16751,3108,UFC Fight Night: Brunson vs. Machida,prelims,2,prelims,False,False
16752,3108,UFC Fight Night: Brunson vs. Machida,prelims,3,prelims,False,False
16753,3108,UFC Fight Night: Brunson vs. Machida,prelims,4,prelims,False,True
16754,3108,UFC Fight Night: Brunson vs. Machida,prelims,5,prelims,False,False
16755,3108,UFC Fight Night: Brunson vs. Machida,prelims,6,prelims,False,False
16789,3112,UFC 217,main_card,1,main_event,True,False
16790,3112,UFC 217,main_card,2,co_main,True,False
16791,3112,UFC 217,main_card,3,main_card,True,False
16792,3112,UFC 217,main_card,4,main_card,False,False
16793,3112,UFC 217,main_card,5,main_card,False,False
16794,3112,UFC 217,prelims,1,prelims,False,False
16795,3112,UFC 217,prelims,2,prelims,False,False
16796,3112,UFC 217,prelims,3,prelims,False,False
16797,3112,UFC 217,prelims,4,prelims,False,False
16798,3112,UFC 217,prelims,5,prelims,False,False
16799,3112,UFC 217,prelims,6,prelims,False,False
16681,3086,UFC Fight Night: Poirier vs. Pettis,main_card,1,main_event,False,True
16682,3086,UFC Fight Night: Poirier vs. Pettis,main_card,2,co_main,False,False
16683,3086,UFC Fight Night: Poirier vs. Pettis,main_card,3,main_card,False,False
16684,3086,UFC Fight Night: Poirier vs. Pettis,main_card,4,main_card,False,False
16685,3086,UFC Fight Night: Poirier vs. Pettis,main_card,5,main_card,False,False
16686,3086,UFC Fight Night: Poirier vs. Pettis,main_card,6,main_card,False,False
16687,3086,UFC Fight Night: Poirier vs. Pettis,prelims,1,prelims,False,False
16688,3086,UFC Fight Night: Poirier vs. Pettis,prelims,2,prelims,False,False
16689,3086,UFC Fight Night: Poirier vs. Pettis,prelims,3,prelims,False,False
16691,3086,UFC Fight Night: Poirier vs. Pettis,prelims,5,prelims,False,False
16692,3086,UFC Fight Night: Poirier vs. Pettis,prelims,6,prelims,False,False
16693,3086,UFC Fight Night: Poirier vs. Pettis,prelims,7,prelims,False,False
16811,3114,UFC Fight Night: Werdum vs. Tybura,main_card,1,main_event,False,False
16812,3114,UFC Fight Night: Werdum vs. Tybura,main_card,2,co_main,False,False
16813,3114,UFC Fight Night: Werdum vs. Tybura,main_card,3,main_card,False,False
16814,3114,UFC Fight Night: Werdum vs. Tybura,main_card,4,main_card,False,False
16815,3114,UFC Fight Night: Werdum vs. Tybura,main_card,5,main_card,False,False
16816,3114,UFC Fight Night: Werdum vs. Tybura,main_card,6,main_card,False,False
16817,3114,UFC Fight Night: Werdum vs. Tybura,prelims,1,prelims,False,False
16818,3114,UFC Fight Night: Werdum vs. Tybura,prelims,2,prelims,False,False
16819,3114,UFC Fight Night: Werdum vs. Tybura,prelims,3,prelims,False,False
16820,3114,UFC Fight Night: Werdum vs. Tybura,prelims,4,prelims,False,True
16821,3114,UFC Fight Night: Werdum vs. Tybura,prelims,5,prelims,False,False
16822,3114,UFC Fight Night: Werdum vs. Tybura,prelims,6,prelims,False,False
16823,3114,UFC Fight Night: Werdum vs. Tybura,prelims,7,prelims,False,False
16732,3107,UFC Fight Night: Bisping vs. Gastelum,main_card,1,main_event,False,False
16733,3107,UFC Fight Night: Bisping vs. Gastelum,main_card,2,co_main,False,False
16734,3107,UFC Fight Night: Bisping vs. Gastelum,main_card,3,main_card,False,False
16735,3107,UFC Fight Night: Bisping vs. Gastelum,main_card,4,main_card,False,False
16736,3107,UFC Fight Night: Bisping vs. Gastelum,prelims,1,prelims,False,False
16737,3107,UFC Fight Night: Bisping vs. Gastelum,prelims,2,prelims,False,False
16738,3107,UFC Fight Night: Bisping vs. Gastelum,prelims,3,prelims,False,False
16740,3107,UFC Fight Night: Bisping vs. Gastelum,prelims,5,prelims,False,False
16741,3107,UFC Fight Night: Bisping vs. Gastelum,prelims,6,prelims,False,False
16743,3107,UFC Fight Night: Bisping vs. Gastelum,prelims,8,prelims,False,False
16800,3113,The Ultimate Fighter: A New World Champion,main_card,1,main_event,True,False
16801,3113,The Ultimate Fighter: A New World Champion,main_card,2,co_main,False,False
16802,3113,The Ultimate Fighter: A New World Champion,main_card,3,main_card,False,False
16803,3113,The Ultimate Fighter: A New World Champion,main_card,4,main_card,False,False
16804,3113,The Ultimate Fighter: A New World Champion,main_card,5,main_card,False,False
16805,3113,The Ultimate Fighter: A New World Champion,main_card,6,main_card,False,False
16806,3113,The Ultimate Fighter: A New World Champion,prelims,1,prelims,False,False
16807,3113,The Ultimate Fighter: A New World Champion,prelims,2,prelims,False,False
16808,3113,The Ultimate Fighter: A New World Champion,prelims,3,prelims,False,False
16809,3113,The Ultimate Fighter: A New World Champion,prelims,4,prelims,False,False
16810,3113,The Ultimate Fighter: A New World Champion,prelims,5,prelims,False,False
16776,3111,UFC 218,main_card,1,main_event,True,False
16777,3111,UFC 218,main_card,2,co_main,False,False
16778,3111,UFC 218,main_card,3,main_card,False,False
16779,3111,UFC 218,main_card,4,main_card,False,True
16781,3111,UFC 218,prelims,1,prelims,False,False
16782,3111,UFC 218,prelims,2,prelims,False,True
16783,3111,UFC 218,prelims,3,prelims,False,False
16784,3111,UFC 218,prelims,4,prelims,False,False
16786,3111,UFC 218,prelims,6,prelims,False,False
16787,3111,UFC 218,prelims,7,prelims,False,False
16788,3111,UFC 218,prelims,8,prelims,False,False
16694,3089,UFC Fight Night: Swanson vs. Ortega,main_card,1,main_event,False,True
16695,3089,UFC Fight Night: Swanson vs. Ortega,main_card,2,co_main,False,False
16696,3089,UFC Fight Night: Swanson vs. Ortega,main_card,3,main_card,False,False
16697,3089,UFC Fight Night: Swanson vs. Ortega,main_card,4,main_card,False,False
16698,3089,UFC Fight Night: Swanson vs. Ortega,main_card,5,main_card,False,False
16699,3089,UFC Fight Night: Swanson vs. Ortega,main_card,6,main_card,False,False
16700,3089,UFC Fight Night: Swanson vs. Ortega,prelims,1,prelims,False,False
16701,3089,UFC Fight Night: Swanson vs. Ortega,prelims,2,prelims,False,False
16702,3089,UFC Fight Night: Swanson vs. Ortega,prelims,3,prelims,False,False
16703,3089,UFC Fight Night: Swanson vs. Ortega,prelims,4,prelims,False,False
16704,3089,UFC Fight Night: Swanson vs. Ortega,prelims,5,prelims,False,False
16705,3089,UFC Fight Night: Swanson vs. Ortega,prelims,6,prelims,False,False
16706,3089,UFC Fight Night: Swanson vs. Ortega,prelims,7,prelims,False,False
16707,3090,UFC on Fox: Lawler vs. dos Anjos,main_card,1,main_event,False,False
16708,3090,UFC on Fox: Lawler vs. dos Anjos,main_card,2,co_main,False,False
16709,3090,UFC on Fox: Lawler vs. dos Anjos,main_card,3,main_card,False,False
16710,3090,UFC on Fox: Lawler vs. dos Anjos,main_card,4,main_card,False,False
16712,3090,UFC on Fox: Lawler vs. dos Anjos,prelims,2,prelims,False,True
16713,3090,UFC on Fox: Lawler vs. dos Anjos,prelims,3,prelims,False,False
16714,3090,UFC on Fox: Lawler vs. dos Anjos,prelims,4,prelims,False,False
16715,3090,UFC on Fox: Lawler vs. dos Anjos,prelims,5,prelims,False,False
16716,3090,UFC on Fox: Lawler vs. dos Anjos,prelims,6,prelims,False,False
16717,3090,UFC on Fox: Lawler vs. dos Anjos,prelims,7,prelims,False,False
16767,3110,UFC 219,main_card,2,co_main,False,False
16768,3110,UFC 219,main_card,3,main_card,False,False
16769,3110,UFC 219,main_card,4,main_card,False,False
16770,3110,UFC 219,main_card,5,main_card,False,False
16771,3110,UFC 219,prelims,1,prelims,False,False
16772,3110,UFC 219,prelims,2,prelims,False,False
16773,3110,UFC 219,prelims,3,prelims,False,False
16774,3110,UFC 219,prelims,4,prelims,False,False
16775,3110,UFC 219,prelims,5,prelims,False,False
16766,3110,UFC 219,,,,,True
16651,3062,UFC Fight Night: Stephens vs. Choi,main_card,1,main_event,False,True
16652,3062,UFC Fight Night: Stephens vs. Choi,main_card,2,co_main,False,False
16653,3062,UFC Fight Night: Stephens vs. Choi,main_card,3,main_card,False,False
16654,3062,UFC Fight Night: Stephens vs. Choi,main_card,4,main_card,False,False
16655,3062,UFC Fight Night: Stephens vs. Choi,prelims,1,prelims,False,False
16656,3062,UFC Fight Night: Stephens vs. Choi,prelims,2,prelims,False,False
16657,3062,UFC Fight Night: Stephens vs. Choi,prelims,3,prelims,False,False
16658,3062,UFC Fight Night: Stephens vs. Choi,prelims,4,prelims,False,False
16659,3062,UFC Fight Night: Stephens vs. Choi,prelims,5,prelims,False,False
16661,3062,UFC Fight Night: Stephens vs. Choi,prelims,7,prelims,False,False
16662,3063,UFC 220,main_card,1,main_event,True,False
16663,3063,UFC 220,main_card,2,co_main,True,False
16664,3063,UFC 220,main_card,3,main_card,False,True
16665,3063,UFC 220,main_card,4,main_card,False,False
16666,3063,UFC 220,main_card,5,main_card,False,False
16667,3063,UFC 220,prelims,1,prelims,False,False
16668,3063,UFC 220,prelims,2,prelims,False,False
16669,3063,UFC 220,prelims,3,prelims,False,False
16670,3063,UFC 220,prelims,4,prelims,False,False
16671,3063,UFC 220,prelims,5,prelims,False,False
16672,3063,UFC 220,prelims,6,prelims,False,False
16604,3058,UFC on Fox: Jacaré vs. Brunson 2,main_card,1,main_event,False,False
16605,3058,UFC on Fox: Jacaré vs. Brunson 2,main_card,2,co_main,False,False
16606,3058,UFC on Fox: Jacaré vs. Brunson 2,main_card,3,main_card,False,False
16607,3058,UFC on Fox: Jacaré vs. Brunson 2,main_card,4,main_card,False,True
16611,3058,UFC on Fox: Jacaré vs. Brunson 2,prelims,4,prelims,False,False
16612,3058,UFC on Fox: Jacaré vs. Brunson 2,prelims,5,prelims,False,False
16613,3058,UFC on Fox: Jacaré vs. Brunson 2,prelims,6,prelims,False,False
16614,3058,UFC on Fox: Jacaré vs. Brunson 2,prelims,7,prelims,False,False
16615,3058,UFC on Fox: Jacaré vs. Brunson 2,prelims,8,prelims,False,False
16640,3061,UFC Fight Night: Machida vs. Anders,main_card,1,main_event,False,False
16641,3061,UFC Fight Night: Machida vs. Anders,main_card,2,co_main,False,False
16642,3061,UFC Fight Night: Machida vs. Anders,main_card,3,main_card,False,False
16643,3061,UFC Fight Night: Machida vs. Anders,main_card,4,main_card,False,False
16644,3061,UFC Fight Night: Machida vs. Anders,main_card,5,main_card,False,False
16645,3061,UFC Fight Night: Machida vs. Anders,main_card,6,main_card,False,True
16646,3061,UFC Fight Night: Machida vs. Anders,prelims,1,prelims,False,False
16647,3061,UFC Fight Night: Machida vs. Anders,prelims,2,prelims,False,False
16649,3061,UFC Fight Night: Machida vs. Anders,prelims,4,prelims,False,False
16650,3061,UFC Fight Night: Machida vs. Anders,prelims,5,prelims,False,False
16628,3060,UFC 221,main_card,1,main_event,True,False
16629,3060,UFC 221,main_card,2,co_main,False,False
16630,3060,UFC 221,main_card,3,main_card,False,False
16631,3060,UFC 221,main_card,4,main_card,False,True
16632,3060,UFC 221,main_card,5,main_card,False,False
16633,3060,UFC 221,prelims,1,prelims,False,False
16634,3060,UFC 221,prelims,2,prelims,False,False
16635,3060,UFC 221,prelims,3,prelims,False,False
16636,3060,UFC 221,prelims,4,prelims,False,False
16637,3060,UFC 221,prelims,5,prelims,False,False
16638,3060,UFC 221,prelims,6,prelims,False,False
16639,3060,UFC 221,prelims,7,prelims,False,False
16592,3057,UFC Fight Night: Cowboy vs. Medeiros,main_card,1,main_event,False,False
16593,3057,UFC Fight Night: Cowboy vs. Medeiros,main_card,2,co_main,False,False
16594,3057,UFC Fight Night: Cowboy vs. Medeiros,main_card,3,main_card,False,False
16595,3057,UFC Fight Night: Cowboy vs. Medeiros,main_card,4,main_card,False,False
16596,3057,UFC Fight Night: Cowboy vs. Medeiros,main_card,5,main_card,False,True
16597,3057,UFC Fight Night: Cowboy vs. Medeiros,main_card,6,main_card,False,False
16598,3057,UFC Fight Night: Cowboy vs. Medeiros,prelims,1,prelims,False,False
16599,3057,UFC Fight Night: Cowboy vs. Medeiros,prelims,2,prelims,False,False
16600,3057,UFC Fight Night: Cowboy vs. Medeiros,prelims,3,prelims,False,False
16601,3057,UFC Fight Night: Cowboy vs. Medeiros,prelims,4,prelims,False,False
16602,3057,UFC Fight Night: Cowboy vs. Medeiros,prelims,5,prelims,False,False
16603,3057,UFC Fight Night: Cowboy vs. Medeiros,prelims,6,prelims,False,False
16580,3056,UFC on Fox: Emmett vs. Stephens,main_card,1,main_event,False,False
16582,3056,UFC on Fox: Emmett vs. Stephens,main_card,3,main_card,False,False
16583,3056,UFC on Fox: Emmett vs. Stephens,main_card,4,main_card,False,False
16584,3056,UFC on Fox: Emmett vs. Stephens,prelims,1,prelims,False,False
16585,3056,UFC on Fox: Emmett vs. Stephens,prelims,2,prelims,False,False
16586,3056,UFC on Fox: Emmett vs. Stephens,prelims,3,prelims,False,False
16587,3056,UFC on Fox: Emmett vs. Stephens,prelims,4,prelims,False,True
16588,3056,UFC on Fox: Emmett vs. Stephens,prelims,5,prelims,False,False
16589,3056,UFC on Fox: Emmett vs. Stephens,prelims,6,prelims,False,False
16590,3056,UFC on Fox: Emmett vs. Stephens,prelims,7,prelims,False,False
16591,3056,UFC on Fox: Emmett vs. Stephens,prelims,8,prelims,False,False
16617,3059,UFC 222,main_card,2,co_main,False,False
16618,3059,UFC 222,main_card,3,main_card,False,True
16619,3059,UFC 222,main_card,4,main_card,False,False
16620,3059,UFC 222,main_card,5,main_card,False,False
16621,3059,UFC 222,prelims,1,prelims,False,False
16622,3059,UFC 222,prelims,2,prelims,False,False
16623,3059,UFC 222,prelims,3,prelims,False,False
16624,3059,UFC 222,prelims,4,prelims,False,False
16625,3059,UFC 222,prelims,5,prelims,False,False
16626,3059,UFC 222,prelims,6,prelims,False,False
16627,3059,UFC 222,prelims,7,prelims,False,False
16570,3055,UFC Fight Night: Werdum vs. Volkov,main_card,1,main_event,False,False
16572,3055,UFC Fight Night: Werdum vs. Volkov,main_card,3,main_card,False,False
16573,3055,UFC Fight Night: Werdum vs. Volkov,main_card,4,main_card,False,False
16574,3055,UFC Fight Night: Werdum vs. Volkov,prelims,1,prelims,False,False
16575,3055,UFC Fight Night: Werdum vs. Volkov,prelims,2,prelims,False,False
16576,3055,UFC Fight Night: Werdum vs. Volkov,prelims,3,prelims,False,False
16577,3055,UFC Fight Night: Werdum vs. Volkov,prelims,4,prelims,False,False
16578,3055,UFC Fight Night: Werdum vs. Volkov,prelims,5,prelims,False,False
16579,3055,UFC Fight Night: Werdum vs. Volkov,prelims,6,prelims,False,False
16571,3055,UFC Fight Night: Werdum vs. Volkov,,,,,True
16547,3024,UFC 223,main_card,1,main_event,True,False
16548,3024,UFC 223,main_card,2,co_main,True,False
16550,3024,UFC 223,main_card,4,main_card,False,True
16551,3024,UFC 223,main_card,5,main_card,False,False
16552,3024,UFC 223,prelims,1,prelims,False,False
16553,3024,UFC 223,prelims,2,prelims,False,False
16554,3024,UFC 223,prelims,3,prelims,False,False
16555,3024,UFC 223,prelims,4,prelims,False,False
16533,3023,UFC on Fox: Poirier vs. Gaethje,main_card,1,main_event,False,True
16534,3023,UFC on Fox: Poirier vs. Gaethje,main_card,2,co_main,False,False
16535,3023,UFC on Fox: Poirier vs. Gaethje,main_card,3,main_card,False,False
16536,3023,UFC on Fox: Poirier vs. Gaethje,main_card,4,main_card,False,False
16537,3023,UFC on Fox: Poirier vs. Gaethje,prelims,1,prelims,False,False
16538,3023,UFC on Fox: Poirier vs. Gaethje,prelims,2,prelims,False,False
16539,3023,UFC on Fox: Poirier vs. Gaethje,prelims,3,prelims,False,False
16540,3023,UFC on Fox: Poirier vs. Gaethje,prelims,4,prelims,False,False
16541,3023,UFC on Fox: Poirier vs. Gaethje,prelims,5,prelims,False,False
16542,3023,UFC on Fox: Poirier vs. Gaethje,prelims,6,prelims,False,False
16543,3023,UFC on Fox: Poirier vs. Gaethje,prelims,7,prelims,False,False
16544,3023,UFC on Fox: Poirier vs. Gaethje,prelims,8,prelims,False,False
16545,3023,UFC on Fox: Poirier vs. Gaethje,prelims,9,prelims,False,False
16546,3023,UFC on Fox: Poirier vs. Gaethje,prelims,10,prelims,False,False
16511,3018,UFC Fight Night: Barboza vs. Lee,main_card,1,main_event,False,False
16512,3018,UFC Fight Night: Barboza vs. Lee,main_card,2,co_main,False,False
16513,3018,UFC Fight Night: Barboza vs. Lee,main_card,3,main_card,False,False
16514,3018,UFC Fight Night: Barboza vs. Lee,main_card,4,main_card,False,False
16515,3018,UFC Fight Night: Barboza vs. Lee,main_card,5,main_card,False,False
16516,3018,UFC Fight Night: Barboza vs. Lee,main_card,6,main_card,False,False
16517,3018,UFC Fight Night: Barboza vs. Lee,prelims,1,prelims,False,False
16518,3018,UFC Fight Night: Barboza vs. Lee,prelims,2,prelims,False,True
16519,3018,UFC Fight Night: Barboza vs. Lee,prelims,3,prelims,False,False
16520,3018,UFC Fight Night: Barboza vs. Lee,prelims,4,prelims,False,False
16521,3018,UFC Fight Night: Barboza vs. Lee,prelims,5,prelims,False,False
16498,3017,UFC 224,main_card,1,main_event,True,False
16499,3017,UFC 224,main_card,2,co_main,False,True
16501,3017,UFC 224,main_card,4,main_card,False,False
16502,3017,UFC 224,main_card,5,main_card,False,False
16503,3017,UFC 224,prelims,1,prelims,False,False
16505,3017,UFC 224,prelims,3,prelims,False,False
16506,3017,UFC 224,prelims,4,prelims,False,False
16507,3017,UFC 224,prelims,5,prelims,False,False
16508,3017,UFC 224,prelims,6,prelims,False,False
16509,3017,UFC 224,prelims,7,prelims,False,False
16510,3017,UFC 224,prelims,8,prelims,False,False
16460,3014,UFC Fight Night: Maia vs. Usman,main_card,1,main_event,False,False
16461,3014,UFC Fight Night: Maia vs. Usman,main_card,2,co_main,False,False
16462,3014,UFC Fight Night: Maia vs. Usman,main_card,3,main_card,False,False
16463,3014,UFC Fight Night: Maia vs. Usman,main_card,4,main_card,False,False
16465,3014,UFC Fight Night: Maia vs. Usman,main_card,6,main_card,False,False
16466,3014,UFC Fight Night: Maia vs. Usman,prelims,1,prelims,False,False
16467,3014,UFC Fight Night: Maia vs. Usman,prelims,2,prelims,False,False
16468,3014,UFC Fight Night: Maia vs. Usman,prelims,3,prelims,False,False
16469,3014,UFC Fight Night: Maia vs. Usman,prelims,4,prelims,False,False
16470,3014,UFC Fight Night: Maia vs. Usman,prelims,5,prelims,False,False
16472,3014,UFC Fight Night: Maia vs. Usman,prelims,7,prelims,False,False
16464,3014,UFC Fight Night: Maia vs. Usman,,,,,True
16437,2993,UFC Fight Night: Thompson vs. Till,main_card,1,main_event,False,False
16438,2993,UFC Fight Night: Thompson vs. Till,main_card,2,co_main,False,False
16439,2993,UFC Fight Night: Thompson vs. Till,main_card,3,main_card,False,False
16440,2993,UFC Fight Night: Thompson vs. Till,main_card,4,main_card,False,False
16441,2993,UFC Fight Night: Thompson vs. Till,main_card,5,main_card,False,False
16442,2993,UFC Fight Night: Thompson vs. Till,main_card,6,main_card,False,False
16443,2993,UFC Fight Night: Thompson vs. Till,prelims,1,prelims,False,False
16444,2993,UFC Fight Night: Thompson vs. Till,prelims,2,prelims,False,False
16445,2993,UFC Fight Night: Thompson vs. Till,prelims,3,prelims,False,False
16446,2993,UFC Fight Night: Thompson vs. Till,prelims,4,prelims,False,False
16447,2993,UFC Fight Night: Thompson vs. Till,prelims,5,prelims,False,False
16473,3015,UFC Fight Night: Rivera vs. Moraes,main_card,1,main_event,False,False
16474,3015,UFC Fight Night: Rivera vs. Moraes,main_card,2,co_main,False,False
16475,3015,UFC Fight Night: Rivera vs. Moraes,main_card,3,main_card,False,False
16476,3015,UFC Fight Night: Rivera vs. Moraes,main_card,4,main_card,False,False
16477,3015,UFC Fight Night: Rivera vs. Moraes,main_card,5,main_card,False,False
16478,3015,UFC Fight Night: Rivera vs. Moraes,main_card,6,main_card,False,False
16479,3015,UFC Fight Night: Rivera vs. Moraes,prelims,1,prelims,False,False
16480,3015,UFC Fight Night: Rivera vs. Moraes,prelims,2,prelims,False,False
16481,3015,UFC Fight Night: Rivera vs. Moraes,prelims,3,prelims,False,False
16482,3015,UFC Fight Night: Rivera vs. Moraes,prelims,4,prelims,False,False
16483,3015,UFC Fight Night: Rivera vs. Moraes,prelims,5,prelims,False,False
16484,3015,UFC Fight Night: Rivera vs. Moraes,prelims,6,prelims,False,False
16485,3016,UFC 225,main_card,1,main_event,True,False
16486,3016,UFC 225,main_card,2,co_main,True,False
16487,3016,UFC 225,main_card,3,main_card,False,False
16488,3016,UFC 225,main_card,4,main_card,False,False
16490,3016,UFC 225,prelims,1,prelims,False,False
16491,3016,UFC 225,prelims,2,prelims,False,False
16492,3016,UFC 225,prelims,3,prelims,False,False
16493,3016,UFC 225,prelims,4,prelims,False,False
16494,3016,UFC 225,prelims,5,prelims,False,False
16495,3016,UFC 225,prelims,6,prelims,False,False
16496,3016,UFC 225,prelims,7,prelims,False,False
16497,3016,UFC 225,prelims,8,prelims,False,False
16360,2906,UFC Fight Night: Cowboy vs. Edwards,main_card,1,main_event,False,False
16361,2906,UFC Fight Night: Cowboy vs. Edwards,main_card,2,co_main,False,False
16362,2906,UFC Fight Night: Cowboy vs. Edwards,main_card,3,main_card,False,False
16363,2906,UFC Fight Night: Cowboy vs. Edwards,main_card,4,main_card,False,False
16364,2906,UFC Fight Night: Cowboy vs. Edwards,prelims,1,prelims,False,False
16365,2906,UFC Fight Night: Cowboy vs. Edwards,prelims,2,prelims,False,False
16366,2906,UFC Fight Night: Cowboy vs. Edwards,prelims,3,prelims,False,True
16367,2906,UFC Fight Night: Cowboy vs. Edwards,prelims,4,prelims,False,False
16368,2906,UFC Fight Night: Cowboy vs. Edwards,prelims,5,prelims,False,False
16369,2906,UFC Fight Night: Cowboy vs. Edwards,prelims,6,prelims,False,False
16370,2906,UFC Fight Night: Cowboy vs. Edwards,prelims,7,prelims,False,False
16372,2906,UFC Fight Night: Cowboy vs. Edwards,prelims,9,prelims,False,False
16448,3013,The Ultimate Fighter: Undefeated,main_card,1,main_event,False,False
16449,3013,The Ultimate Fighter: Undefeated,main_card,2,co_main,False,False
16450,3013,The Ultimate Fighter: Undefeated,main_card,3,main_card,False,False
16451,3013,The Ultimate Fighter: Undefeated,main_card,4,main_card,False,False
16452,3013,The Ultimate Fighter: Undefeated,main_card,5,main_card,False,False
16453,3013,The Ultimate Fighter: Undefeated,main_card,6,main_card,False,False
16454,3013,The Ultimate Fighter: Undefeated,prelims,1,prelims,False,False
16455,3013,The Ultimate Fighter: Undefeated,prelims,2,prelims,False,False
16456,3013,The Ultimate Fighter: Undefeated,prelims,3,prelims,False,False
16457,3013,The Ultimate Fighter: Undefeated,prelims,4,prelims,False,False
16458,3013,The Ultimate Fighter: Undefeated,prelims,5,prelims,False,False
16459,3013,The Ultimate Fighter: Undefeated,prelims,6,prelims,False,False
16522,3021,UFC 226,main_card,1,main_event,True,False
16523,3021,UFC 226,main_card,2,co_main,False,False
16524,3021,UFC 226,main_card,3,main_card,False,False
16525,3021,UFC 226,main_card,4,main_card,False,False
16526,3021,UFC 226,main_card,5,main_card,False,False
16527,3021,UFC 226,prelims,1,prelims,False,False
16528,3021,UFC 226,prelims,2,prelims,False,False
16529,3021,UFC 226,prelims,3,prelims,False,False
16530,3021,UFC 226,prelims,4,prelims,False,False
16531,3021,UFC 226,prelims,5,prelims,False,False
16532,3021,UFC 226,prelims,6,prelims,False,False
16424,2981,UFC Fight Night: dos Santos vs. Ivanov,main_card,1,main_event,False,False
16425,2981,UFC Fight Night: dos Santos vs. Ivanov,main_card,2,co_main,False,False
16426,2981,UFC Fight Night: dos Santos vs. Ivanov,main_card,3,main_card,False,False
16427,2981,UFC Fight Night: dos Santos vs. Ivanov,main_card,4,main_card,False,False
16428,2981,UFC Fight Night: dos Santos vs. Ivanov,main_card,5,main_card,False,False
16429,2981,UFC Fight Night: dos Santos vs. Ivanov,main_card,6,main_card,False,False
16430,2981,UFC Fight Night: dos Santos vs. Ivanov,prelims,1,prelims,False,False
16431,2981,UFC Fight Night: dos Santos vs. Ivanov,prelims,2,prelims,False,False
16432,2981,UFC Fight Night: dos Santos vs. Ivanov,prelims,3,prelims,False,False
16433,2981,UFC Fight Night: dos Santos vs. Ivanov,prelims,4,prelims,False,True
16434,2981,UFC Fight Night: dos Santos vs. Ivanov,prelims,5,prelims,False,False
16435,2981,UFC Fight Night: dos Santos vs. Ivanov,prelims,6,prelims,False,False
16436,2981,UFC Fight Night: dos Santos vs. Ivanov,prelims,7,prelims,False,False
16411,2914,UFC Fight Night: Shogun vs. Smith,main_card,1,main_event,False,False
16412,2914,UFC Fight Night: Shogun vs. Smith,main_card,2,co_main,False,False
16413,2914,UFC Fight Night: Shogun vs. Smith,main_card,3,main_card,False,False
16414,2914,UFC Fight Night: Shogun vs. Smith,main_card,4,main_card,False,False
16415,2914,UFC Fight Night: Shogun vs. Smith,main_card,5,main_card,False,True
16416,2914,UFC Fight Night: Shogun vs. Smith,main_card,6,main_card,False,False
16417,2914,UFC Fight Night: Shogun vs. Smith,prelims,1,prelims,False,False
16418,2914,UFC Fight Night: Shogun vs. Smith,prelims,2,prelims,False,False
16419,2914,UFC Fight Night: Shogun vs. Smith,prelims,3,prelims,False,False
16420,2914,UFC Fight Night: Shogun vs. Smith,prelims,4,prelims,False,False
16421,2914,UFC Fight Night: Shogun vs. Smith,prelims,5,prelims,False,False
16422,2914,UFC Fight Night: Shogun vs. Smith,prelims,6,prelims,False,False
16423,2914,UFC Fight Night: Shogun vs. Smith,prelims,7,prelims,False,False
16398,2913,UFC on Fox: Alvarez vs. Poirier 2,main_card,1,main_event,False,False
16399,2913,UFC on Fox: Alvarez vs. Poirier 2,main_card,2,co_main,False,False
16401,2913,UFC on Fox: Alvarez vs. Poirier 2,main_card,4,main_card,False,False
16402,2913,UFC on Fox: Alvarez vs. Poirier 2,prelims,1,prelims,False,False
16403,2913,UFC on Fox: Alvarez vs. Poirier 2,prelims,2,prelims,False,False
16404,2913,UFC on Fox: Alvarez vs. Poirier 2,prelims,3,prelims,False,False
16405,2913,UFC on Fox: Alvarez vs. Poirier 2,prelims,4,prelims,False,False
16406,2913,UFC on Fox: Alvarez vs. Poirier 2,prelims,5,prelims,False,True
16408,2913,UFC on Fox: Alvarez vs. Poirier 2,prelims,7,prelims,False,False
16410,2913,UFC on Fox: Alvarez vs. Poirier 2,prelims,9,prelims,False,False
16386,2912,UFC 227,main_card,1,main_event,True,False
16387,2912,UFC 227,main_card,2,co_main,True,True
16390,2912,UFC 227,main_card,5,main_card,False,False
16391,2912,UFC 227,prelims,1,prelims,False,False
16392,2912,UFC 227,prelims,2,prelims,False,False
16393,2912,UFC 227,prelims,3,prelims,False,False
16394,2912,UFC 227,prelims,4,prelims,False,False
16395,2912,UFC 227,early_prelims,1,early_prelims,False,False
16396,2912,UFC 227,early_prelims,2,early_prelims,False,False
16373,2911,UFC Fight Night: Gaethje vs. Vick,main_card,1,main_event,False,False
16374,2911,UFC Fight Night: Gaethje vs. Vick,main_card,2,co_main,False,False
16375,2911,UFC Fight Night: Gaethje vs. Vick,main_card,3,main_card,False,False
16376,2911,UFC Fight Night: Gaethje vs. Vick,main_card,4,main_card,False,False
16377,2911,UFC Fight Night: Gaethje vs. Vick,main_card,5,main_card,False,False
16378,2911,UFC Fight Night: Gaethje vs. Vick,main_card,6,main_card,False,False
16379,2911,UFC Fight Night: Gaethje vs. Vick,prelims,1,prelims,False,False
16380,2911,UFC Fight Night: Gaethje vs. Vick,prelims,2,prelims,False,True
16381,2911,UFC Fight Night: Gaethje vs. Vick,prelims,3,prelims,False,False
16382,2911,UFC Fight Night: Gaethje vs. Vick,prelims,4,prelims,False,False
16384,2911,UFC Fight Night: Gaethje vs. Vick,prelims,6,prelims,False,False
16385,2911,UFC Fight Night: Gaethje vs. Vick,prelims,7,prelims,False,False
16335,2858,UFC 228,main_card,1,main_event,True,False
16336,2858,UFC 228,main_card,2,co_main,False,False
16337,2858,UFC 228,main_card,3,main_card,False,False
16338,2858,UFC 228,main_card,4,main_card,False,False
16339,2858,UFC 228,main_card,5,main_card,False,False
16340,2858,UFC 228,prelims,1,prelims,False,False
16341,2858,UFC 228,prelims,2,prelims,False,False
16342,2858,UFC 228,prelims,3,prelims,False,False
16343,2858,UFC 228,prelims,4,prelims,False,False
16344,2858,UFC 228,prelims,5,prelims,False,False
16345,2858,UFC 228,prelims,6,prelims,False,False
16346,2858,UFC 228,prelims,7,prelims,False,True
16347,2858,UFC 228,prelims,8,prelims,False,False
16350,2871,UFC Fight Night: Hunt vs. Oleinik,main_card,3,main_card,False,False
16351,2871,UFC Fight Night: Hunt vs. Oleinik,main_card,4,main_card,False,False
16352,2871,UFC Fight Night: Hunt vs. Oleinik,prelims,1,prelims,False,False
16353,2871,UFC Fight Night: Hunt vs. Oleinik,prelims,2,prelims,False,True
16354,2871,UFC Fight Night: Hunt vs. Oleinik,prelims,3,prelims,False,False
16355,2871,UFC Fight Night: Hunt vs. Oleinik,prelims,4,prelims,False,False
16356,2871,UFC Fight Night: Hunt vs. Oleinik,prelims,5,prelims,False,False
16357,2871,UFC Fight Night: Hunt vs. Oleinik,prelims,6,prelims,False,False
16358,2871,UFC Fight Night: Hunt vs. Oleinik,prelims,7,prelims,False,False
16359,2871,UFC Fight Night: Hunt vs. Oleinik,prelims,8,prelims,False,False
16321,2857,UFC Fight Night: Santos vs. Anders,main_card,1,main_event,False,True
16322,2857,UFC Fight Night: Santos vs. Anders,main_card,2,co_main,False,False
16323,2857,UFC Fight Night: Santos vs. Anders,main_card,3,main_card,False,False
16324,2857,UFC Fight Night: Santos vs. Anders,main_card,4,main_card,False,False
16325,2857,UFC Fight Night: Santos vs. Anders,main_card,5,main_card,False,False
16326,2857,UFC Fight Night: Santos vs. Anders,prelims,1,prelims,False,False
16327,2857,UFC Fight Night: Santos vs. Anders,prelims,2,prelims,False,False
16328,2857,UFC Fight Night: Santos vs. Anders,prelims,3,prelims,False,False
16329,2857,UFC Fight Night: Santos vs. Anders,prelims,4,prelims,False,False
16330,2857,UFC Fight Night: Santos vs. Anders,prelims,5,prelims,False,False
16331,2857,UFC Fight Night: Santos vs. Anders,prelims,6,prelims,False,False
16332,2857,UFC Fight Night: Santos vs. Anders,prelims,7,prelims,False,False
16333,2857,UFC Fight Night: Santos vs. Anders,prelims,8,prelims,False,False
16334,2857,UFC Fight Night: Santos vs. Anders,prelims,9,prelims,False,False
16309,2856,UFC 229,main_card,1,main_event,True,False
16310,2856,UFC 229,main_card,2,co_main,False,True
16311,2856,UFC 229,main_card,3,main_card,False,False
16312,2856,UFC 229,main_card,4,main_card,False,False
16313,2856,UFC 229,main_card,5,main_card,False,False
16314,2856,UFC 229,prelims,1,prelims,False,False
16315,2856,UFC 229,prelims,2,prelims,False,False
16316,2856,UFC 229,prelims,3,prelims,False,False
16317,2856,UFC 229,prelims,4,prelims,False,False
16319,2856,UFC 229,prelims,6,prelims,False,False
16320,2856,UFC 229,prelims,7,prelims,False,False
16296,2855,UFC Fight Night: Volkan vs. Smith,main_card,1,main_event,False,False
16297,2855,UFC Fight Night: Volkan vs. Smith,main_card,2,co_main,False,False
16298,2855,UFC Fight Night: Volkan vs. Smith,main_card,3,main_card,False,False
16299,2855,UFC Fight Night: Volkan vs. Smith,main_card,4,main_card,False,False
16300,2855,UFC Fight Night: Volkan vs. Smith,main_card,5,main_card,False,False
16301,2855,UFC Fight Night: Volkan vs. Smith,main_card,6,main_card,False,False
16302,2855,UFC Fight Night: Volkan vs. Smith,prelims,1,prelims,False,False
16303,2855,UFC Fight Night: Volkan vs. Smith,prelims,2,prelims,False,True
16304,2855,UFC Fight Night: Volkan vs. Smith,prelims,3,prelims,False,False
16305,2855,UFC Fight Night: Volkan vs. Smith,prelims,4,prelims,False,False
16306,2855,UFC Fight Night: Volkan vs. Smith,early_prelims,1,early_prelims,False,False
16307,2855,UFC Fight Night: Volkan vs. Smith,early_prelims,2,early_prelims,False,False
16308,2855,UFC Fight Night: Volkan vs. Smith,early_prelims,3,early_prelims,False,False
16284,2854,UFC 230,main_card,1,main_event,True,False
16285,2854,UFC 230,main_card,2,co_main,False,True
16286,2854,UFC 230,main_card,3,main_card,False,False
16287,2854,UFC 230,main_card,4,main_card,False,False
16288,2854,UFC 230,main_card,5,main_card,False,False
16289,2854,UFC 230,prelims,1,prelims,False,False
16290,2854,UFC 230,prelims,2,prelims,False,False
16291,2854,UFC 230,prelims,3,prelims,False,False
16292,2854,UFC 230,prelims,4,prelims,False,False
16293,2854,UFC 230,early_prelims,1,early_prelims,False,False
16294,2854,UFC 230,early_prelims,2,early_prelims,False,False
16295,2854,UFC 230,early_prelims,3,early_prelims,False,False
16272,2853,UFC Fight Night: The Korean Zombie vs. Rodríguez,main_card,1,main_event,False,True
16273,2853,UFC Fight Night: The Korean Zombie vs. Rodríguez,main_card,2,co_main,False,False
16274,2853,UFC Fight Night: The Korean Zombie vs. Rodríguez,main_card,3,main_card,False,False
16275,2853,UFC Fight Night: The Korean Zombie vs. Rodríguez,main_card,4,main_card,False,False
16276,2853,UFC Fight Night: The Korean Zombie vs. Rodríguez,main_card,5,main_card,False,False
16277,2853,UFC Fight Night: The Korean Zombie vs. Rodríguez,main_card,6,main_card,False,False
16279,2853,UFC Fight Night: The Korean Zombie vs. Rodríguez,prelims,2,prelims,False,False
16280,2853,UFC Fight Night: The Korean Zombie vs. Rodríguez,prelims,3,prelims,False,False
16281,2853,UFC Fight Night: The Korean Zombie vs. Rodríguez,prelims,4,prelims,False,False
16282,2853,UFC Fight Night: The Korean Zombie vs. Rodríguez,early_prelims,1,early_prelims,False,False
16283,2853,UFC Fight Night: The Korean Zombie vs. Rodríguez,early_prelims,2,early_prelims,False,False
16260,2852,UFC Fight Night: Magny vs. Ponzinibbio,main_card,1,main_event,False,False
16261,2852,UFC Fight Night: Magny vs. Ponzinibbio,main_card,2,co_main,False,False
16262,2852,UFC Fight Night: Magny vs. Ponzinibbio,main_card,3,main_card,False,False
16263,2852,UFC Fight Night: Magny vs. Ponzinibbio,main_card,4,main_card,False,False
16264,2852,UFC Fight Night: Magny vs. Ponzinibbio,main_card,5,main_card,False,False
16265,2852,UFC Fight Night: Magny vs. Ponzinibbio,main_card,6,main_card,False,False
16266,2852,UFC Fight Night: Magny vs. Ponzinibbio,prelims,1,prelims,False,False
16268,2852,UFC Fight Night: Magny vs. Ponzinibbio,prelims,3,prelims,False,False
16269,2852,UFC Fight Night: Magny vs. Ponzinibbio,prelims,4,prelims,False,True
16270,2852,UFC Fight Night: Magny vs. Ponzinibbio,early_prelims,1,early_prelims,False,False
16271,2852,UFC Fight Night: Magny vs. Ponzinibbio,early_prelims,2,early_prelims,False,False
16248,2851,UFC Fight Night: Blaydes vs. Ngannou 2,main_card,1,main_event,False,False
16249,2851,UFC Fight Night: Blaydes vs. Ngannou 2,main_card,2,co_main,False,False
16250,2851,UFC Fight Night: Blaydes vs. Ngannou 2,main_card,3,main_card,False,False
16251,2851,UFC Fight Night: Blaydes vs. Ngannou 2,main_card,4,main_card,False,False
16252,2851,UFC Fight Night: Blaydes vs. Ngannou 2,early_prelims,1,early_prelims,False,True
16253,2851,UFC Fight Night: Blaydes vs. Ngannou 2,early_prelims,2,early_prelims,False,False
16254,2851,UFC Fight Night: Blaydes vs. Ngannou 2,early_prelims,3,early_prelims,False,False
16255,2851,UFC Fight Night: Blaydes vs. Ngannou 2,early_prelims,4,early_prelims,False,False
16256,2851,UFC Fight Night: Blaydes vs. Ngannou 2,early_prelims,5,early_prelims,False,False
16257,2851,UFC Fight Night: Blaydes vs. Ngannou 2,early_prelims,6,early_prelims,False,False
16258,2851,UFC Fight Night: Blaydes vs. Ngannou 2,early_prelims,7,early_prelims,False,False
16259,2851,UFC Fight Night: Blaydes vs. Ngannou 2,early_prelims,8,early_prelims,False,False
16235,2850,The Ultimate Fighter: Heavy Hitters,main_card,1,main_event,False,False
16236,2850,The Ultimate Fighter: Heavy Hitters,main_card,2,co_main,False,False
16237,2850,The Ultimate Fighter: Heavy Hitters,main_card,3,main_card,False,False
16238,2850,The Ultimate Fighter: Heavy Hitters,main_card,4,main_card,False,False
16239,2850,The Ultimate Fighter: Heavy Hitters,main_card,5,main_card,False,False
16240,2850,The Ultimate Fighter: Heavy Hitters,main_card,6,main_card,False,False
16241,2850,The Ultimate Fighter: Heavy Hitters,prelims,1,prelims,False,False
16242,2850,The Ultimate Fighter: Heavy Hitters,prelims,2,prelims,False,False
16243,2850,The Ultimate Fighter: Heavy Hitters,prelims,3,prelims,False,False
16244,2850,The Ultimate Fighter: Heavy Hitters,prelims,4,prelims,False,False
16245,2850,The Ultimate Fighter: Heavy Hitters,early_prelims,1,early_prelims,False,False
16246,2850,The Ultimate Fighter: Heavy Hitters,early_prelims,2,early_prelims,False,False
16247,2850,The Ultimate Fighter: Heavy Hitters,early_prelims,3,early_prelims,False,False
16223,2849,UFC Fight Night: dos Santos vs. Tuivasa,main_card,1,main_event,False,False
16224,2849,UFC Fight Night: dos Santos vs. Tuivasa,main_card,2,co_main,False,False
16225,2849,UFC Fight Night: dos Santos vs. Tuivasa,main_card,3,main_card,False,False
16226,2849,UFC Fight Night: dos Santos vs. Tuivasa,main_card,4,main_card,False,False
16227,2849,UFC Fight Night: dos Santos vs. Tuivasa,main_card,5,main_card,False,False
16228,2849,UFC Fight Night: dos Santos vs. Tuivasa,main_card,6,main_card,False,False
16229,2849,UFC Fight Night: dos Santos vs. Tuivasa,prelims,1,prelims,False,False
16230,2849,UFC Fight Night: dos Santos vs. Tuivasa,prelims,2,prelims,False,False
16231,2849,UFC Fight Night: dos Santos vs. Tuivasa,prelims,3,prelims,False,False
16232,2849,UFC Fight Night: dos Santos vs. Tuivasa,prelims,4,prelims,False,True
16233,2849,UFC Fight Night: dos Santos vs. Tuivasa,early_prelims,1,early_prelims,False,False
16234,2849,UFC Fight Night: dos Santos vs. Tuivasa,early_prelims,2,early_prelims,False,False
16210,2848,UFC 231,main_card,1,main_event,True,True
16211,2848,UFC 231,main_card,2,co_main,True,False
16212,2848,UFC 231,main_card,3,main_card,False,False
16213,2848,UFC 231,main_card,4,main_card,False,False
16214,2848,UFC 231,main_card,5,main_card,False,False
16216,2848,UFC 231,prelims,2,prelims,False,False
16218,2848,UFC 231,prelims,4,prelims,False,False
16219,2848,UFC 231,early_prelims,1,early_prelims,False,False
16220,2848,UFC 231,early_prelims,2,early_prelims,False,False
16221,2848,UFC 231,early_prelims,3,early_prelims,False,False
16222,2848,UFC 231,early_prelims,4,early_prelims,False,False
16198,2847,UFC on Fox: Lee vs. Iaquinta 2,main_card,1,main_event,False,False
16199,2847,UFC on Fox: Lee vs. Iaquinta 2,main_card,2,co_main,False,False
16200,2847,UFC on Fox: Lee vs. Iaquinta 2,main_card,3,main_card,False,False
16201,2847,UFC on Fox: Lee vs. Iaquinta 2,main_card,4,main_card,False,False
16202,2847,UFC on Fox: Lee vs. Iaquinta 2,prelims,1,prelims,False,False
16204,2847,UFC on Fox: Lee vs. Iaquinta 2,prelims,3,prelims,False,True
16205,2847,UFC on Fox: Lee vs. Iaquinta 2,prelims,4,prelims,False,False
16206,2847,UFC on Fox: Lee vs. Iaquinta 2,prelims,5,prelims,False,False
16207,2847,UFC on Fox: Lee vs. Iaquinta 2,prelims,6,prelims,False,False
16208,2847,UFC on Fox: Lee vs. Iaquinta 2,early_prelims,1,early_prelims,False,False
16209,2847,UFC on Fox: Lee vs. Iaquinta 2,early_prelims,2,early_prelims,False,False
16185,2846,UFC 232,main_card,1,main_event,True,False
16187,2846,UFC 232,main_card,3,main_card,False,False
16188,2846,UFC 232,main_card,4,main_card,False,False
16189,2846,UFC 232,main_card,5,main_card,False,True
16190,2846,UFC 232,prelims,1,prelims,False,False
16191,2846,UFC 232,prelims,2,prelims,False,False
16192,2846,UFC 232,prelims,3,prelims,False,False
16193,2846,UFC 232,prelims,4,prelims,False,False
16194,2846,UFC 232,early_prelims,1,early_prelims,False,False
16195,2846,UFC 232,early_prelims,2,early_prelims,False,False
16196,2846,UFC 232,early_prelims,3,early_prelims,False,False
16197,2846,UFC 232,early_prelims,4,early_prelims,False,False
16150,2779,UFC Fight Night: Cejudo vs. Dillashaw,main_card,1,main_event,True,False
16151,2779,UFC Fight Night: Cejudo vs. Dillashaw,main_card,2,co_main,False,False
16152,2779,UFC Fight Night: Cejudo vs. Dillashaw,main_card,3,main_card,False,False
16153,2779,UFC Fight Night: Cejudo vs. Dillashaw,main_card,4,main_card,False,False
16154,2779,UFC Fight Night: Cejudo vs. Dillashaw,main_card,5,main_card,False,False
16155,2779,UFC Fight Night: Cejudo vs. Dillashaw,main_card,6,main_card,False,False
16156,2779,UFC Fight Night: Cejudo vs. Dillashaw,prelims,1,prelims,False,True
16158,2779,UFC Fight Night: Cejudo vs. Dillashaw,prelims,3,prelims,False,False
16159,2779,UFC Fight Night: Cejudo vs. Dillashaw,prelims,4,prelims,False,False
16160,2779,UFC Fight Night: Cejudo vs. Dillashaw,early_prelims,1,early_prelims,False,False
16161,2779,UFC Fight Night: Cejudo vs. Dillashaw,early_prelims,2,early_prelims,False,False
16162,2779,UFC Fight Night: Cejudo vs. Dillashaw,early_prelims,3,early_prelims,False,False
16137,2777,UFC Fight Night: Assunção vs. Moraes 2,main_card,1,main_event,False,False
16139,2777,UFC Fight Night: Assunção vs. Moraes 2,main_card,3,main_card,False,False
16140,2777,UFC Fight Night: Assunção vs. Moraes 2,main_card,4,main_card,False,False
16141,2777,UFC Fight Night: Assunção vs. Moraes 2,main_card,5,main_card,False,False
16142,2777,UFC Fight Night: Assunção vs. Moraes 2,main_card,6,main_card,False,False
16143,2777,UFC Fight Night: Assunção vs. Moraes 2,prelims,1,prelims,False,False
16144,2777,UFC Fight Night: Assunção vs. Moraes 2,prelims,2,prelims,False,False
16145,2777,UFC Fight Night: Assunção vs. Moraes 2,prelims,3,prelims,False,False
16146,2777,UFC Fight Night: Assunção vs. Moraes 2,prelims,4,prelims,False,False
16147,2777,UFC Fight Night: Assunção vs. Moraes 2,prelims,5,prelims,False,False
16148,2777,UFC Fight Night: Assunção vs. Moraes 2,prelims,6,prelims,False,False
16149,2777,UFC Fight Night: Assunção vs. Moraes 2,prelims,7,prelims,False,False
16163,2780,UFC 234,main_card,1,main_event,False,True
16164,2780,UFC 234,main_card,2,co_main,False,False
16165,2780,UFC 234,main_card,3,main_card,False,False
16166,2780,UFC 234,main_card,4,main_card,False,False
16167,2780,UFC 234,main_card,5,main_card,False,False
16168,2780,UFC 234,prelims,1,prelims,False,False
16169,2780,UFC 234,prelims,2,prelims,False,False
16170,2780,UFC 234,prelims,3,prelims,False,False
16171,2780,UFC 234,prelims,4,prelims,False,False
16172,2780,UFC 234,early_prelims,1,early_prelims,False,False
16125,2776,UFC on ESPN: Ngannou vs. Velasquez,main_card,1,main_event,False,False
16126,2776,UFC on ESPN: Ngannou vs. Velasquez,main_card,2,co_main,False,False
16127,2776,UFC on ESPN: Ngannou vs. Velasquez,main_card,3,main_card,False,False
16128,2776,UFC on ESPN: Ngannou vs. Velasquez,main_card,4,main_card,False,False
16129,2776,UFC on ESPN: Ngannou vs. Velasquez,main_card,5,main_card,False,True
16130,2776,UFC on ESPN: Ngannou vs. Velasquez,main_card,6,main_card,False,False
16131,2776,UFC on ESPN: Ngannou vs. Velasquez,prelims,1,prelims,False,False
16132,2776,UFC on ESPN: Ngannou vs. Velasquez,prelims,2,prelims,False,False
16133,2776,UFC on ESPN: Ngannou vs. Velasquez,prelims,3,prelims,False,False
16134,2776,UFC on ESPN: Ngannou vs. Velasquez,prelims,4,prelims,False,False
16135,2776,UFC on ESPN: Ngannou vs. Velasquez,early_prelims,1,early_prelims,False,False
16136,2776,UFC on ESPN: Ngannou vs. Velasquez,early_prelims,2,early_prelims,False,False
16051,2770,UFC Fight Night: Błachowicz vs. Santos,main_card,2,co_main,False,False
16052,2770,UFC Fight Night: Błachowicz vs. Santos,main_card,3,main_card,False,False
16053,2770,UFC Fight Night: Błachowicz vs. Santos,main_card,4,main_card,False,False
16054,2770,UFC Fight Night: Błachowicz vs. Santos,main_card,5,main_card,False,False
16055,2770,UFC Fight Night: Błachowicz vs. Santos,main_card,6,main_card,False,False
16056,2770,UFC Fight Night: Błachowicz vs. Santos,prelims,1,prelims,False,False
16057,2770,UFC Fight Night: Błachowicz vs. Santos,prelims,2,prelims,False,False
16059,2770,UFC Fight Night: Błachowicz vs. Santos,prelims,4,prelims,False,False
16060,2770,UFC Fight Night: Błachowicz vs. Santos,prelims,5,prelims,False,False
16061,2770,UFC Fight Night: Błachowicz vs. Santos,prelims,6,prelims,False,False
16062,2770,UFC Fight Night: Błachowicz vs. Santos,prelims,7,prelims,False,False
16113,2775,UFC 235,main_card,1,main_event,True,False
16114,2775,UFC 235,main_card,2,co_main,True,False
16115,2775,UFC 235,main_card,3,main_card,False,False
16117,2775,UFC 235,main_card,5,main_card,False,True
16118,2775,UFC 235,prelims,1,prelims,False,False
16119,2775,UFC 235,prelims,2,prelims,False,False
16120,2775,UFC 235,prelims,3,prelims,False,False
16121,2775,UFC 235,prelims,4,prelims,False,False
16122,2775,UFC 235,early_prelims,1,early_prelims,False,False
16123,2775,UFC 235,early_prelims,2,early_prelims,False,False
16124,2775,UFC 235,early_prelims,3,early_prelims,False,False
16100,2774,UFC Fight Night: Lewis vs. dos Santos,main_card,1,main_event,False,True
16101,2774,UFC Fight Night: Lewis vs. dos Santos,main_card,2,co_main,False,False
16102,2774,UFC Fight Night: Lewis vs. dos Santos,main_card,3,main_card,False,False
16103,2774,UFC Fight Night: Lewis vs. dos Santos,main_card,4,main_card,False,False
16104,2774,UFC Fight Night: Lewis vs. dos Santos,main_card,5,main_card,False,False
16105,2774,UFC Fight Night: Lewis vs. dos Santos,main_card,6,main_card,False,False
16106,2774,UFC Fight Night: Lewis vs. dos Santos,prelims,1,prelims,False,False
16108,2774,UFC Fight Night: Lewis vs. dos Santos,prelims,3,prelims,False,False
16109,2774,UFC Fight Night: Lewis vs. dos Santos,prelims,4,prelims,False,False
16110,2774,UFC Fight Night: Lewis vs. dos Santos,prelims,5,prelims,False,False
16111,2774,UFC Fight Night: Lewis vs. dos Santos,prelims,6,prelims,False,False
16112,2774,UFC Fight Night: Lewis vs. dos Santos,prelims,7,prelims,False,False
16088,2773,UFC Fight Night: Till vs. Masvidal,main_card,1,main_event,False,True
16089,2773,UFC Fight Night: Till vs. Masvidal,main_card,2,co_main,False,False
16090,2773,UFC Fight Night: Till vs. Masvidal,main_card,3,main_card,False,False
16091,2773,UFC Fight Night: Till vs. Masvidal,main_card,4,main_card,False,False
16092,2773,UFC Fight Night: Till vs. Masvidal,main_card,5,main_card,False,False
16093,2773,UFC Fight Night: Till vs. Masvidal,main_card,6,main_card,False,False
16094,2773,UFC Fight Night: Till vs. Masvidal,prelims,1,prelims,False,False
16095,2773,UFC Fight Night: Till vs. Masvidal,prelims,2,prelims,False,False
16096,2773,UFC Fight Night: Till vs. Masvidal,prelims,3,prelims,False,False
16097,2773,UFC Fight Night: Till vs. Masvidal,prelims,4,prelims,False,False
16098,2773,UFC Fight Night: Till vs. Masvidal,prelims,5,prelims,False,False
16099,2773,UFC Fight Night: Till vs. Masvidal,prelims,6,prelims,False,False
16076,2772,UFC Fight Night: Thompson vs. Pettis,main_card,1,main_event,False,False
16077,2772,UFC Fight Night: Thompson vs. Pettis,main_card,2,co_main,False,False
16078,2772,UFC Fight Night: Thompson vs. Pettis,main_card,3,main_card,False,False
16079,2772,UFC Fight Night: Thompson vs. Pettis,main_card,4,main_card,False,False
16080,2772,UFC Fight Night: Thompson vs. Pettis,main_card,5,main_card,False,False
16082,2772,UFC Fight Night: Thompson vs. Pettis,prelims,1,prelims,False,True
16083,2772,UFC Fight Night: Thompson vs. Pettis,prelims,2,prelims,False,False
16084,2772,UFC Fight Night: Thompson vs. Pettis,prelims,3,prelims,False,False
16085,2772,UFC Fight Night: Thompson vs. Pettis,prelims,4,prelims,False,False
16086,2772,UFC Fight Night: Thompson vs. Pettis,prelims,5,prelims,False,False
16087,2772,UFC Fight Night: Thompson vs. Pettis,prelims,6,prelims,False,False
16063,2771,UFC on ESPN: Barboza vs. Gaethje,main_card,1,main_event,False,True
16064,2771,UFC on ESPN: Barboza vs. Gaethje,main_card,2,co_main,False,False
16065,2771,UFC on ESPN: Barboza vs. Gaethje,main_card,3,main_card,False,False
16066,2771,UFC on ESPN: Barboza vs. Gaethje,main_card,4,main_card,False,False
16067,2771,UFC on ESPN: Barboza vs. Gaethje,main_card,5,main_card,False,False
16068,2771,UFC on ESPN: Barboza vs. Gaethje,main_card,6,main_card,False,False
16069,2771,UFC on ESPN: Barboza vs. Gaethje,prelims,1,prelims,False,False
16070,2771,UFC on ESPN: Barboza vs. Gaethje,prelims,2,prelims,False,False
16071,2771,UFC on ESPN: Barboza vs. Gaethje,prelims,3,prelims,False,False
16072,2771,UFC on ESPN: Barboza vs. Gaethje,prelims,4,prelims,False,False
16073,2771,UFC on ESPN: Barboza vs. Gaethje,early_prelims,1,early_prelims,False,False
16074,2771,UFC on ESPN: Barboza vs. Gaethje,early_prelims,2,early_prelims,False,False
16075,2771,UFC on ESPN: Barboza vs. Gaethje,early_prelims,3,early_prelims,False,False
16037,2750,UFC 236,main_card,1,main_event,True,True
16038,2750,UFC 236,main_card,2,co_main,True,True
16039,2750,UFC 236,main_card,3,main_card,False,False
16040,2750,UFC 236,main_card,4,main_card,False,False
16041,2750,UFC 236,main_card,5,main_card,False,False
16042,2750,UFC 236,prelims,1,prelims,False,False
16043,2750,UFC 236,prelims,2,prelims,False,False
16044,2750,UFC 236,prelims,3,prelims,False,False
16045,2750,UFC 236,prelims,4,prelims,False,False
16046,2750,UFC 236,early_prelims,1,early_prelims,False,False
16047,2750,UFC 236,early_prelims,2,early_prelims,False,False
16048,2750,UFC 236,early_prelims,3,early_prelims,False,False
16049,2750,UFC 236,early_prelims,4,early_prelims,False,False
16027,2749,UFC Fight Night: Overeem vs. Oleinik,main_card,2,co_main,False,True
16028,2749,UFC Fight Night: Overeem vs. Oleinik,main_card,3,main_card,False,False
16029,2749,UFC Fight Night: Overeem vs. Oleinik,main_card,4,main_card,False,False
16030,2749,UFC Fight Night: Overeem vs. Oleinik,main_card,5,main_card,False,False
16031,2749,UFC Fight Night: Overeem vs. Oleinik,prelims,1,prelims,False,False
16032,2749,UFC Fight Night: Overeem vs. Oleinik,prelims,2,prelims,False,False
16033,2749,UFC Fight Night: Overeem vs. Oleinik,prelims,3,prelims,False,False
16034,2749,UFC Fight Night: Overeem vs. Oleinik,prelims,4,prelims,False,False
16035,2749,UFC Fight Night: Overeem vs. Oleinik,prelims,5,prelims,False,False
16036,2749,UFC Fight Night: Overeem vs. Oleinik,prelims,6,prelims,False,False
16013,2748,UFC Fight Night: Jacaré vs. Hermansson,main_card,1,main_event,False,False
16015,2748,UFC Fight Night: Jacaré vs. Hermansson,main_card,3,main_card,False,True
16016,2748,UFC Fight Night: Jacaré vs. Hermansson,main_card,4,main_card,False,False
16017,2748,UFC Fight Night: Jacaré vs. Hermansson,main_card,5,main_card,False,False
16018,2748,UFC Fight Night: Jacaré vs. Hermansson,main_card,6,main_card,False,False
16019,2748,UFC Fight Night: Jacaré vs. Hermansson,prelims,1,prelims,False,False
16020,2748,UFC Fight Night: Jacaré vs. Hermansson,prelims,2,prelims,False,False
16021,2748,UFC Fight Night: Jacaré vs. Hermansson,prelims,3,prelims,False,False
16022,2748,UFC Fight Night: Jacaré vs. Hermansson,prelims,4,prelims,False,False
16023,2748,UFC Fight Night: Jacaré vs. Hermansson,early_prelims,1,early_prelims,False,False
16024,2748,UFC Fight Night: Jacaré vs. Hermansson,early_prelims,2,early_prelims,False,False
16025,2748,UFC Fight Night: Jacaré vs. Hermansson,early_prelims,3,early_prelims,False,False
16001,2747,UFC Fight Night: Iaquinta vs. Cowboy,main_card,1,main_event,False,True
16002,2747,UFC Fight Night: Iaquinta vs. Cowboy,main_card,2,co_main,False,False
16003,2747,UFC Fight Night: Iaquinta vs. Cowboy,main_card,3,main_card,False,False
16004,2747,UFC Fight Night: Iaquinta vs. Cowboy,main_card,4,main_card,False,False
16005,2747,UFC Fight Night: Iaquinta vs. Cowboy,main_card,5,main_card,False,False
16006,2747,UFC Fight Night: Iaquinta vs. Cowboy,main_card,6,main_card,False,False
16007,2747,UFC Fight Night: Iaquinta vs. Cowboy,prelims,1,prelims,False,False
16008,2747,UFC Fight Night: Iaquinta vs. Cowboy,prelims,2,prelims,False,False
16009,2747,UFC Fight Night: Iaquinta vs. Cowboy,prelims,3,prelims,False,False
16010,2747,UFC Fight Night: Iaquinta vs. Cowboy,prelims,4,prelims,False,False
16011,2747,UFC Fight Night: Iaquinta vs. Cowboy,prelims,5,prelims,False,False
16012,2747,UFC Fight Night: Iaquinta vs. Cowboy,prelims,6,prelims,False,False
15989,2746,UFC 237,main_card,1,main_event,True,True
15990,2746,UFC 237,main_card,2,co_main,False,False
15991,2746,UFC 237,main_card,3,main_card,False,False
15992,2746,UFC 237,main_card,4,main_card,False,False
15993,2746,UFC 237,main_card,5,main_card,False,False
15994,2746,UFC 237,prelims,1,prelims,False,False
15995,2746,UFC 237,prelims,2,prelims,False,False
15996,2746,UFC 237,prelims,3,prelims,False,False
15997,2746,UFC 237,prelims,4,prelims,False,False
15998,2746,UFC 237,early_prelims,1,early_prelims,False,False
15999,2746,UFC 237,early_prelims,2,early_prelims,False,False
16000,2746,UFC 237,early_prelims,3,early_prelims,False,False
15976,2745,UFC Fight Night: dos Anjos vs. Lee,main_card,1,main_event,False,False
15977,2745,UFC Fight Night: dos Anjos vs. Lee,main_card,2,co_main,False,False
15978,2745,UFC Fight Night: dos Anjos vs. Lee,main_card,3,main_card,False,False
15979,2745,UFC Fight Night: dos Anjos vs. Lee,main_card,4,main_card,False,False
15980,2745,UFC Fight Night: dos Anjos vs. Lee,main_card,5,main_card,False,False
15981,2745,UFC Fight Night: dos Anjos vs. Lee,main_card,6,main_card,False,False
15982,2745,UFC Fight Night: dos Anjos vs. Lee,prelims,1,prelims,False,True
15983,2745,UFC Fight Night: dos Anjos vs. Lee,prelims,2,prelims,False,False
15984,2745,UFC Fight Night: dos Anjos vs. Lee,prelims,3,prelims,False,False
15985,2745,UFC Fight Night: dos Anjos vs. Lee,prelims,4,prelims,False,False
15986,2745,UFC Fight Night: dos Anjos vs. Lee,prelims,5,prelims,False,False
15987,2745,UFC Fight Night: dos Anjos vs. Lee,prelims,6,prelims,False,False
15988,2745,UFC Fight Night: dos Anjos vs. Lee,prelims,7,prelims,False,False
15964,2744,UFC Fight Night: Gustafsson vs. Smith,main_card,1,main_event,False,False
15965,2744,UFC Fight Night: Gustafsson vs. Smith,main_card,2,co_main,False,False
15966,2744,UFC Fight Night: Gustafsson vs. Smith,main_card,3,main_card,False,False
15967,2744,UFC Fight Night: Gustafsson vs. Smith,main_card,4,main_card,False,False
15968,2744,UFC Fight Night: Gustafsson vs. Smith,main_card,5,main_card,False,False
15969,2744,UFC Fight Night: Gustafsson vs. Smith,prelims,1,prelims,False,False
15970,2744,UFC Fight Night: Gustafsson vs. Smith,prelims,2,prelims,False,False
15971,2744,UFC Fight Night: Gustafsson vs. Smith,prelims,3,prelims,False,False
15972,2744,UFC Fight Night: Gustafsson vs. Smith,prelims,4,prelims,False,False
15973,2744,UFC Fight Night: Gustafsson vs. Smith,prelims,5,prelims,False,False
15974,2744,UFC Fight Night: Gustafsson vs. Smith,prelims,6,prelims,False,False
15975,2744,UFC Fight Night: Gustafsson vs. Smith,prelims,7,prelims,False,False
15951,2743,UFC 238,main_card,1,main_event,True,False
15952,2743,UFC 238,main_card,2,co_main,True,False
15953,2743,UFC 238,main_card,3,main_card,False,True
15954,2743,UFC 238,main_card,4,main_card,False,False
15955,2743,UFC 238,main_card,5,main_card,False,False
15957,2743,UFC 238,prelims,2,prelims,False,False
15958,2743,UFC 238,prelims,3,prelims,False,False
15959,2743,UFC 238,prelims,4,prelims,False,False
15960,2743,UFC 238,early_prelims,1,early_prelims,False,False
15961,2743,UFC 238,early_prelims,2,early_prelims,False,False
15962,2743,UFC 238,early_prelims,3,early_prelims,False,False
15941,2742,UFC Fight Night: Moicano vs. The Korean Zombie,main_card,2,co_main,False,False
15942,2742,UFC Fight Night: Moicano vs. The Korean Zombie,main_card,3,main_card,False,False
15943,2742,UFC Fight Night: Moicano vs. The Korean Zombie,main_card,4,main_card,False,False
15944,2742,UFC Fight Night: Moicano vs. The Korean Zombie,main_card,5,main_card,False,False
15945,2742,UFC Fight Night: Moicano vs. The Korean Zombie,prelims,1,prelims,False,False
15946,2742,UFC Fight Night: Moicano vs. The Korean Zombie,prelims,2,prelims,False,False
15947,2742,UFC Fight Night: Moicano vs. The Korean Zombie,prelims,3,prelims,False,False
15948,2742,UFC Fight Night: Moicano vs. The Korean Zombie,prelims,4,prelims,False,False
15949,2742,UFC Fight Night: Moicano vs. The Korean Zombie,prelims,5,prelims,False,False
15950,2742,UFC Fight Night: Moicano vs. The Korean Zombie,prelims,6,prelims,False,True
15928,2741,UFC on ESPN: Ngannou vs. dos Santos,main_card,1,main_event,False,False
15929,2741,UFC on ESPN: Ngannou vs. dos Santos,main_card,2,co_main,False,False
15930,2741,UFC on ESPN: Ngannou vs. dos Santos,main_card,3,main_card,False,False
15931,2741,UFC on ESPN: Ngannou vs. dos Santos,main_card,4,main_card,False,False
15932,2741,UFC on ESPN: Ngannou vs. dos Santos,main_card,5,main_card,False,False
15933,2741,UFC on ESPN: Ngannou vs. dos Santos,main_card,6,main_card,False,False
15934,2741,UFC on ESPN: Ngannou vs. dos Santos,prelims,1,prelims,False,False
15935,2741,UFC on ESPN: Ngannou vs. dos Santos,prelims,2,prelims,False,False
15936,2741,UFC on ESPN: Ngannou vs. dos Santos,prelims,3,prelims,False,False
15937,2741,UFC on ESPN: Ngannou vs. dos Santos,prelims,4,prelims,False,False
15938,2741,UFC on ESPN: Ngannou vs. dos Santos,prelims,5,prelims,False,False
15939,2741,UFC on ESPN: Ngannou vs. dos Santos,prelims,6,prelims,False,False
15916,2709,UFC 239,main_card,1,main_event,True,False
15917,2709,UFC 239,main_card,2,co_main,True,False
15918,2709,UFC 239,main_card,3,main_card,False,False
15920,2709,UFC 239,main_card,5,main_card,False,False
15921,2709,UFC 239,prelims,1,prelims,False,False
15922,2709,UFC 239,prelims,2,prelims,False,False
15923,2709,UFC 239,prelims,3,prelims,False,False
15924,2709,UFC 239,prelims,4,prelims,False,False
15925,2709,UFC 239,early_prelims,1,early_prelims,False,False
15926,2709,UFC 239,early_prelims,2,early_prelims,False,False
15927,2709,UFC 239,early_prelims,3,early_prelims,False,False
15879,2672,UFC Fight Night: de Randamie vs. Ladd,main_card,1,main_event,False,False
15880,2672,UFC Fight Night: de Randamie vs. Ladd,main_card,2,co_main,False,False
15881,2672,UFC Fight Night: de Randamie vs. Ladd,main_card,3,main_card,False,False
15882,2672,UFC Fight Night: de Randamie vs. Ladd,main_card,4,main_card,False,False
15883,2672,UFC Fight Night: de Randamie vs. Ladd,main_card,5,main_card,False,False
15884,2672,UFC Fight Night: de Randamie vs. Ladd,prelims,1,prelims,False,False
15885,2672,UFC Fight Night: de Randamie vs. Ladd,prelims,2,prelims,False,False
15886,2672,UFC Fight Night: de Randamie vs. Ladd,prelims,3,prelims,False,False
15887,2672,UFC Fight Night: de Randamie vs. Ladd,prelims,4,prelims,False,False
15888,2672,UFC Fight Night: de Randamie vs. Ladd,prelims,5,prelims,False,False
15890,2672,UFC Fight Night: de Randamie vs. Ladd,prelims,7,prelims,False,False
15866,2671,UFC on ESPN: dos Anjos vs. Edwards,main_card,1,main_event,False,False
15867,2671,UFC on ESPN: dos Anjos vs. Edwards,main_card,2,co_main,False,False
15868,2671,UFC on ESPN: dos Anjos vs. Edwards,main_card,3,main_card,False,False
15869,2671,UFC on ESPN: dos Anjos vs. Edwards,main_card,4,main_card,False,False
15870,2671,UFC on ESPN: dos Anjos vs. Edwards,main_card,5,main_card,False,False
15871,2671,UFC on ESPN: dos Anjos vs. Edwards,main_card,6,main_card,False,False
15872,2671,UFC on ESPN: dos Anjos vs. Edwards,prelims,1,prelims,False,False
15873,2671,UFC on ESPN: dos Anjos vs. Edwards,prelims,2,prelims,False,False
15874,2671,UFC on ESPN: dos Anjos vs. Edwards,prelims,3,prelims,False,False
15875,2671,UFC on ESPN: dos Anjos vs. Edwards,prelims,4,prelims,False,False
15876,2671,UFC on ESPN: dos Anjos vs. Edwards,prelims,5,prelims,False,False
15877,2671,UFC on ESPN: dos Anjos vs. Edwards,prelims,6,prelims,False,True
15878,2671,UFC on ESPN: dos Anjos vs. Edwards,prelims,7,prelims,False,False
15855,2670,UFC 240,main_card,1,main_event,True,False
15857,2670,UFC 240,main_card,3,main_card,False,False
15858,2670,UFC 240,main_card,4,main_card,False,False
15859,2670,UFC 240,main_card,5,main_card,False,False
15860,2670,UFC 240,prelims,1,prelims,False,False
15861,2670,UFC 240,prelims,2,prelims,False,False
15862,2670,UFC 240,prelims,3,prelims,False,False
15863,2670,UFC 240,prelims,4,prelims,False,True
15864,2670,UFC 240,early_prelims,1,early_prelims,False,False
15865,2670,UFC 240,early_prelims,2,early_prelims,False,False
15843,2669,UFC on ESPN: Covington vs. Lawler,main_card,1,main_event,False,False
15844,2669,UFC on ESPN: Covington vs. Lawler,main_card,2,co_main,False,False
15845,2669,UFC on ESPN: Covington vs. Lawler,main_card,3,main_card,False,False
15846,2669,UFC on ESPN: Covington vs. Lawler,main_card,4,main_card,False,False
15847,2669,UFC on ESPN: Covington vs. Lawler,main_card,5,main_card,False,False
15848,2669,UFC on ESPN: Covington vs. Lawler,main_card,6,main_card,False,False
15849,2669,UFC on ESPN: Covington vs. Lawler,prelims,1,prelims,False,False
15850,2669,UFC on ESPN: Covington vs. Lawler,prelims,2,prelims,False,True
15851,2669,UFC on ESPN: Covington vs. Lawler,prelims,3,prelims,False,False
15852,2669,UFC on ESPN: Covington vs. Lawler,prelims,4,prelims,False,False
15853,2669,UFC on ESPN: Covington vs. Lawler,prelims,5,prelims,False,False
15854,2669,UFC on ESPN: Covington vs. Lawler,prelims,6,prelims,False,False
15830,2668,UFC Fight Night: Shevchenko vs. Carmouche 2,main_card,1,main_event,True,False
15831,2668,UFC Fight Night: Shevchenko vs. Carmouche 2,main_card,2,co_main,False,True
15832,2668,UFC Fight Night: Shevchenko vs. Carmouche 2,main_card,3,main_card,False,False
15833,2668,UFC Fight Night: Shevchenko vs. Carmouche 2,main_card,4,main_card,False,False
15834,2668,UFC Fight Night: Shevchenko vs. Carmouche 2,main_card,5,main_card,False,False
15835,2668,UFC Fight Night: Shevchenko vs. Carmouche 2,main_card,6,main_card,False,False
15836,2668,UFC Fight Night: Shevchenko vs. Carmouche 2,prelims,1,prelims,False,False
15837,2668,UFC Fight Night: Shevchenko vs. Carmouche 2,prelims,2,prelims,False,False
15839,2668,UFC Fight Night: Shevchenko vs. Carmouche 2,prelims,4,prelims,False,False
15840,2668,UFC Fight Night: Shevchenko vs. Carmouche 2,prelims,5,prelims,False,False
15904,2676,UFC 241,main_card,1,main_event,True,False
15905,2676,UFC 241,main_card,2,co_main,False,False
15906,2676,UFC 241,main_card,3,main_card,False,True
15907,2676,UFC 241,main_card,4,main_card,False,False
15908,2676,UFC 241,main_card,5,main_card,False,False
15909,2676,UFC 241,prelims,1,prelims,False,False
15910,2676,UFC 241,prelims,2,prelims,False,False
15911,2676,UFC 241,prelims,3,prelims,False,False
15912,2676,UFC 241,prelims,4,prelims,False,False
15913,2676,UFC 241,early_prelims,1,early_prelims,False,False
15914,2676,UFC 241,early_prelims,2,early_prelims,False,False
15915,2676,UFC 241,early_prelims,3,early_prelims,False,False
15819,2667,UFC Fight Night: Andrade vs. Zhang,main_card,1,main_event,True,False
15820,2667,UFC Fight Night: Andrade vs. Zhang,main_card,2,co_main,False,False
15821,2667,UFC Fight Night: Andrade vs. Zhang,main_card,3,main_card,False,False
15822,2667,UFC Fight Night: Andrade vs. Zhang,main_card,4,main_card,False,False
15823,2667,UFC Fight Night: Andrade vs. Zhang,main_card,5,main_card,False,False
15824,2667,UFC Fight Night: Andrade vs. Zhang,prelims,1,prelims,False,False
15825,2667,UFC Fight Night: Andrade vs. Zhang,prelims,2,prelims,False,False
15826,2667,UFC Fight Night: Andrade vs. Zhang,prelims,3,prelims,False,False
15827,2667,UFC Fight Night: Andrade vs. Zhang,prelims,4,prelims,False,False
15828,2667,UFC Fight Night: Andrade vs. Zhang,prelims,5,prelims,False,True
15891,2675,UFC 242,main_card,1,main_event,True,False
15892,2675,UFC 242,main_card,2,co_main,False,False
15893,2675,UFC 242,main_card,3,main_card,False,False
15894,2675,UFC 242,main_card,4,main_card,False,False
15895,2675,UFC 242,main_card,5,main_card,False,False
15897,2675,UFC 242,prelims,2,prelims,False,False
15898,2675,UFC 242,prelims,3,prelims,False,False
15899,2675,UFC 242,prelims,4,prelims,False,False
15900,2675,UFC 242,early_prelims,1,early_prelims,False,False
15901,2675,UFC 242,early_prelims,2,early_prelims,False,False
15902,2675,UFC 242,early_prelims,3,early_prelims,False,False
15903,2675,UFC 242,early_prelims,4,early_prelims,False,False
15807,2666,UFC Fight Night: Cowboy vs. Gaethje,main_card,1,main_event,False,False
15808,2666,UFC Fight Night: Cowboy vs. Gaethje,main_card,2,co_main,False,False
15809,2666,UFC Fight Night: Cowboy vs. Gaethje,main_card,3,main_card,False,False
15810,2666,UFC Fight Night: Cowboy vs. Gaethje,main_card,4,main_card,False,True
15811,2666,UFC Fight Night: Cowboy vs. Gaethje,main_card,5,main_card,False,False
15812,2666,UFC Fight Night: Cowboy vs. Gaethje,main_card,6,main_card,False,False
15813,2666,UFC Fight Night: Cowboy vs. Gaethje,prelims,1,prelims,False,False
15814,2666,UFC Fight Night: Cowboy vs. Gaethje,prelims,2,prelims,False,False
15815,2666,UFC Fight Night: Cowboy vs. Gaethje,prelims,3,prelims,False,False
15816,2666,UFC Fight Night: Cowboy vs. Gaethje,prelims,4,prelims,False,False
15817,2666,UFC Fight Night: Cowboy vs. Gaethje,prelims,5,prelims,False,False
15818,2666,UFC Fight Night: Cowboy vs. Gaethje,prelims,6,prelims,False,False
15795,2665,UFC Fight Night: Rodríguez vs. Stephens,main_card,1,main_event,False,False
15796,2665,UFC Fight Night: Rodríguez vs. Stephens,main_card,2,co_main,False,True
15797,2665,UFC Fight Night: Rodríguez vs. Stephens,main_card,3,main_card,False,False
15798,2665,UFC Fight Night: Rodríguez vs. Stephens,main_card,4,main_card,False,False
15799,2665,UFC Fight Night: Rodríguez vs. Stephens,main_card,5,main_card,False,False
15800,2665,UFC Fight Night: Rodríguez vs. Stephens,prelims,1,prelims,False,False
15801,2665,UFC Fight Night: Rodríguez vs. Stephens,prelims,2,prelims,False,False
15802,2665,UFC Fight Night: Rodríguez vs. Stephens,prelims,3,prelims,False,False
15803,2665,UFC Fight Night: Rodríguez vs. Stephens,prelims,4,prelims,False,False
15804,2665,UFC Fight Night: Rodríguez vs. Stephens,prelims,5,prelims,False,False
15805,2665,UFC Fight Night: Rodríguez vs. Stephens,prelims,6,prelims,False,False
15806,2665,UFC Fight Night: Rodríguez vs. Stephens,prelims,7,prelims,False,False
15690,2664,UFC Fight Night: Hermansson vs. Cannonier,main_card,1,main_event,False,False
15691,2664,UFC Fight Night: Hermansson vs. Cannonier,main_card,2,co_main,False,False
15692,2664,UFC Fight Night: Hermansson vs. Cannonier,main_card,3,main_card,False,False
15693,2664,UFC Fight Night: Hermansson vs. Cannonier,main_card,4,main_card,False,False
15694,2664,UFC Fight Night: Hermansson vs. Cannonier,main_card,5,main_card,False,False
15695,2664,UFC Fight Night: Hermansson vs. Cannonier,main_card,6,main_card,False,False
15696,2664,UFC Fight Night: Hermansson vs. Cannonier,prelims,1,prelims,False,False
15697,2664,UFC Fight Night: Hermansson vs. Cannonier,prelims,2,prelims,False,False
15698,2664,UFC Fight Night: Hermansson vs. Cannonier,prelims,3,prelims,False,False
15699,2664,UFC Fight Night: Hermansson vs. Cannonier,prelims,4,prelims,False,False
15700,2664,UFC Fight Night: Hermansson vs. Cannonier,prelims,5,prelims,False,False
15701,2664,UFC Fight Night: Hermansson vs. Cannonier,prelims,6,prelims,False,False
15702,2664,UFC Fight Night: Hermansson vs. Cannonier,prelims,7,prelims,False,False
15679,2663,UFC 243,main_card,1,main_event,True,False
15680,2663,UFC 243,main_card,2,co_main,False,False
15681,2663,UFC 243,main_card,3,main_card,False,False
15682,2663,UFC 243,main_card,4,main_card,False,False
15683,2663,UFC 243,main_card,5,main_card,False,False
15684,2663,UFC 243,prelims,1,prelims,False,False
15685,2663,UFC 243,prelims,2,prelims,False,False
15686,2663,UFC 243,prelims,3,prelims,False,True
15687,2663,UFC 243,prelims,4,prelims,False,False
15688,2663,UFC 243,early_prelims,1,early_prelims,False,False
15689,2663,UFC 243,early_prelims,2,early_prelims,False,False
15665,2662,UFC Fight Night: Joanna vs. Waterson,main_card,1,main_event,False,False
15666,2662,UFC Fight Night: Joanna vs. Waterson,main_card,2,co_main,False,True
15667,2662,UFC Fight Night: Joanna vs. Waterson,main_card,3,main_card,False,False
15668,2662,UFC Fight Night: Joanna vs. Waterson,main_card,4,main_card,False,False
15669,2662,UFC Fight Night: Joanna vs. Waterson,main_card,5,main_card,False,False
15670,2662,UFC Fight Night: Joanna vs. Waterson,main_card,6,main_card,False,False
15671,2662,UFC Fight Night: Joanna vs. Waterson,prelims,1,prelims,False,False
15672,2662,UFC Fight Night: Joanna vs. Waterson,prelims,2,prelims,False,False
15673,2662,UFC Fight Night: Joanna vs. Waterson,prelims,3,prelims,False,False
15674,2662,UFC Fight Night: Joanna vs. Waterson,prelims,4,prelims,False,False
15675,2662,UFC Fight Night: Joanna vs. Waterson,prelims,5,prelims,False,False
15676,2662,UFC Fight Night: Joanna vs. Waterson,prelims,6,prelims,False,False
15677,2662,UFC Fight Night: Joanna vs. Waterson,prelims,7,prelims,False,False
15652,2661,UFC on ESPN: Reyes vs. Weidman,main_card,1,main_event,False,False
15653,2661,UFC on ESPN: Reyes vs. Weidman,main_card,2,co_main,False,True
15654,2661,UFC on ESPN: Reyes vs. Weidman,main_card,3,main_card,False,False
15655,2661,UFC on ESPN: Reyes vs. Weidman,main_card,4,main_card,False,False
15656,2661,UFC on ESPN: Reyes vs. Weidman,main_card,5,main_card,False,False
15657,2661,UFC on ESPN: Reyes vs. Weidman,main_card,6,main_card,False,False
15658,2661,UFC on ESPN: Reyes vs. Weidman,prelims,1,prelims,False,False
15659,2661,UFC on ESPN: Reyes vs. Weidman,prelims,2,prelims,False,False
15660,2661,UFC on ESPN: Reyes vs. Weidman,prelims,3,prelims,False,False
15661,2661,UFC on ESPN: Reyes vs. Weidman,prelims,4,prelims,False,False
15662,2661,UFC on ESPN: Reyes vs. Weidman,prelims,5,prelims,False,False
15663,2661,UFC on ESPN: Reyes vs. Weidman,prelims,6,prelims,False,False
15664,2661,UFC on ESPN: Reyes vs. Weidman,prelims,7,prelims,False,False
15641,2660,UFC Fight Night: Maia vs. Askren,main_card,1,main_event,False,True
15642,2660,UFC Fight Night: Maia vs. Askren,main_card,2,co_main,False,False
15643,2660,UFC Fight Night: Maia vs. Askren,main_card,3,main_card,False,False
15644,2660,UFC Fight Night: Maia vs. Askren,main_card,4,main_card,False,False
15645,2660,UFC Fight Night: Maia vs. Askren,main_card,5,main_card,False,False
15646,2660,UFC Fight Night: Maia vs. Askren,prelims,1,prelims,False,False
15647,2660,UFC Fight Night: Maia vs. Askren,prelims,2,prelims,False,False
15648,2660,UFC Fight Night: Maia vs. Askren,prelims,3,prelims,False,False
15649,2660,UFC Fight Night: Maia vs. Askren,prelims,4,prelims,False,False
15651,2660,UFC Fight Night: Maia vs. Askren,prelims,6,prelims,False,False
15629,2659,UFC 244,main_card,1,main_event,False,False
15630,2659,UFC 244,main_card,2,co_main,False,False
15631,2659,UFC 244,main_card,3,main_card,False,True
15632,2659,UFC 244,main_card,4,main_card,False,False
15633,2659,UFC 244,main_card,5,main_card,False,False
15634,2659,UFC 244,prelims,1,prelims,False,False
15635,2659,UFC 244,prelims,2,prelims,False,False
15636,2659,UFC 244,prelims,3,prelims,False,False
15637,2659,UFC 244,prelims,4,prelims,False,False
15639,2659,UFC 244,early_prelims,2,early_prelims,False,False
15640,2659,UFC 244,early_prelims,3,early_prelims,False,False
15566,2609,UFC Fight Night: Magomedsharipov vs. Kattar,main_card,1,main_event,False,True
15567,2609,UFC Fight Night: Magomedsharipov vs. Kattar,main_card,2,co_main,False,False
15568,2609,UFC Fight Night: Magomedsharipov vs. Kattar,main_card,3,main_card,False,False
15569,2609,UFC Fight Night: Magomedsharipov vs. Kattar,main_card,4,main_card,False,False
15570,2609,UFC Fight Night: Magomedsharipov vs. Kattar,main_card,5,main_card,False,False
15571,2609,UFC Fight Night: Magomedsharipov vs. Kattar,main_card,6,main_card,False,False
15572,2609,UFC Fight Night: Magomedsharipov vs. Kattar,prelims,1,prelims,False,False
15573,2609,UFC Fight Night: Magomedsharipov vs. Kattar,prelims,2,prelims,False,False
15574,2609,UFC Fight Night: Magomedsharipov vs. Kattar,prelims,3,prelims,False,False
15575,2609,UFC Fight Night: Magomedsharipov vs. Kattar,prelims,4,prelims,False,False
15576,2609,UFC Fight Night: Magomedsharipov vs. Kattar,prelims,5,prelims,False,False
15577,2609,UFC Fight Night: Magomedsharipov vs. Kattar,prelims,6,prelims,False,False
15578,2609,UFC Fight Night: Magomedsharipov vs. Kattar,prelims,7,prelims,False,False
15618,2658,UFC Fight Night: Błachowicz vs. Jacaré,main_card,2,co_main,False,False
15619,2658,UFC Fight Night: Błachowicz vs. Jacaré,main_card,3,main_card,False,False
15620,2658,UFC Fight Night: Błachowicz vs. Jacaré,main_card,4,main_card,False,False
15621,2658,UFC Fight Night: Błachowicz vs. Jacaré,main_card,5,main_card,False,False
15622,2658,UFC Fight Night: Błachowicz vs. Jacaré,prelims,1,prelims,False,False
15623,2658,UFC Fight Night: Błachowicz vs. Jacaré,prelims,2,prelims,False,False
15625,2658,UFC Fight Night: Błachowicz vs. Jacaré,prelims,4,prelims,False,False
15626,2658,UFC Fight Night: Błachowicz vs. Jacaré,prelims,5,prelims,False,False
15627,2658,UFC Fight Night: Błachowicz vs. Jacaré,prelims,6,prelims,False,False
15628,2658,UFC Fight Night: Błachowicz vs. Jacaré,prelims,7,prelims,False,False
15605,2657,UFC on ESPN: Overeem vs. Rozenstruik,main_card,1,main_event,False,False
15606,2657,UFC on ESPN: Overeem vs. Rozenstruik,main_card,2,co_main,False,False
15607,2657,UFC on ESPN: Overeem vs. Rozenstruik,main_card,3,main_card,False,False
15609,2657,UFC on ESPN: Overeem vs. Rozenstruik,main_card,5,main_card,False,False
15610,2657,UFC on ESPN: Overeem vs. Rozenstruik,main_card,6,main_card,False,True
15611,2657,UFC on ESPN: Overeem vs. Rozenstruik,prelims,1,prelims,False,False
15612,2657,UFC on ESPN: Overeem vs. Rozenstruik,prelims,2,prelims,False,False
15613,2657,UFC on ESPN: Overeem vs. Rozenstruik,prelims,3,prelims,False,False
15614,2657,UFC on ESPN: Overeem vs. Rozenstruik,prelims,4,prelims,False,False
15615,2657,UFC on ESPN: Overeem vs. Rozenstruik,early_prelims,1,early_prelims,False,False
15616,2657,UFC on ESPN: Overeem vs. Rozenstruik,early_prelims,2,early_prelims,False,False
15592,2656,UFC 245,main_card,1,main_event,True,True
15593,2656,UFC 245,main_card,2,co_main,True,False
15594,2656,UFC 245,main_card,3,main_card,True,False
15595,2656,UFC 245,main_card,4,main_card,False,False
15596,2656,UFC 245,main_card,5,main_card,False,False
15597,2656,UFC 245,prelims,1,prelims,False,False
15598,2656,UFC 245,prelims,2,prelims,False,False
15599,2656,UFC 245,prelims,3,prelims,False,False
15600,2656,UFC 245,prelims,4,prelims,False,False
15601,2656,UFC 245,early_prelims,1,early_prelims,False,False
15602,2656,UFC 245,early_prelims,2,early_prelims,False,False
15603,2656,UFC 245,early_prelims,3,early_prelims,False,False
15604,2656,UFC 245,early_prelims,4,early_prelims,False,False
15579,2655,UFC Fight Night: Edgar vs. The Korean Zombie,main_card,1,main_event,False,False
15580,2655,UFC Fight Night: Edgar vs. The Korean Zombie,main_card,2,co_main,False,False
15581,2655,UFC Fight Night: Edgar vs. The Korean Zombie,main_card,3,main_card,False,True
15582,2655,UFC Fight Night: Edgar vs. The Korean Zombie,main_card,4,main_card,False,False
15583,2655,UFC Fight Night: Edgar vs. The Korean Zombie,main_card,5,main_card,False,False
15584,2655,UFC Fight Night: Edgar vs. The Korean Zombie,main_card,6,main_card,False,False
15585,2655,UFC Fight Night: Edgar vs. The Korean Zombie,prelims,1,prelims,False,False
15586,2655,UFC Fight Night: Edgar vs. The Korean Zombie,prelims,2,prelims,False,False
15587,2655,UFC Fight Night: Edgar vs. The Korean Zombie,prelims,3,prelims,False,False
15588,2655,UFC Fight Night: Edgar vs. The Korean Zombie,prelims,4,prelims,False,False
15589,2655,UFC Fight Night: Edgar vs. The Korean Zombie,prelims,5,prelims,False,False
15590,2655,UFC Fight Night: Edgar vs. The Korean Zombie,prelims,6,prelims,False,False
15591,2655,UFC Fight Night: Edgar vs. The Korean Zombie,prelims,7,prelims,False,False
15543,2505,UFC 246,main_card,1,main_event,False,False
15544,2505,UFC 246,main_card,2,co_main,False,False
15546,2505,UFC 246,main_card,4,main_card,False,False
15547,2505,UFC 246,main_card,5,main_card,False,False
15548,2505,UFC 246,prelims,1,prelims,False,False
15549,2505,UFC 246,prelims,2,prelims,False,False
15550,2505,UFC 246,prelims,3,prelims,False,False
15551,2505,UFC 246,prelims,4,prelims,False,False
15552,2505,UFC 246,early_prelims,1,early_prelims,False,False
15554,2508,UFC Fight Night: Blaydes vs. dos Santos,main_card,1,main_event,False,False
15555,2508,UFC Fight Night: Blaydes vs. dos Santos,main_card,2,co_main,False,False
15556,2508,UFC Fight Night: Blaydes vs. dos Santos,main_card,3,main_card,False,False
15557,2508,UFC Fight Night: Blaydes vs. dos Santos,main_card,4,main_card,False,False
15558,2508,UFC Fight Night: Blaydes vs. dos Santos,main_card,5,main_card,False,False
15559,2508,UFC Fight Night: Blaydes vs. dos Santos,prelims,1,prelims,False,False
15560,2508,UFC Fight Night: Blaydes vs. dos Santos,prelims,2,prelims,False,False
15561,2508,UFC Fight Night: Blaydes vs. dos Santos,prelims,3,prelims,False,False
15562,2508,UFC Fight Night: Blaydes vs. dos Santos,prelims,4,prelims,False,False
15563,2508,UFC Fight Night: Blaydes vs. dos Santos,prelims,5,prelims,False,False
15564,2508,UFC Fight Night: Blaydes vs. dos Santos,prelims,6,prelims,False,True
15565,2508,UFC Fight Night: Blaydes vs. dos Santos,prelims,7,prelims,False,False
15531,2504,UFC 247,main_card,1,main_event,True,False
15533,2504,UFC 247,main_card,3,main_card,False,False
15534,2504,UFC 247,main_card,4,main_card,False,False
15535,2504,UFC 247,main_card,5,main_card,False,False
15536,2504,UFC 247,prelims,1,prelims,False,True
15537,2504,UFC 247,prelims,2,prelims,False,False
15539,2504,UFC 247,prelims,4,prelims,False,False
15540,2504,UFC 247,early_prelims,1,early_prelims,False,False
15541,2504,UFC 247,early_prelims,2,early_prelims,False,False
15542,2504,UFC 247,early_prelims,3,early_prelims,False,False
15507,2489,UFC Fight Night: Anderson vs. Błachowicz 2,main_card,2,co_main,False,False
15508,2489,UFC Fight Night: Anderson vs. Błachowicz 2,main_card,3,main_card,False,False
15510,2489,UFC Fight Night: Anderson vs. Błachowicz 2,main_card,5,main_card,False,False
15511,2489,UFC Fight Night: Anderson vs. Błachowicz 2,main_card,6,main_card,False,False
15512,2489,UFC Fight Night: Anderson vs. Błachowicz 2,prelims,1,prelims,False,False
15513,2489,UFC Fight Night: Anderson vs. Błachowicz 2,prelims,2,prelims,False,False
15514,2489,UFC Fight Night: Anderson vs. Błachowicz 2,prelims,3,prelims,False,True
15515,2489,UFC Fight Night: Anderson vs. Błachowicz 2,prelims,4,prelims,False,False
15516,2489,UFC Fight Night: Anderson vs. Błachowicz 2,prelims,5,prelims,False,False
15517,2489,UFC Fight Night: Anderson vs. Błachowicz 2,prelims,6,prelims,False,False
15518,2489,UFC Fight Night: Anderson vs. Błachowicz 2,prelims,7,prelims,False,False
15494,2488,UFC Fight Night: Felder vs. Hooker,main_card,1,main_event,False,True
15495,2488,UFC Fight Night: Felder vs. Hooker,main_card,2,co_main,False,False
15496,2488,UFC Fight Night: Felder vs. Hooker,main_card,3,main_card,False,False
15497,2488,UFC Fight Night: Felder vs. Hooker,main_card,4,main_card,False,False
15498,2488,UFC Fight Night: Felder vs. Hooker,main_card,5,main_card,False,False
15499,2488,UFC Fight Night: Felder vs. Hooker,prelims,1,prelims,False,False
15500,2488,UFC Fight Night: Felder vs. Hooker,prelims,2,prelims,False,False
15501,2488,UFC Fight Night: Felder vs. Hooker,prelims,3,prelims,False,False
15502,2488,UFC Fight Night: Felder vs. Hooker,prelims,4,prelims,False,False
15503,2488,UFC Fight Night: Felder vs. Hooker,prelims,5,prelims,False,False
15505,2488,UFC Fight Night: Felder vs. Hooker,prelims,7,prelims,False,False
15471,2476,UFC Fight Night: Benavidez vs. Figueiredo,main_card,1,main_event,True,False
15472,2476,UFC Fight Night: Benavidez vs. Figueiredo,main_card,2,co_main,False,False
15473,2476,UFC Fight Night: Benavidez vs. Figueiredo,main_card,3,main_card,False,False
15474,2476,UFC Fight Night: Benavidez vs. Figueiredo,main_card,4,main_card,False,False
15475,2476,UFC Fight Night: Benavidez vs. Figueiredo,main_card,5,main_card,False,False
15476,2476,UFC Fight Night: Benavidez vs. Figueiredo,prelims,1,prelims,False,True
15477,2476,UFC Fight Night: Benavidez vs. Figueiredo,prelims,2,prelims,False,False
15478,2476,UFC Fight Night: Benavidez vs. Figueiredo,prelims,3,prelims,False,False
15479,2476,UFC Fight Night: Benavidez vs. Figueiredo,prelims,4,prelims,False,False
15480,2476,UFC Fight Night: Benavidez vs. Figueiredo,prelims,5,prelims,False,False
15481,2476,UFC Fight Night: Benavidez vs. Figueiredo,prelims,6,prelims,False,False
15482,2476,UFC Fight Night: Benavidez vs. Figueiredo,prelims,7,prelims,False,False
15483,2478,UFC 248,main_card,1,main_event,True,False
15484,2478,UFC 248,main_card,2,co_main,True,True
15485,2478,UFC 248,main_card,3,main_card,False,False
15486,2478,UFC 248,main_card,4,main_card,False,False
15487,2478,UFC 248,main_card,5,main_card,False,False
15488,2478,UFC 248,prelims,1,prelims,False,False
15489,2478,UFC 248,prelims,2,prelims,False,False
15490,2478,UFC 248,prelims,3,prelims,False,False
15491,2478,UFC 248,prelims,4,prelims,False,False
15492,2478,UFC 248,early_prelims,1,early_prelims,False,False
15493,2478,UFC 248,early_prelims,2,early_prelims,False,False
15519,2503,UFC Fight Night: Lee vs. Oliveira,main_card,1,main_event,False,False
15520,2503,UFC Fight Night: Lee vs. Oliveira,main_card,2,co_main,False,False
15522,2503,UFC Fight Night: Lee vs. Oliveira,main_card,4,main_card,False,False
15523,2503,UFC Fight Night: Lee vs. Oliveira,main_card,5,main_card,False,False
15524,2503,UFC Fight Night: Lee vs. Oliveira,prelims,1,prelims,False,False
15525,2503,UFC Fight Night: Lee vs. Oliveira,prelims,2,prelims,False,False
15526,2503,UFC Fight Night: Lee vs. Oliveira,prelims,3,prelims,False,False
15527,2503,UFC Fight Night: Lee vs. Oliveira,prelims,4,prelims,False,False
15528,2503,UFC Fight Night: Lee vs. Oliveira,prelims,5,prelims,False,True
15529,2503,UFC Fight Night: Lee vs. Oliveira,prelims,6,prelims,False,False
15460,2464,UFC 249,main_card,1,main_event,True,True
15461,2464,UFC 249,main_card,2,co_main,True,False
15462,2464,UFC 249,main_card,3,main_card,False,False
15463,2464,UFC 249,main_card,4,main_card,False,False
15464,2464,UFC 249,main_card,5,main_card,False,False
15465,2464,UFC 249,prelims,1,prelims,False,False
15466,2464,UFC 249,prelims,2,prelims,False,False
15467,2464,UFC 249,prelims,3,prelims,False,False
15468,2464,UFC 249,prelims,4,prelims,False,False
15469,2464,UFC 249,early_prelims,1,early_prelims,False,False
15470,2464,UFC 249,early_prelims,2,early_prelims,False,False
15384,2426,UFC Fight Night: Smith vs. Teixeira,main_card,1,main_event,False,False
15385,2426,UFC Fight Night: Smith vs. Teixeira,main_card,2,co_main,False,False
15386,2426,UFC Fight Night: Smith vs. Teixeira,main_card,3,main_card,False,False
15387,2426,UFC Fight Night: Smith vs. Teixeira,main_card,4,main_card,False,False
15388,2426,UFC Fight Night: Smith vs. Teixeira,main_card,5,main_card,False,False
15389,2426,UFC Fight Night: Smith vs. Teixeira,main_card,6,main_card,False,False
15390,2426,UFC Fight Night: Smith vs. Teixeira,prelims,1,prelims,False,False
15391,2426,UFC Fight Night: Smith vs. Teixeira,prelims,2,prelims,False,False
15392,2426,UFC Fight Night: Smith vs. Teixeira,prelims,3,prelims,False,True
15438,2442,UFC on ESPN: Overeem vs. Harris,main_card,1,main_event,False,False
15439,2442,UFC on ESPN: Overeem vs. Harris,main_card,2,co_main,False,False
15440,2442,UFC on ESPN: Overeem vs. Harris,main_card,3,main_card,False,False
15441,2442,UFC on ESPN: Overeem vs. Harris,main_card,4,main_card,False,False
15442,2442,UFC on ESPN: Overeem vs. Harris,main_card,5,main_card,False,True
15443,2442,UFC on ESPN: Overeem vs. Harris,prelims,1,prelims,False,False
15444,2442,UFC on ESPN: Overeem vs. Harris,prelims,2,prelims,False,False
15445,2442,UFC on ESPN: Overeem vs. Harris,prelims,3,prelims,False,False
15446,2442,UFC on ESPN: Overeem vs. Harris,prelims,4,prelims,False,False
15447,2442,UFC on ESPN: Overeem vs. Harris,prelims,5,prelims,False,False
15448,2442,UFC on ESPN: Overeem vs. Harris,prelims,6,prelims,False,False
15373,2425,UFC on ESPN: Woodley vs. Burns,main_card,1,main_event,False,False
15374,2425,UFC on ESPN: Woodley vs. Burns,main_card,2,co_main,False,False
15375,2425,UFC on ESPN: Woodley vs. Burns,main_card,3,main_card,False,False
15376,2425,UFC on ESPN: Woodley vs. Burns,main_card,4,main_card,False,False
15377,2425,UFC on ESPN: Woodley vs. Burns,main_card,5,main_card,False,False
15379,2425,UFC on ESPN: Woodley vs. Burns,prelims,2,prelims,False,False
15380,2425,UFC on ESPN: Woodley vs. Burns,prelims,3,prelims,False,False
15381,2425,UFC on ESPN: Woodley vs. Burns,prelims,4,prelims,False,True
15382,2425,UFC on ESPN: Woodley vs. Burns,prelims,5,prelims,False,False
15383,2425,UFC on ESPN: Woodley vs. Burns,prelims,6,prelims,False,False
15426,2441,UFC 250,main_card,1,main_event,True,False
15427,2441,UFC 250,main_card,2,co_main,False,False
15428,2441,UFC 250,main_card,3,main_card,False,False
15429,2441,UFC 250,main_card,4,main_card,False,False
15430,2441,UFC 250,main_card,5,main_card,False,False
15431,2441,UFC 250,prelims,1,prelims,False,False
15432,2441,UFC 250,prelims,2,prelims,False,False
15433,2441,UFC 250,prelims,3,prelims,False,False
15434,2441,UFC 250,prelims,4,prelims,False,False
15435,2441,UFC 250,early_prelims,1,early_prelims,False,False
15436,2441,UFC 250,early_prelims,2,early_prelims,False,False
15437,2441,UFC 250,early_prelims,3,early_prelims,False,False
15406,2439,UFC on ESPN: Eye vs. Calvillo,main_card,1,main_event,False,False
15407,2439,UFC on ESPN: Eye vs. Calvillo,main_card,2,co_main,False,False
15408,2439,UFC on ESPN: Eye vs. Calvillo,main_card,3,main_card,False,False
15409,2439,UFC on ESPN: Eye vs. Calvillo,main_card,4,main_card,False,False
15410,2439,UFC on ESPN: Eye vs. Calvillo,main_card,5,main_card,False,False
15411,2439,UFC on ESPN: Eye vs. Calvillo,main_card,6,main_card,False,False
15412,2439,UFC on ESPN: Eye vs. Calvillo,prelims,1,prelims,False,False
15413,2439,UFC on ESPN: Eye vs. Calvillo,prelims,2,prelims,False,False
15414,2439,UFC on ESPN: Eye vs. Calvillo,prelims,3,prelims,False,False
15415,2439,UFC on ESPN: Eye vs. Calvillo,prelims,4,prelims,False,False
15394,2437,UFC on ESPN: Blaydes vs. Volkov,main_card,1,main_event,False,False
15395,2437,UFC on ESPN: Blaydes vs. Volkov,main_card,2,co_main,False,True
15396,2437,UFC on ESPN: Blaydes vs. Volkov,main_card,3,main_card,False,False
15397,2437,UFC on ESPN: Blaydes vs. Volkov,main_card,4,main_card,False,False
15398,2437,UFC on ESPN: Blaydes vs. Volkov,main_card,5,main_card,False,False
15401,2437,UFC on ESPN: Blaydes vs. Volkov,prelims,3,prelims,False,False
15402,2437,UFC on ESPN: Blaydes vs. Volkov,prelims,4,prelims,False,False
15403,2437,UFC on ESPN: Blaydes vs. Volkov,prelims,5,prelims,False,False
15404,2437,UFC on ESPN: Blaydes vs. Volkov,prelims,6,prelims,False,False
15405,2437,UFC on ESPN: Blaydes vs. Volkov,prelims,7,prelims,False,False
15416,2440,UFC on ESPN: Poirier vs. Hooker,main_card,1,main_event,False,True
15417,2440,UFC on ESPN: Poirier vs. Hooker,main_card,2,co_main,False,False
15418,2440,UFC on ESPN: Poirier vs. Hooker,main_card,3,main_card,False,False
15419,2440,UFC on ESPN: Poirier vs. Hooker,main_card,4,main_card,False,False
15420,2440,UFC on ESPN: Poirier vs. Hooker,main_card,5,main_card,False,False
15421,2440,UFC on ESPN: Poirier vs. Hooker,main_card,6,main_card,False,False
15422,2440,UFC on ESPN: Poirier vs. Hooker,prelims,1,prelims,False,False
15423,2440,UFC on ESPN: Poirier vs. Hooker,prelims,2,prelims,False,False
15424,2440,UFC on ESPN: Poirier vs. Hooker,prelims,3,prelims,False,False
15425,2440,UFC on ESPN: Poirier vs. Hooker,prelims,4,prelims,False,False
15360,2424,UFC 251,main_card,1,main_event,True,False
15361,2424,UFC 251,main_card,2,co_main,True,False
15362,2424,UFC 251,main_card,3,main_card,True,False
15363,2424,UFC 251,main_card,4,main_card,False,True
15364,2424,UFC 251,main_card,5,main_card,False,False
15365,2424,UFC 251,prelims,1,prelims,False,False
15366,2424,UFC 251,prelims,2,prelims,False,False
15367,2424,UFC 251,prelims,3,prelims,False,False
15368,2424,UFC 251,prelims,4,prelims,False,False
15369,2424,UFC 251,early_prelims,1,early_prelims,False,False
15370,2424,UFC 251,early_prelims,2,early_prelims,False,False
15371,2424,UFC 251,early_prelims,3,early_prelims,False,False
15372,2424,UFC 251,early_prelims,4,early_prelims,False,False
15322,2418,UFC on ESPN: Kattar vs. Ige,main_card,1,main_event,False,False
15323,2418,UFC on ESPN: Kattar vs. Ige,main_card,2,co_main,False,False
15324,2418,UFC on ESPN: Kattar vs. Ige,main_card,3,main_card,False,False
15325,2418,UFC on ESPN: Kattar vs. Ige,main_card,4,main_card,False,False
15326,2418,UFC on ESPN: Kattar vs. Ige,main_card,5,main_card,False,True
15327,2418,UFC on ESPN: Kattar vs. Ige,prelims,1,prelims,False,False
15328,2418,UFC on ESPN: Kattar vs. Ige,prelims,2,prelims,False,False
15329,2418,UFC on ESPN: Kattar vs. Ige,prelims,3,prelims,False,False
15330,2418,UFC on ESPN: Kattar vs. Ige,prelims,4,prelims,False,False
15331,2418,UFC on ESPN: Kattar vs. Ige,prelims,5,prelims,False,False
15332,2418,UFC on ESPN: Kattar vs. Ige,prelims,6,prelims,False,False
15348,2422,UFC Fight Night: Figueiredo vs. Benavidez 2,main_card,1,main_event,True,False
15349,2422,UFC Fight Night: Figueiredo vs. Benavidez 2,main_card,2,co_main,False,False
15350,2422,UFC Fight Night: Figueiredo vs. Benavidez 2,main_card,3,main_card,False,True
15351,2422,UFC Fight Night: Figueiredo vs. Benavidez 2,main_card,4,main_card,False,False
15352,2422,UFC Fight Night: Figueiredo vs. Benavidez 2,main_card,5,main_card,False,False
15353,2422,UFC Fight Night: Figueiredo vs. Benavidez 2,prelims,1,prelims,False,False
15354,2422,UFC Fight Night: Figueiredo vs. Benavidez 2,prelims,2,prelims,False,False
15355,2422,UFC Fight Night: Figueiredo vs. Benavidez 2,prelims,3,prelims,False,False
15356,2422,UFC Fight Night: Figueiredo vs. Benavidez 2,prelims,4,prelims,False,False
15357,2422,UFC Fight Night: Figueiredo vs. Benavidez 2,prelims,5,prelims,False,False
15358,2422,UFC Fight Night: Figueiredo vs. Benavidez 2,prelims,6,prelims,False,False
15359,2422,UFC Fight Night: Figueiredo vs. Benavidez 2,prelims,7,prelims,False,False
15333,2420,UFC on ESPN: Whittaker vs. Till,main_card,1,main_event,False,False
15334,2420,UFC on ESPN: Whittaker vs. Till,main_card,2,co_main,False,False
15335,2420,UFC on ESPN: Whittaker vs. Till,main_card,3,main_card,False,False
15336,2420,UFC on ESPN: Whittaker vs. Till,main_card,4,main_card,False,False
15337,2420,UFC on ESPN: Whittaker vs. Till,main_card,5,main_card,False,False
15338,2420,UFC on ESPN: Whittaker vs. Till,main_card,6,main_card,False,False
15339,2420,UFC on ESPN: Whittaker vs. Till,main_card,7,main_card,False,False
15340,2420,UFC on ESPN: Whittaker vs. Till,prelims,1,prelims,False,False
15341,2420,UFC on ESPN: Whittaker vs. Till,prelims,2,prelims,False,False
15342,2420,UFC on ESPN: Whittaker vs. Till,prelims,3,prelims,False,False
15343,2420,UFC on ESPN: Whittaker vs. Till,prelims,4,prelims,False,False
15344,2420,UFC on ESPN: Whittaker vs. Till,prelims,5,prelims,False,False
15345,2420,UFC on ESPN: Whittaker vs. Till,prelims,6,prelims,False,False
15346,2420,UFC on ESPN: Whittaker vs. Till,prelims,7,prelims,False,False
15347,2420,UFC on ESPN: Whittaker vs. Till,prelims,8,prelims,False,False
15314,2417,UFC Fight Night: Brunson vs. Shahbazyan,main_card,1,main_event,False,False
15316,2417,UFC Fight Night: Brunson vs. Shahbazyan,main_card,3,main_card,False,False
15318,2417,UFC Fight Night: Brunson vs. Shahbazyan,prelims,1,prelims,False,False
15319,2417,UFC Fight Night: Brunson vs. Shahbazyan,prelims,2,prelims,False,False
15320,2417,UFC Fight Night: Brunson vs. Shahbazyan,prelims,3,prelims,False,False
15321,2417,UFC Fight Night: Brunson vs. Shahbazyan,prelims,4,prelims,False,False
15317,2417,UFC Fight Night: Brunson vs. Shahbazyan,,,,,True
15283,2413,UFC Fight Night: Lewis vs. Oleinik,main_card,2,co_main,False,False
15284,2413,UFC Fight Night: Lewis vs. Oleinik,main_card,3,main_card,False,False
15286,2413,UFC Fight Night: Lewis vs. Oleinik,main_card,5,main_card,False,False
15287,2413,UFC Fight Night: Lewis vs. Oleinik,prelims,1,prelims,False,False
15288,2413,UFC Fight Night: Lewis vs. Oleinik,prelims,2,prelims,False,False
15289,2413,UFC Fight Night: Lewis vs. Oleinik,prelims,3,prelims,False,False
15290,2413,UFC Fight Night: Lewis vs. Oleinik,prelims,4,prelims,False,False
15291,2413,UFC Fight Night: Lewis vs. Oleinik,prelims,5,prelims,False,False
15292,2413,UFC Fight Night: Lewis vs. Oleinik,prelims,6,prelims,False,False
15293,2413,UFC Fight Night: Lewis vs. Oleinik,prelims,7,prelims,False,False
15449,2445,UFC 252,main_card,1,main_event,True,False
15450,2445,UFC 252,main_card,2,co_main,False,False
15451,2445,UFC 252,main_card,3,main_card,False,False
15452,2445,UFC 252,main_card,4,main_card,False,False
15453,2445,UFC 252,main_card,5,main_card,False,False
15454,2445,UFC 252,prelims,1,prelims,False,False
15455,2445,UFC 252,prelims,2,prelims,False,False
15456,2445,UFC 252,prelims,3,prelims,False,False
15457,2445,UFC 252,prelims,4,prelims,False,False
15458,2445,UFC 252,early_prelims,1,early_prelims,False,False
15459,2445,UFC 252,early_prelims,2,early_prelims,False,True
15294,2415,UFC on ESPN: Munhoz vs. Edgar,main_card,1,main_event,False,True
15295,2415,UFC on ESPN: Munhoz vs. Edgar,main_card,2,co_main,False,False
15296,2415,UFC on ESPN: Munhoz vs. Edgar,main_card,3,main_card,False,False
15297,2415,UFC on ESPN: Munhoz vs. Edgar,main_card,4,main_card,False,False
15298,2415,UFC on ESPN: Munhoz vs. Edgar,main_card,5,main_card,False,False
15299,2415,UFC on ESPN: Munhoz vs. Edgar,prelims,1,prelims,False,False
15301,2415,UFC on ESPN: Munhoz vs. Edgar,prelims,3,prelims,False,False
15302,2415,UFC on ESPN: Munhoz vs. Edgar,prelims,4,prelims,False,False
15272,2412,UFC Fight Night: Smith vs. Rakić,main_card,1,main_event,False,False
15273,2412,UFC Fight Night: Smith vs. Rakić,main_card,2,co_main,False,False
15274,2412,UFC Fight Night: Smith vs. Rakić,main_card,3,main_card,False,False
15275,2412,UFC Fight Night: Smith vs. Rakić,main_card,4,main_card,False,True
15276,2412,UFC Fight Night: Smith vs. Rakić,prelims,1,prelims,False,False
15277,2412,UFC Fight Night: Smith vs. Rakić,prelims,2,prelims,False,False
15278,2412,UFC Fight Night: Smith vs. Rakić,prelims,3,prelims,False,False
15279,2412,UFC Fight Night: Smith vs. Rakić,prelims,4,prelims,False,False
15280,2412,UFC Fight Night: Smith vs. Rakić,prelims,5,prelims,False,False
15281,2412,UFC Fight Night: Smith vs. Rakić,prelims,6,prelims,False,False
15227,2397,UFC Fight Night: Overeem vs. Sakai,full_card,1,main_event,False,False
15228,2397,UFC Fight Night: Overeem vs. Sakai,full_card,2,co_main,False,False
15229,2397,UFC Fight Night: Overeem vs. Sakai,full_card,3,full_card,False,False
15230,2397,UFC Fight Night: Overeem vs. Sakai,full_card,4,full_card,False,False
15231,2397,UFC Fight Night: Overeem vs. Sakai,full_card,5,full_card,False,False
15232,2397,UFC Fight Night: Overeem vs. Sakai,full_card,6,full_card,False,False
15233,2397,UFC Fight Night: Overeem vs. Sakai,full_card,7,full_card,False,False
15260,2405,UFC Fight Night: Waterson vs. Hill,main_card,1,main_event,False,True
15261,2405,UFC Fight Night: Waterson vs. Hill,main_card,2,co_main,False,False
15262,2405,UFC Fight Night: Waterson vs. Hill,main_card,3,main_card,False,False
15263,2405,UFC Fight Night: Waterson vs. Hill,main_card,4,main_card,False,False
15265,2405,UFC Fight Night: Waterson vs. Hill,main_card,6,main_card,False,False
15266,2405,UFC Fight Night: Waterson vs. Hill,prelims,1,prelims,False,False
15267,2405,UFC Fight Night: Waterson vs. Hill,prelims,2,prelims,False,False
15268,2405,UFC Fight Night: Waterson vs. Hill,prelims,3,prelims,False,False
15269,2405,UFC Fight Night: Waterson vs. Hill,prelims,4,prelims,False,False
15270,2405,UFC Fight Night: Waterson vs. Hill,prelims,5,prelims,False,False
15271,2405,UFC Fight Night: Waterson vs. Hill,prelims,6,prelims,False,False
15246,2401,UFC Fight Night: Covington vs. Woodley,main_card,1,main_event,False,False
15247,2401,UFC Fight Night: Covington vs. Woodley,main_card,2,co_main,False,False
15248,2401,UFC Fight Night: Covington vs. Woodley,main_card,3,main_card,False,False
15249,2401,UFC Fight Night: Covington vs. Woodley,main_card,4,main_card,False,False
15250,2401,UFC Fight Night: Covington vs. Woodley,main_card,5,main_card,False,False
15251,2401,UFC Fight Night: Covington vs. Woodley,main_card,6,main_card,False,False
15252,2401,UFC Fight Night: Covington vs. Woodley,prelims,1,prelims,False,False
15253,2401,UFC Fight Night: Covington vs. Woodley,prelims,2,prelims,False,False
15254,2401,UFC Fight Night: Covington vs. Woodley,prelims,3,prelims,False,False
15255,2401,UFC Fight Night: Covington vs. Woodley,prelims,4,prelims,False,False
15256,2401,UFC Fight Night: Covington vs. Woodley,prelims,5,prelims,False,False
15257,2401,UFC Fight Night: Covington vs. Woodley,prelims,6,prelims,False,False
15258,2401,UFC Fight Night: Covington vs. Woodley,prelims,7,prelims,False,False
15259,2401,UFC Fight Night: Covington vs. Woodley,prelims,8,prelims,False,False
15303,2416,UFC 253,main_card,1,main_event,True,False
15305,2416,UFC 253,main_card,3,main_card,False,True
15306,2416,UFC 253,main_card,4,main_card,False,False
15307,2416,UFC 253,main_card,5,main_card,False,False
15308,2416,UFC 253,prelims,1,prelims,False,False
15309,2416,UFC 253,prelims,2,prelims,False,False
15310,2416,UFC 253,prelims,3,prelims,False,False
15311,2416,UFC 253,prelims,4,prelims,False,False
15312,2416,UFC 253,early_prelims,1,early_prelims,False,False
15313,2416,UFC 253,early_prelims,2,early_prelims,False,False
15216,2391,UFC on ESPN: Holm vs. Aldana,main_card,1,main_event,False,False
15217,2391,UFC on ESPN: Holm vs. Aldana,main_card,2,co_main,False,False
15218,2391,UFC on ESPN: Holm vs. Aldana,main_card,3,main_card,False,False
15219,2391,UFC on ESPN: Holm vs. Aldana,main_card,4,main_card,False,False
15220,2391,UFC on ESPN: Holm vs. Aldana,main_card,5,main_card,False,False
15221,2391,UFC on ESPN: Holm vs. Aldana,prelims,1,prelims,False,False
15222,2391,UFC on ESPN: Holm vs. Aldana,prelims,2,prelims,False,False
15223,2391,UFC on ESPN: Holm vs. Aldana,prelims,3,prelims,False,False
15225,2391,UFC on ESPN: Holm vs. Aldana,prelims,5,prelims,False,False
15226,2391,UFC on ESPN: Holm vs. Aldana,prelims,6,prelims,False,False
15192,2386,UFC Fight Night: Moraes vs. Sandhagen,main_card,1,main_event,False,False
15193,2386,UFC Fight Night: Moraes vs. Sandhagen,main_card,2,co_main,False,False
15194,2386,UFC Fight Night: Moraes vs. Sandhagen,main_card,3,main_card,False,False
15195,2386,UFC Fight Night: Moraes vs. Sandhagen,main_card,4,main_card,False,False
15196,2386,UFC Fight Night: Moraes vs. Sandhagen,main_card,5,main_card,False,False
15197,2386,UFC Fight Night: Moraes vs. Sandhagen,main_card,6,main_card,False,False
15199,2386,UFC Fight Night: Moraes vs. Sandhagen,prelims,2,prelims,False,False
15200,2386,UFC Fight Night: Moraes vs. Sandhagen,prelims,3,prelims,False,False
15201,2386,UFC Fight Night: Moraes vs. Sandhagen,prelims,4,prelims,False,False
15202,2386,UFC Fight Night: Moraes vs. Sandhagen,prelims,5,prelims,False,False
15203,2386,UFC Fight Night: Moraes vs. Sandhagen,prelims,6,prelims,False,False
15204,2386,UFC Fight Night: Moraes vs. Sandhagen,prelims,7,prelims,False,False
15205,2390,UFC Fight Night: Ortega vs. The Korean Zombie,main_card,1,main_event,False,False
15207,2390,UFC Fight Night: Ortega vs. The Korean Zombie,main_card,3,main_card,False,False
15208,2390,UFC Fight Night: Ortega vs. The Korean Zombie,main_card,4,main_card,False,False
15209,2390,UFC Fight Night: Ortega vs. The Korean Zombie,main_card,5,main_card,False,False
15210,2390,UFC Fight Night: Ortega vs. The Korean Zombie,prelims,1,prelims,False,True
15211,2390,UFC Fight Night: Ortega vs. The Korean Zombie,prelims,2,prelims,False,False
15212,2390,UFC Fight Night: Ortega vs. The Korean Zombie,prelims,3,prelims,False,False
15213,2390,UFC Fight Night: Ortega vs. The Korean Zombie,prelims,4,prelims,False,False
15214,2390,UFC Fight Night: Ortega vs. The Korean Zombie,prelims,5,prelims,False,False
15215,2390,UFC Fight Night: Ortega vs. The Korean Zombie,prelims,6,prelims,False,False
15234,2398,UFC 254,main_card,1,main_event,True,False
15235,2398,UFC 254,main_card,2,co_main,False,False
15236,2398,UFC 254,main_card,3,main_card,False,False
15237,2398,UFC 254,main_card,4,main_card,False,False
15238,2398,UFC 254,main_card,5,main_card,False,False
15239,2398,UFC 254,main_card,6,main_card,False,False
15240,2398,UFC 254,prelims,1,prelims,False,False
15241,2398,UFC 254,prelims,2,prelims,False,True
15242,2398,UFC 254,prelims,3,prelims,False,False
15243,2398,UFC 254,prelims,4,prelims,False,False
15244,2398,UFC 254,early_prelims,1,early_prelims,False,False
15245,2398,UFC 254,early_prelims,2,early_prelims,False,False
15159,2375,UFC Fight Night: Hall vs. Silva,main_card,1,main_event,False,False
15160,2375,UFC Fight Night: Hall vs. Silva,main_card,2,co_main,False,False
15161,2375,UFC Fight Night: Hall vs. Silva,main_card,3,main_card,False,False
15162,2375,UFC Fight Night: Hall vs. Silva,main_card,4,main_card,False,False
15164,2375,UFC Fight Night: Hall vs. Silva,prelims,1,prelims,False,False
15165,2375,UFC Fight Night: Hall vs. Silva,prelims,2,prelims,False,False
15166,2375,UFC Fight Night: Hall vs. Silva,prelims,3,prelims,False,False
15167,2375,UFC Fight Night: Hall vs. Silva,prelims,4,prelims,False,False
15168,2375,UFC Fight Night: Hall vs. Silva,prelims,5,prelims,False,False
15169,2375,UFC Fight Night: Hall vs. Silva,prelims,6,prelims,False,False
15170,2376,UFC on ESPN: Santos vs. Teixeira,main_card,1,main_event,False,False
15171,2376,UFC on ESPN: Santos vs. Teixeira,main_card,2,co_main,False,False
15172,2376,UFC on ESPN: Santos vs. Teixeira,main_card,3,main_card,False,True
15173,2376,UFC on ESPN: Santos vs. Teixeira,main_card,4,main_card,False,False
15174,2376,UFC on ESPN: Santos vs. Teixeira,main_card,5,main_card,False,False
15175,2376,UFC on ESPN: Santos vs. Teixeira,prelims,1,prelims,False,False
15176,2376,UFC on ESPN: Santos vs. Teixeira,prelims,2,prelims,False,False
15177,2376,UFC on ESPN: Santos vs. Teixeira,prelims,3,prelims,False,False
15178,2376,UFC on ESPN: Santos vs. Teixeira,prelims,4,prelims,False,False
15179,2376,UFC on ESPN: Santos vs. Teixeira,prelims,5,prelims,False,False
15140,2373,UFC Fight Night: Felder vs. dos Anjos,main_card,1,main_event,False,True
15142,2373,UFC Fight Night: Felder vs. dos Anjos,main_card,3,main_card,False,False
15143,2373,UFC Fight Night: Felder vs. dos Anjos,main_card,4,main_card,False,False
15144,2373,UFC Fight Night: Felder vs. dos Anjos,main_card,5,main_card,False,False
15145,2373,UFC Fight Night: Felder vs. dos Anjos,prelims,1,prelims,False,False
15146,2373,UFC Fight Night: Felder vs. dos Anjos,prelims,2,prelims,False,False
15147,2373,UFC Fight Night: Felder vs. dos Anjos,prelims,3,prelims,False,False
15148,2373,UFC Fight Night: Felder vs. dos Anjos,prelims,4,prelims,False,False
15180,2385,UFC 255,main_card,1,main_event,True,False
15181,2385,UFC 255,main_card,2,co_main,True,False
15182,2385,UFC 255,main_card,3,main_card,False,False
15184,2385,UFC 255,main_card,5,main_card,False,False
15185,2385,UFC 255,prelims,1,prelims,False,False
15186,2385,UFC 255,prelims,2,prelims,False,False
15187,2385,UFC 255,prelims,3,prelims,False,False
15188,2385,UFC 255,prelims,4,prelims,False,False
15189,2385,UFC 255,early_prelims,1,early_prelims,False,False
15190,2385,UFC 255,early_prelims,2,early_prelims,False,False
15191,2385,UFC 255,early_prelims,3,early_prelims,False,True
15149,2374,UFC on ESPN: Smith vs. Clark,main_card,1,main_event,False,False
15150,2374,UFC on ESPN: Smith vs. Clark,main_card,2,co_main,False,False
15151,2374,UFC on ESPN: Smith vs. Clark,main_card,3,main_card,False,False
15152,2374,UFC on ESPN: Smith vs. Clark,main_card,4,main_card,False,False
15153,2374,UFC on ESPN: Smith vs. Clark,main_card,5,main_card,False,False
15154,2374,UFC on ESPN: Smith vs. Clark,main_card,6,main_card,False,False
15155,2374,UFC on ESPN: Smith vs. Clark,prelims,1,prelims,False,False
15156,2374,UFC on ESPN: Smith vs. Clark,prelims,2,prelims,False,False
15157,2374,UFC on ESPN: Smith vs. Clark,prelims,3,prelims,False,False
15158,2374,UFC on ESPN: Smith vs. Clark,prelims,4,prelims,False,False
15122,2371,UFC on ESPN: Hermansson vs. Vettori,main_card,1,main_event,False,True
15123,2371,UFC on ESPN: Hermansson vs. Vettori,main_card,2,co_main,False,False
15124,2371,UFC on ESPN: Hermansson vs. Vettori,main_card,3,main_card,False,False
15125,2371,UFC on ESPN: Hermansson vs. Vettori,main_card,4,main_card,False,False
15126,2371,UFC on ESPN: Hermansson vs. Vettori,main_card,5,main_card,False,False
15127,2371,UFC on ESPN: Hermansson vs. Vettori,prelims,1,prelims,False,False
15128,2371,UFC on ESPN: Hermansson vs. Vettori,prelims,2,prelims,False,False
15129,2371,UFC on ESPN: Hermansson vs. Vettori,prelims,3,prelims,False,False
15130,2372,UFC 256,main_card,1,main_event,True,True
15131,2372,UFC 256,main_card,2,co_main,False,False
15132,2372,UFC 256,main_card,3,main_card,False,False
15133,2372,UFC 256,main_card,4,main_card,False,False
15134,2372,UFC 256,main_card,5,main_card,False,False
15135,2372,UFC 256,prelims,1,prelims,False,False
15137,2372,UFC 256,prelims,3,prelims,False,False
15139,2372,UFC 256,early_prelims,1,early_prelims,False,False
15110,2360,UFC Fight Night: Thompson vs. Neal,main_card,1,main_event,False,False
15111,2360,UFC Fight Night: Thompson vs. Neal,main_card,2,co_main,False,False
15113,2360,UFC Fight Night: Thompson vs. Neal,main_card,4,main_card,False,False
15114,2360,UFC Fight Night: Thompson vs. Neal,main_card,5,main_card,False,False
15115,2360,UFC Fight Night: Thompson vs. Neal,prelims,1,prelims,False,False
15116,2360,UFC Fight Night: Thompson vs. Neal,prelims,2,prelims,False,False
15117,2360,UFC Fight Night: Thompson vs. Neal,prelims,3,prelims,False,False
15118,2360,UFC Fight Night: Thompson vs. Neal,prelims,4,prelims,False,False
15119,2360,UFC Fight Night: Thompson vs. Neal,prelims,5,prelims,False,False
15120,2360,UFC Fight Night: Thompson vs. Neal,prelims,6,prelims,False,False
15121,2360,UFC Fight Night: Thompson vs. Neal,prelims,7,prelims,False,False
15100,2355,UFC on ABC: Holloway vs. Kattar,main_card,1,main_event,False,True
15101,2355,UFC on ABC: Holloway vs. Kattar,main_card,2,co_main,False,False
15102,2355,UFC on ABC: Holloway vs. Kattar,main_card,3,main_card,False,False
15103,2355,UFC on ABC: Holloway vs. Kattar,main_card,4,main_card,False,False
15104,2355,UFC on ABC: Holloway vs. Kattar,main_card,5,main_card,False,False
15105,2355,UFC on ABC: Holloway vs. Kattar,prelims,1,prelims,False,False
15106,2355,UFC on ABC: Holloway vs. Kattar,prelims,2,prelims,False,False
15107,2355,UFC on ABC: Holloway vs. Kattar,prelims,3,prelims,False,False
15108,2355,UFC on ABC: Holloway vs. Kattar,prelims,4,prelims,False,False
15109,2355,UFC on ABC: Holloway vs. Kattar,prelims,5,prelims,False,False
15017,2318,UFC on ESPN: Chiesa vs. Magny,main_card,1,main_event,False,False
15018,2318,UFC on ESPN: Chiesa vs. Magny,main_card,2,co_main,False,False
15020,2318,UFC on ESPN: Chiesa vs. Magny,main_card,4,main_card,False,False
15021,2318,UFC on ESPN: Chiesa vs. Magny,main_card,5,main_card,False,False
15022,2318,UFC on ESPN: Chiesa vs. Magny,main_card,6,main_card,False,False
15023,2318,UFC on ESPN: Chiesa vs. Magny,main_card,7,main_card,False,False
15024,2318,UFC on ESPN: Chiesa vs. Magny,prelims,1,prelims,False,False
15025,2318,UFC on ESPN: Chiesa vs. Magny,prelims,2,prelims,False,False
15026,2318,UFC on ESPN: Chiesa vs. Magny,prelims,3,prelims,False,False
15027,2318,UFC on ESPN: Chiesa vs. Magny,prelims,4,prelims,False,False
15028,2318,UFC on ESPN: Chiesa vs. Magny,prelims,5,prelims,False,True
15029,2318,UFC on ESPN: Chiesa vs. Magny,prelims,6,prelims,False,False
15030,2318,UFC on ESPN: Chiesa vs. Magny,prelims,7,prelims,False,False
15079,2352,UFC 257,main_card,1,main_event,False,False
15080,2352,UFC 257,main_card,2,co_main,False,False
15082,2352,UFC 257,main_card,4,main_card,False,False
15083,2352,UFC 257,main_card,5,main_card,False,False
15084,2352,UFC 257,prelims,1,prelims,False,False
15085,2352,UFC 257,prelims,2,prelims,False,False
15086,2352,UFC 257,prelims,3,prelims,False,False
15087,2352,UFC 257,prelims,4,prelims,False,False
15088,2352,UFC 257,early_prelims,1,early_prelims,False,False
15089,2352,UFC 257,early_prelims,2,early_prelims,False,False
15067,2351,UFC Fight Night: Overeem vs. Volkov,main_card,1,main_event,False,False
15068,2351,UFC Fight Night: Overeem vs. Volkov,main_card,2,co_main,False,False
15069,2351,UFC Fight Night: Overeem vs. Volkov,main_card,3,main_card,False,False
15070,2351,UFC Fight Night: Overeem vs. Volkov,main_card,4,main_card,False,False
15071,2351,UFC Fight Night: Overeem vs. Volkov,main_card,5,main_card,False,True
15072,2351,UFC Fight Night: Overeem vs. Volkov,main_card,6,main_card,False,False
15073,2351,UFC Fight Night: Overeem vs. Volkov,prelims,1,prelims,False,False
15074,2351,UFC Fight Night: Overeem vs. Volkov,prelims,2,prelims,False,False
15076,2351,UFC Fight Night: Overeem vs. Volkov,prelims,4,prelims,False,False
15077,2351,UFC Fight Night: Overeem vs. Volkov,prelims,5,prelims,False,False
15078,2351,UFC Fight Night: Overeem vs. Volkov,prelims,6,prelims,False,False
15090,2353,UFC 258,main_card,1,main_event,True,False
15091,2353,UFC 258,main_card,2,co_main,False,False
15092,2353,UFC 258,main_card,3,main_card,False,False
15093,2353,UFC 258,main_card,4,main_card,False,False
15094,2353,UFC 258,main_card,5,main_card,False,False
15095,2353,UFC 258,prelims,1,prelims,False,False
15096,2353,UFC 258,prelims,2,prelims,False,False
15097,2353,UFC 258,prelims,3,prelims,False,False
15098,2353,UFC 258,prelims,4,prelims,False,False
15099,2353,UFC 258,early_prelims,1,early_prelims,False,False
15031,2325,UFC Fight Night: Blaydes vs. Lewis,main_card,1,main_event,False,False
15033,2325,UFC Fight Night: Blaydes vs. Lewis,main_card,3,main_card,False,False
15035,2325,UFC Fight Night: Blaydes vs. Lewis,main_card,5,main_card,False,False
15036,2325,UFC Fight Night: Blaydes vs. Lewis,main_card,6,main_card,False,False
15037,2325,UFC Fight Night: Blaydes vs. Lewis,prelims,1,prelims,False,False
15038,2325,UFC Fight Night: Blaydes vs. Lewis,prelims,2,prelims,False,False
15039,2325,UFC Fight Night: Blaydes vs. Lewis,prelims,3,prelims,False,False
15040,2325,UFC Fight Night: Blaydes vs. Lewis,prelims,4,prelims,False,False
15041,2325,UFC Fight Night: Blaydes vs. Lewis,prelims,5,prelims,False,False
15042,2325,UFC Fight Night: Blaydes vs. Lewis,prelims,6,prelims,False,False
15058,2337,UFC Fight Night: Rozenstruik vs. Gane,main_card,1,main_event,False,False
15059,2337,UFC Fight Night: Rozenstruik vs. Gane,main_card,2,co_main,False,False
15060,2337,UFC Fight Night: Rozenstruik vs. Gane,main_card,3,main_card,False,False
15061,2337,UFC Fight Night: Rozenstruik vs. Gane,main_card,4,main_card,False,True
15062,2337,UFC Fight Night: Rozenstruik vs. Gane,main_card,5,main_card,False,False
15063,2337,UFC Fight Night: Rozenstruik vs. Gane,prelims,1,prelims,False,False
15064,2337,UFC Fight Night: Rozenstruik vs. Gane,prelims,2,prelims,False,False
15065,2337,UFC Fight Night: Rozenstruik vs. Gane,prelims,3,prelims,False,False
15066,2337,UFC Fight Night: Rozenstruik vs. Gane,prelims,4,prelims,False,False
15044,2327,UFC 259,main_card,2,co_main,True,False
15045,2327,UFC 259,main_card,3,main_card,True,False
15046,2327,UFC 259,main_card,4,main_card,False,False
15047,2327,UFC 259,main_card,5,main_card,False,False
15048,2327,UFC 259,prelims,1,prelims,False,False
15049,2327,UFC 259,prelims,2,prelims,False,False
15050,2327,UFC 259,prelims,3,prelims,False,False
15051,2327,UFC 259,prelims,4,prelims,False,False
15052,2327,UFC 259,early_prelims,1,early_prelims,False,False
15053,2327,UFC 259,early_prelims,2,early_prelims,False,True
15054,2327,UFC 259,early_prelims,3,early_prelims,False,False
15055,2327,UFC 259,early_prelims,4,early_prelims,False,False
15056,2327,UFC 259,early_prelims,5,early_prelims,False,False
15057,2327,UFC 259,early_prelims,6,early_prelims,False,False
14994,2311,UFC Fight Night: Edwards vs. Muhammad,main_card,1,main_event,False,False
14995,2311,UFC Fight Night: Edwards vs. Muhammad,main_card,2,co_main,False,False
14996,2311,UFC Fight Night: Edwards vs. Muhammad,main_card,3,main_card,False,False
14997,2311,UFC Fight Night: Edwards vs. Muhammad,main_card,4,main_card,False,False
14998,2311,UFC Fight Night: Edwards vs. Muhammad,main_card,5,main_card,False,False
14999,2311,UFC Fight Night: Edwards vs. Muhammad,main_card,6,main_card,False,False
15000,2311,UFC Fight Night: Edwards vs. Muhammad,prelims,1,prelims,False,False
15001,2311,UFC Fight Night: Edwards vs. Muhammad,prelims,2,prelims,False,False
15002,2311,UFC Fight Night: Edwards vs. Muhammad,prelims,3,prelims,False,False
15003,2311,UFC Fight Night: Edwards vs. Muhammad,prelims,4,prelims,False,False
15005,2311,UFC Fight Night: Edwards vs. Muhammad,prelims,6,prelims,False,False
15006,2311,UFC Fight Night: Edwards vs. Muhammad,prelims,7,prelims,False,False
15007,2317,UFC on ESPN: Brunson vs. Holland,main_card,1,main_event,False,False
15008,2317,UFC on ESPN: Brunson vs. Holland,main_card,2,co_main,False,False
15009,2317,UFC on ESPN: Brunson vs. Holland,main_card,3,main_card,False,False
15010,2317,UFC on ESPN: Brunson vs. Holland,main_card,4,main_card,False,False
15011,2317,UFC on ESPN: Brunson vs. Holland,main_card,5,main_card,False,False
15012,2317,UFC on ESPN: Brunson vs. Holland,prelims,1,prelims,False,False
15013,2317,UFC on ESPN: Brunson vs. Holland,prelims,2,prelims,False,False
15014,2317,UFC on ESPN: Brunson vs. Holland,prelims,3,prelims,False,False
15015,2317,UFC on ESPN: Brunson vs. Holland,prelims,4,prelims,False,False
14971,2300,UFC 260,main_card,1,main_event,True,False
14972,2300,UFC 260,main_card,2,co_main,False,True
14973,2300,UFC 260,main_card,3,main_card,False,False
14974,2300,UFC 260,main_card,4,main_card,False,False
14975,2300,UFC 260,main_card,5,main_card,False,False
14976,2300,UFC 260,prelims,1,prelims,False,False
14977,2300,UFC 260,prelims,2,prelims,False,False
14978,2300,UFC 260,prelims,3,prelims,False,False
14979,2300,UFC 260,prelims,4,prelims,False,False
14980,2300,UFC 260,early_prelims,1,early_prelims,False,False
14981,2309,UFC on ABC: Vettori vs. Holland,main_card,1,main_event,False,False
14982,2309,UFC on ABC: Vettori vs. Holland,main_card,2,co_main,False,False
14983,2309,UFC on ABC: Vettori vs. Holland,main_card,3,main_card,False,True
14984,2309,UFC on ABC: Vettori vs. Holland,main_card,4,main_card,False,False
14985,2309,UFC on ABC: Vettori vs. Holland,main_card,5,main_card,False,False
14986,2309,UFC on ABC: Vettori vs. Holland,prelims,1,prelims,False,False
14987,2309,UFC on ABC: Vettori vs. Holland,prelims,2,prelims,False,False
14988,2309,UFC on ABC: Vettori vs. Holland,prelims,3,prelims,False,False
14989,2309,UFC on ABC: Vettori vs. Holland,prelims,4,prelims,False,False
14990,2309,UFC on ABC: Vettori vs. Holland,prelims,5,prelims,False,False
14991,2309,UFC on ABC: Vettori vs. Holland,prelims,6,prelims,False,False
14992,2309,UFC on ABC: Vettori vs. Holland,prelims,7,prelims,False,False
14993,2309,UFC on ABC: Vettori vs. Holland,early_prelims,1,early_prelims,False,False
14961,2291,UFC on ESPN: Whittaker vs. Gastelum,main_card,1,main_event,False,True
14962,2291,UFC on ESPN: Whittaker vs. Gastelum,main_card,2,co_main,False,False
14963,2291,UFC on ESPN: Whittaker vs. Gastelum,main_card,3,main_card,False,False
14964,2291,UFC on ESPN: Whittaker vs. Gastelum,main_card,4,main_card,False,False
14965,2291,UFC on ESPN: Whittaker vs. Gastelum,main_card,5,main_card,False,False
14966,2291,UFC on ESPN: Whittaker vs. Gastelum,prelims,1,prelims,False,False
14967,2291,UFC on ESPN: Whittaker vs. Gastelum,prelims,2,prelims,False,False
14968,2291,UFC on ESPN: Whittaker vs. Gastelum,prelims,3,prelims,False,False
14969,2291,UFC on ESPN: Whittaker vs. Gastelum,prelims,4,prelims,False,False
14970,2291,UFC on ESPN: Whittaker vs. Gastelum,prelims,5,prelims,False,False
14948,2287,UFC 261,main_card,1,main_event,True,False
14949,2287,UFC 261,main_card,2,co_main,True,False
14950,2287,UFC 261,main_card,3,main_card,True,False
14951,2287,UFC 261,main_card,4,main_card,False,False
14952,2287,UFC 261,main_card,5,main_card,False,False
14953,2287,UFC 261,prelims,1,prelims,False,False
14954,2287,UFC 261,prelims,2,prelims,False,False
14955,2287,UFC 261,prelims,3,prelims,False,False
14956,2287,UFC 261,prelims,4,prelims,False,False
14957,2287,UFC 261,early_prelims,1,early_prelims,False,False
14959,2287,UFC 261,early_prelims,3,early_prelims,False,True
14960,2287,UFC 261,early_prelims,4,early_prelims,False,False
14937,2282,UFC on ESPN: Reyes vs. Procházka,main_card,1,main_event,False,True
14938,2282,UFC on ESPN: Reyes vs. Procházka,main_card,2,co_main,False,False
14939,2282,UFC on ESPN: Reyes vs. Procházka,main_card,3,main_card,False,False
14940,2282,UFC on ESPN: Reyes vs. Procházka,main_card,4,main_card,False,False
14941,2282,UFC on ESPN: Reyes vs. Procházka,main_card,5,main_card,False,False
14942,2282,UFC on ESPN: Reyes vs. Procházka,prelims,1,prelims,False,False
14943,2282,UFC on ESPN: Reyes vs. Procházka,prelims,2,prelims,False,False
14944,2282,UFC on ESPN: Reyes vs. Procházka,prelims,3,prelims,False,False
14947,2282,UFC on ESPN: Reyes vs. Procházka,prelims,6,prelims,False,False
14928,2280,UFC on ESPN: Rodriguez vs. Waterson,main_card,1,main_event,False,False
14929,2280,UFC on ESPN: Rodriguez vs. Waterson,main_card,2,co_main,False,False
14930,2280,UFC on ESPN: Rodriguez vs. Waterson,main_card,3,main_card,False,False
14931,2280,UFC on ESPN: Rodriguez vs. Waterson,main_card,4,main_card,False,False
14932,2280,UFC on ESPN: Rodriguez vs. Waterson,main_card,5,main_card,False,True
14933,2280,UFC on ESPN: Rodriguez vs. Waterson,main_card,6,main_card,False,False
14934,2280,UFC on ESPN: Rodriguez vs. Waterson,prelims,1,prelims,False,False
14935,2280,UFC on ESPN: Rodriguez vs. Waterson,prelims,2,prelims,False,False
14936,2280,UFC on ESPN: Rodriguez vs. Waterson,prelims,3,prelims,False,False
14916,2276,UFC 262,main_card,1,main_event,True,False
14917,2276,UFC 262,main_card,2,co_main,False,False
14918,2276,UFC 262,main_card,3,main_card,False,False
14920,2276,UFC 262,main_card,5,main_card,False,True
14921,2276,UFC 262,prelims,1,prelims,False,False
14922,2276,UFC 262,prelims,2,prelims,False,False
14923,2276,UFC 262,prelims,3,prelims,False,False
14924,2276,UFC 262,prelims,4,prelims,False,False
14925,2276,UFC 262,early_prelims,1,early_prelims,False,False
14926,2276,UFC 262,early_prelims,2,early_prelims,False,False
14927,2276,UFC 262,early_prelims,3,early_prelims,False,False
14904,2275,UFC Fight Night: Font vs. Garbrandt,main_card,1,main_event,False,False
14905,2275,UFC Fight Night: Font vs. Garbrandt,main_card,2,co_main,False,False
14906,2275,UFC Fight Night: Font vs. Garbrandt,main_card,3,main_card,False,True
14907,2275,UFC Fight Night: Font vs. Garbrandt,main_card,4,main_card,False,False
14908,2275,UFC Fight Night: Font vs. Garbrandt,main_card,5,main_card,False,False
14909,2275,UFC Fight Night: Font vs. Garbrandt,main_card,6,main_card,False,False
14910,2275,UFC Fight Night: Font vs. Garbrandt,prelims,1,prelims,False,False
14911,2275,UFC Fight Night: Font vs. Garbrandt,prelims,2,prelims,False,False
14912,2275,UFC Fight Night: Font vs. Garbrandt,prelims,3,prelims,False,False
14913,2275,UFC Fight Night: Font vs. Garbrandt,prelims,4,prelims,False,False
14914,2275,UFC Fight Night: Font vs. Garbrandt,prelims,5,prelims,False,False
14915,2275,UFC Fight Night: Font vs. Garbrandt,prelims,6,prelims,False,False
14865,2263,UFC Fight Night: Rozenstruik vs. Sakai,main_card,1,main_event,False,False
14866,2263,UFC Fight Night: Rozenstruik vs. Sakai,main_card,2,co_main,False,False
14867,2263,UFC Fight Night: Rozenstruik vs. Sakai,main_card,3,main_card,False,False
14868,2263,UFC Fight Night: Rozenstruik vs. Sakai,main_card,4,main_card,False,True
14869,2263,UFC Fight Night: Rozenstruik vs. Sakai,main_card,5,main_card,False,False
14870,2263,UFC Fight Night: Rozenstruik vs. Sakai,main_card,6,main_card,False,False
14871,2263,UFC Fight Night: Rozenstruik vs. Sakai,prelims,1,prelims,False,False
14872,2263,UFC Fight Night: Rozenstruik vs. Sakai,prelims,2,prelims,False,False
14873,2263,UFC Fight Night: Rozenstruik vs. Sakai,prelims,3,prelims,False,False
14874,2263,UFC Fight Night: Rozenstruik vs. Sakai,prelims,4,prelims,False,False
14875,2263,UFC Fight Night: Rozenstruik vs. Sakai,prelims,5,prelims,False,False
14876,2263,UFC Fight Night: Rozenstruik vs. Sakai,prelims,6,prelims,False,False
14877,2263,UFC Fight Night: Rozenstruik vs. Sakai,prelims,7,prelims,False,False
14890,2267,UFC 263,main_card,1,main_event,True,False
14891,2267,UFC 263,main_card,2,co_main,True,False
14892,2267,UFC 263,main_card,3,main_card,False,False
14893,2267,UFC 263,main_card,4,main_card,False,False
14894,2267,UFC 263,main_card,5,main_card,False,False
14895,2267,UFC 263,prelims,1,prelims,False,True
14896,2267,UFC 263,prelims,2,prelims,False,False
14898,2267,UFC 263,prelims,4,prelims,False,False
14899,2267,UFC 263,early_prelims,1,early_prelims,False,False
14900,2267,UFC 263,early_prelims,2,early_prelims,False,False
14901,2267,UFC 263,early_prelims,3,early_prelims,False,False
14902,2267,UFC 263,early_prelims,4,early_prelims,False,False
14903,2267,UFC 263,early_prelims,5,early_prelims,False,False
14878,2264,UFC on ESPN: The Korean Zombie vs. Ige,main_card,1,main_event,False,False
14880,2264,UFC on ESPN: The Korean Zombie vs. Ige,main_card,3,main_card,False,True
14881,2264,UFC on ESPN: The Korean Zombie vs. Ige,main_card,4,main_card,False,False
14882,2264,UFC on ESPN: The Korean Zombie vs. Ige,main_card,5,main_card,False,False
14883,2264,UFC on ESPN: The Korean Zombie vs. Ige,main_card,6,main_card,False,False
14884,2264,UFC on ESPN: The Korean Zombie vs. Ige,prelims,1,prelims,False,False
14885,2264,UFC on ESPN: The Korean Zombie vs. Ige,prelims,2,prelims,False,False
14887,2264,UFC on ESPN: The Korean Zombie vs. Ige,prelims,4,prelims,False,False
14888,2264,UFC on ESPN: The Korean Zombie vs. Ige,prelims,5,prelims,False,False
14852,2262,UFC Fight Night: Gane vs. Volkov,main_card,1,main_event,False,False
14853,2262,UFC Fight Night: Gane vs. Volkov,main_card,2,co_main,False,False
14854,2262,UFC Fight Night: Gane vs. Volkov,main_card,3,main_card,False,True
14855,2262,UFC Fight Night: Gane vs. Volkov,main_card,4,main_card,False,False
14856,2262,UFC Fight Night: Gane vs. Volkov,main_card,5,main_card,False,False
14858,2262,UFC Fight Night: Gane vs. Volkov,prelims,1,prelims,False,False
14859,2262,UFC Fight Night: Gane vs. Volkov,prelims,2,prelims,False,False
14860,2262,UFC Fight Night: Gane vs. Volkov,prelims,3,prelims,False,False
14862,2262,UFC Fight Night: Gane vs. Volkov,prelims,5,prelims,False,False
14863,2262,UFC Fight Night: Gane vs. Volkov,prelims,6,prelims,False,False
14864,2262,UFC Fight Night: Gane vs. Volkov,prelims,7,prelims,False,False
14840,2255,UFC 264,main_card,1,main_event,False,False
14841,2255,UFC 264,main_card,2,co_main,False,False
14842,2255,UFC 264,main_card,3,main_card,False,False
14844,2255,UFC 264,main_card,5,main_card,False,True
14845,2255,UFC 264,prelims,1,prelims,False,False
14846,2255,UFC 264,prelims,2,prelims,False,False
14847,2255,UFC 264,prelims,3,prelims,False,False
14848,2255,UFC 264,prelims,4,prelims,False,False
14849,2255,UFC 264,early_prelims,1,early_prelims,False,False
14850,2255,UFC 264,early_prelims,2,early_prelims,False,False
14851,2255,UFC 264,early_prelims,3,early_prelims,False,False
14830,2254,UFC on ESPN: Makhachev vs. Moisés,main_card,1,main_event,False,False
14831,2254,UFC on ESPN: Makhachev vs. Moisés,main_card,2,co_main,False,False
14832,2254,UFC on ESPN: Makhachev vs. Moisés,main_card,3,main_card,False,False
14833,2254,UFC on ESPN: Makhachev vs. Moisés,main_card,4,main_card,False,False
14834,2254,UFC on ESPN: Makhachev vs. Moisés,main_card,5,main_card,False,True
14835,2254,UFC on ESPN: Makhachev vs. Moisés,prelims,1,prelims,False,False
14836,2254,UFC on ESPN: Makhachev vs. Moisés,prelims,2,prelims,False,False
14837,2254,UFC on ESPN: Makhachev vs. Moisés,prelims,3,prelims,False,False
14838,2254,UFC on ESPN: Makhachev vs. Moisés,prelims,4,prelims,False,False
14839,2254,UFC on ESPN: Makhachev vs. Moisés,prelims,5,prelims,False,False
14819,2243,UFC on ESPN: Sandhagen vs. Dillashaw,main_card,1,main_event,False,False
14820,2243,UFC on ESPN: Sandhagen vs. Dillashaw,main_card,2,co_main,False,True
14821,2243,UFC on ESPN: Sandhagen vs. Dillashaw,main_card,3,main_card,False,False
14822,2243,UFC on ESPN: Sandhagen vs. Dillashaw,main_card,4,main_card,False,False
14823,2243,UFC on ESPN: Sandhagen vs. Dillashaw,main_card,5,main_card,False,False
14824,2243,UFC on ESPN: Sandhagen vs. Dillashaw,prelims,1,prelims,False,False
14825,2243,UFC on ESPN: Sandhagen vs. Dillashaw,prelims,2,prelims,False,False
14826,2243,UFC on ESPN: Sandhagen vs. Dillashaw,prelims,3,prelims,False,False
14827,2243,UFC on ESPN: Sandhagen vs. Dillashaw,prelims,4,prelims,False,False
14828,2243,UFC on ESPN: Sandhagen vs. Dillashaw,prelims,5,prelims,False,False
14829,2243,UFC on ESPN: Sandhagen vs. Dillashaw,prelims,6,prelims,False,False
14783,2239,UFC on ESPN: Hall vs. Strickland,main_card,1,main_event,False,False
14785,2239,UFC on ESPN: Hall vs. Strickland,main_card,3,main_card,False,False
14786,2239,UFC on ESPN: Hall vs. Strickland,main_card,4,main_card,False,False
14787,2239,UFC on ESPN: Hall vs. Strickland,main_card,5,main_card,False,True
14788,2239,UFC on ESPN: Hall vs. Strickland,prelims,1,prelims,False,False
14789,2239,UFC on ESPN: Hall vs. Strickland,prelims,2,prelims,False,False
14790,2239,UFC on ESPN: Hall vs. Strickland,prelims,3,prelims,False,False
14791,2239,UFC on ESPN: Hall vs. Strickland,prelims,4,prelims,False,False
14792,2239,UFC on ESPN: Hall vs. Strickland,prelims,5,prelims,False,False
14806,2241,UFC 265,main_card,1,main_event,True,False
14807,2241,UFC 265,main_card,2,co_main,False,False
14808,2241,UFC 265,main_card,3,main_card,False,False
14810,2241,UFC 265,main_card,5,main_card,False,False
14812,2241,UFC 265,prelims,2,prelims,False,False
14813,2241,UFC 265,prelims,3,prelims,False,False
14814,2241,UFC 265,prelims,4,prelims,False,False
14815,2241,UFC 265,early_prelims,1,early_prelims,False,False
14816,2241,UFC 265,early_prelims,2,early_prelims,False,False
14817,2241,UFC 265,early_prelims,3,early_prelims,False,False
14818,2241,UFC 265,early_prelims,4,early_prelims,False,False
14811,2241,UFC 265,,,,,True
14747,2223,UFC on ESPN: Cannonier vs. Gastelum,main_card,1,main_event,False,False
14748,2223,UFC on ESPN: Cannonier vs. Gastelum,main_card,2,co_main,False,False
14749,2223,UFC on ESPN: Cannonier vs. Gastelum,main_card,3,main_card,False,False
14750,2223,UFC on ESPN: Cannonier vs. Gastelum,main_card,4,main_card,False,False
14751,2223,UFC on ESPN: Cannonier vs. Gastelum,main_card,5,main_card,False,False
14752,2223,UFC on ESPN: Cannonier vs. Gastelum,main_card,6,main_card,False,False
14753,2223,UFC on ESPN: Cannonier vs. Gastelum,prelims,1,prelims,False,False
14754,2223,UFC on ESPN: Cannonier vs. Gastelum,prelims,2,prelims,False,False
14755,2223,UFC on ESPN: Cannonier vs. Gastelum,prelims,3,prelims,False,False
14756,2223,UFC on ESPN: Cannonier vs. Gastelum,prelims,4,prelims,False,False
14757,2223,UFC on ESPN: Cannonier vs. Gastelum,prelims,5,prelims,False,False
14758,2223,UFC on ESPN: Cannonier vs. Gastelum,prelims,6,prelims,False,False
14771,2226,UFC on ESPN: Barboza vs. Chikadze,main_card,1,main_event,False,False
14772,2226,UFC on ESPN: Barboza vs. Chikadze,main_card,2,co_main,False,False
14773,2226,UFC on ESPN: Barboza vs. Chikadze,main_card,3,main_card,False,False
14774,2226,UFC on ESPN: Barboza vs. Chikadze,main_card,4,main_card,False,False
14775,2226,UFC on ESPN: Barboza vs. Chikadze,main_card,5,main_card,False,False
14776,2226,UFC on ESPN: Barboza vs. Chikadze,main_card,6,main_card,False,False
14777,2226,UFC on ESPN: Barboza vs. Chikadze,prelims,1,prelims,False,False
14778,2226,UFC on ESPN: Barboza vs. Chikadze,prelims,2,prelims,False,False
14779,2226,UFC on ESPN: Barboza vs. Chikadze,prelims,3,prelims,False,False
14781,2226,UFC on ESPN: Barboza vs. Chikadze,prelims,5,prelims,False,False
14724,2202,UFC Fight Night: Brunson vs. Till,main_card,1,main_event,False,False
14725,2202,UFC Fight Night: Brunson vs. Till,main_card,2,co_main,False,False
14726,2202,UFC Fight Night: Brunson vs. Till,main_card,3,main_card,False,False
14727,2202,UFC Fight Night: Brunson vs. Till,main_card,4,main_card,False,False
14728,2202,UFC Fight Night: Brunson vs. Till,main_card,5,main_card,False,False
14729,2202,UFC Fight Night: Brunson vs. Till,prelims,1,prelims,False,True
14730,2202,UFC Fight Night: Brunson vs. Till,prelims,2,prelims,False,False
14731,2202,UFC Fight Night: Brunson vs. Till,prelims,3,prelims,False,False
14732,2202,UFC Fight Night: Brunson vs. Till,prelims,4,prelims,False,False
14733,2218,UFC Fight Night: Smith vs. Spann,main_card,1,main_event,False,False
14734,2218,UFC Fight Night: Smith vs. Spann,main_card,2,co_main,False,False
14735,2218,UFC Fight Night: Smith vs. Spann,main_card,3,main_card,False,False
14736,2218,UFC Fight Night: Smith vs. Spann,main_card,4,main_card,False,False
14737,2218,UFC Fight Night: Smith vs. Spann,main_card,5,main_card,False,False
14738,2218,UFC Fight Night: Smith vs. Spann,main_card,6,main_card,False,False
14739,2218,UFC Fight Night: Smith vs. Spann,prelims,1,prelims,False,False
14740,2218,UFC Fight Night: Smith vs. Spann,prelims,2,prelims,False,False
14741,2218,UFC Fight Night: Smith vs. Spann,prelims,3,prelims,False,False
14743,2218,UFC Fight Night: Smith vs. Spann,prelims,5,prelims,False,False
14744,2218,UFC Fight Night: Smith vs. Spann,prelims,6,prelims,False,False
14745,2218,UFC Fight Night: Smith vs. Spann,prelims,7,prelims,False,False
14746,2218,UFC Fight Night: Smith vs. Spann,prelims,8,prelims,False,False
14793,2240,UFC 266,main_card,1,main_event,True,True
14794,2240,UFC 266,main_card,2,co_main,True,False
14795,2240,UFC 266,main_card,3,main_card,False,False
14796,2240,UFC 266,main_card,4,main_card,False,False
14797,2240,UFC 266,main_card,5,main_card,False,False
14798,2240,UFC 266,prelims,1,prelims,False,False
14799,2240,UFC 266,prelims,2,prelims,False,False
14800,2240,UFC 266,prelims,3,prelims,False,False
14801,2240,UFC 266,prelims,4,prelims,False,False
14802,2240,UFC 266,early_prelims,1,early_prelims,False,False
14803,2240,UFC 266,early_prelims,2,early_prelims,False,False
14804,2240,UFC 266,early_prelims,3,early_prelims,False,False
14805,2240,UFC 266,early_prelims,4,early_prelims,False,False
14759,2224,UFC Fight Night: Santos vs. Walker,main_card,1,main_event,False,False
14760,2224,UFC Fight Night: Santos vs. Walker,main_card,2,co_main,False,False
14761,2224,UFC Fight Night: Santos vs. Walker,main_card,3,main_card,False,False
14762,2224,UFC Fight Night: Santos vs. Walker,main_card,4,main_card,False,False
14763,2224,UFC Fight Night: Santos vs. Walker,main_card,5,main_card,False,False
14764,2224,UFC Fight Night: Santos vs. Walker,prelims,1,prelims,False,False
14765,2224,UFC Fight Night: Santos vs. Walker,prelims,2,prelims,False,False
14766,2224,UFC Fight Night: Santos vs. Walker,prelims,3,prelims,False,False
14767,2224,UFC Fight Night: Santos vs. Walker,prelims,4,prelims,False,False
14768,2224,UFC Fight Night: Santos vs. Walker,prelims,5,prelims,False,False
14769,2224,UFC Fight Night: Santos vs. Walker,prelims,6,prelims,False,False
14770,2224,UFC Fight Night: Santos vs. Walker,prelims,7,prelims,False,False
14715,2190,UFC Fight Night: Dern vs. Rodriguez,main_card,1,main_event,False,True
14716,2190,UFC Fight Night: Dern vs. Rodriguez,main_card,2,co_main,False,False
14717,2190,UFC Fight Night: Dern vs. Rodriguez,main_card,3,main_card,False,False
14718,2190,UFC Fight Night: Dern vs. Rodriguez,main_card,4,main_card,False,False
14719,2190,UFC Fight Night: Dern vs. Rodriguez,main_card,5,main_card,False,False
14720,2190,UFC Fight Night: Dern vs. Rodriguez,prelims,1,prelims,False,False
14721,2190,UFC Fight Night: Dern vs. Rodriguez,prelims,2,prelims,False,False
14722,2190,UFC Fight Night: Dern vs. Rodriguez,prelims,3,prelims,False,False
14723,2190,UFC Fight Night: Dern vs. Rodriguez,prelims,4,prelims,False,False
14691,2186,UFC Fight Night: Ladd vs. Dumont,main_card,1,main_event,False,False
14692,2186,UFC Fight Night: Ladd vs. Dumont,main_card,2,co_main,False,False
14693,2186,UFC Fight Night: Ladd vs. Dumont,main_card,3,main_card,False,False
14694,2186,UFC Fight Night: Ladd vs. Dumont,main_card,4,main_card,False,False
14695,2186,UFC Fight Night: Ladd vs. Dumont,main_card,5,main_card,False,False
14696,2186,UFC Fight Night: Ladd vs. Dumont,prelims,1,prelims,False,False
14697,2186,UFC Fight Night: Ladd vs. Dumont,prelims,2,prelims,False,False
14698,2186,UFC Fight Night: Ladd vs. Dumont,prelims,3,prelims,False,False
14699,2186,UFC Fight Night: Ladd vs. Dumont,prelims,4,prelims,False,False
14700,2186,UFC Fight Night: Ladd vs. Dumont,prelims,5,prelims,False,False
14677,2109,UFC Fight Night: Costa vs. Vettori,main_card,1,main_event,False,False
14678,2109,UFC Fight Night: Costa vs. Vettori,main_card,2,co_main,False,False
14679,2109,UFC Fight Night: Costa vs. Vettori,main_card,3,main_card,False,False
14680,2109,UFC Fight Night: Costa vs. Vettori,main_card,4,main_card,False,False
14681,2109,UFC Fight Night: Costa vs. Vettori,main_card,5,main_card,False,False
14683,2109,UFC Fight Night: Costa vs. Vettori,prelims,1,prelims,False,True
14684,2109,UFC Fight Night: Costa vs. Vettori,prelims,2,prelims,False,False
14685,2109,UFC Fight Night: Costa vs. Vettori,prelims,3,prelims,False,False
14686,2109,UFC Fight Night: Costa vs. Vettori,prelims,4,prelims,False,False
14687,2109,UFC Fight Night: Costa vs. Vettori,prelims,5,prelims,False,False
14688,2109,UFC Fight Night: Costa vs. Vettori,prelims,6,prelims,False,False
14689,2109,UFC Fight Night: Costa vs. Vettori,prelims,7,prelims,False,False
14690,2109,UFC Fight Night: Costa vs. Vettori,prelims,8,prelims,False,False
14702,2189,UFC 267,main_card,2,co_main,True,True
14703,2189,UFC 267,main_card,3,main_card,False,False
14704,2189,UFC 267,main_card,4,main_card,False,False
14705,2189,UFC 267,main_card,5,main_card,False,False
14706,2189,UFC 267,main_card,6,main_card,False,False
14707,2189,UFC 267,prelims,1,prelims,False,False
14708,2189,UFC 267,prelims,2,prelims,False,False
14709,2189,UFC 267,prelims,3,prelims,False,False
14710,2189,UFC 267,prelims,4,prelims,False,False
14711,2189,UFC 267,prelims,5,prelims,False,False
14712,2189,UFC 267,prelims,6,prelims,False,False
14713,2189,UFC 267,prelims,7,prelims,False,False
14714,2189,UFC 267,prelims,8,prelims,False,False
14663,2107,UFC 268,main_card,1,main_event,True,False
14664,2107,UFC 268,main_card,2,co_main,True,False
14665,2107,UFC 268,main_card,3,main_card,False,False
14666,2107,UFC 268,main_card,4,main_card,False,False
14667,2107,UFC 268,main_card,5,main_card,False,True
14668,2107,UFC 268,prelims,1,prelims,False,False
14670,2107,UFC 268,prelims,3,prelims,False,False
14671,2107,UFC 268,prelims,4,prelims,False,False
14672,2107,UFC 268,early_prelims,1,early_prelims,False,False
14673,2107,UFC 268,early_prelims,2,early_prelims,False,False
14674,2107,UFC 268,early_prelims,3,early_prelims,False,False
14675,2107,UFC 268,early_prelims,4,early_prelims,False,False
14676,2107,UFC 268,early_prelims,5,early_prelims,False,False
14652,2104,UFC Fight Night: Holloway vs. Rodríguez,main_card,1,main_event,False,True
14653,2104,UFC Fight Night: Holloway vs. Rodríguez,main_card,2,co_main,False,False
14654,2104,UFC Fight Night: Holloway vs. Rodríguez,main_card,3,main_card,False,False
14656,2104,UFC Fight Night: Holloway vs. Rodríguez,main_card,5,main_card,False,False
14657,2104,UFC Fight Night: Holloway vs. Rodríguez,prelims,1,prelims,False,False
14658,2104,UFC Fight Night: Holloway vs. Rodríguez,prelims,2,prelims,False,False
14659,2104,UFC Fight Night: Holloway vs. Rodríguez,prelims,3,prelims,False,False
14660,2104,UFC Fight Night: Holloway vs. Rodríguez,prelims,4,prelims,False,False
14661,2104,UFC Fight Night: Holloway vs. Rodríguez,prelims,5,prelims,False,False
14662,2104,UFC Fight Night: Holloway vs. Rodríguez,prelims,6,prelims,False,False
14641,2103,UFC Fight Night: Vieira vs. Tate,main_card,1,main_event,False,False
14642,2103,UFC Fight Night: Vieira vs. Tate,main_card,2,co_main,False,False
14643,2103,UFC Fight Night: Vieira vs. Tate,main_card,3,main_card,False,False
14644,2103,UFC Fight Night: Vieira vs. Tate,main_card,4,main_card,False,False
14645,2103,UFC Fight Night: Vieira vs. Tate,main_card,5,main_card,False,True
14646,2103,UFC Fight Night: Vieira vs. Tate,prelims,1,prelims,False,False
14647,2103,UFC Fight Night: Vieira vs. Tate,prelims,2,prelims,False,False
14649,2103,UFC Fight Night: Vieira vs. Tate,prelims,4,prelims,False,False
14650,2103,UFC Fight Night: Vieira vs. Tate,prelims,5,prelims,False,False
14651,2103,UFC Fight Night: Vieira vs. Tate,prelims,6,prelims,False,False
14601,2087,UFC on ESPN: Font vs. Aldo,main_card,1,main_event,False,False
14602,2087,UFC on ESPN: Font vs. Aldo,main_card,2,co_main,False,False
14603,2087,UFC on ESPN: Font vs. Aldo,main_card,3,main_card,False,False
14604,2087,UFC on ESPN: Font vs. Aldo,main_card,4,main_card,False,False
14605,2087,UFC on ESPN: Font vs. Aldo,main_card,5,main_card,False,False
14606,2087,UFC on ESPN: Font vs. Aldo,main_card,6,main_card,False,False
14607,2087,UFC on ESPN: Font vs. Aldo,prelims,1,prelims,False,False
14608,2087,UFC on ESPN: Font vs. Aldo,prelims,2,prelims,False,False
14609,2087,UFC on ESPN: Font vs. Aldo,prelims,3,prelims,False,False
14610,2087,UFC on ESPN: Font vs. Aldo,prelims,4,prelims,False,True
14611,2087,UFC on ESPN: Font vs. Aldo,prelims,5,prelims,False,False
14612,2087,UFC on ESPN: Font vs. Aldo,prelims,6,prelims,False,False
14613,2087,UFC on ESPN: Font vs. Aldo,prelims,7,prelims,False,False
14627,2102,UFC 269,main_card,1,main_event,True,False
14628,2102,UFC 269,main_card,2,co_main,True,False
14629,2102,UFC 269,main_card,3,main_card,False,False
14630,2102,UFC 269,main_card,4,main_card,False,False
14631,2102,UFC 269,main_card,5,main_card,False,False
14632,2102,UFC 269,prelims,1,prelims,False,False
14633,2102,UFC 269,prelims,2,prelims,False,True
14634,2102,UFC 269,prelims,3,prelims,False,False
14635,2102,UFC 269,prelims,4,prelims,False,False
14636,2102,UFC 269,early_prelims,1,early_prelims,False,False
14637,2102,UFC 269,early_prelims,2,early_prelims,False,False
14638,2102,UFC 269,early_prelims,3,early_prelims,False,False
14639,2102,UFC 269,early_prelims,4,early_prelims,False,False
14640,2102,UFC 269,early_prelims,5,early_prelims,False,False
14614,2093,UFC Fight Night: Lewis vs. Daukaus,main_card,1,main_event,False,False
14615,2093,UFC Fight Night: Lewis vs. Daukaus,main_card,2,co_main,False,False
14616,2093,UFC Fight Night: Lewis vs. Daukaus,main_card,3,main_card,False,True
14617,2093,UFC Fight Night: Lewis vs. Daukaus,main_card,4,main_card,False,False
14618,2093,UFC Fight Night: Lewis vs. Daukaus,main_card,5,main_card,False,False
14619,2093,UFC Fight Night: Lewis vs. Daukaus,main_card,6,main_card,False,False
14620,2093,UFC Fight Night: Lewis vs. Daukaus,prelims,1,prelims,False,False
14621,2093,UFC Fight Night: Lewis vs. Daukaus,prelims,2,prelims,False,False
14622,2093,UFC Fight Night: Lewis vs. Daukaus,prelims,3,prelims,False,False
14623,2093,UFC Fight Night: Lewis vs. Daukaus,prelims,4,prelims,False,False
14624,2093,UFC Fight Night: Lewis vs. Daukaus,prelims,5,prelims,False,False
14625,2093,UFC Fight Night: Lewis vs. Daukaus,prelims,6,prelims,False,False
14626,2093,UFC Fight Night: Lewis vs. Daukaus,prelims,7,prelims,False,False
14591,2074,UFC on ESPN: Kattar vs. Chikadze,main_card,1,main_event,False,True
14592,2074,UFC on ESPN: Kattar vs. Chikadze,main_card,2,co_main,False,False
14593,2074,UFC on ESPN: Kattar vs. Chikadze,main_card,3,main_card,False,False
14595,2074,UFC on ESPN: Kattar vs. Chikadze,main_card,5,main_card,False,False
14596,2074,UFC on ESPN: Kattar vs. Chikadze,main_card,6,main_card,False,False
14597,2074,UFC on ESPN: Kattar vs. Chikadze,prelims,1,prelims,False,False
14598,2074,UFC on ESPN: Kattar vs. Chikadze,prelims,2,prelims,False,False
14599,2074,UFC on ESPN: Kattar vs. Chikadze,prelims,3,prelims,False,False
14600,2074,UFC on ESPN: Kattar vs. Chikadze,prelims,4,prelims,False,False
14580,2071,UFC 270,main_card,1,main_event,True,False
14581,2071,UFC 270,main_card,2,co_main,True,True
14582,2071,UFC 270,main_card,3,main_card,False,False
14583,2071,UFC 270,main_card,4,main_card,False,False
14584,2071,UFC 270,main_card,5,main_card,False,False
14585,2071,UFC 270,prelims,1,prelims,False,False
14586,2071,UFC 270,prelims,2,prelims,False,False
14587,2071,UFC 270,prelims,3,prelims,False,False
14588,2071,UFC 270,prelims,4,prelims,False,False
14589,2071,UFC 270,early_prelims,1,early_prelims,False,False
14590,2071,UFC 270,early_prelims,2,early_prelims,False,False
14567,2067,UFC Fight Night: Hermansson vs. Strickland,main_card,1,main_event,False,False
14568,2067,UFC Fight Night: Hermansson vs. Strickland,main_card,2,co_main,False,False
14569,2067,UFC Fight Night: Hermansson vs. Strickland,main_card,3,main_card,False,False
14570,2067,UFC Fight Night: Hermansson vs. Strickland,main_card,4,main_card,False,False
14571,2067,UFC Fight Night: Hermansson vs. Strickland,main_card,5,main_card,False,False
14572,2067,UFC Fight Night: Hermansson vs. Strickland,main_card,6,main_card,False,True
14573,2067,UFC Fight Night: Hermansson vs. Strickland,prelims,1,prelims,False,False
14574,2067,UFC Fight Night: Hermansson vs. Strickland,prelims,2,prelims,False,False
14575,2067,UFC Fight Night: Hermansson vs. Strickland,prelims,3,prelims,False,False
14576,2067,UFC Fight Night: Hermansson vs. Strickland,prelims,4,prelims,False,False
14577,2067,UFC Fight Night: Hermansson vs. Strickland,prelims,5,prelims,False,False
14578,2067,UFC Fight Night: Hermansson vs. Strickland,prelims,6,prelims,False,False
14579,2067,UFC Fight Night: Hermansson vs. Strickland,prelims,7,prelims,False,False
14553,2062,UFC 271,main_card,1,main_event,True,False
14554,2062,UFC 271,main_card,2,co_main,False,False
14555,2062,UFC 271,main_card,3,main_card,False,False
14558,2062,UFC 271,prelims,1,prelims,False,False
14559,2062,UFC 271,prelims,2,prelims,False,False
14560,2062,UFC 271,prelims,3,prelims,False,False
14561,2062,UFC 271,prelims,4,prelims,False,False
14562,2062,UFC 271,early_prelims,1,early_prelims,False,False
14563,2062,UFC 271,early_prelims,2,early_prelims,False,False
14564,2062,UFC 271,early_prelims,3,early_prelims,False,True
14565,2062,UFC 271,early_prelims,4,early_prelims,False,False
14566,2062,UFC 271,early_prelims,5,early_prelims,False,False
14541,2052,UFC Fight Night: Walker vs. Hill,main_card,1,main_event,False,False
14542,2052,UFC Fight Night: Walker vs. Hill,main_card,2,co_main,False,False
14543,2052,UFC Fight Night: Walker vs. Hill,main_card,3,main_card,False,False
14544,2052,UFC Fight Night: Walker vs. Hill,main_card,4,main_card,False,False
14545,2052,UFC Fight Night: Walker vs. Hill,main_card,5,main_card,False,False
14546,2052,UFC Fight Night: Walker vs. Hill,prelims,1,prelims,False,False
14547,2052,UFC Fight Night: Walker vs. Hill,prelims,2,prelims,False,False
14548,2052,UFC Fight Night: Walker vs. Hill,prelims,3,prelims,False,False
14549,2052,UFC Fight Night: Walker vs. Hill,prelims,4,prelims,False,False
14550,2052,UFC Fight Night: Walker vs. Hill,prelims,5,prelims,False,False
14551,2052,UFC Fight Night: Walker vs. Hill,prelims,6,prelims,False,False
14552,2052,UFC Fight Night: Walker vs. Hill,prelims,7,prelims,False,False
14531,2050,UFC Fight Night: Makhachev vs. Green,main_card,2,co_main,False,False
14532,2050,UFC Fight Night: Makhachev vs. Green,main_card,3,main_card,False,True
14533,2050,UFC Fight Night: Makhachev vs. Green,main_card,4,main_card,False,False
14534,2050,UFC Fight Night: Makhachev vs. Green,main_card,5,main_card,False,False
14535,2050,UFC Fight Night: Makhachev vs. Green,prelims,1,prelims,False,False
14536,2050,UFC Fight Night: Makhachev vs. Green,prelims,2,prelims,False,False
14537,2050,UFC Fight Night: Makhachev vs. Green,prelims,3,prelims,False,False
14538,2050,UFC Fight Night: Makhachev vs. Green,prelims,4,prelims,False,False
14539,2050,UFC Fight Night: Makhachev vs. Green,prelims,5,prelims,False,False
14540,2050,UFC Fight Night: Makhachev vs. Green,prelims,6,prelims,False,False
14479,2031,UFC 272,main_card,1,main_event,False,True
14481,2031,UFC 272,main_card,3,main_card,False,False
14482,2031,UFC 272,main_card,4,main_card,False,False
14483,2031,UFC 272,main_card,5,main_card,False,False
14484,2031,UFC 272,prelims,1,prelims,False,False
14485,2031,UFC 272,prelims,2,prelims,False,False
14486,2031,UFC 272,prelims,3,prelims,False,False
14487,2031,UFC 272,prelims,4,prelims,False,False
14488,2031,UFC 272,early_prelims,1,early_prelims,False,False
14489,2031,UFC 272,early_prelims,2,early_prelims,False,False
14490,2031,UFC 272,early_prelims,3,early_prelims,False,False
14491,2031,UFC 272,early_prelims,4,early_prelims,False,False
14492,2035,UFC Fight Night: Santos vs. Ankalaev,main_card,1,main_event,False,False
14493,2035,UFC Fight Night: Santos vs. Ankalaev,main_card,2,co_main,False,False
14494,2035,UFC Fight Night: Santos vs. Ankalaev,main_card,3,main_card,False,False
14495,2035,UFC Fight Night: Santos vs. Ankalaev,main_card,4,main_card,False,False
14496,2035,UFC Fight Night: Santos vs. Ankalaev,main_card,5,main_card,False,False
14497,2035,UFC Fight Night: Santos vs. Ankalaev,main_card,6,main_card,False,False
14498,2035,UFC Fight Night: Santos vs. Ankalaev,prelims,1,prelims,False,False
14500,2035,UFC Fight Night: Santos vs. Ankalaev,prelims,3,prelims,False,False
14501,2035,UFC Fight Night: Santos vs. Ankalaev,prelims,4,prelims,False,False
14502,2035,UFC Fight Night: Santos vs. Ankalaev,prelims,5,prelims,False,False
14503,2035,UFC Fight Night: Santos vs. Ankalaev,prelims,6,prelims,False,False
14504,2035,UFC Fight Night: Santos vs. Ankalaev,prelims,7,prelims,False,False
14505,2035,UFC Fight Night: Santos vs. Ankalaev,prelims,8,prelims,False,False
14518,2038,UFC Fight Night: Volkov vs. Aspinall,main_card,1,main_event,False,False
14519,2038,UFC Fight Night: Volkov vs. Aspinall,main_card,2,co_main,False,False
14521,2038,UFC Fight Night: Volkov vs. Aspinall,main_card,4,main_card,False,False
14522,2038,UFC Fight Night: Volkov vs. Aspinall,main_card,5,main_card,False,False
14523,2038,UFC Fight Night: Volkov vs. Aspinall,main_card,6,main_card,False,False
14524,2038,UFC Fight Night: Volkov vs. Aspinall,prelims,1,prelims,False,False
14525,2038,UFC Fight Night: Volkov vs. Aspinall,prelims,2,prelims,False,False
14526,2038,UFC Fight Night: Volkov vs. Aspinall,prelims,3,prelims,False,False
14527,2038,UFC Fight Night: Volkov vs. Aspinall,prelims,4,prelims,False,False
14528,2038,UFC Fight Night: Volkov vs. Aspinall,prelims,5,prelims,False,False
14529,2038,UFC Fight Night: Volkov vs. Aspinall,prelims,6,prelims,False,False
14506,2036,UFC on ESPN: Blaydes vs. Daukaus,main_card,1,main_event,False,False
14507,2036,UFC on ESPN: Blaydes vs. Daukaus,main_card,2,co_main,False,False
14508,2036,UFC on ESPN: Blaydes vs. Daukaus,main_card,3,main_card,False,True
14509,2036,UFC on ESPN: Blaydes vs. Daukaus,main_card,4,main_card,False,False
14510,2036,UFC on ESPN: Blaydes vs. Daukaus,main_card,5,main_card,False,False
14511,2036,UFC on ESPN: Blaydes vs. Daukaus,main_card,6,main_card,False,False
14512,2036,UFC on ESPN: Blaydes vs. Daukaus,prelims,1,prelims,False,False
14513,2036,UFC on ESPN: Blaydes vs. Daukaus,prelims,2,prelims,False,False
14514,2036,UFC on ESPN: Blaydes vs. Daukaus,prelims,3,prelims,False,False
14515,2036,UFC on ESPN: Blaydes vs. Daukaus,prelims,4,prelims,False,False
14516,2036,UFC on ESPN: Blaydes vs. Daukaus,prelims,5,prelims,False,False
14517,2036,UFC on ESPN: Blaydes vs. Daukaus,prelims,6,prelims,False,False
14453,2006,UFC 273,main_card,1,main_event,True,False
14454,2006,UFC 273,main_card,2,co_main,True,False
14455,2006,UFC 273,main_card,3,main_card,False,True
14457,2006,UFC 273,main_card,5,main_card,False,False
14458,2006,UFC 273,prelims,1,prelims,False,False
14459,2006,UFC 273,prelims,2,prelims,False,False
14460,2006,UFC 273,prelims,3,prelims,False,False
14461,2006,UFC 273,prelims,4,prelims,False,False
14463,2006,UFC 273,early_prelims,2,early_prelims,False,False
14464,2006,UFC 273,early_prelims,3,early_prelims,False,False
14439,1998,UFC on ESPN: Luque vs. Muhammad 2,main_card,1,main_event,False,False
14440,1998,UFC on ESPN: Luque vs. Muhammad 2,main_card,2,co_main,False,False
14441,1998,UFC on ESPN: Luque vs. Muhammad 2,main_card,3,main_card,False,False
14442,1998,UFC on ESPN: Luque vs. Muhammad 2,main_card,4,main_card,False,True
14443,1998,UFC on ESPN: Luque vs. Muhammad 2,main_card,5,main_card,False,False
14444,1998,UFC on ESPN: Luque vs. Muhammad 2,main_card,6,main_card,False,False
14445,1998,UFC on ESPN: Luque vs. Muhammad 2,prelims,1,prelims,False,False
14446,1998,UFC on ESPN: Luque vs. Muhammad 2,prelims,2,prelims,False,False
14447,1998,UFC on ESPN: Luque vs. Muhammad 2,prelims,3,prelims,False,False
14448,1998,UFC on ESPN: Luque vs. Muhammad 2,prelims,4,prelims,False,False
14449,1998,UFC on ESPN: Luque vs. Muhammad 2,prelims,5,prelims,False,False
14450,1998,UFC on ESPN: Luque vs. Muhammad 2,prelims,6,prelims,False,False
14451,1998,UFC on ESPN: Luque vs. Muhammad 2,prelims,7,prelims,False,False
14452,1998,UFC on ESPN: Luque vs. Muhammad 2,prelims,8,prelims,False,False
14417,1991,UFC Fight Night: Lemos vs. Andrade,main_card,1,main_event,False,False
14418,1991,UFC Fight Night: Lemos vs. Andrade,main_card,2,co_main,False,False
14419,1991,UFC Fight Night: Lemos vs. Andrade,main_card,3,main_card,False,False
14420,1991,UFC Fight Night: Lemos vs. Andrade,main_card,4,main_card,False,False
14421,1991,UFC Fight Night: Lemos vs. Andrade,main_card,5,main_card,False,False
14422,1991,UFC Fight Night: Lemos vs. Andrade,prelims,1,prelims,False,True
14424,1991,UFC Fight Night: Lemos vs. Andrade,prelims,3,prelims,False,False
14425,1991,UFC Fight Night: Lemos vs. Andrade,prelims,4,prelims,False,False
14426,1991,UFC Fight Night: Lemos vs. Andrade,prelims,5,prelims,False,False
14427,1991,UFC Fight Night: Lemos vs. Andrade,prelims,6,prelims,False,False
14406,1988,UFC on ESPN: Font vs. Vera,main_card,1,main_event,False,True
14407,1988,UFC on ESPN: Font vs. Vera,main_card,2,co_main,False,False
14408,1988,UFC on ESPN: Font vs. Vera,main_card,3,main_card,False,False
14409,1988,UFC on ESPN: Font vs. Vera,main_card,4,main_card,False,False
14410,1988,UFC on ESPN: Font vs. Vera,main_card,5,main_card,False,False
14411,1988,UFC on ESPN: Font vs. Vera,main_card,6,main_card,False,False
14412,1988,UFC on ESPN: Font vs. Vera,prelims,1,prelims,False,False
14413,1988,UFC on ESPN: Font vs. Vera,prelims,2,prelims,False,False
14414,1988,UFC on ESPN: Font vs. Vera,prelims,3,prelims,False,False
14415,1988,UFC on ESPN: Font vs. Vera,prelims,4,prelims,False,False
14416,1988,UFC on ESPN: Font vs. Vera,prelims,5,prelims,False,False
14465,2019,UFC 274,main_card,1,main_event,True,False
14466,2019,UFC 274,main_card,2,co_main,True,False
14467,2019,UFC 274,main_card,3,main_card,False,False
14468,2019,UFC 274,main_card,4,main_card,False,False
14470,2019,UFC 274,prelims,1,prelims,False,False
14471,2019,UFC 274,prelims,2,prelims,False,False
14472,2019,UFC 274,prelims,3,prelims,False,True
14473,2019,UFC 274,prelims,4,prelims,False,False
14474,2019,UFC 274,early_prelims,1,early_prelims,False,False
14475,2019,UFC 274,early_prelims,2,early_prelims,False,False
14476,2019,UFC 274,early_prelims,3,early_prelims,False,False
14477,2019,UFC 274,early_prelims,4,early_prelims,False,False
14478,2019,UFC 274,early_prelims,5,early_prelims,False,False
14429,1992,UFC on ESPN: Błachowicz vs. Rakić,main_card,2,co_main,False,False
14430,1992,UFC on ESPN: Błachowicz vs. Rakić,main_card,3,main_card,False,False
14432,1992,UFC on ESPN: Błachowicz vs. Rakić,main_card,5,main_card,False,False
14433,1992,UFC on ESPN: Błachowicz vs. Rakić,main_card,6,main_card,False,False
14434,1992,UFC on ESPN: Błachowicz vs. Rakić,prelims,1,prelims,False,False
14435,1992,UFC on ESPN: Błachowicz vs. Rakić,prelims,2,prelims,False,False
14436,1992,UFC on ESPN: Błachowicz vs. Rakić,prelims,3,prelims,False,False
14437,1992,UFC on ESPN: Błachowicz vs. Rakić,prelims,4,prelims,False,False
14438,1992,UFC on ESPN: Błachowicz vs. Rakić,prelims,5,prelims,False,False
14431,1992,UFC on ESPN: Błachowicz vs. Rakić,,,,,True
14383,1978,UFC Fight Night: Holm vs. Vieira,main_card,1,main_event,False,False
14384,1978,UFC Fight Night: Holm vs. Vieira,main_card,2,co_main,False,True
14385,1978,UFC Fight Night: Holm vs. Vieira,main_card,3,main_card,False,False
14386,1978,UFC Fight Night: Holm vs. Vieira,main_card,4,main_card,False,False
14387,1978,UFC Fight Night: Holm vs. Vieira,main_card,5,main_card,False,False
14388,1978,UFC Fight Night: Holm vs. Vieira,prelims,1,prelims,False,False
14389,1978,UFC Fight Night: Holm vs. Vieira,prelims,2,prelims,False,False
14390,1978,UFC Fight Night: Holm vs. Vieira,prelims,3,prelims,False,False
14391,1978,UFC Fight Night: Holm vs. Vieira,prelims,4,prelims,False,False
14392,1978,UFC Fight Night: Holm vs. Vieira,prelims,5,prelims,False,False
14393,1978,UFC Fight Night: Holm vs. Vieira,prelims,6,prelims,False,False
14345,1964,UFC Fight Night: Volkov vs. Rozenstruik,main_card,1,main_event,False,False
14346,1964,UFC Fight Night: Volkov vs. Rozenstruik,main_card,2,co_main,False,False
14347,1964,UFC Fight Night: Volkov vs. Rozenstruik,main_card,3,main_card,False,False
14348,1964,UFC Fight Night: Volkov vs. Rozenstruik,main_card,4,main_card,False,False
14349,1964,UFC Fight Night: Volkov vs. Rozenstruik,main_card,5,main_card,False,False
14350,1964,UFC Fight Night: Volkov vs. Rozenstruik,main_card,6,main_card,False,False
14351,1964,UFC Fight Night: Volkov vs. Rozenstruik,prelims,1,prelims,False,False
14352,1964,UFC Fight Night: Volkov vs. Rozenstruik,prelims,2,prelims,False,False
14353,1964,UFC Fight Night: Volkov vs. Rozenstruik,prelims,3,prelims,False,False
14354,1964,UFC Fight Night: Volkov vs. Rozenstruik,prelims,4,prelims,False,False
14355,1964,UFC Fight Night: Volkov vs. Rozenstruik,prelims,5,prelims,False,False
14356,1964,UFC Fight Night: Volkov vs. Rozenstruik,prelims,6,prelims,False,False
14357,1964,UFC Fight Night: Volkov vs. Rozenstruik,prelims,7,prelims,False,False
14334,1961,UFC 275,main_card,1,main_event,True,True
14335,1961,UFC 275,main_card,2,co_main,True,False
14336,1961,UFC 275,main_card,3,main_card,False,False
14337,1961,UFC 275,main_card,4,main_card,False,False
14338,1961,UFC 275,main_card,5,main_card,False,False
14339,1961,UFC 275,prelims,1,prelims,False,False
14340,1961,UFC 275,prelims,2,prelims,False,False
14341,1961,UFC 275,prelims,3,prelims,False,False
14342,1961,UFC 275,prelims,4,prelims,False,False
14343,1961,UFC 275,early_prelims,1,early_prelims,False,False
14344,1961,UFC 275,early_prelims,2,early_prelims,False,False
14284,1934,UFC on ESPN: Kattar vs. Emmett,main_card,1,main_event,False,True
14285,1934,UFC on ESPN: Kattar vs. Emmett,main_card,2,co_main,False,False
14286,1934,UFC on ESPN: Kattar vs. Emmett,main_card,3,main_card,False,False
14287,1934,UFC on ESPN: Kattar vs. Emmett,main_card,4,main_card,False,False
14288,1934,UFC on ESPN: Kattar vs. Emmett,main_card,5,main_card,False,False
14289,1934,UFC on ESPN: Kattar vs. Emmett,main_card,6,main_card,False,False
14290,1934,UFC on ESPN: Kattar vs. Emmett,prelims,1,prelims,False,False
14291,1934,UFC on ESPN: Kattar vs. Emmett,prelims,2,prelims,False,False
14292,1934,UFC on ESPN: Kattar vs. Emmett,prelims,3,prelims,False,False
14293,1934,UFC on ESPN: Kattar vs. Emmett,prelims,4,prelims,False,False
14294,1934,UFC on ESPN: Kattar vs. Emmett,prelims,5,prelims,False,False
14295,1934,UFC on ESPN: Kattar vs. Emmett,prelims,6,prelims,False,False
14296,1934,UFC on ESPN: Kattar vs. Emmett,prelims,7,prelims,False,False
14297,1935,UFC on ESPN: Tsarukyan vs. Gamrot,main_card,1,main_event,False,True
14298,1935,UFC on ESPN: Tsarukyan vs. Gamrot,main_card,2,co_main,False,False
14299,1935,UFC on ESPN: Tsarukyan vs. Gamrot,main_card,3,main_card,False,False
14300,1935,UFC on ESPN: Tsarukyan vs. Gamrot,main_card,4,main_card,False,False
14301,1935,UFC on ESPN: Tsarukyan vs. Gamrot,main_card,5,main_card,False,False
14302,1935,UFC on ESPN: Tsarukyan vs. Gamrot,main_card,6,main_card,False,False
14303,1935,UFC on ESPN: Tsarukyan vs. Gamrot,prelims,1,prelims,False,False
14304,1935,UFC on ESPN: Tsarukyan vs. Gamrot,prelims,2,prelims,False,False
14305,1935,UFC on ESPN: Tsarukyan vs. Gamrot,prelims,3,prelims,False,False
14307,1935,UFC on ESPN: Tsarukyan vs. Gamrot,prelims,5,prelims,False,False
14308,1935,UFC on ESPN: Tsarukyan vs. Gamrot,prelims,6,prelims,False,False
14394,1985,UFC 276,main_card,1,main_event,True,False
14395,1985,UFC 276,main_card,2,co_main,True,False
14396,1985,UFC 276,main_card,3,main_card,False,False
14397,1985,UFC 276,main_card,4,main_card,False,True
14398,1985,UFC 276,main_card,5,main_card,False,False
14399,1985,UFC 276,prelims,1,prelims,False,False
14400,1985,UFC 276,prelims,2,prelims,False,False
14401,1985,UFC 276,prelims,3,prelims,False,False
14402,1985,UFC 276,prelims,4,prelims,False,False
14403,1985,UFC 276,early_prelims,1,early_prelims,False,False
14404,1985,UFC 276,early_prelims,2,early_prelims,False,False
14405,1985,UFC 276,early_prelims,3,early_prelims,False,False
14273,1926,UFC on ESPN: dos Anjos vs. Fiziev,main_card,1,main_event,False,False
14274,1926,UFC on ESPN: dos Anjos vs. Fiziev,main_card,2,co_main,False,False
14275,1926,UFC on ESPN: dos Anjos vs. Fiziev,main_card,3,main_card,False,False
14276,1926,UFC on ESPN: dos Anjos vs. Fiziev,main_card,4,main_card,False,False
14277,1926,UFC on ESPN: dos Anjos vs. Fiziev,main_card,5,main_card,False,False
14278,1926,UFC on ESPN: dos Anjos vs. Fiziev,main_card,6,main_card,False,True
14279,1926,UFC on ESPN: dos Anjos vs. Fiziev,prelims,1,prelims,False,False
14280,1926,UFC on ESPN: dos Anjos vs. Fiziev,prelims,2,prelims,False,False
14281,1926,UFC on ESPN: dos Anjos vs. Fiziev,prelims,3,prelims,False,False
14282,1926,UFC on ESPN: dos Anjos vs. Fiziev,prelims,4,prelims,False,False
14283,1926,UFC on ESPN: dos Anjos vs. Fiziev,prelims,5,prelims,False,False
14261,1923,UFC on ABC: Ortega vs. Rodríguez,main_card,1,main_event,False,False
14262,1923,UFC on ABC: Ortega vs. Rodríguez,main_card,2,co_main,False,False
14263,1923,UFC on ABC: Ortega vs. Rodríguez,main_card,3,main_card,False,False
14264,1923,UFC on ABC: Ortega vs. Rodríguez,main_card,4,main_card,False,True
14265,1923,UFC on ABC: Ortega vs. Rodríguez,main_card,5,main_card,False,False
14266,1923,UFC on ABC: Ortega vs. Rodríguez,main_card,6,main_card,False,False
14267,1923,UFC on ABC: Ortega vs. Rodríguez,prelims,1,prelims,False,False
14268,1923,UFC on ABC: Ortega vs. Rodríguez,prelims,2,prelims,False,False
14269,1923,UFC on ABC: Ortega vs. Rodríguez,prelims,3,prelims,False,False
14270,1923,UFC on ABC: Ortega vs. Rodríguez,prelims,4,prelims,False,False
14271,1923,UFC on ABC: Ortega vs. Rodríguez,prelims,5,prelims,False,False
14272,1923,UFC on ABC: Ortega vs. Rodríguez,prelims,6,prelims,False,False
14247,1913,UFC Fight Night: Blaydes vs. Aspinall,main_card,1,main_event,False,False
14248,1913,UFC Fight Night: Blaydes vs. Aspinall,main_card,2,co_main,False,False
14249,1913,UFC Fight Night: Blaydes vs. Aspinall,main_card,3,main_card,False,False
14250,1913,UFC Fight Night: Blaydes vs. Aspinall,main_card,4,main_card,False,False
14251,1913,UFC Fight Night: Blaydes vs. Aspinall,main_card,5,main_card,False,False
14252,1913,UFC Fight Night: Blaydes vs. Aspinall,main_card,6,main_card,False,False
14253,1913,UFC Fight Night: Blaydes vs. Aspinall,prelims,1,prelims,False,False
14254,1913,UFC Fight Night: Blaydes vs. Aspinall,prelims,2,prelims,False,False
14255,1913,UFC Fight Night: Blaydes vs. Aspinall,prelims,3,prelims,False,False
14256,1913,UFC Fight Night: Blaydes vs. Aspinall,prelims,4,prelims,False,False
14257,1913,UFC Fight Night: Blaydes vs. Aspinall,prelims,5,prelims,False,False
14258,1913,UFC Fight Night: Blaydes vs. Aspinall,prelims,6,prelims,False,False
14259,1913,UFC Fight Night: Blaydes vs. Aspinall,prelims,7,prelims,False,False
14260,1913,UFC Fight Night: Blaydes vs. Aspinall,prelims,8,prelims,False,False
14309,1936,UFC 277,main_card,1,main_event,True,False
14310,1936,UFC 277,main_card,2,co_main,True,True
14311,1936,UFC 277,main_card,3,main_card,False,False
14312,1936,UFC 277,main_card,4,main_card,False,False
14313,1936,UFC 277,main_card,5,main_card,False,False
14314,1936,UFC 277,prelims,1,prelims,False,False
14315,1936,UFC 277,prelims,2,prelims,False,False
14316,1936,UFC 277,prelims,3,prelims,False,False
14317,1936,UFC 277,prelims,4,prelims,False,False
14318,1936,UFC 277,early_prelims,1,early_prelims,False,False
14319,1936,UFC 277,early_prelims,2,early_prelims,False,False
14320,1936,UFC 277,early_prelims,3,early_prelims,False,False
14321,1936,UFC 277,early_prelims,4,early_prelims,False,False
14207,1897,UFC on ESPN: Santos vs. Hill,main_card,1,main_event,False,True
14208,1897,UFC on ESPN: Santos vs. Hill,main_card,2,co_main,False,False
14209,1897,UFC on ESPN: Santos vs. Hill,main_card,3,main_card,False,False
14210,1897,UFC on ESPN: Santos vs. Hill,main_card,4,main_card,False,False
14211,1897,UFC on ESPN: Santos vs. Hill,main_card,5,main_card,False,False
14212,1897,UFC on ESPN: Santos vs. Hill,main_card,6,main_card,False,False
14213,1897,UFC on ESPN: Santos vs. Hill,prelims,1,prelims,False,False
14214,1897,UFC on ESPN: Santos vs. Hill,prelims,2,prelims,False,False
14215,1897,UFC on ESPN: Santos vs. Hill,prelims,3,prelims,False,False
14216,1897,UFC on ESPN: Santos vs. Hill,prelims,4,prelims,False,False
14194,1895,UFC on ESPN: Vera vs. Cruz,main_card,1,main_event,False,False
14195,1895,UFC on ESPN: Vera vs. Cruz,main_card,2,co_main,False,True
14196,1895,UFC on ESPN: Vera vs. Cruz,main_card,3,main_card,False,False
14197,1895,UFC on ESPN: Vera vs. Cruz,main_card,4,main_card,False,False
14198,1895,UFC on ESPN: Vera vs. Cruz,main_card,5,main_card,False,False
14199,1895,UFC on ESPN: Vera vs. Cruz,main_card,6,main_card,False,False
14200,1895,UFC on ESPN: Vera vs. Cruz,prelims,1,prelims,False,False
14202,1895,UFC on ESPN: Vera vs. Cruz,prelims,3,prelims,False,False
14203,1895,UFC on ESPN: Vera vs. Cruz,prelims,4,prelims,False,False
14204,1895,UFC on ESPN: Vera vs. Cruz,prelims,5,prelims,False,False
14205,1895,UFC on ESPN: Vera vs. Cruz,prelims,6,prelims,False,False
14206,1895,UFC on ESPN: Vera vs. Cruz,prelims,7,prelims,False,False
14182,1894,UFC 278,main_card,1,main_event,True,False
14183,1894,UFC 278,main_card,2,co_main,False,True
14184,1894,UFC 278,main_card,3,main_card,False,False
14185,1894,UFC 278,main_card,4,main_card,False,False
14186,1894,UFC 278,main_card,5,main_card,False,False
14187,1894,UFC 278,prelims,1,prelims,False,False
14188,1894,UFC 278,prelims,2,prelims,False,False
14189,1894,UFC 278,prelims,3,prelims,False,False
14190,1894,UFC 278,prelims,4,prelims,False,False
14191,1894,UFC 278,early_prelims,1,early_prelims,False,False
14192,1894,UFC 278,early_prelims,2,early_prelims,False,False
14193,1894,UFC 278,early_prelims,3,early_prelims,False,False
14217,1898,UFC Fight Night: Gane vs. Tuivasa,main_card,1,main_event,False,True
14218,1898,UFC Fight Night: Gane vs. Tuivasa,main_card,2,co_main,False,False
14219,1898,UFC Fight Night: Gane vs. Tuivasa,main_card,3,main_card,False,False
14220,1898,UFC Fight Night: Gane vs. Tuivasa,main_card,4,main_card,False,False
14221,1898,UFC Fight Night: Gane vs. Tuivasa,main_card,5,main_card,False,False
14222,1898,UFC Fight Night: Gane vs. Tuivasa,main_card,6,main_card,False,False
14223,1898,UFC Fight Night: Gane vs. Tuivasa,prelims,1,prelims,False,False
14224,1898,UFC Fight Night: Gane vs. Tuivasa,prelims,2,prelims,False,False
14225,1898,UFC Fight Night: Gane vs. Tuivasa,prelims,3,prelims,False,False
14226,1898,UFC Fight Night: Gane vs. Tuivasa,prelims,4,prelims,False,False
14227,1898,UFC Fight Night: Gane vs. Tuivasa,prelims,5,prelims,False,False
14228,1898,UFC Fight Night: Gane vs. Tuivasa,prelims,6,prelims,False,False
14169,1892,UFC 279,main_card,1,main_event,False,False
14170,1892,UFC 279,main_card,2,co_main,False,False
14171,1892,UFC 279,main_card,3,main_card,False,False
14172,1892,UFC 279,main_card,4,main_card,False,False
14173,1892,UFC 279,main_card,5,main_card,False,False
14174,1892,UFC 279,prelims,1,prelims,False,False
14175,1892,UFC 279,prelims,2,prelims,False,False
14176,1892,UFC 279,prelims,3,prelims,False,False
14177,1892,UFC 279,prelims,4,prelims,False,False
14178,1892,UFC 279,early_prelims,1,early_prelims,False,False
14179,1892,UFC 279,early_prelims,2,early_prelims,False,False
14180,1892,UFC 279,early_prelims,3,early_prelims,False,False
14181,1892,UFC 279,early_prelims,4,early_prelims,False,False
14145,1868,UFC Fight Night: Sandhagen vs. Song,main_card,1,main_event,False,False
14146,1868,UFC Fight Night: Sandhagen vs. Song,main_card,2,co_main,False,True
14147,1868,UFC Fight Night: Sandhagen vs. Song,main_card,3,main_card,False,False
14148,1868,UFC Fight Night: Sandhagen vs. Song,main_card,4,main_card,False,False
14149,1868,UFC Fight Night: Sandhagen vs. Song,main_card,5,main_card,False,False
14150,1868,UFC Fight Night: Sandhagen vs. Song,main_card,6,main_card,False,False
14151,1868,UFC Fight Night: Sandhagen vs. Song,prelims,1,prelims,False,False
14152,1868,UFC Fight Night: Sandhagen vs. Song,prelims,2,prelims,False,False
14154,1868,UFC Fight Night: Sandhagen vs. Song,prelims,4,prelims,False,False
14155,1868,UFC Fight Night: Sandhagen vs. Song,prelims,5,prelims,False,False
14156,1868,UFC Fight Night: Sandhagen vs. Song,prelims,6,prelims,False,False
14157,1868,UFC Fight Night: Sandhagen vs. Song,prelims,7,prelims,False,False
14158,1880,UFC Fight Night: Dern vs. Yan,main_card,1,main_event,False,False
14159,1880,UFC Fight Night: Dern vs. Yan,main_card,2,co_main,False,False
14160,1880,UFC Fight Night: Dern vs. Yan,main_card,3,main_card,False,False
14161,1880,UFC Fight Night: Dern vs. Yan,main_card,4,main_card,False,False
14162,1880,UFC Fight Night: Dern vs. Yan,main_card,5,main_card,False,False
14163,1880,UFC Fight Night: Dern vs. Yan,prelims,1,prelims,False,True
14165,1880,UFC Fight Night: Dern vs. Yan,prelims,3,prelims,False,False
14166,1880,UFC Fight Night: Dern vs. Yan,prelims,4,prelims,False,False
14167,1880,UFC Fight Night: Dern vs. Yan,prelims,5,prelims,False,False
14168,1880,UFC Fight Night: Dern vs. Yan,prelims,6,prelims,False,False
14134,1860,UFC Fight Night: Grasso vs. Araújo,main_card,1,main_event,False,False
14135,1860,UFC Fight Night: Grasso vs. Araújo,main_card,2,co_main,False,False
14136,1860,UFC Fight Night: Grasso vs. Araújo,main_card,3,main_card,False,True
14137,1860,UFC Fight Night: Grasso vs. Araújo,main_card,4,main_card,False,False
14138,1860,UFC Fight Night: Grasso vs. Araújo,main_card,5,main_card,False,False
14139,1860,UFC Fight Night: Grasso vs. Araújo,prelims,1,prelims,False,False
14140,1860,UFC Fight Night: Grasso vs. Araújo,prelims,2,prelims,False,False
14141,1860,UFC Fight Night: Grasso vs. Araújo,prelims,3,prelims,False,False
14142,1860,UFC Fight Night: Grasso vs. Araújo,prelims,4,prelims,False,False
14143,1860,UFC Fight Night: Grasso vs. Araújo,prelims,5,prelims,False,False
14144,1860,UFC Fight Night: Grasso vs. Araújo,prelims,6,prelims,False,False
14322,1950,UFC 280,main_card,1,main_event,True,False
14323,1950,UFC 280,main_card,2,co_main,True,False
14324,1950,UFC 280,main_card,3,main_card,False,True
14325,1950,UFC 280,main_card,4,main_card,False,False
14327,1950,UFC 280,prelims,1,prelims,False,False
14328,1950,UFC 280,prelims,2,prelims,False,False
14329,1950,UFC 280,prelims,3,prelims,False,False
14330,1950,UFC 280,prelims,4,prelims,False,False
14332,1950,UFC 280,prelims,6,prelims,False,False
14333,1950,UFC 280,prelims,7,prelims,False,False
14086,1853,UFC Fight Night: Kattar vs. Allen,main_card,1,main_event,False,False
14087,1853,UFC Fight Night: Kattar vs. Allen,main_card,2,co_main,False,False
14088,1853,UFC Fight Night: Kattar vs. Allen,main_card,3,main_card,False,False
14089,1853,UFC Fight Night: Kattar vs. Allen,main_card,4,main_card,False,False
14090,1853,UFC Fight Night: Kattar vs. Allen,main_card,5,main_card,False,False
14091,1853,UFC Fight Night: Kattar vs. Allen,prelims,1,prelims,False,False
14092,1853,UFC Fight Night: Kattar vs. Allen,prelims,2,prelims,False,False
14093,1853,UFC Fight Night: Kattar vs. Allen,prelims,3,prelims,False,False
14094,1853,UFC Fight Night: Kattar vs. Allen,prelims,4,prelims,False,False
14095,1853,UFC Fight Night: Kattar vs. Allen,prelims,5,prelims,False,False
14096,1853,UFC Fight Night: Kattar vs. Allen,prelims,6,prelims,False,False
14097,1854,UFC Fight Night: Rodriguez vs. Lemos,main_card,1,main_event,False,False
14098,1854,UFC Fight Night: Rodriguez vs. Lemos,main_card,2,co_main,False,False
14099,1854,UFC Fight Night: Rodriguez vs. Lemos,main_card,3,main_card,False,False
14100,1854,UFC Fight Night: Rodriguez vs. Lemos,main_card,4,main_card,False,False
14101,1854,UFC Fight Night: Rodriguez vs. Lemos,main_card,5,main_card,False,False
14102,1854,UFC Fight Night: Rodriguez vs. Lemos,prelims,1,prelims,False,False
14103,1854,UFC Fight Night: Rodriguez vs. Lemos,prelims,2,prelims,False,False
14104,1854,UFC Fight Night: Rodriguez vs. Lemos,prelims,3,prelims,False,False
14105,1854,UFC Fight Night: Rodriguez vs. Lemos,prelims,4,prelims,False,False
14106,1854,UFC Fight Night: Rodriguez vs. Lemos,prelims,5,prelims,False,False
14107,1854,UFC Fight Night: Rodriguez vs. Lemos,prelims,6,prelims,False,False
14120,1856,UFC 281,main_card,1,main_event,True,False
14121,1856,UFC 281,main_card,2,co_main,True,False
14122,1856,UFC 281,main_card,3,main_card,False,True
14123,1856,UFC 281,main_card,4,main_card,False,False
14124,1856,UFC 281,main_card,5,main_card,False,False
14126,1856,UFC 281,prelims,2,prelims,False,False
14127,1856,UFC 281,prelims,3,prelims,False,False
14128,1856,UFC 281,prelims,4,prelims,False,False
14129,1856,UFC 281,early_prelims,1,early_prelims,False,False
14130,1856,UFC 281,early_prelims,2,early_prelims,False,False
14131,1856,UFC 281,early_prelims,3,early_prelims,False,False
14132,1856,UFC 281,early_prelims,4,early_prelims,False,False
14133,1856,UFC 281,early_prelims,5,early_prelims,False,False
14075,1852,UFC Fight Night: Nzechukwu vs. Cuțelaba,main_card,1,main_event,False,False
14076,1852,UFC Fight Night: Nzechukwu vs. Cuțelaba,main_card,2,co_main,False,False
14077,1852,UFC Fight Night: Nzechukwu vs. Cuțelaba,main_card,3,main_card,False,False
14078,1852,UFC Fight Night: Nzechukwu vs. Cuțelaba,main_card,4,main_card,False,False
14079,1852,UFC Fight Night: Nzechukwu vs. Cuțelaba,main_card,5,main_card,False,False
14080,1852,UFC Fight Night: Nzechukwu vs. Cuțelaba,prelims,1,prelims,False,False
14081,1852,UFC Fight Night: Nzechukwu vs. Cuțelaba,prelims,2,prelims,False,False
14082,1852,UFC Fight Night: Nzechukwu vs. Cuțelaba,prelims,3,prelims,False,False
14083,1852,UFC Fight Night: Nzechukwu vs. Cuțelaba,prelims,4,prelims,False,False
14084,1852,UFC Fight Night: Nzechukwu vs. Cuțelaba,prelims,5,prelims,False,False
14085,1852,UFC Fight Night: Nzechukwu vs. Cuțelaba,prelims,6,prelims,False,False
14061,1851,UFC on ESPN: Thompson vs. Holland,main_card,1,main_event,False,True
14062,1851,UFC on ESPN: Thompson vs. Holland,main_card,2,co_main,False,False
14063,1851,UFC on ESPN: Thompson vs. Holland,main_card,3,main_card,False,False
14064,1851,UFC on ESPN: Thompson vs. Holland,main_card,4,main_card,False,False
14065,1851,UFC on ESPN: Thompson vs. Holland,main_card,5,main_card,False,False
14066,1851,UFC on ESPN: Thompson vs. Holland,main_card,6,main_card,False,False
14067,1851,UFC on ESPN: Thompson vs. Holland,main_card,7,main_card,False,False
14068,1851,UFC on ESPN: Thompson vs. Holland,prelims,1,prelims,False,False
14069,1851,UFC on ESPN: Thompson vs. Holland,prelims,2,prelims,False,False
14070,1851,UFC on ESPN: Thompson vs. Holland,prelims,3,prelims,False,False
14071,1851,UFC on ESPN: Thompson vs. Holland,prelims,4,prelims,False,False
14072,1851,UFC on ESPN: Thompson vs. Holland,prelims,5,prelims,False,False
14073,1851,UFC on ESPN: Thompson vs. Holland,prelims,6,prelims,False,False
14074,1851,UFC on ESPN: Thompson vs. Holland,prelims,7,prelims,False,False
14109,1855,UFC 282,main_card,2,co_main,False,False
14110,1855,UFC 282,main_card,3,main_card,False,False
14111,1855,UFC 282,main_card,4,main_card,False,True
14112,1855,UFC 282,main_card,5,main_card,False,False
14113,1855,UFC 282,prelims,1,prelims,False,False
14114,1855,UFC 282,prelims,2,prelims,False,False
14115,1855,UFC 282,prelims,3,prelims,False,False
14116,1855,UFC 282,prelims,4,prelims,False,False
14117,1855,UFC 282,early_prelims,1,early_prelims,False,False
14118,1855,UFC 282,early_prelims,2,early_prelims,False,False
14119,1855,UFC 282,early_prelims,3,early_prelims,False,False
14048,1850,UFC Fight Night: Cannonier vs. Strickland,main_card,1,main_event,False,False
14049,1850,UFC Fight Night: Cannonier vs. Strickland,main_card,2,co_main,False,False
14050,1850,UFC Fight Night: Cannonier vs. Strickland,main_card,3,main_card,False,False
14051,1850,UFC Fight Night: Cannonier vs. Strickland,main_card,4,main_card,False,False
14053,1850,UFC Fight Night: Cannonier vs. Strickland,main_card,6,main_card,False,False
14054,1850,UFC Fight Night: Cannonier vs. Strickland,prelims,1,prelims,False,False
14055,1850,UFC Fight Night: Cannonier vs. Strickland,prelims,2,prelims,False,False
14056,1850,UFC Fight Night: Cannonier vs. Strickland,prelims,3,prelims,False,False
14057,1850,UFC Fight Night: Cannonier vs. Strickland,prelims,4,prelims,False,False
14058,1850,UFC Fight Night: Cannonier vs. Strickland,prelims,5,prelims,False,False
14059,1850,UFC Fight Night: Cannonier vs. Strickland,prelims,6,prelims,False,False
14060,1850,UFC Fight Night: Cannonier vs. Strickland,prelims,7,prelims,False,False
14052,1850,UFC Fight Night: Cannonier vs. Strickland,,,,,True
14001,1788,UFC Fight Night: Strickland vs. Imavov,main_card,1,main_event,False,False
14002,1788,UFC Fight Night: Strickland vs. Imavov,main_card,2,co_main,False,False
14003,1788,UFC Fight Night: Strickland vs. Imavov,main_card,3,main_card,False,False
14004,1788,UFC Fight Night: Strickland vs. Imavov,main_card,4,main_card,False,False
14005,1788,UFC Fight Night: Strickland vs. Imavov,main_card,5,main_card,False,False
14006,1788,UFC Fight Night: Strickland vs. Imavov,prelims,1,prelims,False,False
14007,1788,UFC Fight Night: Strickland vs. Imavov,prelims,2,prelims,False,False
14008,1788,UFC Fight Night: Strickland vs. Imavov,prelims,3,prelims,False,False
14009,1788,UFC Fight Night: Strickland vs. Imavov,prelims,4,prelims,False,False
14010,1788,UFC Fight Night: Strickland vs. Imavov,prelims,5,prelims,False,False
14011,1788,UFC Fight Night: Strickland vs. Imavov,prelims,6,prelims,False,False
14021,1825,UFC 283,main_card,1,main_event,True,True
14022,1825,UFC 283,main_card,2,co_main,True,False
14023,1825,UFC 283,main_card,3,main_card,False,False
14024,1825,UFC 283,main_card,4,main_card,False,False
14025,1825,UFC 283,main_card,5,main_card,False,False
14026,1825,UFC 283,prelims,1,prelims,False,False
14027,1825,UFC 283,prelims,2,prelims,False,False
14028,1825,UFC 283,prelims,3,prelims,False,False
14029,1825,UFC 283,prelims,4,prelims,False,False
14030,1825,UFC 283,early_prelims,1,early_prelims,False,False
14031,1825,UFC 283,early_prelims,2,early_prelims,False,False
14032,1825,UFC 283,early_prelims,3,early_prelims,False,False
14033,1825,UFC 283,early_prelims,4,early_prelims,False,False
14034,1825,UFC 283,early_prelims,5,early_prelims,False,False
14035,1825,UFC 283,early_prelims,6,early_prelims,False,False
13977,1349,UFC Fight Night: Lewis vs. Spivac,main_card,1,main_event,False,False
13978,1349,UFC Fight Night: Lewis vs. Spivac,main_card,2,co_main,False,False
13979,1349,UFC Fight Night: Lewis vs. Spivac,main_card,3,main_card,False,False
13980,1349,UFC Fight Night: Lewis vs. Spivac,main_card,4,main_card,False,False
13981,1349,UFC Fight Night: Lewis vs. Spivac,main_card,5,main_card,False,False
13982,1349,UFC Fight Night: Lewis vs. Spivac,prelims,1,prelims,False,False
13983,1349,UFC Fight Night: Lewis vs. Spivac,prelims,2,prelims,False,False
13984,1349,UFC Fight Night: Lewis vs. Spivac,prelims,3,prelims,False,False
13985,1349,UFC Fight Night: Lewis vs. Spivac,prelims,4,prelims,False,False
13986,1349,UFC Fight Night: Lewis vs. Spivac,prelims,5,prelims,False,False
13987,1349,UFC Fight Night: Lewis vs. Spivac,prelims,6,prelims,False,False
13988,1786,UFC 284,main_card,1,main_event,True,True
13989,1786,UFC 284,main_card,2,co_main,True,False
13990,1786,UFC 284,main_card,3,main_card,False,False
13991,1786,UFC 284,main_card,4,main_card,False,False
13992,1786,UFC 284,main_card,5,main_card,False,False
13993,1786,UFC 284,prelims,1,prelims,False,False
13994,1786,UFC 284,prelims,2,prelims,False,False
13995,1786,UFC 284,prelims,3,prelims,False,False
13996,1786,UFC 284,prelims,4,prelims,False,False
13997,1786,UFC 284,early_prelims,1,early_prelims,False,False
13999,1786,UFC 284,early_prelims,3,early_prelims,False,False
14000,1786,UFC 284,early_prelims,4,early_prelims,False,False
13952,1340,UFC Fight Night: Andrade vs. Blanchfield,main_card,1,main_event,False,False
13953,1340,UFC Fight Night: Andrade vs. Blanchfield,main_card,2,co_main,False,False
13954,1340,UFC Fight Night: Andrade vs. Blanchfield,main_card,3,main_card,False,False
13955,1340,UFC Fight Night: Andrade vs. Blanchfield,main_card,4,main_card,False,False
13956,1340,UFC Fight Night: Andrade vs. Blanchfield,main_card,5,main_card,False,False
13957,1340,UFC Fight Night: Andrade vs. Blanchfield,prelims,1,prelims,False,True
13958,1340,UFC Fight Night: Andrade vs. Blanchfield,prelims,2,prelims,False,False
13959,1340,UFC Fight Night: Andrade vs. Blanchfield,prelims,3,prelims,False,False
13960,1340,UFC Fight Night: Andrade vs. Blanchfield,prelims,4,prelims,False,False
13961,1340,UFC Fight Night: Andrade vs. Blanchfield,prelims,5,prelims,False,False
13962,1340,UFC Fight Night: Andrade vs. Blanchfield,prelims,6,prelims,False,False
13942,1326,UFC Fight Night: Muniz vs. Allen,main_card,1,main_event,False,False
13943,1326,UFC Fight Night: Muniz vs. Allen,main_card,2,co_main,False,False
13944,1326,UFC Fight Night: Muniz vs. Allen,main_card,3,main_card,False,False
13945,1326,UFC Fight Night: Muniz vs. Allen,main_card,4,main_card,False,False
13946,1326,UFC Fight Night: Muniz vs. Allen,prelims,1,prelims,False,False
13947,1326,UFC Fight Night: Muniz vs. Allen,prelims,2,prelims,False,False
13948,1326,UFC Fight Night: Muniz vs. Allen,prelims,3,prelims,False,False
13949,1326,UFC Fight Night: Muniz vs. Allen,prelims,4,prelims,False,False
13950,1326,UFC Fight Night: Muniz vs. Allen,prelims,5,prelims,False,False
13951,1326,UFC Fight Night: Muniz vs. Allen,prelims,6,prelims,False,False
13963,1343,UFC 285,main_card,1,main_event,True,False
13964,1343,UFC 285,main_card,2,co_main,True,False
13965,1343,UFC 285,main_card,3,main_card,False,True
13966,1343,UFC 285,main_card,4,main_card,False,False
13967,1343,UFC 285,main_card,5,main_card,False,False
13968,1343,UFC 285,prelims,1,prelims,False,False
13969,1343,UFC 285,prelims,2,prelims,False,False
13970,1343,UFC 285,prelims,3,prelims,False,False
13971,1343,UFC 285,prelims,4,prelims,False,False
13972,1343,UFC 285,early_prelims,1,early_prelims,False,False
13973,1343,UFC 285,early_prelims,2,early_prelims,False,False
13974,1343,UFC 285,early_prelims,3,early_prelims,False,False
13975,1343,UFC 285,early_prelims,4,early_prelims,False,False
13976,1343,UFC 285,early_prelims,5,early_prelims,False,False
13929,1319,UFC Fight Night: Yan vs. Dvalishvili,main_card,1,main_event,False,False
13930,1319,UFC Fight Night: Yan vs. Dvalishvili,main_card,2,co_main,False,False
13931,1319,UFC Fight Night: Yan vs. Dvalishvili,main_card,3,main_card,False,False
13932,1319,UFC Fight Night: Yan vs. Dvalishvili,main_card,4,main_card,False,False
13933,1319,UFC Fight Night: Yan vs. Dvalishvili,main_card,5,main_card,False,False
13934,1319,UFC Fight Night: Yan vs. Dvalishvili,main_card,6,main_card,False,True
13936,1319,UFC Fight Night: Yan vs. Dvalishvili,prelims,2,prelims,False,False
13937,1319,UFC Fight Night: Yan vs. Dvalishvili,prelims,3,prelims,False,False
13938,1319,UFC Fight Night: Yan vs. Dvalishvili,prelims,4,prelims,False,False
13940,1319,UFC Fight Night: Yan vs. Dvalishvili,prelims,6,prelims,False,False
13941,1319,UFC Fight Night: Yan vs. Dvalishvili,prelims,7,prelims,False,False
13904,1310,UFC 286,main_card,1,main_event,True,False
13905,1310,UFC 286,main_card,2,co_main,False,True
13906,1310,UFC 286,main_card,3,main_card,False,False
13907,1310,UFC 286,main_card,4,main_card,False,False
13908,1310,UFC 286,main_card,5,main_card,False,False
13909,1310,UFC 286,prelims,1,prelims,False,False
13910,1310,UFC 286,prelims,2,prelims,False,False
13911,1310,UFC 286,prelims,3,prelims,False,False
13912,1310,UFC 286,prelims,4,prelims,False,False
13913,1310,UFC 286,early_prelims,1,early_prelims,False,False
13914,1310,UFC 286,early_prelims,2,early_prelims,False,False
13915,1310,UFC 286,early_prelims,3,early_prelims,False,False
13916,1310,UFC 286,early_prelims,4,early_prelims,False,False
13917,1310,UFC 286,early_prelims,5,early_prelims,False,False
13918,1310,UFC 286,early_prelims,6,early_prelims,False,False
13919,1314,UFC on ESPN: Vera vs. Sandhagen,main_card,1,main_event,False,False
13920,1314,UFC on ESPN: Vera vs. Sandhagen,main_card,2,co_main,False,False
13921,1314,UFC on ESPN: Vera vs. Sandhagen,main_card,3,main_card,False,False
13922,1314,UFC on ESPN: Vera vs. Sandhagen,main_card,4,main_card,False,False
13923,1314,UFC on ESPN: Vera vs. Sandhagen,main_card,5,main_card,False,False
13924,1314,UFC on ESPN: Vera vs. Sandhagen,main_card,6,main_card,False,False
13925,1314,UFC on ESPN: Vera vs. Sandhagen,prelims,1,prelims,False,False
13926,1314,UFC on ESPN: Vera vs. Sandhagen,prelims,2,prelims,False,False
13928,1314,UFC on ESPN: Vera vs. Sandhagen,prelims,4,prelims,False,False
13927,1314,UFC on ESPN: Vera vs. Sandhagen,,,,,True
13892,1294,UFC 287,main_card,1,main_event,True,False
13893,1294,UFC 287,main_card,2,co_main,False,False
13894,1294,UFC 287,main_card,3,main_card,False,False
13895,1294,UFC 287,main_card,4,main_card,False,False
13896,1294,UFC 287,main_card,5,main_card,False,False
13897,1294,UFC 287,prelims,1,prelims,False,True
13898,1294,UFC 287,prelims,2,prelims,False,False
13899,1294,UFC 287,prelims,3,prelims,False,False
13900,1294,UFC 287,prelims,4,prelims,False,False
13901,1294,UFC 287,early_prelims,1,early_prelims,False,False
13902,1294,UFC 287,early_prelims,2,early_prelims,False,False
13903,1294,UFC 287,early_prelims,3,early_prelims,False,False
13878,1278,UFC on ESPN: Holloway vs. Allen,main_card,1,main_event,False,False
13879,1278,UFC on ESPN: Holloway vs. Allen,main_card,2,co_main,False,False
13880,1278,UFC on ESPN: Holloway vs. Allen,main_card,3,main_card,False,False
13881,1278,UFC on ESPN: Holloway vs. Allen,main_card,4,main_card,False,False
13882,1278,UFC on ESPN: Holloway vs. Allen,main_card,5,main_card,False,False
13883,1278,UFC on ESPN: Holloway vs. Allen,main_card,6,main_card,False,False
13884,1278,UFC on ESPN: Holloway vs. Allen,prelims,1,prelims,False,True
13885,1278,UFC on ESPN: Holloway vs. Allen,prelims,2,prelims,False,False
13886,1278,UFC on ESPN: Holloway vs. Allen,prelims,3,prelims,False,False
13887,1278,UFC on ESPN: Holloway vs. Allen,prelims,4,prelims,False,False
13888,1278,UFC on ESPN: Holloway vs. Allen,prelims,5,prelims,False,False
13889,1278,UFC on ESPN: Holloway vs. Allen,prelims,6,prelims,False,False
13890,1278,UFC on ESPN: Holloway vs. Allen,prelims,7,prelims,False,False
13891,1278,UFC on ESPN: Holloway vs. Allen,prelims,8,prelims,False,False
13867,1277,UFC Fight Night: Pavlovich vs. Blaydes,main_card,1,main_event,False,False
13868,1277,UFC Fight Night: Pavlovich vs. Blaydes,main_card,2,co_main,False,False
13870,1277,UFC Fight Night: Pavlovich vs. Blaydes,main_card,4,main_card,False,False
13871,1277,UFC Fight Night: Pavlovich vs. Blaydes,main_card,5,main_card,False,False
13872,1277,UFC Fight Night: Pavlovich vs. Blaydes,prelims,1,prelims,False,False
13873,1277,UFC Fight Night: Pavlovich vs. Blaydes,prelims,2,prelims,False,False
13874,1277,UFC Fight Night: Pavlovich vs. Blaydes,prelims,3,prelims,False,False
13875,1277,UFC Fight Night: Pavlovich vs. Blaydes,prelims,4,prelims,False,False
13876,1277,UFC Fight Night: Pavlovich vs. Blaydes,prelims,5,prelims,False,False
13877,1277,UFC Fight Night: Pavlovich vs. Blaydes,prelims,6,prelims,False,False
13856,1272,UFC on ESPN: Song vs. Simón,main_card,1,main_event,False,False
13857,1272,UFC on ESPN: Song vs. Simón,main_card,2,co_main,False,False
13858,1272,UFC on ESPN: Song vs. Simón,main_card,3,main_card,False,False
13859,1272,UFC on ESPN: Song vs. Simón,main_card,4,main_card,False,False
13860,1272,UFC on ESPN: Song vs. Simón,main_card,5,main_card,False,False
13861,1272,UFC on ESPN: Song vs. Simón,main_card,6,main_card,False,False
13862,1272,UFC on ESPN: Song vs. Simón,prelims,1,prelims,False,False
13863,1272,UFC on ESPN: Song vs. Simón,prelims,2,prelims,False,False
13864,1272,UFC on ESPN: Song vs. Simón,prelims,3,prelims,False,False
13865,1272,UFC on ESPN: Song vs. Simón,prelims,4,prelims,False,False
13866,1272,UFC on ESPN: Song vs. Simón,prelims,5,prelims,False,False
13844,1271,UFC 288,main_card,1,main_event,True,False
13845,1271,UFC 288,main_card,2,co_main,False,False
13846,1271,UFC 288,main_card,3,main_card,False,False
13847,1271,UFC 288,main_card,4,main_card,False,True
13848,1271,UFC 288,main_card,5,main_card,False,False
13849,1271,UFC 288,prelims,1,prelims,False,False
13850,1271,UFC 288,prelims,2,prelims,False,False
13852,1271,UFC 288,prelims,4,prelims,False,False
13853,1271,UFC 288,early_prelims,1,early_prelims,False,False
13854,1271,UFC 288,early_prelims,2,early_prelims,False,False
13855,1271,UFC 288,early_prelims,3,early_prelims,False,False
13833,1251,UFC on ABC: Rozenstruik vs. Almeida,main_card,1,main_event,False,False
13834,1251,UFC on ABC: Rozenstruik vs. Almeida,main_card,2,co_main,False,False
13835,1251,UFC on ABC: Rozenstruik vs. Almeida,main_card,3,main_card,False,False
13836,1251,UFC on ABC: Rozenstruik vs. Almeida,main_card,4,main_card,False,False
13837,1251,UFC on ABC: Rozenstruik vs. Almeida,main_card,5,main_card,False,False
13838,1251,UFC on ABC: Rozenstruik vs. Almeida,prelims,1,prelims,False,False
13839,1251,UFC on ABC: Rozenstruik vs. Almeida,prelims,2,prelims,False,False
13840,1251,UFC on ABC: Rozenstruik vs. Almeida,prelims,3,prelims,False,False
13841,1251,UFC on ABC: Rozenstruik vs. Almeida,prelims,4,prelims,False,False
13842,1251,UFC on ABC: Rozenstruik vs. Almeida,prelims,5,prelims,False,False
13843,1251,UFC on ABC: Rozenstruik vs. Almeida,prelims,6,prelims,False,False
13821,1241,UFC Fight Night: Dern vs. Hill,main_card,1,main_event,False,True
13822,1241,UFC Fight Night: Dern vs. Hill,main_card,2,co_main,False,False
13823,1241,UFC Fight Night: Dern vs. Hill,main_card,3,main_card,False,False
13824,1241,UFC Fight Night: Dern vs. Hill,main_card,4,main_card,False,False
13825,1241,UFC Fight Night: Dern vs. Hill,main_card,5,main_card,False,False
13826,1241,UFC Fight Night: Dern vs. Hill,prelims,1,prelims,False,False
13827,1241,UFC Fight Night: Dern vs. Hill,prelims,2,prelims,False,False
13828,1241,UFC Fight Night: Dern vs. Hill,prelims,3,prelims,False,False
13829,1241,UFC Fight Night: Dern vs. Hill,prelims,4,prelims,False,False
13830,1241,UFC Fight Night: Dern vs. Hill,prelims,5,prelims,False,False
13831,1241,UFC Fight Night: Dern vs. Hill,prelims,6,prelims,False,False
13832,1241,UFC Fight Night: Dern vs. Hill,prelims,7,prelims,False,False
13795,1225,UFC on ESPN: Kara-France vs. Albazi,main_card,1,main_event,False,False
13796,1225,UFC on ESPN: Kara-France vs. Albazi,main_card,2,co_main,False,True
13797,1225,UFC on ESPN: Kara-France vs. Albazi,main_card,3,main_card,False,False
13798,1225,UFC on ESPN: Kara-France vs. Albazi,main_card,4,main_card,False,False
13799,1225,UFC on ESPN: Kara-France vs. Albazi,main_card,5,main_card,False,False
13800,1225,UFC on ESPN: Kara-France vs. Albazi,main_card,6,main_card,False,False
13801,1225,UFC on ESPN: Kara-France vs. Albazi,prelims,1,prelims,False,False
13802,1225,UFC on ESPN: Kara-France vs. Albazi,prelims,2,prelims,False,False
13803,1225,UFC on ESPN: Kara-France vs. Albazi,prelims,3,prelims,False,False
13804,1225,UFC on ESPN: Kara-France vs. Albazi,prelims,4,prelims,False,False
13805,1225,UFC on ESPN: Kara-France vs. Albazi,prelims,5,prelims,False,False
13806,1225,UFC on ESPN: Kara-France vs. Albazi,prelims,6,prelims,False,False
13807,1225,UFC on ESPN: Kara-France vs. Albazi,prelims,7,prelims,False,False
13771,1221,UFC 289,main_card,1,main_event,True,False
13772,1221,UFC 289,main_card,2,co_main,False,False
13773,1221,UFC 289,main_card,3,main_card,False,False
13774,1221,UFC 289,main_card,4,main_card,False,False
13775,1221,UFC 289,main_card,5,main_card,False,True
13776,1221,UFC 289,prelims,1,prelims,False,False
13777,1221,UFC 289,prelims,2,prelims,False,False
13778,1221,UFC 289,prelims,3,prelims,False,False
13779,1221,UFC 289,prelims,4,prelims,False,False
13780,1221,UFC 289,early_prelims,1,early_prelims,False,False
13781,1221,UFC 289,early_prelims,2,early_prelims,False,False
13759,1215,UFC on ESPN: Vettori vs. Cannonier,main_card,1,main_event,False,True
13760,1215,UFC on ESPN: Vettori vs. Cannonier,main_card,2,co_main,False,False
13761,1215,UFC on ESPN: Vettori vs. Cannonier,main_card,3,main_card,False,False
13762,1215,UFC on ESPN: Vettori vs. Cannonier,main_card,4,main_card,False,False
13763,1215,UFC on ESPN: Vettori vs. Cannonier,main_card,5,main_card,False,False
13764,1215,UFC on ESPN: Vettori vs. Cannonier,main_card,6,main_card,False,False
13765,1215,UFC on ESPN: Vettori vs. Cannonier,prelims,1,prelims,False,False
13766,1215,UFC on ESPN: Vettori vs. Cannonier,prelims,2,prelims,False,False
13767,1215,UFC on ESPN: Vettori vs. Cannonier,prelims,3,prelims,False,False
13768,1215,UFC on ESPN: Vettori vs. Cannonier,prelims,4,prelims,False,False
13769,1215,UFC on ESPN: Vettori vs. Cannonier,prelims,5,prelims,False,False
13770,1215,UFC on ESPN: Vettori vs. Cannonier,prelims,6,prelims,False,False
13746,1213,UFC on ABC: Emmett vs. Topuria,main_card,1,main_event,False,True
13747,1213,UFC on ABC: Emmett vs. Topuria,main_card,2,co_main,False,False
13748,1213,UFC on ABC: Emmett vs. Topuria,main_card,3,main_card,False,False
13749,1213,UFC on ABC: Emmett vs. Topuria,main_card,4,main_card,False,False
13750,1213,UFC on ABC: Emmett vs. Topuria,main_card,5,main_card,False,False
13751,1213,UFC on ABC: Emmett vs. Topuria,prelims,1,prelims,False,False
13752,1213,UFC on ABC: Emmett vs. Topuria,prelims,2,prelims,False,False
13753,1213,UFC on ABC: Emmett vs. Topuria,prelims,3,prelims,False,False
13754,1213,UFC on ABC: Emmett vs. Topuria,prelims,4,prelims,False,False
13755,1213,UFC on ABC: Emmett vs. Topuria,prelims,5,prelims,False,False
13757,1213,UFC on ABC: Emmett vs. Topuria,prelims,7,prelims,False,False
13758,1213,UFC on ABC: Emmett vs. Topuria,prelims,8,prelims,False,False
13699,1195,UFC on ESPN: Strickland vs. Magomedov,main_card,1,main_event,False,False
13700,1195,UFC on ESPN: Strickland vs. Magomedov,main_card,2,co_main,False,False
13701,1195,UFC on ESPN: Strickland vs. Magomedov,main_card,3,main_card,False,False
13702,1195,UFC on ESPN: Strickland vs. Magomedov,main_card,4,main_card,False,False
13703,1195,UFC on ESPN: Strickland vs. Magomedov,main_card,5,main_card,False,False
13704,1195,UFC on ESPN: Strickland vs. Magomedov,main_card,6,main_card,False,False
13705,1195,UFC on ESPN: Strickland vs. Magomedov,prelims,1,prelims,False,False
13706,1195,UFC on ESPN: Strickland vs. Magomedov,prelims,2,prelims,False,False
13707,1195,UFC on ESPN: Strickland vs. Magomedov,prelims,3,prelims,False,False
13708,1195,UFC on ESPN: Strickland vs. Magomedov,prelims,4,prelims,False,True
13709,1195,UFC on ESPN: Strickland vs. Magomedov,prelims,5,prelims,False,False
13710,1195,UFC on ESPN: Strickland vs. Magomedov,prelims,6,prelims,False,False
13808,1236,UFC 290,main_card,1,main_event,True,False
13809,1236,UFC 290,main_card,2,co_main,True,True
13810,1236,UFC 290,main_card,3,main_card,False,False
13811,1236,UFC 290,main_card,4,main_card,False,False
13812,1236,UFC 290,main_card,5,main_card,False,False
13813,1236,UFC 290,prelims,1,prelims,False,False
13814,1236,UFC 290,prelims,2,prelims,False,False
13815,1236,UFC 290,prelims,3,prelims,False,False
13816,1236,UFC 290,prelims,4,prelims,False,False
13817,1236,UFC 290,early_prelims,1,early_prelims,False,False
13818,1236,UFC 290,early_prelims,2,early_prelims,False,False
13819,1236,UFC 290,early_prelims,3,early_prelims,False,False
13820,1236,UFC 290,early_prelims,4,early_prelims,False,False
13675,1191,UFC on ESPN: Holm vs. Bueno Silva,main_card,1,main_event,False,False
13676,1191,UFC on ESPN: Holm vs. Bueno Silva,main_card,2,co_main,False,True
13677,1191,UFC on ESPN: Holm vs. Bueno Silva,main_card,3,main_card,False,False
13678,1191,UFC on ESPN: Holm vs. Bueno Silva,main_card,4,main_card,False,False
13679,1191,UFC on ESPN: Holm vs. Bueno Silva,main_card,5,main_card,False,False
13680,1191,UFC on ESPN: Holm vs. Bueno Silva,main_card,6,main_card,False,False
13681,1191,UFC on ESPN: Holm vs. Bueno Silva,prelims,1,prelims,False,False
13683,1191,UFC on ESPN: Holm vs. Bueno Silva,prelims,3,prelims,False,False
13684,1191,UFC on ESPN: Holm vs. Bueno Silva,prelims,4,prelims,False,False
13685,1191,UFC on ESPN: Holm vs. Bueno Silva,prelims,5,prelims,False,False
13686,1191,UFC on ESPN: Holm vs. Bueno Silva,prelims,6,prelims,False,False
13687,1191,UFC on ESPN: Holm vs. Bueno Silva,prelims,7,prelims,False,False
13731,1210,UFC Fight Night: Aspinall vs. Tybura,main_card,1,main_event,False,False
13732,1210,UFC Fight Night: Aspinall vs. Tybura,main_card,2,co_main,False,False
13733,1210,UFC Fight Night: Aspinall vs. Tybura,main_card,3,main_card,False,False
13734,1210,UFC Fight Night: Aspinall vs. Tybura,main_card,4,main_card,False,False
13735,1210,UFC Fight Night: Aspinall vs. Tybura,main_card,5,main_card,False,False
13736,1210,UFC Fight Night: Aspinall vs. Tybura,main_card,6,main_card,False,False
13737,1210,UFC Fight Night: Aspinall vs. Tybura,main_card,7,main_card,False,False
13738,1210,UFC Fight Night: Aspinall vs. Tybura,prelims,1,prelims,False,True
13739,1210,UFC Fight Night: Aspinall vs. Tybura,prelims,2,prelims,False,False
13740,1210,UFC Fight Night: Aspinall vs. Tybura,prelims,3,prelims,False,False
13741,1210,UFC Fight Night: Aspinall vs. Tybura,prelims,4,prelims,False,False
13742,1210,UFC Fight Night: Aspinall vs. Tybura,prelims,5,prelims,False,False
13743,1210,UFC Fight Night: Aspinall vs. Tybura,prelims,6,prelims,False,False
13744,1210,UFC Fight Night: Aspinall vs. Tybura,prelims,7,prelims,False,False
13745,1210,UFC Fight Night: Aspinall vs. Tybura,prelims,8,prelims,False,False
13688,1194,UFC 291,main_card,1,main_event,False,False
13690,1194,UFC 291,main_card,3,main_card,False,False
13692,1194,UFC 291,main_card,5,main_card,False,False
13693,1194,UFC 291,prelims,1,prelims,False,False
13694,1194,UFC 291,prelims,2,prelims,False,False
13695,1194,UFC 291,prelims,3,prelims,False,False
13696,1194,UFC 291,prelims,4,prelims,False,False
13697,1194,UFC 291,early_prelims,1,early_prelims,False,False
13698,1194,UFC 291,early_prelims,2,early_prelims,False,False
13638,1169,UFC on ESPN: Sandhagen vs. Font,main_card,1,main_event,False,False
13639,1169,UFC on ESPN: Sandhagen vs. Font,main_card,2,co_main,False,False
13640,1169,UFC on ESPN: Sandhagen vs. Font,main_card,3,main_card,False,False
13641,1169,UFC on ESPN: Sandhagen vs. Font,main_card,4,main_card,False,False
13642,1169,UFC on ESPN: Sandhagen vs. Font,main_card,5,main_card,False,False
13643,1169,UFC on ESPN: Sandhagen vs. Font,main_card,6,main_card,False,False
13644,1169,UFC on ESPN: Sandhagen vs. Font,prelims,1,prelims,False,False
13645,1169,UFC on ESPN: Sandhagen vs. Font,prelims,2,prelims,False,False
13646,1169,UFC on ESPN: Sandhagen vs. Font,prelims,3,prelims,False,False
13647,1169,UFC on ESPN: Sandhagen vs. Font,prelims,4,prelims,False,False
13648,1169,UFC on ESPN: Sandhagen vs. Font,prelims,5,prelims,False,False
13649,1169,UFC on ESPN: Sandhagen vs. Font,prelims,6,prelims,False,False
13650,1174,UFC on ESPN: Luque vs. dos Anjos,main_card,1,main_event,False,False
13651,1174,UFC on ESPN: Luque vs. dos Anjos,main_card,2,co_main,False,False
13652,1174,UFC on ESPN: Luque vs. dos Anjos,main_card,3,main_card,False,False
13653,1174,UFC on ESPN: Luque vs. dos Anjos,main_card,4,main_card,False,False
13654,1174,UFC on ESPN: Luque vs. dos Anjos,main_card,5,main_card,False,False
13655,1174,UFC on ESPN: Luque vs. dos Anjos,main_card,6,main_card,False,False
13657,1174,UFC on ESPN: Luque vs. dos Anjos,prelims,2,prelims,False,False
13658,1174,UFC on ESPN: Luque vs. dos Anjos,prelims,3,prelims,False,False
13659,1174,UFC on ESPN: Luque vs. dos Anjos,prelims,4,prelims,False,False
13660,1174,UFC on ESPN: Luque vs. dos Anjos,prelims,5,prelims,False,False
13661,1174,UFC on ESPN: Luque vs. dos Anjos,prelims,6,prelims,False,False
13662,1174,UFC on ESPN: Luque vs. dos Anjos,prelims,7,prelims,False,False
13663,1189,UFC 292,main_card,1,main_event,True,False
13664,1189,UFC 292,main_card,2,co_main,True,False
13665,1189,UFC 292,main_card,3,main_card,False,False
13666,1189,UFC 292,main_card,4,main_card,False,False
13667,1189,UFC 292,main_card,5,main_card,False,False
13668,1189,UFC 292,prelims,1,prelims,False,False
13669,1189,UFC 292,prelims,2,prelims,False,False
13670,1189,UFC 292,prelims,3,prelims,False,False
13671,1189,UFC 292,prelims,4,prelims,False,True
13672,1189,UFC 292,early_prelims,1,early_prelims,False,False
13673,1189,UFC 292,early_prelims,2,early_prelims,False,False
13674,1189,UFC 292,early_prelims,3,early_prelims,False,False
13534,1144,UFC Fight Night: Holloway vs. The Korean Zombie,main_card,1,main_event,False,True
13535,1144,UFC Fight Night: Holloway vs. The Korean Zombie,main_card,2,co_main,False,False
13536,1144,UFC Fight Night: Holloway vs. The Korean Zombie,main_card,3,main_card,False,False
13537,1144,UFC Fight Night: Holloway vs. The Korean Zombie,main_card,4,main_card,False,False
13538,1144,UFC Fight Night: Holloway vs. The Korean Zombie,main_card,5,main_card,False,False
13539,1144,UFC Fight Night: Holloway vs. The Korean Zombie,main_card,6,main_card,False,False
13541,1144,UFC Fight Night: Holloway vs. The Korean Zombie,prelims,2,prelims,False,False
13542,1144,UFC Fight Night: Holloway vs. The Korean Zombie,prelims,3,prelims,False,False
13543,1144,UFC Fight Night: Holloway vs. The Korean Zombie,prelims,4,prelims,False,False
13544,1144,UFC Fight Night: Holloway vs. The Korean Zombie,prelims,5,prelims,False,False
13546,1144,UFC Fight Night: Holloway vs. The Korean Zombie,prelims,7,prelims,False,False
13547,1151,UFC Fight Night: Gane vs. Spivac,main_card,1,main_event,False,False
13548,1151,UFC Fight Night: Gane vs. Spivac,main_card,2,co_main,False,False
13549,1151,UFC Fight Night: Gane vs. Spivac,main_card,3,main_card,False,True
13550,1151,UFC Fight Night: Gane vs. Spivac,main_card,4,main_card,False,False
13551,1151,UFC Fight Night: Gane vs. Spivac,main_card,5,main_card,False,False
13552,1151,UFC Fight Night: Gane vs. Spivac,main_card,6,main_card,False,False
13553,1151,UFC Fight Night: Gane vs. Spivac,prelims,1,prelims,False,False
13554,1151,UFC Fight Night: Gane vs. Spivac,prelims,2,prelims,False,False
13555,1151,UFC Fight Night: Gane vs. Spivac,prelims,3,prelims,False,False
13556,1151,UFC Fight Night: Gane vs. Spivac,prelims,4,prelims,False,False
13557,1151,UFC Fight Night: Gane vs. Spivac,prelims,5,prelims,False,False
13626,1158,UFC 293,main_card,1,main_event,True,False
13627,1158,UFC 293,main_card,2,co_main,False,False
13628,1158,UFC 293,main_card,3,main_card,False,True
13629,1158,UFC 293,main_card,4,main_card,False,False
13630,1158,UFC 293,main_card,5,main_card,False,False
13631,1158,UFC 293,prelims,1,prelims,False,False
13633,1158,UFC 293,prelims,3,prelims,False,False
13634,1158,UFC 293,prelims,4,prelims,False,False
13635,1158,UFC 293,early_prelims,1,early_prelims,False,False
13636,1158,UFC 293,early_prelims,2,early_prelims,False,False
13637,1158,UFC 293,early_prelims,3,early_prelims,False,False
13603,1156,UFC Fight Night: Grasso vs. Shevchenko 2,main_card,1,main_event,True,False
13604,1156,UFC Fight Night: Grasso vs. Shevchenko 2,main_card,2,co_main,False,False
13605,1156,UFC Fight Night: Grasso vs. Shevchenko 2,main_card,3,main_card,False,False
13606,1156,UFC Fight Night: Grasso vs. Shevchenko 2,main_card,4,main_card,False,False
13607,1156,UFC Fight Night: Grasso vs. Shevchenko 2,main_card,5,main_card,False,False
13608,1156,UFC Fight Night: Grasso vs. Shevchenko 2,prelims,1,prelims,False,False
13609,1156,UFC Fight Night: Grasso vs. Shevchenko 2,prelims,2,prelims,False,False
13610,1156,UFC Fight Night: Grasso vs. Shevchenko 2,prelims,3,prelims,False,False
13611,1156,UFC Fight Night: Grasso vs. Shevchenko 2,prelims,4,prelims,False,False
13612,1156,UFC Fight Night: Grasso vs. Shevchenko 2,prelims,5,prelims,False,False
13613,1156,UFC Fight Night: Grasso vs. Shevchenko 2,prelims,6,prelims,False,False
13592,1155,UFC Fight Night: Fiziev vs. Gamrot,main_card,1,main_event,False,False
13593,1155,UFC Fight Night: Fiziev vs. Gamrot,main_card,2,co_main,False,False
13594,1155,UFC Fight Night: Fiziev vs. Gamrot,main_card,3,main_card,False,False
13596,1155,UFC Fight Night: Fiziev vs. Gamrot,main_card,5,main_card,False,False
13597,1155,UFC Fight Night: Fiziev vs. Gamrot,prelims,1,prelims,False,False
13598,1155,UFC Fight Night: Fiziev vs. Gamrot,prelims,2,prelims,False,True
13599,1155,UFC Fight Night: Fiziev vs. Gamrot,prelims,3,prelims,False,False
13600,1155,UFC Fight Night: Fiziev vs. Gamrot,prelims,4,prelims,False,False
13601,1155,UFC Fight Night: Fiziev vs. Gamrot,prelims,5,prelims,False,False
13602,1155,UFC Fight Night: Fiziev vs. Gamrot,prelims,6,prelims,False,False
13583,1154,UFC Fight Night: Dawson vs. Green,main_card,2,co_main,False,False
13584,1154,UFC Fight Night: Dawson vs. Green,main_card,3,main_card,False,False
13585,1154,UFC Fight Night: Dawson vs. Green,main_card,4,main_card,False,False
13586,1154,UFC Fight Night: Dawson vs. Green,main_card,5,main_card,False,False
13587,1154,UFC Fight Night: Dawson vs. Green,prelims,1,prelims,False,False
13588,1154,UFC Fight Night: Dawson vs. Green,prelims,2,prelims,False,False
13589,1154,UFC Fight Night: Dawson vs. Green,prelims,3,prelims,False,False
13590,1154,UFC Fight Night: Dawson vs. Green,prelims,4,prelims,False,False
13501,1108,UFC Fight Night: Yusuff vs. Barboza,main_card,1,main_event,False,True
13502,1108,UFC Fight Night: Yusuff vs. Barboza,main_card,2,co_main,False,False
13503,1108,UFC Fight Night: Yusuff vs. Barboza,main_card,3,main_card,False,False
13504,1108,UFC Fight Night: Yusuff vs. Barboza,main_card,4,main_card,False,False
13505,1108,UFC Fight Night: Yusuff vs. Barboza,main_card,5,main_card,False,False
13506,1108,UFC Fight Night: Yusuff vs. Barboza,prelims,1,prelims,False,False
13507,1108,UFC Fight Night: Yusuff vs. Barboza,prelims,2,prelims,False,False
13508,1108,UFC Fight Night: Yusuff vs. Barboza,prelims,3,prelims,False,False
13509,1108,UFC Fight Night: Yusuff vs. Barboza,prelims,4,prelims,False,False
13510,1108,UFC Fight Night: Yusuff vs. Barboza,prelims,5,prelims,False,False
13511,1108,UFC Fight Night: Yusuff vs. Barboza,prelims,6,prelims,False,False
13782,1222,UFC 294,main_card,1,main_event,True,False
13783,1222,UFC 294,main_card,2,co_main,False,False
13784,1222,UFC 294,main_card,3,main_card,False,False
13785,1222,UFC 294,main_card,4,main_card,False,False
13786,1222,UFC 294,main_card,5,main_card,False,False
13787,1222,UFC 294,prelims,1,prelims,False,False
13788,1222,UFC 294,prelims,2,prelims,False,False
13789,1222,UFC 294,prelims,3,prelims,False,False
13790,1222,UFC 294,prelims,4,prelims,False,False
13791,1222,UFC 294,prelims,5,prelims,False,False
13792,1222,UFC 294,prelims,6,prelims,False,False
13793,1222,UFC 294,prelims,7,prelims,False,False
13794,1222,UFC 294,prelims,8,prelims,False,False
13558,1152,UFC Fight Night: Almeida vs. Lewis,main_card,1,main_event,False,False
13559,1152,UFC Fight Night: Almeida vs. Lewis,main_card,2,co_main,False,True
13560,1152,UFC Fight Night: Almeida vs. Lewis,main_card,3,main_card,False,False
13561,1152,UFC Fight Night: Almeida vs. Lewis,main_card,4,main_card,False,False
13562,1152,UFC Fight Night: Almeida vs. Lewis,main_card,5,main_card,False,False
13563,1152,UFC Fight Night: Almeida vs. Lewis,prelims,1,prelims,False,False
13564,1152,UFC Fight Night: Almeida vs. Lewis,prelims,2,prelims,False,False
13565,1152,UFC Fight Night: Almeida vs. Lewis,prelims,3,prelims,False,False
13566,1152,UFC Fight Night: Almeida vs. Lewis,prelims,4,prelims,False,False
13567,1152,UFC Fight Night: Almeida vs. Lewis,prelims,5,prelims,False,False
13512,1115,UFC 295,main_card,1,main_event,True,False
13513,1115,UFC 295,main_card,2,co_main,True,False
13514,1115,UFC 295,main_card,3,main_card,False,False
13515,1115,UFC 295,main_card,4,main_card,False,False
13516,1115,UFC 295,main_card,5,main_card,False,False
13517,1115,UFC 295,prelims,1,prelims,False,False
13519,1115,UFC 295,prelims,3,prelims,False,False
13520,1115,UFC 295,prelims,4,prelims,False,True
13521,1115,UFC 295,early_prelims,1,early_prelims,False,False
13522,1115,UFC 295,early_prelims,2,early_prelims,False,False
13523,1115,UFC 295,early_prelims,3,early_prelims,False,False
13524,1115,UFC 295,early_prelims,4,early_prelims,False,False
13568,1153,UFC Fight Night: Allen vs. Craig,main_card,1,main_event,False,False
13569,1153,UFC Fight Night: Allen vs. Craig,main_card,2,co_main,False,False
13570,1153,UFC Fight Night: Allen vs. Craig,main_card,3,main_card,False,False
13571,1153,UFC Fight Night: Allen vs. Craig,main_card,4,main_card,False,False
13572,1153,UFC Fight Night: Allen vs. Craig,main_card,5,main_card,False,False
13573,1153,UFC Fight Night: Allen vs. Craig,main_card,6,main_card,False,False
13574,1153,UFC Fight Night: Allen vs. Craig,prelims,1,prelims,False,False
13575,1153,UFC Fight Night: Allen vs. Craig,prelims,2,prelims,False,False
13576,1153,UFC Fight Night: Allen vs. Craig,prelims,3,prelims,False,False
13577,1153,UFC Fight Night: Allen vs. Craig,prelims,4,prelims,False,False
13578,1153,UFC Fight Night: Allen vs. Craig,prelims,5,prelims,False,False
13579,1153,UFC Fight Night: Allen vs. Craig,prelims,6,prelims,False,False
13580,1153,UFC Fight Night: Allen vs. Craig,prelims,7,prelims,False,False
13581,1153,UFC Fight Night: Allen vs. Craig,prelims,8,prelims,False,False
13489,1072,UFC on ESPN: Dariush vs. Tsarukyan,main_card,1,main_event,False,False
13491,1072,UFC on ESPN: Dariush vs. Tsarukyan,main_card,3,main_card,False,False
13492,1072,UFC on ESPN: Dariush vs. Tsarukyan,main_card,4,main_card,False,False
13493,1072,UFC on ESPN: Dariush vs. Tsarukyan,main_card,5,main_card,False,False
13494,1072,UFC on ESPN: Dariush vs. Tsarukyan,main_card,6,main_card,False,False
13495,1072,UFC on ESPN: Dariush vs. Tsarukyan,prelims,1,prelims,False,False
13496,1072,UFC on ESPN: Dariush vs. Tsarukyan,prelims,2,prelims,False,False
13497,1072,UFC on ESPN: Dariush vs. Tsarukyan,prelims,3,prelims,False,False
13498,1072,UFC on ESPN: Dariush vs. Tsarukyan,prelims,4,prelims,False,True
13499,1072,UFC on ESPN: Dariush vs. Tsarukyan,prelims,5,prelims,False,False
13500,1072,UFC on ESPN: Dariush vs. Tsarukyan,prelims,6,prelims,False,False
13478,1065,UFC Fight Night: Song vs. Gutiérrez,main_card,1,main_event,False,False
13479,1065,UFC Fight Night: Song vs. Gutiérrez,main_card,2,co_main,False,False
13480,1065,UFC Fight Night: Song vs. Gutiérrez,main_card,3,main_card,False,False
13481,1065,UFC Fight Night: Song vs. Gutiérrez,main_card,4,main_card,False,False
13482,1065,UFC Fight Night: Song vs. Gutiérrez,main_card,5,main_card,False,False
13483,1065,UFC Fight Night: Song vs. Gutiérrez,prelims,1,prelims,False,False
13484,1065,UFC Fight Night: Song vs. Gutiérrez,prelims,2,prelims,False,False
13485,1065,UFC Fight Night: Song vs. Gutiérrez,prelims,3,prelims,False,False
13486,1065,UFC Fight Night: Song vs. Gutiérrez,prelims,4,prelims,False,False
13487,1065,UFC Fight Night: Song vs. Gutiérrez,prelims,5,prelims,False,False
13488,1065,UFC Fight Night: Song vs. Gutiérrez,prelims,6,prelims,False,False
13614,1157,UFC 296,main_card,1,main_event,True,False
13615,1157,UFC 296,main_card,2,co_main,True,False
13616,1157,UFC 296,main_card,3,main_card,False,False
13617,1157,UFC 296,main_card,4,main_card,False,False
13618,1157,UFC 296,main_card,5,main_card,False,False
13619,1157,UFC 296,prelims,1,prelims,False,False
13620,1157,UFC 296,prelims,2,prelims,False,True
13621,1157,UFC 296,prelims,3,prelims,False,False
13622,1157,UFC 296,prelims,4,prelims,False,False
13623,1157,UFC 296,early_prelims,1,early_prelims,False,False
13624,1157,UFC 296,early_prelims,2,early_prelims,False,False
13625,1157,UFC 296,early_prelims,3,early_prelims,False,False
13467,1061,UFC Fight Night: Ankalaev vs. Walker 2,main_card,1,main_event,False,False
13468,1061,UFC Fight Night: Ankalaev vs. Walker 2,main_card,2,co_main,False,False
13469,1061,UFC Fight Night: Ankalaev vs. Walker 2,main_card,3,main_card,False,False
13470,1061,UFC Fight Night: Ankalaev vs. Walker 2,main_card,4,main_card,False,False
13471,1061,UFC Fight Night: Ankalaev vs. Walker 2,main_card,5,main_card,False,False
13472,1061,UFC Fight Night: Ankalaev vs. Walker 2,prelims,1,prelims,False,False
13473,1061,UFC Fight Night: Ankalaev vs. Walker 2,prelims,2,prelims,False,False
13474,1061,UFC Fight Night: Ankalaev vs. Walker 2,prelims,3,prelims,False,False
13475,1061,UFC Fight Night: Ankalaev vs. Walker 2,prelims,4,prelims,False,False
13476,1061,UFC Fight Night: Ankalaev vs. Walker 2,prelims,5,prelims,False,False
13477,1061,UFC Fight Night: Ankalaev vs. Walker 2,prelims,6,prelims,False,False
13455,1051,UFC 297,main_card,1,main_event,True,True
13456,1051,UFC 297,main_card,2,co_main,True,False
13457,1051,UFC 297,main_card,3,main_card,False,False
13458,1051,UFC 297,main_card,4,main_card,False,False
13459,1051,UFC 297,main_card,5,main_card,False,False
13460,1051,UFC 297,prelims,1,prelims,False,False
13461,1051,UFC 297,prelims,2,prelims,False,False
13462,1051,UFC 297,prelims,3,prelims,False,False
13463,1051,UFC 297,prelims,4,prelims,False,False
13464,1051,UFC 297,early_prelims,1,early_prelims,False,False
13465,1051,UFC 297,early_prelims,2,early_prelims,False,False
13466,1051,UFC 297,early_prelims,3,early_prelims,False,False
13431,1025,UFC Fight Night: Dolidze vs. Imavov,main_card,1,main_event,False,False
13433,1025,UFC Fight Night: Dolidze vs. Imavov,main_card,3,main_card,False,False
13434,1025,UFC Fight Night: Dolidze vs. Imavov,main_card,4,main_card,False,False
13435,1025,UFC Fight Night: Dolidze vs. Imavov,main_card,5,main_card,False,False
13436,1025,UFC Fight Night: Dolidze vs. Imavov,main_card,6,main_card,False,False
13437,1025,UFC Fight Night: Dolidze vs. Imavov,prelims,1,prelims,False,False
13438,1025,UFC Fight Night: Dolidze vs. Imavov,prelims,2,prelims,False,True
13439,1025,UFC Fight Night: Dolidze vs. Imavov,prelims,3,prelims,False,False
13440,1025,UFC Fight Night: Dolidze vs. Imavov,prelims,4,prelims,False,False
13441,1025,UFC Fight Night: Dolidze vs. Imavov,prelims,5,prelims,False,False
13442,1025,UFC Fight Night: Dolidze vs. Imavov,prelims,6,prelims,False,False
13443,1025,UFC Fight Night: Dolidze vs. Imavov,prelims,7,prelims,False,False
13391,1020,UFC Fight Night: Hermansson vs. Pyfer,main_card,1,main_event,False,False
13392,1020,UFC Fight Night: Hermansson vs. Pyfer,main_card,2,co_main,False,False
13393,1020,UFC Fight Night: Hermansson vs. Pyfer,main_card,3,main_card,False,False
13394,1020,UFC Fight Night: Hermansson vs. Pyfer,main_card,4,main_card,False,False
13395,1020,UFC Fight Night: Hermansson vs. Pyfer,main_card,5,main_card,False,False
13396,1020,UFC Fight Night: Hermansson vs. Pyfer,main_card,6,main_card,False,False
13397,1020,UFC Fight Night: Hermansson vs. Pyfer,prelims,1,prelims,False,False
13398,1020,UFC Fight Night: Hermansson vs. Pyfer,prelims,2,prelims,False,False
13400,1020,UFC Fight Night: Hermansson vs. Pyfer,prelims,4,prelims,False,False
13401,1020,UFC Fight Night: Hermansson vs. Pyfer,prelims,5,prelims,False,False
13402,1020,UFC Fight Night: Hermansson vs. Pyfer,prelims,6,prelims,False,False
13403,1020,UFC Fight Night: Hermansson vs. Pyfer,prelims,7,prelims,False,False
13404,1020,UFC Fight Night: Hermansson vs. Pyfer,prelims,8,prelims,False,False
13419,1024,UFC 298,main_card,1,main_event,True,False
13420,1024,UFC 298,main_card,2,co_main,False,False
13421,1024,UFC 298,main_card,3,main_card,False,False
13422,1024,UFC 298,main_card,4,main_card,False,False
13423,1024,UFC 298,main_card,5,main_card,False,False
13424,1024,UFC 298,prelims,1,prelims,False,True
13425,1024,UFC 298,prelims,2,prelims,False,False
13426,1024,UFC 298,prelims,3,prelims,False,False
13427,1024,UFC 298,prelims,4,prelims,False,False
13428,1024,UFC 298,early_prelims,1,early_prelims,False,False
13429,1024,UFC 298,early_prelims,2,early_prelims,False,False
13430,1024,UFC 298,early_prelims,3,early_prelims,False,False
13379,1017,UFC Fight Night: Moreno vs. Royval 2,main_card,1,main_event,False,False
13380,1017,UFC Fight Night: Moreno vs. Royval 2,main_card,2,co_main,False,False
13381,1017,UFC Fight Night: Moreno vs. Royval 2,main_card,3,main_card,False,True
13382,1017,UFC Fight Night: Moreno vs. Royval 2,main_card,4,main_card,False,False
13383,1017,UFC Fight Night: Moreno vs. Royval 2,main_card,5,main_card,False,False
13384,1017,UFC Fight Night: Moreno vs. Royval 2,prelims,1,prelims,False,False
13385,1017,UFC Fight Night: Moreno vs. Royval 2,prelims,2,prelims,False,False
13386,1017,UFC Fight Night: Moreno vs. Royval 2,prelims,3,prelims,False,False
13387,1017,UFC Fight Night: Moreno vs. Royval 2,prelims,4,prelims,False,False
13388,1017,UFC Fight Night: Moreno vs. Royval 2,prelims,5,prelims,False,False
13389,1017,UFC Fight Night: Moreno vs. Royval 2,prelims,6,prelims,False,False
13390,1017,UFC Fight Night: Moreno vs. Royval 2,prelims,7,prelims,False,False
13444,1029,UFC Fight Night: Rozenstruik vs. Gaziev,main_card,1,main_event,False,False
13445,1029,UFC Fight Night: Rozenstruik vs. Gaziev,main_card,2,co_main,False,False
13446,1029,UFC Fight Night: Rozenstruik vs. Gaziev,main_card,3,main_card,False,False
13447,1029,UFC Fight Night: Rozenstruik vs. Gaziev,main_card,4,main_card,False,False
13448,1029,UFC Fight Night: Rozenstruik vs. Gaziev,main_card,5,main_card,False,False
13449,1029,UFC Fight Night: Rozenstruik vs. Gaziev,prelims,1,prelims,False,False
13451,1029,UFC Fight Night: Rozenstruik vs. Gaziev,prelims,3,prelims,False,False
13452,1029,UFC Fight Night: Rozenstruik vs. Gaziev,prelims,4,prelims,False,False
13454,1029,UFC Fight Night: Rozenstruik vs. Gaziev,prelims,6,prelims,False,False
13450,1029,UFC Fight Night: Rozenstruik vs. Gaziev,,,,,True
13405,1023,UFC 299,main_card,1,main_event,True,False
13406,1023,UFC 299,main_card,2,co_main,False,True
13407,1023,UFC 299,main_card,3,main_card,False,False
13408,1023,UFC 299,main_card,4,main_card,False,False
13409,1023,UFC 299,main_card,5,main_card,False,False
13410,1023,UFC 299,prelims,1,prelims,False,False
13411,1023,UFC 299,prelims,2,prelims,False,False
13412,1023,UFC 299,prelims,3,prelims,False,False
13413,1023,UFC 299,prelims,4,prelims,False,False
13414,1023,UFC 299,early_prelims,1,early_prelims,False,False
13415,1023,UFC 299,early_prelims,2,early_prelims,False,False
13416,1023,UFC 299,early_prelims,3,early_prelims,False,False
13417,1023,UFC 299,early_prelims,4,early_prelims,False,False
13418,1023,UFC 299,early_prelims,5,early_prelims,False,False
13353,930,UFC Fight Night: Tuivasa vs. Tybura,main_card,1,main_event,False,False
13354,930,UFC Fight Night: Tuivasa vs. Tybura,main_card,2,co_main,False,False
13355,930,UFC Fight Night: Tuivasa vs. Tybura,main_card,3,main_card,False,False
13356,930,UFC Fight Night: Tuivasa vs. Tybura,main_card,4,main_card,False,False
13357,930,UFC Fight Night: Tuivasa vs. Tybura,main_card,5,main_card,False,False
13358,930,UFC Fight Night: Tuivasa vs. Tybura,main_card,6,main_card,False,False
13359,930,UFC Fight Night: Tuivasa vs. Tybura,prelims,1,prelims,False,False
13360,930,UFC Fight Night: Tuivasa vs. Tybura,prelims,2,prelims,False,False
13361,930,UFC Fight Night: Tuivasa vs. Tybura,prelims,3,prelims,False,False
13362,930,UFC Fight Night: Tuivasa vs. Tybura,prelims,4,prelims,False,False
13363,930,UFC Fight Night: Tuivasa vs. Tybura,prelims,5,prelims,False,False
13364,930,UFC Fight Night: Tuivasa vs. Tybura,prelims,6,prelims,False,False
13365,930,UFC Fight Night: Tuivasa vs. Tybura,prelims,7,prelims,False,False
13340,929,UFC on ESPN: Ribas vs. Namajunas,main_card,1,main_event,False,False
13341,929,UFC on ESPN: Ribas vs. Namajunas,main_card,2,co_main,False,False
13342,929,UFC on ESPN: Ribas vs. Namajunas,main_card,3,main_card,False,False
13343,929,UFC on ESPN: Ribas vs. Namajunas,main_card,4,main_card,False,False
13344,929,UFC on ESPN: Ribas vs. Namajunas,main_card,5,main_card,False,False
13345,929,UFC on ESPN: Ribas vs. Namajunas,main_card,6,main_card,False,False
13346,929,UFC on ESPN: Ribas vs. Namajunas,prelims,1,prelims,False,False
13347,929,UFC on ESPN: Ribas vs. Namajunas,prelims,2,prelims,False,False
13348,929,UFC on ESPN: Ribas vs. Namajunas,prelims,3,prelims,False,False
13349,929,UFC on ESPN: Ribas vs. Namajunas,prelims,4,prelims,False,True
13350,929,UFC on ESPN: Ribas vs. Namajunas,prelims,5,prelims,False,False
13351,929,UFC on ESPN: Ribas vs. Namajunas,prelims,6,prelims,False,False
13352,929,UFC on ESPN: Ribas vs. Namajunas,prelims,7,prelims,False,False
13366,938,UFC on ESPN: Blanchfield vs. Fiorot,main_card,1,main_event,False,False
13367,938,UFC on ESPN: Blanchfield vs. Fiorot,main_card,2,co_main,False,False
13368,938,UFC on ESPN: Blanchfield vs. Fiorot,main_card,3,main_card,False,False
13369,938,UFC on ESPN: Blanchfield vs. Fiorot,main_card,4,main_card,False,False
13370,938,UFC on ESPN: Blanchfield vs. Fiorot,main_card,5,main_card,False,False
13371,938,UFC on ESPN: Blanchfield vs. Fiorot,main_card,6,main_card,False,False
13372,938,UFC on ESPN: Blanchfield vs. Fiorot,prelims,1,prelims,False,False
13374,938,UFC on ESPN: Blanchfield vs. Fiorot,prelims,3,prelims,False,False
13375,938,UFC on ESPN: Blanchfield vs. Fiorot,prelims,4,prelims,False,False
13376,938,UFC on ESPN: Blanchfield vs. Fiorot,prelims,5,prelims,False,True
13377,938,UFC on ESPN: Blanchfield vs. Fiorot,prelims,6,prelims,False,False
13378,938,UFC on ESPN: Blanchfield vs. Fiorot,prelims,7,prelims,False,False
13312,913,UFC Fight Night: Allen vs. Curtis 2,main_card,1,main_event,False,False
13313,913,UFC Fight Night: Allen vs. Curtis 2,main_card,2,co_main,False,False
13315,913,UFC Fight Night: Allen vs. Curtis 2,main_card,4,main_card,False,False
13316,913,UFC Fight Night: Allen vs. Curtis 2,main_card,5,main_card,False,False
13317,913,UFC Fight Night: Allen vs. Curtis 2,prelims,1,prelims,False,False
13319,913,UFC Fight Night: Allen vs. Curtis 2,prelims,3,prelims,False,False
13320,913,UFC Fight Night: Allen vs. Curtis 2,prelims,4,prelims,False,False
13321,913,UFC Fight Night: Allen vs. Curtis 2,prelims,5,prelims,False,False
13322,913,UFC Fight Night: Allen vs. Curtis 2,prelims,6,prelims,False,False
13323,913,UFC Fight Night: Allen vs. Curtis 2,prelims,7,prelims,False,False
13314,913,UFC Fight Night: Allen vs. Curtis 2,,,,,True
13324,922,UFC 300,main_card,1,main_event,True,False
13325,922,UFC 300,main_card,2,co_main,True,False
13326,922,UFC 300,main_card,3,main_card,True,True
13327,922,UFC 300,main_card,4,main_card,False,False
13328,922,UFC 300,main_card,5,main_card,False,False
13329,922,UFC 300,prelims,1,prelims,False,False
13330,922,UFC 300,prelims,2,prelims,False,False
13331,922,UFC 300,prelims,3,prelims,False,False
13332,922,UFC 300,prelims,4,prelims,False,False
13334,922,UFC 300,early_prelims,2,early_prelims,False,False
13336,922,UFC 300,early_prelims,4,early_prelims,False,False
13299,889,UFC on ESPN: Nicolau vs. Perez,main_card,1,main_event,False,False
13300,889,UFC on ESPN: Nicolau vs. Perez,main_card,2,co_main,False,False
13301,889,UFC on ESPN: Nicolau vs. Perez,main_card,3,main_card,False,False
13302,889,UFC on ESPN: Nicolau vs. Perez,main_card,4,main_card,False,False
13303,889,UFC on ESPN: Nicolau vs. Perez,main_card,5,main_card,False,False
13304,889,UFC on ESPN: Nicolau vs. Perez,main_card,6,main_card,False,False
13305,889,UFC on ESPN: Nicolau vs. Perez,prelims,1,prelims,False,False
13306,889,UFC on ESPN: Nicolau vs. Perez,prelims,2,prelims,False,False
13307,889,UFC on ESPN: Nicolau vs. Perez,prelims,3,prelims,False,False
13308,889,UFC on ESPN: Nicolau vs. Perez,prelims,4,prelims,False,False
13309,889,UFC on ESPN: Nicolau vs. Perez,prelims,5,prelims,False,False
13310,889,UFC on ESPN: Nicolau vs. Perez,prelims,6,prelims,False,False
13311,889,UFC on ESPN: Nicolau vs. Perez,prelims,7,prelims,False,False
13286,888,UFC 301,main_card,1,main_event,True,False
13287,888,UFC 301,main_card,2,co_main,False,False
13288,888,UFC 301,main_card,3,main_card,False,False
13289,888,UFC 301,main_card,4,main_card,False,False
13290,888,UFC 301,main_card,5,main_card,False,False
13291,888,UFC 301,prelims,1,prelims,False,False
13292,888,UFC 301,prelims,2,prelims,False,False
13293,888,UFC 301,prelims,3,prelims,False,False
13294,888,UFC 301,prelims,4,prelims,False,False
13295,888,UFC 301,early_prelims,1,early_prelims,False,False
13296,888,UFC 301,early_prelims,2,early_prelims,False,False
13297,888,UFC 301,early_prelims,3,early_prelims,False,False
13298,888,UFC 301,early_prelims,4,early_prelims,False,False
13238,870,UFC on ESPN: Lewis vs. Nascimento,main_card,1,main_event,False,False
13239,870,UFC on ESPN: Lewis vs. Nascimento,main_card,2,co_main,False,False
13240,870,UFC on ESPN: Lewis vs. Nascimento,main_card,3,main_card,False,False
13241,870,UFC on ESPN: Lewis vs. Nascimento,main_card,4,main_card,False,False
13242,870,UFC on ESPN: Lewis vs. Nascimento,main_card,5,main_card,False,False
13243,870,UFC on ESPN: Lewis vs. Nascimento,main_card,6,main_card,False,False
13244,870,UFC on ESPN: Lewis vs. Nascimento,prelims,1,prelims,False,False
13245,870,UFC on ESPN: Lewis vs. Nascimento,prelims,2,prelims,False,False
13246,870,UFC on ESPN: Lewis vs. Nascimento,prelims,3,prelims,False,False
13247,870,UFC on ESPN: Lewis vs. Nascimento,prelims,4,prelims,False,True
13248,870,UFC on ESPN: Lewis vs. Nascimento,prelims,5,prelims,False,False
13250,871,UFC Fight Night: Barboza vs. Murphy,main_card,1,main_event,False,True
13252,871,UFC Fight Night: Barboza vs. Murphy,main_card,3,main_card,False,False
13253,871,UFC Fight Night: Barboza vs. Murphy,main_card,4,main_card,False,False
13254,871,UFC Fight Night: Barboza vs. Murphy,main_card,5,main_card,False,False
13255,871,UFC Fight Night: Barboza vs. Murphy,prelims,1,prelims,False,False
13257,871,UFC Fight Night: Barboza vs. Murphy,prelims,3,prelims,False,False
13258,871,UFC Fight Night: Barboza vs. Murphy,prelims,4,prelims,False,False
13259,871,UFC Fight Night: Barboza vs. Murphy,prelims,5,prelims,False,False
13260,871,UFC Fight Night: Barboza vs. Murphy,prelims,6,prelims,False,False
13261,871,UFC Fight Night: Barboza vs. Murphy,prelims,7,prelims,False,False
13226,869,UFC 302,main_card,1,main_event,True,True
13227,869,UFC 302,main_card,2,co_main,False,False
13228,869,UFC 302,main_card,3,main_card,False,False
13229,869,UFC 302,main_card,4,main_card,False,False
13230,869,UFC 302,main_card,5,main_card,False,False
13231,869,UFC 302,prelims,1,prelims,False,False
13232,869,UFC 302,prelims,2,prelims,False,False
13233,869,UFC 302,prelims,3,prelims,False,False
13234,869,UFC 302,prelims,4,prelims,False,False
13235,869,UFC 302,early_prelims,1,early_prelims,False,False
13236,869,UFC 302,early_prelims,2,early_prelims,False,False
13237,869,UFC 302,early_prelims,3,early_prelims,False,False
13188,825,UFC on ESPN: Cannonier vs. Imavov,main_card,1,main_event,False,False
13189,825,UFC on ESPN: Cannonier vs. Imavov,main_card,2,co_main,False,False
13190,825,UFC on ESPN: Cannonier vs. Imavov,main_card,3,main_card,False,False
13191,825,UFC on ESPN: Cannonier vs. Imavov,main_card,4,main_card,False,False
13192,825,UFC on ESPN: Cannonier vs. Imavov,main_card,5,main_card,False,False
13193,825,UFC on ESPN: Cannonier vs. Imavov,main_card,6,main_card,False,False
13194,825,UFC on ESPN: Cannonier vs. Imavov,prelims,1,prelims,False,False
13195,825,UFC on ESPN: Cannonier vs. Imavov,prelims,2,prelims,False,False
13196,825,UFC on ESPN: Cannonier vs. Imavov,prelims,3,prelims,False,False
13197,825,UFC on ESPN: Cannonier vs. Imavov,prelims,4,prelims,False,False
13198,825,UFC on ESPN: Cannonier vs. Imavov,prelims,5,prelims,False,False
13199,825,UFC on ESPN: Cannonier vs. Imavov,prelims,6,prelims,False,False
13200,825,UFC on ESPN: Cannonier vs. Imavov,prelims,7,prelims,False,False
13201,825,UFC on ESPN: Cannonier vs. Imavov,prelims,8,prelims,False,False
13202,826,UFC on ESPN: Perez vs. Taira,main_card,1,main_event,False,False
13203,826,UFC on ESPN: Perez vs. Taira,main_card,2,co_main,False,False
13204,826,UFC on ESPN: Perez vs. Taira,main_card,3,main_card,False,False
13205,826,UFC on ESPN: Perez vs. Taira,main_card,4,main_card,False,False
13206,826,UFC on ESPN: Perez vs. Taira,main_card,5,main_card,False,False
13207,826,UFC on ESPN: Perez vs. Taira,main_card,6,main_card,False,False
13208,826,UFC on ESPN: Perez vs. Taira,prelims,1,prelims,False,False
13209,826,UFC on ESPN: Perez vs. Taira,prelims,2,prelims,False,True
13210,826,UFC on ESPN: Perez vs. Taira,prelims,3,prelims,False,False
13211,826,UFC on ESPN: Perez vs. Taira,prelims,4,prelims,False,False
13212,826,UFC on ESPN: Perez vs. Taira,prelims,5,prelims,False,False
13275,879,UFC on ABC: Whittaker vs. Aliskerov,main_card,1,main_event,False,False
13276,879,UFC on ABC: Whittaker vs. Aliskerov,main_card,2,co_main,False,False
13277,879,UFC on ABC: Whittaker vs. Aliskerov,main_card,3,main_card,False,False
13278,879,UFC on ABC: Whittaker vs. Aliskerov,main_card,4,main_card,False,False
13279,879,UFC on ABC: Whittaker vs. Aliskerov,main_card,5,main_card,False,False
13280,879,UFC on ABC: Whittaker vs. Aliskerov,prelims,1,prelims,False,False
13281,879,UFC on ABC: Whittaker vs. Aliskerov,prelims,2,prelims,False,False
13282,879,UFC on ABC: Whittaker vs. Aliskerov,prelims,3,prelims,False,False
13283,879,UFC on ABC: Whittaker vs. Aliskerov,prelims,4,prelims,False,False
13284,879,UFC on ABC: Whittaker vs. Aliskerov,prelims,5,prelims,False,False
13285,879,UFC on ABC: Whittaker vs. Aliskerov,prelims,6,prelims,False,False
13262,875,UFC 303,main_card,1,main_event,True,False
13263,875,UFC 303,main_card,2,co_main,False,False
13264,875,UFC 303,main_card,3,main_card,False,False
13265,875,UFC 303,main_card,4,main_card,False,False
13266,875,UFC 303,main_card,5,main_card,False,False
13267,875,UFC 303,prelims,1,prelims,False,False
13268,875,UFC 303,prelims,2,prelims,False,True
13269,875,UFC 303,prelims,3,prelims,False,False
13270,875,UFC 303,prelims,4,prelims,False,False
13271,875,UFC 303,early_prelims,1,early_prelims,False,False
13272,875,UFC 303,early_prelims,2,early_prelims,False,False
13273,875,UFC 303,early_prelims,3,early_prelims,False,False
13274,875,UFC 303,early_prelims,4,early_prelims,False,False
13164,820,UFC on ESPN: Namajunas vs. Cortez,main_card,1,main_event,False,False
13165,820,UFC on ESPN: Namajunas vs. Cortez,main_card,2,co_main,False,False
13166,820,UFC on ESPN: Namajunas vs. Cortez,main_card,3,main_card,False,True
13167,820,UFC on ESPN: Namajunas vs. Cortez,main_card,4,main_card,False,False
13168,820,UFC on ESPN: Namajunas vs. Cortez,main_card,5,main_card,False,False
13169,820,UFC on ESPN: Namajunas vs. Cortez,main_card,6,main_card,False,False
13170,820,UFC on ESPN: Namajunas vs. Cortez,prelims,1,prelims,False,False
13171,820,UFC on ESPN: Namajunas vs. Cortez,prelims,2,prelims,False,False
13172,820,UFC on ESPN: Namajunas vs. Cortez,prelims,3,prelims,False,False
13173,820,UFC on ESPN: Namajunas vs. Cortez,prelims,4,prelims,False,False
13174,820,UFC on ESPN: Namajunas vs. Cortez,prelims,5,prelims,False,False
13175,820,UFC on ESPN: Namajunas vs. Cortez,prelims,6,prelims,False,False
13111,795,UFC on ESPN: Lemos vs. Jandiroba,main_card,1,main_event,False,False
13112,795,UFC on ESPN: Lemos vs. Jandiroba,main_card,2,co_main,False,False
13113,795,UFC on ESPN: Lemos vs. Jandiroba,main_card,3,main_card,False,False
13114,795,UFC on ESPN: Lemos vs. Jandiroba,main_card,4,main_card,False,False
13115,795,UFC on ESPN: Lemos vs. Jandiroba,main_card,5,main_card,False,False
13116,795,UFC on ESPN: Lemos vs. Jandiroba,main_card,6,main_card,False,False
13117,795,UFC on ESPN: Lemos vs. Jandiroba,prelims,1,prelims,False,False
13118,795,UFC on ESPN: Lemos vs. Jandiroba,prelims,2,prelims,False,False
13119,795,UFC on ESPN: Lemos vs. Jandiroba,prelims,3,prelims,False,False
13120,795,UFC on ESPN: Lemos vs. Jandiroba,prelims,4,prelims,False,False
13121,795,UFC on ESPN: Lemos vs. Jandiroba,prelims,5,prelims,False,False
13122,796,UFC 304,main_card,1,main_event,True,False
13123,796,UFC 304,main_card,2,co_main,True,False
13124,796,UFC 304,main_card,3,main_card,False,False
13125,796,UFC 304,main_card,4,main_card,False,False
13126,796,UFC 304,main_card,5,main_card,False,False
13127,796,UFC 304,prelims,1,prelims,False,False
13128,796,UFC 304,prelims,2,prelims,False,False
13129,796,UFC 304,prelims,3,prelims,False,False
13130,796,UFC 304,prelims,4,prelims,False,False
13131,796,UFC 304,early_prelims,1,early_prelims,False,False
13132,796,UFC 304,early_prelims,2,early_prelims,False,False
13133,796,UFC 304,early_prelims,3,early_prelims,False,False
13135,796,UFC 304,early_prelims,5,early_prelims,False,False
13213,846,UFC on ABC: Sandhagen vs. Nurmagomedov,main_card,1,main_event,False,False
13214,846,UFC on ABC: Sandhagen vs. Nurmagomedov,main_card,2,co_main,False,True
13215,846,UFC on ABC: Sandhagen vs. Nurmagomedov,main_card,3,main_card,False,False
13216,846,UFC on ABC: Sandhagen vs. Nurmagomedov,main_card,4,main_card,False,False
13218,846,UFC on ABC: Sandhagen vs. Nurmagomedov,main_card,6,main_card,False,False
13219,846,UFC on ABC: Sandhagen vs. Nurmagomedov,prelims,1,prelims,False,False
13220,846,UFC on ABC: Sandhagen vs. Nurmagomedov,prelims,2,prelims,False,False
13221,846,UFC on ABC: Sandhagen vs. Nurmagomedov,prelims,3,prelims,False,False
13222,846,UFC on ABC: Sandhagen vs. Nurmagomedov,prelims,4,prelims,False,False
13223,846,UFC on ABC: Sandhagen vs. Nurmagomedov,prelims,5,prelims,False,False
13224,846,UFC on ABC: Sandhagen vs. Nurmagomedov,prelims,6,prelims,False,False
13225,846,UFC on ABC: Sandhagen vs. Nurmagomedov,prelims,7,prelims,False,False
13136,797,UFC on ESPN: Tybura vs. Spivac 2,main_card,1,main_event,False,False
13138,797,UFC on ESPN: Tybura vs. Spivac 2,main_card,3,main_card,False,False
13139,797,UFC on ESPN: Tybura vs. Spivac 2,main_card,4,main_card,False,False
13140,797,UFC on ESPN: Tybura vs. Spivac 2,main_card,5,main_card,False,False
13141,797,UFC on ESPN: Tybura vs. Spivac 2,main_card,6,main_card,False,False
13142,797,UFC on ESPN: Tybura vs. Spivac 2,prelims,1,prelims,False,False
13143,797,UFC on ESPN: Tybura vs. Spivac 2,prelims,2,prelims,False,False
13144,797,UFC on ESPN: Tybura vs. Spivac 2,prelims,3,prelims,False,False
13145,797,UFC on ESPN: Tybura vs. Spivac 2,prelims,4,prelims,False,False
13176,821,UFC 305,main_card,1,main_event,True,False
13177,821,UFC 305,main_card,2,co_main,False,False
13178,821,UFC 305,main_card,3,main_card,False,True
13179,821,UFC 305,main_card,4,main_card,False,False
13180,821,UFC 305,main_card,5,main_card,False,False
13181,821,UFC 305,prelims,1,prelims,False,False
13182,821,UFC 305,prelims,2,prelims,False,False
13183,821,UFC 305,prelims,3,prelims,False,False
13184,821,UFC 305,prelims,4,prelims,False,False
13185,821,UFC 305,early_prelims,1,early_prelims,False,False
13186,821,UFC 305,early_prelims,2,early_prelims,False,False
13187,821,UFC 305,early_prelims,3,early_prelims,False,False
13088,764,UFC on ESPN: Cannonier vs. Borralho,main_card,1,main_event,False,True
13089,764,UFC on ESPN: Cannonier vs. Borralho,main_card,2,co_main,False,False
13090,764,UFC on ESPN: Cannonier vs. Borralho,main_card,3,main_card,False,False
13091,764,UFC on ESPN: Cannonier vs. Borralho,main_card,4,main_card,False,False
13092,764,UFC on ESPN: Cannonier vs. Borralho,main_card,5,main_card,False,False
13093,764,UFC on ESPN: Cannonier vs. Borralho,main_card,6,main_card,False,False
13094,764,UFC on ESPN: Cannonier vs. Borralho,prelims,1,prelims,False,False
13095,764,UFC on ESPN: Cannonier vs. Borralho,prelims,2,prelims,False,False
13096,764,UFC on ESPN: Cannonier vs. Borralho,prelims,3,prelims,False,False
13097,764,UFC on ESPN: Cannonier vs. Borralho,prelims,4,prelims,False,False
13098,764,UFC on ESPN: Cannonier vs. Borralho,prelims,5,prelims,False,False
13099,771,UFC Fight Night: Burns vs. Brady,main_card,1,main_event,False,False
13100,771,UFC Fight Night: Burns vs. Brady,main_card,2,co_main,False,True
13101,771,UFC Fight Night: Burns vs. Brady,main_card,3,main_card,False,False
13102,771,UFC Fight Night: Burns vs. Brady,main_card,4,main_card,False,False
13103,771,UFC Fight Night: Burns vs. Brady,main_card,5,main_card,False,False
13104,771,UFC Fight Night: Burns vs. Brady,prelims,1,prelims,False,False
13105,771,UFC Fight Night: Burns vs. Brady,prelims,2,prelims,False,False
13106,771,UFC Fight Night: Burns vs. Brady,prelims,3,prelims,False,False
13107,771,UFC Fight Night: Burns vs. Brady,prelims,4,prelims,False,False
13108,771,UFC Fight Night: Burns vs. Brady,prelims,5,prelims,False,False
13109,771,UFC Fight Night: Burns vs. Brady,prelims,6,prelims,False,False
13110,771,UFC Fight Night: Burns vs. Brady,prelims,7,prelims,False,False
5861,921,UFC 306,main_card,1,main_event,True,False
5862,921,UFC 306,main_card,2,co_main,True,False
5863,921,UFC 306,main_card,3,main_card,False,False
5864,921,UFC 306,main_card,4,main_card,False,True
5865,921,UFC 306,main_card,5,main_card,False,False
5866,921,UFC 306,prelims,1,prelims,False,False
5867,921,UFC 306,prelims,2,prelims,False,False
5868,921,UFC 306,prelims,3,prelims,False,False
5869,921,UFC 306,prelims,4,prelims,False,False
5870,921,UFC 306,early_prelims,1,early_prelims,False,False
5815,827,UFC Fight Night: Moicano vs. Saint Denis,main_card,2,co_main,False,False
5816,827,UFC Fight Night: Moicano vs. Saint Denis,main_card,3,main_card,False,False
5817,827,UFC Fight Night: Moicano vs. Saint Denis,main_card,4,main_card,False,False
5818,827,UFC Fight Night: Moicano vs. Saint Denis,main_card,5,main_card,False,False
5819,827,UFC Fight Night: Moicano vs. Saint Denis,main_card,6,main_card,False,False
5820,827,UFC Fight Night: Moicano vs. Saint Denis,prelims,1,prelims,False,False
5821,827,UFC Fight Night: Moicano vs. Saint Denis,prelims,2,prelims,False,False
5822,827,UFC Fight Night: Moicano vs. Saint Denis,prelims,3,prelims,False,False
5823,827,UFC Fight Night: Moicano vs. Saint Denis,prelims,4,prelims,False,False
5824,827,UFC Fight Night: Moicano vs. Saint Denis,prelims,5,prelims,False,False
5825,827,UFC Fight Night: Moicano vs. Saint Denis,prelims,6,prelims,False,False
5826,827,UFC Fight Night: Moicano vs. Saint Denis,prelims,7,prelims,False,False
5827,827,UFC Fight Night: Moicano vs. Saint Denis,prelims,8,prelims,False,False
5766,770,UFC 307,main_card,1,main_event,True,True
5767,770,UFC 307,main_card,2,co_main,True,False
5768,770,UFC 307,main_card,3,main_card,False,False
5769,770,UFC 307,main_card,4,main_card,False,False
5770,770,UFC 307,main_card,5,main_card,False,False
5771,770,UFC 307,prelims,1,prelims,False,False
5772,770,UFC 307,prelims,2,prelims,False,False
5773,770,UFC 307,prelims,3,prelims,False,False
5774,770,UFC 307,prelims,4,prelims,False,False
5775,770,UFC 307,early_prelims,1,early_prelims,False,False
5776,770,UFC 307,early_prelims,2,early_prelims,False,False
5777,770,UFC 307,early_prelims,3,early_prelims,False,False
5645,735,UFC Fight Night: Royval vs. Taira,main_card,1,main_event,False,True
5646,735,UFC Fight Night: Royval vs. Taira,main_card,2,co_main,False,False
5647,735,UFC Fight Night: Royval vs. Taira,main_card,3,main_card,False,False
5648,735,UFC Fight Night: Royval vs. Taira,main_card,4,main_card,False,False
5649,735,UFC Fight Night: Royval vs. Taira,main_card,5,main_card,False,False
5650,735,UFC Fight Night: Royval vs. Taira,prelims,1,prelims,False,False
5651,735,UFC Fight Night: Royval vs. Taira,prelims,2,prelims,False,False
5652,735,UFC Fight Night: Royval vs. Taira,prelims,3,prelims,False,False
5653,735,UFC Fight Night: Royval vs. Taira,prelims,4,prelims,False,False
5654,735,UFC Fight Night: Royval vs. Taira,prelims,5,prelims,False,False
5655,735,UFC Fight Night: Royval vs. Taira,prelims,6,prelims,False,False
5656,735,UFC Fight Night: Royval vs. Taira,prelims,7,prelims,False,False
5585,727,UFC Fight Night: Hernandez vs. Pereira,main_card,1,main_event,False,False
5586,727,UFC Fight Night: Hernandez vs. Pereira,main_card,2,co_main,False,False
5587,727,UFC Fight Night: Hernandez vs. Pereira,main_card,3,main_card,False,False
5588,727,UFC Fight Night: Hernandez vs. Pereira,main_card,4,main_card,False,False
5589,727,UFC Fight Night: Hernandez vs. Pereira,main_card,5,main_card,False,True
5590,727,UFC Fight Night: Hernandez vs. Pereira,prelims,1,prelims,False,False
5591,727,UFC Fight Night: Hernandez vs. Pereira,prelims,2,prelims,False,False
5592,727,UFC Fight Night: Hernandez vs. Pereira,prelims,3,prelims,False,False
5593,727,UFC Fight Night: Hernandez vs. Pereira,prelims,4,prelims,False,False
5594,727,UFC Fight Night: Hernandez vs. Pereira,prelims,5,prelims,False,False
5595,727,UFC Fight Night: Hernandez vs. Pereira,prelims,6,prelims,False,False
5790,811,UFC 308,main_card,1,main_event,True,False
5791,811,UFC 308,main_card,2,co_main,False,False
5792,811,UFC 308,main_card,3,main_card,False,False
5793,811,UFC 308,main_card,4,main_card,False,False
5794,811,UFC 308,main_card,5,main_card,False,False
5795,811,UFC 308,prelims,1,prelims,False,False
5796,811,UFC 308,prelims,2,prelims,False,False
5797,811,UFC 308,prelims,3,prelims,False,True
5798,811,UFC 308,prelims,4,prelims,False,False
5799,811,UFC 308,prelims,5,prelims,False,False
5800,811,UFC 308,prelims,6,prelims,False,False
5801,811,UFC 308,prelims,7,prelims,False,False
5802,811,UFC 308,prelims,8,prelims,False,False
5538,722,UFC Fight Night: Moreno vs. Albazi,main_card,1,main_event,False,False
5539,722,UFC Fight Night: Moreno vs. Albazi,main_card,2,co_main,False,False
5540,722,UFC Fight Night: Moreno vs. Albazi,main_card,3,main_card,False,False
5541,722,UFC Fight Night: Moreno vs. Albazi,main_card,4,main_card,False,False
5542,722,UFC Fight Night: Moreno vs. Albazi,main_card,5,main_card,False,False
5543,722,UFC Fight Night: Moreno vs. Albazi,main_card,6,main_card,False,False
5544,722,UFC Fight Night: Moreno vs. Albazi,prelims,1,prelims,False,False
5545,722,UFC Fight Night: Moreno vs. Albazi,prelims,2,prelims,False,False
5546,722,UFC Fight Night: Moreno vs. Albazi,prelims,3,prelims,False,False
5547,722,UFC Fight Night: Moreno vs. Albazi,prelims,4,prelims,False,False
5548,722,UFC Fight Night: Moreno vs. Albazi,prelims,5,prelims,False,False
5549,722,UFC Fight Night: Moreno vs. Albazi,prelims,6,prelims,False,False
5550,722,UFC Fight Night: Moreno vs. Albazi,prelims,7,prelims,False,False
5485,718,UFC Fight Night: Magny vs. Prates,main_card,1,main_event,False,False
5486,718,UFC Fight Night: Magny vs. Prates,main_card,2,co_main,False,False
5487,718,UFC Fight Night: Magny vs. Prates,main_card,3,main_card,False,False
5488,718,UFC Fight Night: Magny vs. Prates,main_card,4,main_card,False,False
5489,718,UFC Fight Night: Magny vs. Prates,main_card,5,main_card,False,False
5490,718,UFC Fight Night: Magny vs. Prates,prelims,1,prelims,False,False
5491,718,UFC Fight Night: Magny vs. Prates,prelims,2,prelims,False,False
5492,718,UFC Fight Night: Magny vs. Prates,prelims,3,prelims,False,False
5493,718,UFC Fight Night: Magny vs. Prates,prelims,4,prelims,False,False
5494,718,UFC Fight Night: Magny vs. Prates,prelims,5,prelims,False,False
5473,717,UFC 309,main_card,1,main_event,True,False
5474,717,UFC 309,main_card,2,co_main,False,True
5475,717,UFC 309,main_card,3,main_card,False,False
5476,717,UFC 309,main_card,4,main_card,False,False
5477,717,UFC 309,main_card,5,main_card,False,False
5478,717,UFC 309,prelims,1,prelims,False,False
5479,717,UFC 309,prelims,2,prelims,False,False
5480,717,UFC 309,prelims,3,prelims,False,False
5481,717,UFC 309,prelims,4,prelims,False,False
5482,717,UFC 309,early_prelims,1,early_prelims,False,False
5483,717,UFC 309,early_prelims,2,early_prelims,False,False
5484,717,UFC 309,early_prelims,3,early_prelims,False,False
5439,712,UFC Fight Night: Yan vs. Figueiredo,main_card,1,main_event,False,False
5440,712,UFC Fight Night: Yan vs. Figueiredo,main_card,2,co_main,False,False
5441,712,UFC Fight Night: Yan vs. Figueiredo,main_card,3,main_card,False,False
5442,712,UFC Fight Night: Yan vs. Figueiredo,main_card,4,main_card,False,False
5443,712,UFC Fight Night: Yan vs. Figueiredo,main_card,5,main_card,False,False
5445,712,UFC Fight Night: Yan vs. Figueiredo,prelims,1,prelims,False,False
5446,712,UFC Fight Night: Yan vs. Figueiredo,prelims,2,prelims,False,False
5447,712,UFC Fight Night: Yan vs. Figueiredo,prelims,3,prelims,False,False
5448,712,UFC Fight Night: Yan vs. Figueiredo,prelims,4,prelims,False,False
5449,712,UFC Fight Night: Yan vs. Figueiredo,prelims,5,prelims,False,False
5450,712,UFC Fight Night: Yan vs. Figueiredo,prelims,6,prelims,False,False
5451,712,UFC Fight Night: Yan vs. Figueiredo,prelims,7,prelims,False,False
5657,736,UFC 310,main_card,1,main_event,True,False
5658,736,UFC 310,main_card,2,co_main,False,False
5659,736,UFC 310,main_card,3,main_card,False,False
5660,736,UFC 310,main_card,4,main_card,False,False
5661,736,UFC 310,main_card,5,main_card,False,False
5662,736,UFC 310,prelims,1,prelims,False,False
5663,736,UFC 310,prelims,2,prelims,False,False
5664,736,UFC 310,prelims,3,prelims,False,False
5665,736,UFC 310,prelims,4,prelims,False,False
5666,736,UFC 310,early_prelims,1,early_prelims,False,False
5667,736,UFC 310,early_prelims,2,early_prelims,False,False
5668,736,UFC 310,early_prelims,3,early_prelims,False,False
5669,736,UFC 310,early_prelims,4,early_prelims,False,False
5426,711,UFC on ESPN: Covington vs. Buckley,main_card,1,main_event,False,False
5427,711,UFC on ESPN: Covington vs. Buckley,main_card,2,co_main,False,True
5428,711,UFC on ESPN: Covington vs. Buckley,main_card,3,main_card,False,False
5429,711,UFC on ESPN: Covington vs. Buckley,main_card,4,main_card,False,False
5430,711,UFC on ESPN: Covington vs. Buckley,main_card,5,main_card,False,False
5432,711,UFC on ESPN: Covington vs. Buckley,prelims,1,prelims,False,False
5433,711,UFC on ESPN: Covington vs. Buckley,prelims,2,prelims,False,False
5434,711,UFC on ESPN: Covington vs. Buckley,prelims,3,prelims,False,False
5435,711,UFC on ESPN: Covington vs. Buckley,prelims,4,prelims,False,False
5436,711,UFC on ESPN: Covington vs. Buckley,prelims,5,prelims,False,False
5437,711,UFC on ESPN: Covington vs. Buckley,prelims,6,prelims,False,False
5438,711,UFC on ESPN: Covington vs. Buckley,prelims,7,prelims,False,False
5237,689,UFC Fight Night: Dern vs. Ribas 2,main_card,1,main_event,False,False
5238,689,UFC Fight Night: Dern vs. Ribas 2,main_card,2,co_main,False,False
5239,689,UFC Fight Night: Dern vs. Ribas 2,main_card,3,main_card,False,False
5240,689,UFC Fight Night: Dern vs. Ribas 2,main_card,4,main_card,False,True
5241,689,UFC Fight Night: Dern vs. Ribas 2,main_card,5,main_card,False,False
5242,689,UFC Fight Night: Dern vs. Ribas 2,main_card,6,main_card,False,False
5243,689,UFC Fight Night: Dern vs. Ribas 2,prelims,1,prelims,False,False
5244,689,UFC Fight Night: Dern vs. Ribas 2,prelims,2,prelims,False,False
5245,689,UFC Fight Night: Dern vs. Ribas 2,prelims,3,prelims,False,False
5246,689,UFC Fight Night: Dern vs. Ribas 2,prelims,4,prelims,False,False
5247,689,UFC Fight Night: Dern vs. Ribas 2,prelims,5,prelims,False,False
5248,689,UFC Fight Night: Dern vs. Ribas 2,prelims,6,prelims,False,False
5249,689,UFC Fight Night: Dern vs. Ribas 2,prelims,7,prelims,False,False
5250,689,UFC Fight Night: Dern vs. Ribas 2,prelims,8,prelims,False,False
5188,676,UFC 311,main_card,2,co_main,True,True
5189,676,UFC 311,main_card,3,main_card,False,False
5190,676,UFC 311,main_card,4,main_card,False,False
5191,676,UFC 311,main_card,5,main_card,False,False
5192,676,UFC 311,prelims,1,prelims,False,False
5193,676,UFC 311,prelims,2,prelims,False,False
5194,676,UFC 311,prelims,3,prelims,False,False
5195,676,UFC 311,prelims,4,prelims,False,False
5196,676,UFC 311,early_prelims,1,early_prelims,False,False
5197,676,UFC 311,early_prelims,2,early_prelims,False,False
5199,676,UFC 311,early_prelims,4,early_prelims,False,False
5047,663,UFC Fight Night: Adesanya vs. Imavov,main_card,1,main_event,False,False
5048,663,UFC Fight Night: Adesanya vs. Imavov,main_card,2,co_main,False,False
5049,663,UFC Fight Night: Adesanya vs. Imavov,main_card,3,main_card,False,False
5050,663,UFC Fight Night: Adesanya vs. Imavov,main_card,4,main_card,False,True
5051,663,UFC Fight Night: Adesanya vs. Imavov,main_card,5,main_card,False,False
5052,663,UFC Fight Night: Adesanya vs. Imavov,prelims,1,prelims,False,False
5053,663,UFC Fight Night: Adesanya vs. Imavov,prelims,2,prelims,False,False
5054,663,UFC Fight Night: Adesanya vs. Imavov,prelims,3,prelims,False,False
5055,663,UFC Fight Night: Adesanya vs. Imavov,prelims,4,prelims,False,False
5056,663,UFC Fight Night: Adesanya vs. Imavov,prelims,5,prelims,False,False
5057,663,UFC Fight Night: Adesanya vs. Imavov,prelims,6,prelims,False,False
5092,667,UFC 312,main_card,1,main_event,True,False
5093,667,UFC 312,main_card,2,co_main,True,False
5094,667,UFC 312,main_card,3,main_card,False,False
5095,667,UFC 312,main_card,4,main_card,False,False
5096,667,UFC 312,main_card,5,main_card,False,False
5097,667,UFC 312,prelims,1,prelims,False,False
5098,667,UFC 312,prelims,2,prelims,False,False
5099,667,UFC 312,prelims,3,prelims,False,False
5100,667,UFC 312,prelims,4,prelims,False,False
5101,667,UFC 312,early_prelims,1,early_prelims,False,True
5102,667,UFC 312,early_prelims,2,early_prelims,False,False
5103,667,UFC 312,early_prelims,3,early_prelims,False,False
4925,650,UFC Fight Night: Cannonier vs. Rodrigues,main_card,1,main_event,False,True
4926,650,UFC Fight Night: Cannonier vs. Rodrigues,main_card,2,co_main,False,False
4927,650,UFC Fight Night: Cannonier vs. Rodrigues,main_card,3,main_card,False,False
4928,650,UFC Fight Night: Cannonier vs. Rodrigues,main_card,4,main_card,False,False
4929,650,UFC Fight Night: Cannonier vs. Rodrigues,main_card,5,main_card,False,False
4930,650,UFC Fight Night: Cannonier vs. Rodrigues,prelims,1,prelims,False,False
4931,650,UFC Fight Night: Cannonier vs. Rodrigues,prelims,2,prelims,False,False
4932,650,UFC Fight Night: Cannonier vs. Rodrigues,prelims,3,prelims,False,False
4934,650,UFC Fight Night: Cannonier vs. Rodrigues,prelims,5,prelims,False,False
4935,650,UFC Fight Night: Cannonier vs. Rodrigues,prelims,6,prelims,False,False
4936,650,UFC Fight Night: Cannonier vs. Rodrigues,prelims,7,prelims,False,False
4937,651,UFC Fight Night: Cejudo vs. Song,main_card,1,main_event,False,False
4938,651,UFC Fight Night: Cejudo vs. Song,main_card,2,co_main,False,False
4939,651,UFC Fight Night: Cejudo vs. Song,main_card,3,main_card,False,False
4940,651,UFC Fight Night: Cejudo vs. Song,main_card,4,main_card,False,False
4941,651,UFC Fight Night: Cejudo vs. Song,main_card,5,main_card,False,True
4942,651,UFC Fight Night: Cejudo vs. Song,prelims,1,prelims,False,False
4943,651,UFC Fight Night: Cejudo vs. Song,prelims,2,prelims,False,False
4944,651,UFC Fight Night: Cejudo vs. Song,prelims,3,prelims,False,False
4945,651,UFC Fight Night: Cejudo vs. Song,prelims,4,prelims,False,False
4946,651,UFC Fight Night: Cejudo vs. Song,prelims,5,prelims,False,False
4947,651,UFC Fight Night: Cejudo vs. Song,prelims,6,prelims,False,False
4948,651,UFC Fight Night: Cejudo vs. Song,prelims,7,prelims,False,False
4949,652,UFC Fight Night: Kape vs. Almabayev,main_card,1,main_event,False,False
4950,652,UFC Fight Night: Kape vs. Almabayev,main_card,2,co_main,False,False
4951,652,UFC Fight Night: Kape vs. Almabayev,main_card,3,main_card,False,True
4952,652,UFC Fight Night: Kape vs. Almabayev,main_card,4,main_card,False,False
4953,652,UFC Fight Night: Kape vs. Almabayev,main_card,5,main_card,False,False
4954,652,UFC Fight Night: Kape vs. Almabayev,prelims,1,prelims,False,False
4956,652,UFC Fight Night: Kape vs. Almabayev,prelims,3,prelims,False,False
4958,652,UFC Fight Night: Kape vs. Almabayev,prelims,5,prelims,False,False
4900,647,UFC 313,main_card,1,main_event,True,False
4901,647,UFC 313,main_card,2,co_main,False,True
4902,647,UFC 313,main_card,3,main_card,False,False
4903,647,UFC 313,main_card,4,main_card,False,False
4904,647,UFC 313,main_card,5,main_card,False,False
4905,647,UFC 313,prelims,1,prelims,False,False
4906,647,UFC 313,prelims,2,prelims,False,False
4907,647,UFC 313,prelims,3,prelims,False,False
4908,647,UFC 313,prelims,4,prelims,False,False
4887,646,UFC Fight Night: Vettori vs. Dolidze 2,main_card,1,main_event,False,False
4888,646,UFC Fight Night: Vettori vs. Dolidze 2,main_card,2,co_main,False,False
4889,646,UFC Fight Night: Vettori vs. Dolidze 2,main_card,3,main_card,False,False
4890,646,UFC Fight Night: Vettori vs. Dolidze 2,main_card,4,main_card,False,False
4891,646,UFC Fight Night: Vettori vs. Dolidze 2,main_card,5,main_card,False,False
4892,646,UFC Fight Night: Vettori vs. Dolidze 2,main_card,6,main_card,False,False
4893,646,UFC Fight Night: Vettori vs. Dolidze 2,prelims,1,prelims,False,False
4895,646,UFC Fight Night: Vettori vs. Dolidze 2,prelims,3,prelims,False,False
4896,646,UFC Fight Night: Vettori vs. Dolidze 2,prelims,4,prelims,False,False
4897,646,UFC Fight Night: Vettori vs. Dolidze 2,prelims,5,prelims,False,False
4898,646,UFC Fight Night: Vettori vs. Dolidze 2,prelims,6,prelims,False,False
4899,646,UFC Fight Night: Vettori vs. Dolidze 2,prelims,7,prelims,False,False
4910,648,UFC Fight Night: Edwards vs. Brady,main_card,1,main_event,False,False
4912,648,UFC Fight Night: Edwards vs. Brady,main_card,3,main_card,False,False
4913,648,UFC Fight Night: Edwards vs. Brady,main_card,4,main_card,False,False
4914,648,UFC Fight Night: Edwards vs. Brady,main_card,5,main_card,False,False
4915,648,UFC Fight Night: Edwards vs. Brady,main_card,6,main_card,False,False
4916,648,UFC Fight Night: Edwards vs. Brady,prelims,1,prelims,False,False
4917,648,UFC Fight Night: Edwards vs. Brady,prelims,2,prelims,False,False
4918,648,UFC Fight Night: Edwards vs. Brady,prelims,3,prelims,False,False
4919,648,UFC Fight Night: Edwards vs. Brady,prelims,4,prelims,False,False
4920,648,UFC Fight Night: Edwards vs. Brady,prelims,5,prelims,False,False
4921,648,UFC Fight Night: Edwards vs. Brady,prelims,6,prelims,False,False
4922,648,UFC Fight Night: Edwards vs. Brady,prelims,7,prelims,False,False
4875,645,UFC on ESPN: Moreno vs. Erceg,main_card,1,main_event,False,False
4876,645,UFC on ESPN: Moreno vs. Erceg,main_card,2,co_main,False,False
4877,645,UFC on ESPN: Moreno vs. Erceg,main_card,3,main_card,False,False
4878,645,UFC on ESPN: Moreno vs. Erceg,main_card,4,main_card,False,False
4879,645,UFC on ESPN: Moreno vs. Erceg,main_card,5,main_card,False,False
4880,645,UFC on ESPN: Moreno vs. Erceg,main_card,6,main_card,False,False
4881,645,UFC on ESPN: Moreno vs. Erceg,prelims,1,prelims,False,False
4882,645,UFC on ESPN: Moreno vs. Erceg,prelims,2,prelims,False,False
4884,645,UFC on ESPN: Moreno vs. Erceg,prelims,4,prelims,False,False
4885,645,UFC on ESPN: Moreno vs. Erceg,prelims,5,prelims,False,False
4886,645,UFC on ESPN: Moreno vs. Erceg,prelims,6,prelims,False,False
4664,620,UFC on ESPN: Emmett vs. Murphy,main_card,1,main_event,False,False
4665,620,UFC on ESPN: Emmett vs. Murphy,main_card,2,co_main,False,False
4666,620,UFC on ESPN: Emmett vs. Murphy,main_card,3,main_card,False,False
4667,620,UFC on ESPN: Emmett vs. Murphy,main_card,4,main_card,False,False
4668,620,UFC on ESPN: Emmett vs. Murphy,main_card,5,main_card,False,False
4669,620,UFC on ESPN: Emmett vs. Murphy,main_card,6,main_card,False,False
4670,620,UFC on ESPN: Emmett vs. Murphy,prelims,1,prelims,False,False
4671,620,UFC on ESPN: Emmett vs. Murphy,prelims,2,prelims,False,False
4673,620,UFC on ESPN: Emmett vs. Murphy,prelims,4,prelims,False,False
4674,620,UFC on ESPN: Emmett vs. Murphy,prelims,5,prelims,False,False
4675,620,UFC on ESPN: Emmett vs. Murphy,prelims,6,prelims,False,False
4249,546,UFC 314,main_card,1,main_event,True,True
4250,546,UFC 314,main_card,2,co_main,False,False
4252,546,UFC 314,main_card,4,main_card,False,False
4253,546,UFC 314,main_card,5,main_card,False,False
4254,546,UFC 314,prelims,1,prelims,False,False
4255,546,UFC 314,prelims,2,prelims,False,False
4256,546,UFC 314,prelims,3,prelims,False,False
4257,546,UFC 314,prelims,4,prelims,False,False
4258,546,UFC 314,early_prelims,1,early_prelims,False,False
4259,546,UFC 314,early_prelims,2,early_prelims,False,False
4260,546,UFC 314,early_prelims,3,early_prelims,False,False
4261,546,UFC 314,early_prelims,4,early_prelims,False,False
4065,527,UFC on ESPN: Machado Garry vs. Prates,main_card,1,main_event,False,False
4066,527,UFC on ESPN: Machado Garry vs. Prates,main_card,2,co_main,False,False
4067,527,UFC on ESPN: Machado Garry vs. Prates,main_card,3,main_card,False,False
4068,527,UFC on ESPN: Machado Garry vs. Prates,main_card,4,main_card,False,False
4069,527,UFC on ESPN: Machado Garry vs. Prates,main_card,5,main_card,False,True
4070,527,UFC on ESPN: Machado Garry vs. Prates,main_card,6,main_card,False,False
4071,527,UFC on ESPN: Machado Garry vs. Prates,prelims,1,prelims,False,False
4072,527,UFC on ESPN: Machado Garry vs. Prates,prelims,2,prelims,False,False
4073,527,UFC on ESPN: Machado Garry vs. Prates,prelims,3,prelims,False,False
4074,527,UFC on ESPN: Machado Garry vs. Prates,prelims,4,prelims,False,False
4075,527,UFC on ESPN: Machado Garry vs. Prates,prelims,5,prelims,False,False
4076,527,UFC on ESPN: Machado Garry vs. Prates,prelims,6,prelims,False,False
4077,527,UFC on ESPN: Machado Garry vs. Prates,prelims,7,prelims,False,False
4078,527,UFC on ESPN: Machado Garry vs. Prates,prelims,8,prelims,False,False
4029,523,UFC on ESPN: Sandhagen vs. Figueiredo,main_card,1,main_event,False,False
4030,523,UFC on ESPN: Sandhagen vs. Figueiredo,main_card,2,co_main,False,False
4031,523,UFC on ESPN: Sandhagen vs. Figueiredo,main_card,3,main_card,False,False
4032,523,UFC on ESPN: Sandhagen vs. Figueiredo,main_card,4,main_card,False,False
4033,523,UFC on ESPN: Sandhagen vs. Figueiredo,main_card,5,main_card,False,False
4034,523,UFC on ESPN: Sandhagen vs. Figueiredo,main_card,6,main_card,False,False
4035,523,UFC on ESPN: Sandhagen vs. Figueiredo,prelims,1,prelims,False,False
4036,523,UFC on ESPN: Sandhagen vs. Figueiredo,prelims,2,prelims,False,False
4037,523,UFC on ESPN: Sandhagen vs. Figueiredo,prelims,3,prelims,False,False
4038,523,UFC on ESPN: Sandhagen vs. Figueiredo,prelims,4,prelims,False,False
4039,523,UFC on ESPN: Sandhagen vs. Figueiredo,prelims,5,prelims,False,False
4040,523,UFC on ESPN: Sandhagen vs. Figueiredo,prelims,6,prelims,False,False
3993,520,UFC 315,main_card,1,main_event,True,True
3994,520,UFC 315,main_card,2,co_main,True,False
3995,520,UFC 315,main_card,3,main_card,False,False
3996,520,UFC 315,main_card,4,main_card,False,False
3997,520,UFC 315,main_card,5,main_card,False,False
3998,520,UFC 315,prelims,1,prelims,False,False
3999,520,UFC 315,prelims,2,prelims,False,False
4000,520,UFC 315,prelims,3,prelims,False,False
4001,520,UFC 315,prelims,4,prelims,False,False
4002,520,UFC 315,early_prelims,1,early_prelims,False,False
4003,520,UFC 315,early_prelims,2,early_prelims,False,False
4004,520,UFC 315,early_prelims,3,early_prelims,False,False
3908,510,UFC Fight Night: Burns vs. Morales,main_card,1,main_event,False,False
3909,510,UFC Fight Night: Burns vs. Morales,main_card,2,co_main,False,False
3910,510,UFC Fight Night: Burns vs. Morales,main_card,3,main_card,False,False
3911,510,UFC Fight Night: Burns vs. Morales,main_card,4,main_card,False,True
3912,510,UFC Fight Night: Burns vs. Morales,prelims,1,prelims,False,False
3913,510,UFC Fight Night: Burns vs. Morales,prelims,2,prelims,False,False
3914,510,UFC Fight Night: Burns vs. Morales,prelims,3,prelims,False,False
3915,510,UFC Fight Night: Burns vs. Morales,prelims,4,prelims,False,False
3916,510,UFC Fight Night: Burns vs. Morales,prelims,5,prelims,False,False
3917,510,UFC Fight Night: Burns vs. Morales,prelims,6,prelims,False,False
3918,510,UFC Fight Night: Burns vs. Morales,prelims,7,prelims,False,False
4020,522,UFC on ESPN: Gamrot vs. Klein,main_card,1,main_event,False,False
4021,522,UFC on ESPN: Gamrot vs. Klein,main_card,2,co_main,False,False
4022,522,UFC on ESPN: Gamrot vs. Klein,main_card,3,main_card,False,False
4023,522,UFC on ESPN: Gamrot vs. Klein,main_card,4,main_card,False,False
4024,522,UFC on ESPN: Gamrot vs. Klein,main_card,5,main_card,False,False
4025,522,UFC on ESPN: Gamrot vs. Klein,prelims,1,prelims,False,False
4026,522,UFC on ESPN: Gamrot vs. Klein,prelims,2,prelims,False,False
4027,522,UFC on ESPN: Gamrot vs. Klein,prelims,3,prelims,False,False
4028,522,UFC on ESPN: Gamrot vs. Klein,prelims,4,prelims,False,True
3928,512,UFC 316,main_card,1,main_event,True,False
3929,512,UFC 316,main_card,2,co_main,True,False
3930,512,UFC 316,main_card,3,main_card,False,False
3931,512,UFC 316,main_card,4,main_card,False,False
3932,512,UFC 316,main_card,5,main_card,False,False
3933,512,UFC 316,prelims,1,prelims,False,False
3934,512,UFC 316,prelims,2,prelims,False,False
3935,512,UFC 316,prelims,3,prelims,False,False
3937,512,UFC 316,early_prelims,1,early_prelims,False,False
3938,512,UFC 316,early_prelims,2,early_prelims,False,False
3939,512,UFC 316,early_prelims,3,early_prelims,False,False
3940,512,UFC 316,early_prelims,4,early_prelims,False,False
3679,484,UFC on ESPN: Usman vs. Buckley,main_card,1,main_event,False,True
3680,484,UFC on ESPN: Usman vs. Buckley,main_card,2,co_main,False,False
3681,484,UFC on ESPN: Usman vs. Buckley,main_card,3,main_card,False,False
3682,484,UFC on ESPN: Usman vs. Buckley,main_card,4,main_card,False,False
3683,484,UFC on ESPN: Usman vs. Buckley,main_card,5,main_card,False,False
3684,484,UFC on ESPN: Usman vs. Buckley,main_card,6,main_card,False,False
3685,484,UFC on ESPN: Usman vs. Buckley,prelims,1,prelims,False,False
3686,484,UFC on ESPN: Usman vs. Buckley,prelims,2,prelims,False,False
3687,484,UFC on ESPN: Usman vs. Buckley,prelims,3,prelims,False,False
3688,484,UFC on ESPN: Usman vs. Buckley,prelims,4,prelims,False,False
3689,484,UFC on ESPN: Usman vs. Buckley,prelims,5,prelims,False,False
3690,484,UFC on ESPN: Usman vs. Buckley,prelims,6,prelims,False,False
3691,484,UFC on ESPN: Usman vs. Buckley,prelims,7,prelims,False,False
3704,486,UFC on ABC: Hill vs. Rountree Jr.,main_card,1,main_event,False,False
3705,486,UFC on ABC: Hill vs. Rountree Jr.,main_card,2,co_main,False,False
3706,486,UFC on ABC: Hill vs. Rountree Jr.,main_card,3,main_card,False,False
3707,486,UFC on ABC: Hill vs. Rountree Jr.,main_card,4,main_card,False,False
3708,486,UFC on ABC: Hill vs. Rountree Jr.,main_card,5,main_card,False,True
3709,486,UFC on ABC: Hill vs. Rountree Jr.,main_card,6,main_card,False,False
3710,486,UFC on ABC: Hill vs. Rountree Jr.,prelims,1,prelims,False,False
3711,486,UFC on ABC: Hill vs. Rountree Jr.,prelims,2,prelims,False,False
3712,486,UFC on ABC: Hill vs. Rountree Jr.,prelims,3,prelims,False,False
3714,486,UFC on ABC: Hill vs. Rountree Jr.,prelims,5,prelims,False,False
3715,486,UFC on ABC: Hill vs. Rountree Jr.,prelims,6,prelims,False,False
3817,498,UFC 317,main_card,1,main_event,True,False
3818,498,UFC 317,main_card,2,co_main,True,False
3819,498,UFC 317,main_card,3,main_card,False,True
3821,498,UFC 317,main_card,5,main_card,False,False
3822,498,UFC 317,prelims,1,prelims,False,False
3823,498,UFC 317,prelims,2,prelims,False,False
3824,498,UFC 317,prelims,3,prelims,False,False
3825,498,UFC 317,prelims,4,prelims,False,False
3826,498,UFC 317,early_prelims,1,early_prelims,False,False
3827,498,UFC 317,early_prelims,2,early_prelims,False,False
3558,471,UFC on ESPN: Lewis vs. Teixeira,main_card,1,main_event,False,False
3559,471,UFC on ESPN: Lewis vs. Teixeira,main_card,2,co_main,False,False
3560,471,UFC on ESPN: Lewis vs. Teixeira,main_card,3,main_card,False,False
3561,471,UFC on ESPN: Lewis vs. Teixeira,main_card,4,main_card,False,True
3562,471,UFC on ESPN: Lewis vs. Teixeira,main_card,5,main_card,False,False
3564,471,UFC on ESPN: Lewis vs. Teixeira,prelims,1,prelims,False,False
3565,471,UFC on ESPN: Lewis vs. Teixeira,prelims,2,prelims,False,False
3566,471,UFC on ESPN: Lewis vs. Teixeira,prelims,3,prelims,False,False
3567,471,UFC on ESPN: Lewis vs. Teixeira,prelims,4,prelims,False,False
3568,471,UFC on ESPN: Lewis vs. Teixeira,prelims,5,prelims,False,False
3569,471,UFC on ESPN: Lewis vs. Teixeira,prelims,6,prelims,False,False
3456,461,UFC 318,main_card,1,main_event,True,False
3457,461,UFC 318,main_card,2,co_main,False,False
3458,461,UFC 318,main_card,3,main_card,False,False
3460,461,UFC 318,main_card,5,main_card,False,False
3461,461,UFC 318,prelims,1,prelims,False,False
3462,461,UFC 318,prelims,2,prelims,False,True
3463,461,UFC 318,prelims,3,prelims,False,False
3464,461,UFC 318,prelims,4,prelims,False,False
3465,461,UFC 318,early_prelims,1,early_prelims,False,False
3466,461,UFC 318,early_prelims,2,early_prelims,False,False
3468,461,UFC 318,early_prelims,4,early_prelims,False,False
3469,461,UFC 318,early_prelims,5,early_prelims,False,False
3692,485,UFC on ABC: Whittaker vs. de Ridder,main_card,1,main_event,False,False
3693,485,UFC on ABC: Whittaker vs. de Ridder,main_card,2,co_main,False,False
3694,485,UFC on ABC: Whittaker vs. de Ridder,main_card,3,main_card,False,True
3695,485,UFC on ABC: Whittaker vs. de Ridder,main_card,4,main_card,False,False
3696,485,UFC on ABC: Whittaker vs. de Ridder,main_card,5,main_card,False,False
3697,485,UFC on ABC: Whittaker vs. de Ridder,prelims,1,prelims,False,False
3698,485,UFC on ABC: Whittaker vs. de Ridder,prelims,2,prelims,False,False
3699,485,UFC on ABC: Whittaker vs. de Ridder,prelims,3,prelims,False,False
3700,485,UFC on ABC: Whittaker vs. de Ridder,prelims,4,prelims,False,False
3701,485,UFC on ABC: Whittaker vs. de Ridder,prelims,5,prelims,False,False
3702,485,UFC on ABC: Whittaker vs. de Ridder,prelims,6,prelims,False,False
3346,444,UFC on ESPN: Taira vs. Park,main_card,1,main_event,False,False
3347,444,UFC on ESPN: Taira vs. Park,main_card,2,co_main,False,True
3348,444,UFC on ESPN: Taira vs. Park,main_card,3,main_card,False,True
3349,444,UFC on ESPN: Taira vs. Park,main_card,4,main_card,False,False
3350,444,UFC on ESPN: Taira vs. Park,main_card,5,main_card,False,False
3351,444,UFC on ESPN: Taira vs. Park,main_card,6,main_card,False,False
3352,444,UFC on ESPN: Taira vs. Park,prelims,1,prelims,False,False
3353,444,UFC on ESPN: Taira vs. Park,prelims,2,prelims,False,False
3354,444,UFC on ESPN: Taira vs. Park,prelims,3,prelims,False,False
3355,444,UFC on ESPN: Taira vs. Park,prelims,4,prelims,False,False
3356,444,UFC on ESPN: Taira vs. Park,prelims,5,prelims,False,False
3357,444,UFC on ESPN: Taira vs. Park,prelims,6,prelims,False,False
3334,443,UFC on ESPN: Dolidze vs. Hernandez,main_card,1,main_event,False,False
3335,443,UFC on ESPN: Dolidze vs. Hernandez,main_card,2,co_main,False,False
3336,443,UFC on ESPN: Dolidze vs. Hernandez,main_card,3,main_card,False,False
3337,443,UFC on ESPN: Dolidze vs. Hernandez,main_card,4,main_card,False,False
3338,443,UFC on ESPN: Dolidze vs. Hernandez,main_card,5,main_card,False,False
3339,443,UFC on ESPN: Dolidze vs. Hernandez,main_card,6,main_card,False,False
3340,443,UFC on ESPN: Dolidze vs. Hernandez,prelims,1,prelims,False,False
3341,443,UFC on ESPN: Dolidze vs. Hernandez,prelims,2,prelims,False,False
3342,443,UFC on ESPN: Dolidze vs. Hernandez,prelims,3,prelims,False,False
3343,443,UFC on ESPN: Dolidze vs. Hernandez,prelims,4,prelims,False,False
3344,443,UFC on ESPN: Dolidze vs. Hernandez,prelims,5,prelims,False,False
3345,443,UFC on ESPN: Dolidze vs. Hernandez,prelims,6,prelims,False,False
3300,439,UFC 319,main_card,1,main_event,True,False
3301,439,UFC 319,main_card,2,co_main,False,False
3302,439,UFC 319,main_card,3,main_card,False,False
3303,439,UFC 319,main_card,4,main_card,False,False
3304,439,UFC 319,main_card,5,main_card,False,False
3306,439,UFC 319,prelims,2,prelims,False,False
3308,439,UFC 319,prelims,4,prelims,False,False
3309,439,UFC 319,early_prelims,1,early_prelims,False,False
3310,439,UFC 319,early_prelims,2,early_prelims,False,False
3311,439,UFC 319,early_prelims,3,early_prelims,False,False
3228,431,UFC Fight Night: Walker vs. Zhang,main_card,1,main_event,False,False
3229,431,UFC Fight Night: Walker vs. Zhang,main_card,2,co_main,False,False
3230,431,UFC Fight Night: Walker vs. Zhang,main_card,3,main_card,False,False
3231,431,UFC Fight Night: Walker vs. Zhang,main_card,4,main_card,False,False
3232,431,UFC Fight Night: Walker vs. Zhang,main_card,5,main_card,False,False
3233,431,UFC Fight Night: Walker vs. Zhang,prelims,1,prelims,False,False
3234,431,UFC Fight Night: Walker vs. Zhang,prelims,2,prelims,False,False
3235,431,UFC Fight Night: Walker vs. Zhang,prelims,3,prelims,False,False
3236,431,UFC Fight Night: Walker vs. Zhang,prelims,4,prelims,False,False
3237,431,UFC Fight Night: Walker vs. Zhang,prelims,5,prelims,False,False
3238,431,UFC Fight Night: Walker vs. Zhang,prelims,6,prelims,False,False
3239,431,UFC Fight Night: Walker vs. Zhang,prelims,7,prelims,False,False
3126,418,UFC Fight Night: Imavov vs. Borralho,main_card,1,main_event,False,False
3127,418,UFC Fight Night: Imavov vs. Borralho,main_card,2,co_main,False,False
3128,418,UFC Fight Night: Imavov vs. Borralho,main_card,3,main_card,False,False
3129,418,UFC Fight Night: Imavov vs. Borralho,main_card,4,main_card,False,False
3130,418,UFC Fight Night: Imavov vs. Borralho,main_card,5,main_card,False,False
3132,418,UFC Fight Night: Imavov vs. Borralho,prelims,1,prelims,False,False
3133,418,UFC Fight Night: Imavov vs. Borralho,prelims,2,prelims,False,False
3134,418,UFC Fight Night: Imavov vs. Borralho,prelims,3,prelims,False,False
3135,418,UFC Fight Night: Imavov vs. Borralho,prelims,4,prelims,False,False
3136,418,UFC Fight Night: Imavov vs. Borralho,prelims,5,prelims,False,False
3137,418,UFC Fight Night: Imavov vs. Borralho,prelims,6,prelims,False,False
3138,418,UFC Fight Night: Imavov vs. Borralho,prelims,7,prelims,False,False
3579,473,UFC Fight Night: Lopes vs. Silva,main_card,1,main_event,False,True
3580,473,UFC Fight Night: Lopes vs. Silva,main_card,2,co_main,False,False
3581,473,UFC Fight Night: Lopes vs. Silva,main_card,3,main_card,False,False
3582,473,UFC Fight Night: Lopes vs. Silva,main_card,4,main_card,False,False
3583,473,UFC Fight Night: Lopes vs. Silva,main_card,5,main_card,False,False
3584,473,UFC Fight Night: Lopes vs. Silva,main_card,6,main_card,False,False
3585,473,UFC Fight Night: Lopes vs. Silva,prelims,1,prelims,False,False
3586,473,UFC Fight Night: Lopes vs. Silva,prelims,2,prelims,False,False
3587,473,UFC Fight Night: Lopes vs. Silva,prelims,3,prelims,False,False
3588,473,UFC Fight Night: Lopes vs. Silva,prelims,4,prelims,False,False
3589,473,UFC Fight Night: Lopes vs. Silva,prelims,5,prelims,False,False
3590,473,UFC Fight Night: Lopes vs. Silva,prelims,6,prelims,False,False
3591,473,UFC Fight Night: Lopes vs. Silva,prelims,7,prelims,False,False
3592,473,UFC Fight Night: Lopes vs. Silva,prelims,8,prelims,False,False
2798,387,UFC Fight Night: Ulberg vs. Reyes,main_card,1,main_event,False,False
2799,387,UFC Fight Night: Ulberg vs. Reyes,main_card,2,co_main,False,False
2800,387,UFC Fight Night: Ulberg vs. Reyes,main_card,3,main_card,False,False
2801,387,UFC Fight Night: Ulberg vs. Reyes,main_card,4,main_card,False,False
2802,387,UFC Fight Night: Ulberg vs. Reyes,main_card,5,main_card,False,False
2803,387,UFC Fight Night: Ulberg vs. Reyes,prelims,1,prelims,False,False
2804,387,UFC Fight Night: Ulberg vs. Reyes,prelims,2,prelims,False,False
2805,387,UFC Fight Night: Ulberg vs. Reyes,prelims,3,prelims,False,False
2806,387,UFC Fight Night: Ulberg vs. Reyes,prelims,4,prelims,False,False
2807,387,UFC Fight Night: Ulberg vs. Reyes,prelims,5,prelims,False,False
2808,387,UFC Fight Night: Ulberg vs. Reyes,prelims,6,prelims,False,False
3071,413,UFC 320,main_card,1,main_event,True,False
3072,413,UFC 320,main_card,2,co_main,True,False
3073,413,UFC 320,main_card,3,main_card,False,True
3074,413,UFC 320,main_card,4,main_card,False,False
3075,413,UFC 320,main_card,5,main_card,False,False
3076,413,UFC 320,prelims,1,prelims,False,False
3077,413,UFC 320,prelims,2,prelims,False,False
3079,413,UFC 320,prelims,4,prelims,False,False
3080,413,UFC 320,early_prelims,1,early_prelims,False,False
3081,413,UFC 320,early_prelims,2,early_prelims,False,False
3082,413,UFC 320,early_prelims,3,early_prelims,False,False
3083,413,UFC 320,early_prelims,4,early_prelims,False,False
3084,413,UFC 320,early_prelims,5,early_prelims,False,False
2730,382,UFC Fight Night: Oliveira vs. Gamrot,main_card,1,main_event,False,False
2731,382,UFC Fight Night: Oliveira vs. Gamrot,main_card,2,co_main,False,False
2732,382,UFC Fight Night: Oliveira vs. Gamrot,main_card,3,main_card,False,False
2733,382,UFC Fight Night: Oliveira vs. Gamrot,main_card,4,main_card,False,False
2734,382,UFC Fight Night: Oliveira vs. Gamrot,main_card,5,main_card,False,False
2735,382,UFC Fight Night: Oliveira vs. Gamrot,prelims,1,prelims,False,False
2736,382,UFC Fight Night: Oliveira vs. Gamrot,prelims,2,prelims,False,False
2737,382,UFC Fight Night: Oliveira vs. Gamrot,prelims,3,prelims,False,False
2738,382,UFC Fight Night: Oliveira vs. Gamrot,prelims,4,prelims,False,False
2739,382,UFC Fight Night: Oliveira vs. Gamrot,prelims,5,prelims,False,False
2740,382,UFC Fight Night: Oliveira vs. Gamrot,prelims,6,prelims,False,False
2741,382,UFC Fight Night: Oliveira vs. Gamrot,prelims,7,prelims,False,False
3058,412,UFC Fight Night: de Ridder vs. Allen,main_card,1,main_event,False,False
3059,412,UFC Fight Night: de Ridder vs. Allen,main_card,2,co_main,False,False
3060,412,UFC Fight Night: de Ridder vs. Allen,main_card,3,main_card,False,False
3061,412,UFC Fight Night: de Ridder vs. Allen,main_card,4,main_card,False,False
3062,412,UFC Fight Night: de Ridder vs. Allen,main_card,5,main_card,False,False
3063,412,UFC Fight Night: de Ridder vs. Allen,main_card,6,main_card,False,False
3064,412,UFC Fight Night: de Ridder vs. Allen,prelims,1,prelims,False,True
3065,412,UFC Fight Night: de Ridder vs. Allen,prelims,2,prelims,False,False
3066,412,UFC Fight Night: de Ridder vs. Allen,prelims,3,prelims,False,False
3067,412,UFC Fight Night: de Ridder vs. Allen,prelims,4,prelims,False,False
3068,412,UFC Fight Night: de Ridder vs. Allen,prelims,5,prelims,False,False
3069,412,UFC Fight Night: de Ridder vs. Allen,prelims,6,prelims,False,False
3070,412,UFC Fight Night: de Ridder vs. Allen,prelims,7,prelims,False,False
2875,394,UFC 321,main_card,1,main_event,True,False
2876,394,UFC 321,main_card,2,co_main,True,False
2877,394,UFC 321,main_card,3,main_card,False,False
2878,394,UFC 321,main_card,4,main_card,False,False
2879,394,UFC 321,main_card,5,main_card,False,False
2880,394,UFC 321,prelims,1,prelims,False,False
2881,394,UFC 321,prelims,2,prelims,False,False
2882,394,UFC 321,prelims,3,prelims,False,True
2883,394,UFC 321,prelims,4,prelims,False,False
2884,394,UFC 321,prelims,5,prelims,False,False
2885,394,UFC 321,prelims,6,prelims,False,False
2886,394,UFC 321,prelims,7,prelims,False,False
2887,394,UFC 321,prelims,8,prelims,False,False
2602,366,UFC Fight Night: Garcia vs. Onama,main_card,1,main_event,False,False
2603,366,UFC Fight Night: Garcia vs. Onama,main_card,2,co_main,False,False
2604,366,UFC Fight Night: Garcia vs. Onama,main_card,3,main_card,False,False
2605,366,UFC Fight Night: Garcia vs. Onama,main_card,4,main_card,False,False
2606,366,UFC Fight Night: Garcia vs. Onama,main_card,5,main_card,False,False
2607,366,UFC Fight Night: Garcia vs. Onama,main_card,6,main_card,False,False
2608,366,UFC Fight Night: Garcia vs. Onama,prelims,1,prelims,False,False
2609,366,UFC Fight Night: Garcia vs. Onama,prelims,2,prelims,False,False
2610,366,UFC Fight Night: Garcia vs. Onama,prelims,3,prelims,False,False
2611,366,UFC Fight Night: Garcia vs. Onama,prelims,4,prelims,False,False
2612,366,UFC Fight Night: Garcia vs. Onama,prelims,5,prelims,False,False
2613,366,UFC Fight Night: Garcia vs. Onama,prelims,6,prelims,False,False
2614,366,UFC Fight Night: Garcia vs. Onama,prelims,7,prelims,False,False
2535,359,UFC Fight Night: Bonfim vs. Brown,main_card,1,main_event,False,False
2536,359,UFC Fight Night: Bonfim vs. Brown,main_card,2,co_main,False,False
2537,359,UFC Fight Night: Bonfim vs. Brown,main_card,3,main_card,False,False
2538,359,UFC Fight Night: Bonfim vs. Brown,main_card,4,main_card,False,False
2539,359,UFC Fight Night: Bonfim vs. Brown,main_card,5,main_card,False,False
2540,359,UFC Fight Night: Bonfim vs. Brown,prelims,1,prelims,False,False
2541,359,UFC Fight Night: Bonfim vs. Brown,prelims,2,prelims,False,False
2542,359,UFC Fight Night: Bonfim vs. Brown,prelims,3,prelims,False,False
2543,359,UFC Fight Night: Bonfim vs. Brown,prelims,4,prelims,False,False
2544,359,UFC Fight Night: Bonfim vs. Brown,prelims,5,prelims,False,False
2545,359,UFC Fight Night: Bonfim vs. Brown,prelims,6,prelims,False,False
2546,359,UFC Fight Night: Bonfim vs. Brown,prelims,7,prelims,False,False
2547,360,UFC 322,main_card,1,main_event,True,False
2548,360,UFC 322,main_card,2,co_main,True,False
2549,360,UFC 322,main_card,3,main_card,False,False
2550,360,UFC 322,main_card,4,main_card,False,False
2551,360,UFC 322,main_card,5,main_card,False,False
2552,360,UFC 322,prelims,1,prelims,False,False
2553,360,UFC 322,prelims,2,prelims,False,False
2554,360,UFC 322,prelims,3,prelims,False,False
2555,360,UFC 322,prelims,4,prelims,False,False
2556,360,UFC 322,early_prelims,1,early_prelims,False,False
2558,360,UFC 322,early_prelims,3,early_prelims,False,False
2559,360,UFC 322,early_prelims,4,early_prelims,False,False
2560,360,UFC 322,early_prelims,5,early_prelims,False,False
2810,388,UFC Fight Night: Tsarukyan vs. Hooker,main_card,1,main_event,False,False
2811,388,UFC Fight Night: Tsarukyan vs. Hooker,main_card,2,co_main,False,False
2812,388,UFC Fight Night: Tsarukyan vs. Hooker,main_card,3,main_card,False,False
2813,388,UFC Fight Night: Tsarukyan vs. Hooker,main_card,4,main_card,False,False
2814,388,UFC Fight Night: Tsarukyan vs. Hooker,main_card,5,main_card,False,False
2815,388,UFC Fight Night: Tsarukyan vs. Hooker,main_card,6,main_card,False,False
2816,388,UFC Fight Night: Tsarukyan vs. Hooker,prelims,1,prelims,False,False
2817,388,UFC Fight Night: Tsarukyan vs. Hooker,prelims,2,prelims,False,False
2818,388,UFC Fight Night: Tsarukyan vs. Hooker,prelims,3,prelims,False,False
2819,388,UFC Fight Night: Tsarukyan vs. Hooker,prelims,4,prelims,False,False
2820,388,UFC Fight Night: Tsarukyan vs. Hooker,prelims,5,prelims,False,False
2821,388,UFC Fight Night: Tsarukyan vs. Hooker,prelims,6,prelims,False,False
2822,388,UFC Fight Night: Tsarukyan vs. Hooker,prelims,7,prelims,False,False
2561,361,UFC 323,main_card,1,main_event,True,True
2562,361,UFC 323,main_card,2,co_main,True,False
2563,361,UFC 323,main_card,3,main_card,False,False
2564,361,UFC 323,main_card,4,main_card,False,False
2566,361,UFC 323,prelims,1,prelims,False,False
2567,361,UFC 323,prelims,2,prelims,False,False
2568,361,UFC 323,prelims,3,prelims,False,False
2569,361,UFC 323,prelims,4,prelims,False,False
2570,361,UFC 323,early_prelims,1,early_prelims,False,False
2571,361,UFC 323,early_prelims,2,early_prelims,False,False
2572,361,UFC 323,early_prelims,3,early_prelims,False,False
2573,361,UFC 323,early_prelims,4,early_prelims,False,False
2574,361,UFC 323,early_prelims,5,early_prelims,False,False
2481,352,UFC on ESPN: Royval vs. Kape,main_card,1,main_event,False,False
2482,352,UFC on ESPN: Royval vs. Kape,main_card,2,co_main,False,False
2483,352,UFC on ESPN: Royval vs. Kape,main_card,3,main_card,False,False
2484,352,UFC on ESPN: Royval vs. Kape,main_card,4,main_card,False,False
2486,352,UFC on ESPN: Royval vs. Kape,main_card,6,main_card,False,False
2487,352,UFC on ESPN: Royval vs. Kape,prelims,1,prelims,False,False
2488,352,UFC on ESPN: Royval vs. Kape,prelims,2,prelims,False,False
2489,352,UFC on ESPN: Royval vs. Kape,prelims,3,prelims,False,True
2490,352,UFC on ESPN: Royval vs. Kape,prelims,4,prelims,False,False
2491,352,UFC on ESPN: Royval vs. Kape,prelims,5,prelims,False,False
2492,352,UFC on ESPN: Royval vs. Kape,prelims,6,prelims,False,False
1986,301,UFC 324,main_card,1,main_event,True,True
1987,301,UFC 324,main_card,2,co_main,False,False
1988,301,UFC 324,main_card,3,main_card,False,False
1989,301,UFC 324,main_card,4,main_card,False,False
1990,301,UFC 324,main_card,5,main_card,False,False
1991,301,UFC 324,prelims,1,prelims,False,False
1992,301,UFC 324,prelims,2,prelims,False,False
1993,301,UFC 324,prelims,3,prelims,False,False
1994,301,UFC 324,prelims,4,prelims,False,False
1995,301,UFC 324,early_prelims,1,early_prelims,False,False
1996,301,UFC 324,early_prelims,2,early_prelims,False,False
1932,296,UFC 325,main_card,1,main_event,True,True
1933,296,UFC 325,main_card,2,co_main,False,False
1934,296,UFC 325,main_card,3,main_card,False,False
1935,296,UFC 325,main_card,4,main_card,False,False
1936,296,UFC 325,main_card,5,main_card,False,False
1937,296,UFC 325,prelims,1,prelims,False,False
1938,296,UFC 325,prelims,2,prelims,False,False
1939,296,UFC 325,prelims,3,prelims,False,False
1940,296,UFC 325,prelims,4,prelims,False,False
1941,296,UFC 325,early_prelims,1,early_prelims,False,False
1942,296,UFC 325,early_prelims,2,early_prelims,False,False
1943,296,UFC 325,early_prelims,3,early_prelims,False,False
1906,294,UFC Fight Night: Bautista vs. Oliveira,main_card,1,main_event,False,False
1907,294,UFC Fight Night: Bautista vs. Oliveira,main_card,2,co_main,False,False
1908,294,UFC Fight Night: Bautista vs. Oliveira,main_card,3,main_card,False,False
1909,294,UFC Fight Night: Bautista vs. Oliveira,main_card,4,main_card,False,True
1910,294,UFC Fight Night: Bautista vs. Oliveira,main_card,5,main_card,False,False
1911,294,UFC Fight Night: Bautista vs. Oliveira,main_card,6,main_card,False,False
1912,294,UFC Fight Night: Bautista vs. Oliveira,prelims,1,prelims,False,False
1913,294,UFC Fight Night: Bautista vs. Oliveira,prelims,2,prelims,False,False
1914,294,UFC Fight Night: Bautista vs. Oliveira,prelims,3,prelims,False,False
1915,294,UFC Fight Night: Bautista vs. Oliveira,prelims,4,prelims,False,False
1916,294,UFC Fight Night: Bautista vs. Oliveira,prelims,5,prelims,False,False
1820,287,UFC Fight Night: Strickland vs. Hernandez,main_card,1,main_event,False,False
1821,287,UFC Fight Night: Strickland vs. Hernandez,main_card,2,co_main,False,False
1822,287,UFC Fight Night: Strickland vs. Hernandez,main_card,3,main_card,False,False
1823,287,UFC Fight Night: Strickland vs. Hernandez,main_card,4,main_card,False,False
1824,287,UFC Fight Night: Strickland vs. Hernandez,main_card,5,main_card,False,False
1825,287,UFC Fight Night: Strickland vs. Hernandez,main_card,6,main_card,False,False
1826,287,UFC Fight Night: Strickland vs. Hernandez,prelims,1,prelims,False,False
1827,287,UFC Fight Night: Strickland vs. Hernandez,prelims,2,prelims,False,False
1828,287,UFC Fight Night: Strickland vs. Hernandez,prelims,3,prelims,False,False
1829,287,UFC Fight Night: Strickland vs. Hernandez,prelims,4,prelims,False,False
1830,287,UFC Fight Night: Strickland vs. Hernandez,prelims,5,prelims,False,False
1831,287,UFC Fight Night: Strickland vs. Hernandez,prelims,6,prelims,False,False
1832,287,UFC Fight Night: Strickland vs. Hernandez,prelims,7,prelims,False,False
1833,287,UFC Fight Night: Strickland vs. Hernandez,prelims,8,prelims,False,False
1919,295,UFC Fight Night: Moreno vs. Kavanagh,main_card,1,main_event,False,False
1920,295,UFC Fight Night: Moreno vs. Kavanagh,main_card,2,co_main,False,False
1921,295,UFC Fight Night: Moreno vs. Kavanagh,main_card,3,main_card,False,False
1922,295,UFC Fight Night: Moreno vs. Kavanagh,main_card,4,main_card,False,False
1923,295,UFC Fight Night: Moreno vs. Kavanagh,main_card,5,main_card,False,False
1924,295,UFC Fight Night: Moreno vs. Kavanagh,main_card,6,main_card,False,False
1925,295,UFC Fight Night: Moreno vs. Kavanagh,prelims,1,prelims,False,False
1926,295,UFC Fight Night: Moreno vs. Kavanagh,prelims,2,prelims,False,False
1927,295,UFC Fight Night: Moreno vs. Kavanagh,prelims,3,prelims,False,False
1928,295,UFC Fight Night: Moreno vs. Kavanagh,prelims,4,prelims,False,False
1929,295,UFC Fight Night: Moreno vs. Kavanagh,prelims,5,prelims,False,True
1930,295,UFC Fight Night: Moreno vs. Kavanagh,prelims,6,prelims,False,False
1931,295,UFC Fight Night: Moreno vs. Kavanagh,prelims,7,prelims,False,False
1847,289,UFC 326,main_card,1,main_event,True,False
1848,289,UFC 326,main_card,2,co_main,False,False
1849,289,UFC 326,main_card,3,main_card,False,False
1850,289,UFC 326,main_card,4,main_card,False,False
1851,289,UFC 326,main_card,5,main_card,False,False
1852,289,UFC 326,prelims,1,prelims,False,False
1853,289,UFC 326,prelims,2,prelims,False,False
1854,289,UFC 326,prelims,3,prelims,False,False
1855,289,UFC 326,prelims,4,prelims,False,False
1856,289,UFC 326,early_prelims,1,early_prelims,False,False
1857,289,UFC 326,early_prelims,2,early_prelims,False,False
1858,289,UFC 326,early_prelims,3,early_prelims,False,False
1806,286,UFC Fight Night: Emmett vs. Vallejos,main_card,1,main_event,False,False
1807,286,UFC Fight Night: Emmett vs. Vallejos,main_card,2,co_main,False,False
1808,286,UFC Fight Night: Emmett vs. Vallejos,main_card,3,main_card,False,False
1809,286,UFC Fight Night: Emmett vs. Vallejos,main_card,4,main_card,False,True
1810,286,UFC Fight Night: Emmett vs. Vallejos,main_card,5,main_card,False,False
1811,286,UFC Fight Night: Emmett vs. Vallejos,main_card,6,main_card,False,False
1812,286,UFC Fight Night: Emmett vs. Vallejos,prelims,1,prelims,False,False
1813,286,UFC Fight Night: Emmett vs. Vallejos,prelims,2,prelims,False,False
1814,286,UFC Fight Night: Emmett vs. Vallejos,prelims,3,prelims,False,False
1815,286,UFC Fight Night: Emmett vs. Vallejos,prelims,4,prelims,False,False
1816,286,UFC Fight Night: Emmett vs. Vallejos,prelims,5,prelims,False,False
1817,286,UFC Fight Night: Emmett vs. Vallejos,prelims,6,prelims,False,False
1818,286,UFC Fight Night: Emmett vs. Vallejos,prelims,7,prelims,False,False
1819,286,UFC Fight Night: Emmett vs. Vallejos,prelims,8,prelims,False,False
1834,288,UFC Fight Night: Evloev vs. Murphy,main_card,1,main_event,False,False
1835,288,UFC Fight Night: Evloev vs. Murphy,main_card,2,co_main,False,False
1836,288,UFC Fight Night: Evloev vs. Murphy,main_card,3,main_card,False,False
1837,288,UFC Fight Night: Evloev vs. Murphy,main_card,4,main_card,False,False
1838,288,UFC Fight Night: Evloev vs. Murphy,main_card,5,main_card,False,False
1839,288,UFC Fight Night: Evloev vs. Murphy,main_card,6,main_card,False,False
1840,288,UFC Fight Night: Evloev vs. Murphy,prelims,1,prelims,False,True
1841,288,UFC Fight Night: Evloev vs. Murphy,prelims,2,prelims,False,False
1842,288,UFC Fight Night: Evloev vs. Murphy,prelims,3,prelims,False,False
1843,288,UFC Fight Night: Evloev vs. Murphy,prelims,4,prelims,False,False
1844,288,UFC Fight Night: Evloev vs. Murphy,prelims,5,prelims,False,False
1845,288,UFC Fight Night: Evloev vs. Murphy,prelims,6,prelims,False,False
1846,288,UFC Fight Night: Evloev vs. Murphy,prelims,7,prelims,False,False
1793,285,UFC Fight Night: Adesanya vs. Pyfer,main_card,1,main_event,False,False
1794,285,UFC Fight Night: Adesanya vs. Pyfer,main_card,2,co_main,False,False
1795,285,UFC Fight Night: Adesanya vs. Pyfer,main_card,3,main_card,False,False
1796,285,UFC Fight Night: Adesanya vs. Pyfer,main_card,4,main_card,False,False
1797,285,UFC Fight Night: Adesanya vs. Pyfer,main_card,5,main_card,False,False
1798,285,UFC Fight Night: Adesanya vs. Pyfer,main_card,6,main_card,False,False
1799,285,UFC Fight Night: Adesanya vs. Pyfer,prelims,1,prelims,False,True
1800,285,UFC Fight Night: Adesanya vs. Pyfer,prelims,2,prelims,False,False
1801,285,UFC Fight Night: Adesanya vs. Pyfer,prelims,3,prelims,False,False
1802,285,UFC Fight Night: Adesanya vs. Pyfer,prelims,4,prelims,False,False
1803,285,UFC Fight Night: Adesanya vs. Pyfer,prelims,5,prelims,False,False
1804,285,UFC Fight Night: Adesanya vs. Pyfer,prelims,6,prelims,False,False
1805,285,UFC Fight Night: Adesanya vs. Pyfer,prelims,7,prelims,False,False
1524,250,UFC Fight Night: Moicano vs. Duncan,main_card,2,co_main,False,False
1525,250,UFC Fight Night: Moicano vs. Duncan,main_card,3,main_card,False,False
1526,250,UFC Fight Night: Moicano vs. Duncan,main_card,4,main_card,False,False
1527,250,UFC Fight Night: Moicano vs. Duncan,main_card,5,main_card,False,True
1529,250,UFC Fight Night: Moicano vs. Duncan,prelims,1,prelims,False,False
1530,250,UFC Fight Night: Moicano vs. Duncan,prelims,2,prelims,False,False
1531,250,UFC Fight Night: Moicano vs. Duncan,prelims,3,prelims,False,False
1532,250,UFC Fight Night: Moicano vs. Duncan,prelims,4,prelims,False,False
1533,250,UFC Fight Night: Moicano vs. Duncan,prelims,5,prelims,False,False
1534,250,UFC Fight Night: Moicano vs. Duncan,prelims,6,prelims,False,False
1535,250,UFC Fight Night: Moicano vs. Duncan,prelims,7,prelims,False,False
1650,271,UFC 327,main_card,1,main_event,True,False
1651,271,UFC 327,main_card,2,co_main,False,False
1652,271,UFC 327,main_card,3,main_card,False,True
1653,271,UFC 327,main_card,4,main_card,False,False
1654,271,UFC 327,main_card,5,main_card,False,False
1656,271,UFC 327,prelims,2,prelims,False,False
1657,271,UFC 327,prelims,3,prelims,False,False
1659,271,UFC 327,early_prelims,1,early_prelims,False,False
1660,271,UFC 327,early_prelims,2,early_prelims,False,False
1661,271,UFC 327,early_prelims,3,early_prelims,False,False
1362,235,UFC Fight Night: Burns vs. Malott,main_card,1,main_event,False,False
1363,235,UFC Fight Night: Burns vs. Malott,main_card,2,co_main,False,True
1364,235,UFC Fight Night: Burns vs. Malott,main_card,3,main_card,False,False
1365,235,UFC Fight Night: Burns vs. Malott,main_card,4,main_card,False,False
1366,235,UFC Fight Night: Burns vs. Malott,main_card,5,main_card,False,False
1367,235,UFC Fight Night: Burns vs. Malott,prelims,1,prelims,False,False
1368,235,UFC Fight Night: Burns vs. Malott,prelims,2,prelims,False,False
1370,235,UFC Fight Night: Burns vs. Malott,prelims,4,prelims,False,False
1372,235,UFC Fight Night: Burns vs. Malott,prelims,6,prelims,False,False
1373,235,UFC Fight Night: Burns vs. Malott,prelims,7,prelims,False,False
1344,231,UFC Fight Night: Sterling vs. Zalal,main_card,1,main_event,False,False
1345,231,UFC Fight Night: Sterling vs. Zalal,main_card,2,co_main,False,False
1346,231,UFC Fight Night: Sterling vs. Zalal,main_card,3,main_card,False,False
1347,231,UFC Fight Night: Sterling vs. Zalal,main_card,4,main_card,False,True
1348,231,UFC Fight Night: Sterling vs. Zalal,main_card,5,main_card,False,False
1350,231,UFC Fight Night: Sterling vs. Zalal,prelims,1,prelims,False,False
1351,231,UFC Fight Night: Sterling vs. Zalal,prelims,2,prelims,False,False
1352,231,UFC Fight Night: Sterling vs. Zalal,prelims,3,prelims,False,False
1353,231,UFC Fight Night: Sterling vs. Zalal,prelims,4,prelims,False,False
1354,231,UFC Fight Night: Sterling vs. Zalal,prelims,5,prelims,False,False
1355,231,UFC Fight Night: Sterling vs. Zalal,prelims,6,prelims,False,False
1356,231,UFC Fight Night: Sterling vs. Zalal,prelims,7,prelims,False,False
1196,219,UFC Fight Night: Della Maddalena vs. Prates,main_card,1,main_event,False,False
1197,219,UFC Fight Night: Della Maddalena vs. Prates,main_card,2,co_main,False,False
1198,219,UFC Fight Night: Della Maddalena vs. Prates,main_card,3,main_card,False,False
1200,219,UFC Fight Night: Della Maddalena vs. Prates,main_card,5,main_card,False,True
1201,219,UFC Fight Night: Della Maddalena vs. Prates,main_card,6,main_card,False,False
1202,219,UFC Fight Night: Della Maddalena vs. Prates,prelims,1,prelims,False,False
1203,219,UFC Fight Night: Della Maddalena vs. Prates,prelims,2,prelims,False,False
1204,219,UFC Fight Night: Della Maddalena vs. Prates,prelims,3,prelims,False,False
1205,219,UFC Fight Night: Della Maddalena vs. Prates,prelims,4,prelims,False,False
1206,219,UFC Fight Night: Della Maddalena vs. Prates,prelims,5,prelims,False,False
1207,219,UFC Fight Night: Della Maddalena vs. Prates,prelims,6,prelims,False,False
1208,219,UFC Fight Night: Della Maddalena vs. Prates,prelims,7,prelims,False,False
1134,213,UFC 328,main_card,1,main_event,True,False
1135,213,UFC 328,main_card,2,co_main,True,True
1136,213,UFC 328,main_card,3,main_card,False,False
1137,213,UFC 328,main_card,4,main_card,False,False
1138,213,UFC 328,main_card,5,main_card,False,False
1139,213,UFC 328,prelims,1,prelims,False,False
1140,213,UFC 328,prelims,2,prelims,False,False
1141,213,UFC 328,prelims,3,prelims,False,False
1142,213,UFC 328,prelims,4,prelims,False,False
1143,213,UFC 328,early_prelims,1,early_prelims,False,False
1144,213,UFC 328,early_prelims,2,early_prelims,False,False
1145,213,UFC 328,early_prelims,3,early_prelims,False,False
1146,213,UFC 328,early_prelims,4,early_prelims,False,False
1261,224,UFC Fight Night: Allen vs. Costa,main_card,1,main_event,False,False
1262,224,UFC Fight Night: Allen vs. Costa,main_card,2,co_main,False,True
1263,224,UFC Fight Night: Allen vs. Costa,main_card,3,main_card,False,False
1264,224,UFC Fight Night: Allen vs. Costa,main_card,4,main_card,False,False
1268,224,UFC Fight Night: Allen vs. Costa,prelims,2,prelims,False,False
1269,224,UFC Fight Night: Allen vs. Costa,prelims,3,prelims,False,False
1270,224,UFC Fight Night: Allen vs. Costa,prelims,4,prelims,False,False
1271,224,UFC Fight Night: Allen vs. Costa,prelims,5,prelims,False,False
1272,224,UFC Fight Night: Allen vs. Costa,prelims,6,prelims,False,False
1273,224,UFC Fight Night: Allen vs. Costa,prelims,7,prelims,False,False
1401,239,UFC Fight Night: Song vs. Figueiredo,main_card,1,main_event,False,False
1402,239,UFC Fight Night: Song vs. Figueiredo,main_card,2,co_main,False,True
1403,239,UFC Fight Night: Song vs. Figueiredo,main_card,3,main_card,False,False
1404,239,UFC Fight Night: Song vs. Figueiredo,main_card,4,main_card,False,False
1405,239,UFC Fight Night: Song vs. Figueiredo,main_card,5,main_card,False,False
1406,239,UFC Fight Night: Song vs. Figueiredo,main_card,6,main_card,False,False
1407,239,UFC Fight Night: Song vs. Figueiredo,prelims,1,prelims,False,False
1408,239,UFC Fight Night: Song vs. Figueiredo,prelims,2,prelims,False,False
1409,239,UFC Fight Night: Song vs. Figueiredo,prelims,3,prelims,False,False
1410,239,UFC Fight Night: Song vs. Figueiredo,prelims,4,prelims,False,False
1411,239,UFC Fight Night: Song vs. Figueiredo,prelims,5,prelims,False,False
1412,239,UFC Fight Night: Song vs. Figueiredo,prelims,6,prelims,False,False
1082,208,UFC Fight Night: Muhammad vs. Bonfim,main_card,1,main_event,False,False
1083,208,UFC Fight Night: Muhammad vs. Bonfim,main_card,2,co_main,False,True
1084,208,UFC Fight Night: Muhammad vs. Bonfim,main_card,3,main_card,False,False
1085,208,UFC Fight Night: Muhammad vs. Bonfim,main_card,4,main_card,False,False
1086,208,UFC Fight Night: Muhammad vs. Bonfim,main_card,5,main_card,False,False
1087,208,UFC Fight Night: Muhammad vs. Bonfim,prelims,1,prelims,False,False
1088,208,UFC Fight Night: Muhammad vs. Bonfim,prelims,2,prelims,False,False
1089,208,UFC Fight Night: Muhammad vs. Bonfim,prelims,3,prelims,False,False
1090,208,UFC Fight Night: Muhammad vs. Bonfim,prelims,4,prelims,False,False
1091,208,UFC Fight Night: Muhammad vs. Bonfim,prelims,5,prelims,False,False
1092,208,UFC Fight Night: Muhammad vs. Bonfim,prelims,6,prelims,False,False
1093,208,UFC Fight Night: Muhammad vs. Bonfim,prelims,7,prelims,False,False
1103,210,UFC Freedom 250,full_card,1,main_event,True,True
1104,210,UFC Freedom 250,full_card,2,co_main,True,False
1105,210,UFC Freedom 250,full_card,3,full_card,False,False
1106,210,UFC Freedom 250,full_card,4,full_card,False,False
1107,210,UFC Freedom 250,full_card,5,full_card,False,False
1108,210,UFC Freedom 250,full_card,6,full_card,False,False
1109,210,UFC Freedom 250,full_card,7,full_card,False,False
708,138,UFC Fight Night: Kape vs. Horiguchi,main_card,1,main_event,False,False
709,138,UFC Fight Night: Kape vs. Horiguchi,main_card,2,co_main,False,False
710,138,UFC Fight Night: Kape vs. Horiguchi,main_card,3,main_card,False,False
711,138,UFC Fight Night: Kape vs. Horiguchi,main_card,4,main_card,False,False
712,138,UFC Fight Night: Kape vs. Horiguchi,main_card,5,main_card,False,True
713,138,UFC Fight Night: Kape vs. Horiguchi,prelims,1,prelims,False,False
714,138,UFC Fight Night: Kape vs. Horiguchi,prelims,2,prelims,False,False
715,138,UFC Fight Night: Kape vs. Horiguchi,prelims,3,prelims,False,False
716,138,UFC Fight Night: Kape vs. Horiguchi,prelims,4,prelims,False,False
717,138,UFC Fight Night: Kape vs. Horiguchi,prelims,5,prelims,False,False
718,138,UFC Fight Night: Kape vs. Horiguchi,prelims,6,prelims,False,False
719,138,UFC Fight Night: Kape vs. Horiguchi,prelims,7,prelims,False,False
695,137,UFC Fight Night: Fiziev vs. Torres,main_card,1,main_event,False,False
696,137,UFC Fight Night: Fiziev vs. Torres,main_card,2,co_main,False,False
697,137,UFC Fight Night: Fiziev vs. Torres,main_card,3,main_card,False,False
698,137,UFC Fight Night: Fiziev vs. Torres,main_card,4,main_card,False,False
699,137,UFC Fight Night: Fiziev vs. Torres,main_card,5,main_card,False,False
701,137,UFC Fight Night: Fiziev vs. Torres,prelims,1,prelims,False,False
702,137,UFC Fight Night: Fiziev vs. Torres,prelims,2,prelims,False,False
703,137,UFC Fight Night: Fiziev vs. Torres,prelims,3,prelims,False,False
704,137,UFC Fight Night: Fiziev vs. Torres,prelims,4,prelims,False,False
705,137,UFC Fight Night: Fiziev vs. Torres,prelims,5,prelims,False,False
706,137,UFC Fight Night: Fiziev vs. Torres,prelims,6,prelims,False,False
707,137,UFC Fight Night: Fiziev vs. Torres,prelims,7,prelims,False,False
1209,220,UFC 329,main_card,1,main_event,False,False
1210,220,UFC 329,main_card,2,co_main,False,False
1211,220,UFC 329,main_card,3,main_card,False,False
1212,220,UFC 329,main_card,4,main_card,False,True
1213,220,UFC 329,main_card,5,main_card,False,False
1214,220,UFC 329,prelims,1,prelims,False,False
1215,220,UFC 329,prelims,2,prelims,False,False
1216,220,UFC 329,prelims,3,prelims,False,False
1217,220,UFC 329,prelims,4,prelims,False,False
1218,220,UFC 329,early_prelims,1,early_prelims,False,False
1219,220,UFC 329,early_prelims,2,early_prelims,False,False
1220,220,UFC 329,early_prelims,3,early_prelims,False,False
1221,220,UFC 329,early_prelims,4,early_prelims,False,False
1222,220,UFC 329,early_prelims,5,early_prelims,False,False
481,110,UFC Fight Night: du Plessis vs. Usman,main_card,1,main_event,False,True
482,110,UFC Fight Night: du Plessis vs. Usman,main_card,2,co_main,False,False
483,110,UFC Fight Night: du Plessis vs. Usman,main_card,3,main_card,False,False
484,110,UFC Fight Night: du Plessis vs. Usman,main_card,4,main_card,False,False
485,110,UFC Fight Night: du Plessis vs. Usman,main_card,5,main_card,False,False
486,110,UFC Fight Night: du Plessis vs. Usman,prelims,1,prelims,False,False
487,110,UFC Fight Night: du Plessis vs. Usman,prelims,2,prelims,False,False
488,110,UFC Fight Night: du Plessis vs. Usman,prelims,3,prelims,False,False
489,110,UFC Fight Night: du Plessis vs. Usman,prelims,4,prelims,False,False
490,110,UFC Fight Night: du Plessis vs. Usman,prelims,5,prelims,False,False
492,110,UFC Fight Night: du Plessis vs. Usman,prelims,7,prelims,False,False
303,90,UFC Fight Night: Ankalaev vs. Guskov,main_card,1,main_event,False,False
304,90,UFC Fight Night: Ankalaev vs. Guskov,main_card,2,co_main,False,False
305,90,UFC Fight Night: Ankalaev vs. Guskov,main_card,3,main_card,False,False
306,90,UFC Fight Night: Ankalaev vs. Guskov,main_card,4,main_card,False,True
307,90,UFC Fight Night: Ankalaev vs. Guskov,main_card,5,main_card,False,False
308,90,UFC Fight Night: Ankalaev vs. Guskov,prelims,1,prelims,False,False
309,90,UFC Fight Night: Ankalaev vs. Guskov,prelims,2,prelims,False,False
310,90,UFC Fight Night: Ankalaev vs. Guskov,prelims,3,prelims,False,False
311,90,UFC Fight Night: Ankalaev vs. Guskov,prelims,4,prelims,False,False
312,90,UFC Fight Night: Ankalaev vs. Guskov,prelims,5,prelims,False,False
313,90,UFC Fight Night: Ankalaev vs. Guskov,prelims,6,prelims,False,False
314,90,UFC Fight Night: Ankalaev vs. Guskov,prelims,7,prelims,False,False
427,103,UFC Fight Night: Medić vs. Rodriguez,main_card,1,main_event,False,False
429,103,UFC Fight Night: Medić vs. Rodriguez,main_card,3,main_card,False,False
430,103,UFC Fight Night: Medić vs. Rodriguez,main_card,4,main_card,False,False
431,103,UFC Fight Night: Medić vs. Rodriguez,main_card,5,main_card,False,False
432,103,UFC Fight Night: Medić vs. Rodriguez,main_card,6,main_card,False,False
433,103,UFC Fight Night: Medić vs. Rodriguez,prelims,1,prelims,False,False
434,103,UFC Fight Night: Medić vs. Rodriguez,prelims,2,prelims,False,False
435,103,UFC Fight Night: Medić vs. Rodriguez,prelims,3,prelims,False,False
436,103,UFC Fight Night: Medić vs. Rodriguez,prelims,4,prelims,False,False
437,103,UFC Fight Night: Medić vs. Rodriguez,prelims,5,prelims,False,False
438,103,UFC Fight Night: Medić vs. Rodriguez,prelims,6,prelims,False,False
439,103,UFC Fight Night: Medić vs. Rodriguez,prelims,7,prelims,False,False
440,103,UFC Fight Night: Medić vs. Rodriguez,prelims,8,prelims,False,False
291,89,UFC Fight Night: Gamrot vs. Salkilld,main_card,1,main_event,False,False
292,89,UFC Fight Night: Gamrot vs. Salkilld,main_card,2,co_main,False,True
293,89,UFC Fight Night: Gamrot vs. Salkilld,main_card,3,main_card,False,False
294,89,UFC Fight Night: Gamrot vs. Salkilld,main_card,4,main_card,False,False
295,89,UFC Fight Night: Gamrot vs. Salkilld,main_card,5,main_card,False,False
296,89,UFC Fight Night: Gamrot vs. Salkilld,prelims,1,prelims,False,False
297,89,UFC Fight Night: Gamrot vs. Salkilld,prelims,2,prelims,False,False
299,89,UFC Fight Night: Gamrot vs. Salkilld,prelims,4,prelims,False,False
300,89,UFC Fight Night: Gamrot vs. Salkilld,prelims,5,prelims,False,False
301,89,UFC Fight Night: Gamrot vs. Salkilld,prelims,6,prelims,False,False
302,89,UFC Fight Night: Gamrot vs. Salkilld,prelims,7,prelims,False,False
545,116,UFC 330,main_card,1,main_event,True,False
546,116,UFC 330,main_card,2,co_main,True,False
547,116,UFC 330,main_card,3,main_card,False,False
548,116,UFC 330,main_card,4,main_card,False,False
549,116,UFC 330,main_card,5,main_card,False,False
550,116,UFC 330,prelims,1,prelims,False,False
551,116,UFC 330,prelims,2,prelims,False,False
552,116,UFC 330,prelims,3,prelims,False,False
553,116,UFC 330,prelims,4,prelims,False,False
554,116,UFC 330,early_prelims,1,early_prelims,False,False
555,116,UFC 330,early_prelims,2,early_prelims,False,False
556,116,UFC 330,early_prelims,3,early_prelims,False,False
