bout_id,fight_date,fighter_id,result,en_title,baseline_mean,outcome_mean,Y
17881,2015-09-05,254,win,Corey Anderson (fighter),270.4151,209.2414,-0.255393
17881,2015-09-05,260,loss,Jan Błachowicz,733.3396,197.8276,-1.306534
17878,2015-09-05,6026,loss,John Dodson (fighter),1592.6226,687.5172,-0.839225
17878,2015-09-05,8528,win,Demetrious Johnson,2353.6981,2013.6552,-0.155964
17879,2015-09-05,7983,win,Andrei Arlovski,2200.2453,1806.931,-0.19684
17879,2015-09-05,8832,loss,Frank Mir,4832.7925,1649.8276,-1.074355
17883,2015-09-05,8319,loss,Paul Felder,1132.8868,253.6552,-1.493496
17883,2015-09-05,8456,win,Ross Pearson,746.283,389.6207,-0.648707
17783,2015-09-26,1752,win,Kyoji Horiguchi,275.9245,193.9655,-0.350922
17783,2015-09-26,8869,loss,Chico Camus,134.6038,100.0345,-0.294275
17781,2015-09-26,8671,loss,Roy Nelson,1818.6415,1845.5862,0.014699
17781,2015-09-26,8806,win,Josh Barnett,1297.8868,1326.6207,0.021881
17784,2015-09-26,8705,win,Takeya Mizugaki,251.2642,193.2759,-0.261198
17784,2015-09-26,8870,loss,George Roop,160.4906,122.0,-0.272262
17871,2015-10-03,1013,loss,Dan Hooker,128.5283,84.5517,-0.414778
17871,2015-10-03,2451,win,Yair Rodríguez,223.717,346.3793,0.435576
17876,2015-10-03,1510,win,Sergio Pettis,266.0755,303.931,0.132554
17876,2015-10-03,8896,loss,Chris Cariaso,171.2453,219.8621,0.248619
17870,2015-10-03,5816,win,Julianna Peña,476.1698,446.2069,-0.064851
17870,2015-10-03,8204,loss,Jessica Eye,527.7736,348.3793,-0.414402
17866,2015-10-03,8163,loss,Alexander Gustafsson,1750.5849,1656.5862,-0.055159
17866,2015-10-03,8367,win,Daniel Cormier,2468.6981,2756.0,0.110047
17867,2015-10-03,8545,loss,Rashad Evans,1283.6226,1093.4483,-0.160215
17867,2015-10-03,8724,win,Ryan Bader,977.3962,1326.4828,0.305125
17868,2015-10-03,8893,win,Ruslan Magomedov,381.8868,403.2414,0.054273
17868,2015-10-03,8894,loss,Shawn Jordan,246.8868,354.7931,0.361377
17869,2015-10-03,8303,win,Joseph Benavidez,449.0,399.0,-0.117783
17869,2015-10-03,8727,loss,Ali Bagautinov,280.1887,168.1724,-0.508108
17777,2015-10-24,525,win,Krzysztof Jotko,59.9811,65.1034,0.080656
17777,2015-10-24,6619,loss,Scott Askham,64.1321,42.1724,-0.411215
17779,2015-10-24,1436,win,Darren Elkins,86.7736,93.1724,0.070367
17779,2015-10-24,6640,loss,Rob Whiteford,81.6226,74.6552,-0.088098
17772,2015-10-24,8665,loss,Reza Madadi,220.6415,243.1379,0.096672
17772,2015-10-24,8839,win,Norman Parke,235.2264,354.2069,0.40791
17864,2015-11-07,6501,loss,Pedro Munhoz,47.0755,34.8966,-0.292131
17864,2015-11-07,8306,win,Jimmie Rivera,73.8679,64.7241,-0.130259
17857,2015-11-07,790,loss,Gilbert Burns,120.5283,153.6207,0.240828
17857,2015-11-07,8672,win,Rashid Magomedov,200.9623,232.8276,0.146503
17858,2015-11-07,254,win,Corey Anderson (fighter),192.3962,204.8276,0.062298
17858,2015-11-07,8890,loss,Fábio Maldonado,219.1698,182.6897,-0.181151
17860,2015-11-07,3749,win,Johnny Case,80.7925,118.4483,0.378698
17860,2015-11-07,8819,loss,Yan Cabral,68.9434,59.7586,-0.140777
17863,2015-11-07,8835,win,Viscardi Andrade,34.717,32.7931,-0.055369
17863,2015-11-07,8892,loss,Gasan Umalatov,48.6981,46.5862,-0.043424
17843,2015-11-14,257,win,Robert Whittaker (fighter),580.6792,812.2414,0.335109
17843,2015-11-14,8203,loss,Uriah Hall,2371.1509,1280.7586,-0.615564
17841,2015-11-14,8179,win,Joanna Jędrzejczyk,1488.717,3205.0,0.766438
17841,2015-11-14,8708,loss,Valérie Létourneau,737.4717,939.4138,0.241737
17844,2015-11-14,8335,loss,Stefan Struve,509.4528,665.1379,0.266199
17844,2015-11-14,8849,win,Jared Rosholt,240.2642,349.2414,0.37273
17848,2015-11-14,8885,win,Danny Martinez,46.0943,69.4828,0.403215
17848,2015-11-14,8886,loss,Richie Vaculik,83.0566,77.7586,-0.065103
17827,2015-11-21,527,loss,Kelvin Gastelum,607.1698,938.1379,0.434508
17827,2015-11-21,774,win,Neil Magny,368.8113,923.5517,0.916316
17833,2015-11-21,1524,loss,Taylor Lapilus,32.283,35.931,0.104005
17833,2015-11-21,8804,win,Erik Pérez,84.8679,114.0345,0.292422
17829,2015-11-21,4925,win,Henry Cejudo,331.3208,437.7586,0.277849
17829,2015-11-21,8365,loss,Jussier Formiga,93.9434,113.5172,0.187445
17832,2015-11-21,6535,win,Leandro Silva (fighter),52.434,63.8621,0.193816
17832,2015-11-21,8824,loss,Efraín Escudero,162.7925,168.8621,0.036387
17828,2015-11-21,8341,win,Ricardo Lamas,259.4151,977.7586,1.324008
17828,2015-11-21,8344,loss,Diego Sanchez,571.3585,1489.6552,0.957205
17816,2015-11-28,3783,win,Benson Henderson,1073.3774,3478.3448,1.175103
17816,2015-11-28,8077,loss,Jorge Masvidal,313.3019,578.2759,0.611425
17821,2015-11-28,8681,win,Mike De La Torre,33.9245,52.8966,0.433877
17821,2015-11-28,8879,loss,Yui Chul Nam,46.0566,58.7931,0.239539
17728,2015-12-10,60,win,Thiago Santos,170.9245,174.4483,0.020289
17728,2015-12-10,8444,loss,Elias Theodorou,214.9811,238.1379,0.101849
17735,2015-12-10,8094,win,Zubaira Tukhugov,78.4717,92.5172,0.162745
17735,2015-12-10,8695,loss,Phillipe Nover,100.3585,110.8276,0.098295
17752,2015-12-11,8366,win,Evan Dunham,131.7736,318.8276,0.879137
17752,2015-12-11,8393,loss,Joe Lauzon,442.0,758.7931,0.539476
17756,2015-12-11,8503,win,Ryan LaFlare,121.4717,148.0,0.196066
17756,2015-12-11,8861,loss,Mike Pierce,113.566,106.0345,-0.068
17808,2015-12-12,3782,loss,Jeremy Stephens,429.0,711.8621,0.505503
17808,2015-12-12,3846,win,Max Holloway,825.434,2139.4483,0.951651
17807,2015-12-12,6184,loss,Gunnar Nelson (fighter),979.2642,1017.3103,0.038078
17807,2015-12-12,8280,win,Demian Maia,748.9057,1859.8621,0.908848
17806,2015-12-12,8282,loss,Ronaldo Souza,1021.6604,1179.1724,0.143253
17806,2015-12-12,8369,win,Yoel Romero,1380.6415,1929.6897,0.334605
17809,2015-12-12,8346,loss,Frankie Saenz,473.9057,389.6897,-0.195203
17809,2015-12-12,8381,win,Urijah Faber,2964.6415,4051.6552,0.312279
17814,2015-12-12,8026,loss,John Makdessi,256.8868,296.069,0.141444
17814,2015-12-12,8275,win,Yancy Medeiros,123.0,193.3448,0.449352
17793,2015-12-19,872,win,Nate Diaz,868.3585,4695.3793,1.686792
17793,2015-12-19,1099,loss,Michael Johnson (fighter),530.2075,946.2069,0.578365
17797,2015-12-19,4922,win,Valentina Shevchenko,56.3019,687.7586,2.486557
17797,2015-12-19,8874,loss,Sarah Kaufman,525.6981,403.069,-0.265042
17799,2015-12-19,8310,win,Nik Lentz,160.7736,748.4828,1.533186
17799,2015-12-19,8875,loss,Danny Castillo,196.4151,316.6897,0.475766
17739,2016-01-02,561,win,Albert Tumenov,289.8113,334.2759,0.142279
17739,2016-01-02,8800,loss,Lorenz Larkin,296.717,300.7931,0.013598
17745,2016-01-02,1046,win,Drew Dober,97.0755,91.7931,-0.055365
17745,2016-01-02,8112,loss,Scott Holtzman,45.7358,42.2069,-0.078511
17746,2016-01-02,5493,win,Dustin Poirier,1565.3774,1357.4828,-0.142397
17746,2016-01-02,8353,loss,Joseph Duffy (fighter),3412.0,1866.3103,-0.603093
17737,2016-01-02,8061,win,Robbie Lawler,3523.0943,4324.5862,0.204924
17737,2016-01-02,8271,loss,Carlos Condit,1916.3585,2484.4138,0.259491
17744,2016-01-02,8146,loss,Nina Nunes,135.3019,107.0345,-0.232422
17744,2016-01-02,8289,win,Justine Kish,173.566,111.5862,-0.438584
17747,2016-01-02,8573,loss,Joe Soto,250.9245,458.069,0.600071
17747,2016-01-02,8697,win,Michinori Tanaka,68.283,101.7586,0.394183
17712,2016-01-17,8145,win,Dominick Cruz,2928.717,3556.2069,0.19407
17712,2016-01-17,8178,loss,T.J. Dillashaw,3578.5094,1811.4828,-0.680528
17713,2016-01-17,8314,loss,Anthony Pettis,3032.3774,1815.4828,-0.512775
17713,2016-01-17,8530,win,Eddie Alvarez,1002.6226,1213.4138,0.190645
17715,2016-01-17,8133,win,Francisco Trinaldo,211.1321,219.0,0.036418
17715,2016-01-17,8456,loss,Ross Pearson,464.7736,447.931,-0.03683
17680,2016-01-30,1041,win,Carlos Diego Ferreira,135.4151,87.1724,-0.436408
17680,2016-01-30,8416,loss,Olivier Aubin-Mercier,130.9434,78.069,-0.512053
17682,2016-01-30,1476,win,Wilson Reis,70.7547,102.1379,0.362814
17682,2016-01-30,8464,loss,Dustin Ortiz,83.3774,124.6207,0.397968
17677,2016-01-30,8306,win,Jimmie Rivera,149.3396,197.2414,0.276588
17677,2016-01-30,8525,loss,Iuri Alcântara,196.2453,117.931,-0.505904
17679,2016-01-30,8522,loss,Jake Ellenberger,509.8302,802.4828,0.452919
17679,2016-01-30,8668,win,Tarec Saffiedine,324.5472,316.069,-0.026388
17702,2016-02-06,6624,win,Ovince Saint Preux,468.0,519.8276,0.104816
17702,2016-02-06,8850,loss,Rafael Cavalcante,485.434,321.6897,-0.41041
17701,2016-02-06,8671,win,Roy Nelson,1885.8491,2189.069,0.149025
17701,2016-02-06,8849,loss,Jared Rosholt,551.717,395.5172,-0.332127
17703,2016-02-06,8303,win,Joseph Benavidez,675.8868,571.5172,-0.167461
17703,2016-02-06,8709,loss,Zach Makovsky,132.6604,107.6552,-0.207123
17706,2016-02-06,8567,win,Josh Burkman,289.4906,265.8966,-0.08471
17706,2016-02-06,8851,loss,K.J. Noons,412.3585,594.3448,0.364826
17708,2016-02-06,8357,loss,Ray Borg,87.3208,83.7931,-0.040761
17708,2016-02-06,8536,win,Justin Scoggins,64.8679,289.4828,1.483893
17674,2016-02-21,226,loss,Anthony Hamilton (fighter),122.1321,87.0345,-0.335529
17674,2016-02-21,8100,win,Shamil Abdurakhimov,120.4717,70.6552,-0.527816
17665,2016-02-21,8465,win,Dennis Bermudez,300.8679,334.1034,0.10445
17665,2016-02-21,8797,loss,Tatsuya Kawajiri,207.5094,214.4138,0.032577
17667,2016-02-21,8327,win,James Krause (fighter),109.1321,95.0345,-0.136973
17667,2016-02-21,8795,loss,Shane Campbell,71.1509,52.8966,-0.291694
17651,2016-02-27,310,win,Tom Breese,221.8113,171.3448,-0.256828
17651,2016-02-27,8452,loss,Keita Nakamura,177.6981,95.0,-0.62135
17657,2016-02-27,525,win,Krzysztof Jotko,56.4717,65.7586,0.149791
17657,2016-02-27,8538,loss,Brad Scott (fighter),67.6792,57.4138,-0.161895
17653,2016-02-27,1241,win,Makwan Amirkhani,322.6604,429.3103,0.284812
17653,2016-02-27,8836,loss,Mike Wilkinson (fighter),136.2642,101.7931,-0.289189
17649,2016-02-27,8321,loss,Anderson Silva,4569.7358,7910.7586,0.548676
17649,2016-02-27,8611,win,Michael Bisping,2360.0566,3481.7931,0.388725
17650,2016-02-27,8504,loss,Thales Leites,425.2453,294.1034,-0.367689
17650,2016-02-27,8679,win,Gegard Mousasi,804.3585,1437.5862,0.580129
17652,2016-02-27,8689,win,Brad Pickett,359.4528,393.5517,0.090389
17652,2016-02-27,8805,loss,Francisco Rivera (fighter),203.2264,132.3448,-0.426291
17658,2016-02-27,8376,win,Rustam Khabilov,241.0755,328.6897,0.308902
17658,2016-02-27,8839,loss,Norman Parke,234.5849,295.2414,0.229103
17697,2016-03-05,1051,loss,Jim Miller (fighter),410.2264,581.5862,0.348333
17697,2016-03-05,8344,win,Diego Sanchez,1118.0189,1678.6207,0.406116
17696,2016-03-05,1436,win,Darren Elkins,109.3962,137.931,0.229902
17696,2016-03-05,8225,loss,Chas Skelly,97.7736,58.8276,-0.501363
17692,2016-03-05,4922,loss,Valentina Shevchenko,413.1132,397.069,-0.039514
17692,2016-03-05,8057,win,Amanda Nunes,327.0943,625.8276,0.64737
17690,2016-03-05,8063,win,Ilir Latifi,1173.5283,816.8276,-0.36197
17690,2016-03-05,8245,loss,Gian Villante,313.283,359.4138,0.136959
17691,2016-03-05,254,win,Corey Anderson (fighter),452.2075,687.0,0.417439
17691,2016-03-05,8846,loss,Tom Lawlor,462.9811,457.4483,-0.011996
17642,2016-03-19,8555,win,Bec Rawlings,213.6038,310.1034,0.371332
17642,2016-03-19,8718,loss,Seo Hee Ham,157.2075,163.3793,0.038269
17646,2016-03-19,8720,loss,Richard Walsh (fighter),69.0943,52.2414,-0.275006
17646,2016-03-19,8835,win,Viscardi Andrade,46.9057,45.2069,-0.036105
17647,2016-03-19,8456,win,Ross Pearson,456.0189,401.7586,-0.126387
17647,2016-03-19,8482,loss,Chad Laprise,161.3019,125.931,-0.245814
17589,2016-04-10,70,win,Junior dos Santos,2307.0566,2399.0,0.039063
17589,2016-04-10,8239,loss,Ben Rothwell,1652.5094,1080.8621,-0.424216
17593,2016-04-10,260,win,Jan Błachowicz,272.2642,181.7931,-0.402084
17593,2016-04-10,8826,loss,Igor Pokrajac,242.3585,137.3448,-0.564786
17599,2016-04-10,6640,loss,Rob Whiteford,124.0189,101.8966,-0.194741
17599,2016-04-10,8829,win,Lucas Martins,78.566,59.931,-0.266845
17595,2016-04-10,793,loss,Nicolas Dalby,101.7358,54.3448,-0.618578
17595,2016-04-10,8074,win,Zak Cummings,122.5472,126.8621,0.034329
17603,2016-04-16,2263,loss,Tecia Pennington,526.6226,569.069,0.077376
17603,2016-04-16,4455,win,Rose Namajunas,1071.3019,1631.0,0.419999
17607,2016-04-16,6623,win,Raquel Pennington,342.9245,393.931,0.138289
17607,2016-04-16,8259,loss,Bethe Correia,564.3396,449.1034,-0.227949
17605,2016-04-16,1145,loss,Hacran Dias,133.1509,91.931,-0.367108
17605,2016-04-16,4211,win,Cub Swanson,620.6226,503.1724,-0.209415
17580,2016-04-23,257,win,Robert Whittaker (fighter),761.1887,871.6207,0.135307
17580,2016-04-23,8643,loss,Rafael Natal,303.717,220.6552,-0.318261
17588,2016-04-23,1130,win,Kevin Lee,180.0189,189.7586,0.052408
17588,2016-04-23,8824,loss,Efraín Escudero,161.4528,125.6552,-0.248919
17579,2016-04-23,1153,win,Edson Barboza,825.717,1051.7931,0.24174
17579,2016-04-23,8314,loss,Anthony Pettis,2087.566,1430.4483,-0.377791
17582,2016-04-23,1510,win,Sergio Pettis,370.7736,332.9655,-0.107247
17582,2016-04-23,8822,loss,Chris Kelades,89.2453,71.1724,-0.223473
17577,2016-04-23,6478,win,Jon Jones,14428.566,7996.5517,-0.590144
17577,2016-04-23,6624,loss,Ovince Saint Preux,4301.1509,1604.6897,-0.985562
17584,2016-04-23,6625,win,Carla Esparza,617.3962,577.8966,-0.066006
17584,2016-04-23,8569,loss,Juliana Lima,210.9623,153.2759,-0.317666
17574,2016-05-08,1752,win,Kyoji Horiguchi,328.2642,206.1724,-0.463309
17574,2016-05-08,8658,loss,Neil Seery,513.0377,95.0345,-1.677589
17569,2016-05-08,2316,win,Karolina Kowalkiewicz,190.3962,234.6552,0.208024
17569,2016-05-08,8813,loss,Heather Clark (fighter),199.9811,99.7586,-0.690483
17570,2016-05-08,8376,win,Rustam Khabilov,329.5849,195.3448,-0.520991
17570,2016-05-08,8645,loss,Chris Wade (fighter),129.283,75.4828,-0.532644
17616,2016-05-14,254,loss,Corey Anderson (fighter),637.4717,361.2759,-0.566671
17616,2016-05-14,8098,win,Maurício Rua,1607.0943,1126.7586,-0.354818
17617,2016-05-14,7979,loss,Warlley Alves,155.4906,204.2069,0.271023
17617,2016-05-14,7994,win,Bryan Barberena,446.3585,685.3793,0.42807
17620,2016-05-14,8133,win,Francisco Trinaldo,157.0189,190.069,0.18992
17620,2016-05-14,8275,loss,Yancy Medeiros,124.9057,183.8276,0.383891
17536,2016-05-29,1249,loss,Aljamain Sterling,383.4906,434.7931,0.125248
17536,2016-05-29,8489,win,Bryan Caraway,953.0755,1103.1724,0.146109
17527,2016-05-29,3782,win,Jeremy Stephens,501.6604,957.2414,0.645185
17527,2016-05-29,8387,loss,Renan Barão,763.1321,1000.0345,0.270049
17528,2016-05-29,8668,loss,Tarec Saffiedine,254.2075,298.2759,0.159289
17528,2016-05-29,8798,win,Rick Story,342.1321,506.7586,0.391891
17529,2016-05-29,8533,loss,Vitor Miranda,115.2453,92.8966,-0.213509
17529,2016-05-29,8664,win,Chris Camozzi,182.6792,265.1724,0.370953
17530,2016-05-29,8077,loss,Jorge Masvidal,337.4906,387.0345,0.136598
17530,2016-05-29,8800,win,Lorenz Larkin,281.6792,316.3103,0.115567
17531,2016-05-29,8319,win,Paul Felder,173.4151,262.7931,0.413727
17531,2016-05-29,8567,loss,Josh Burkman,202.0,328.3448,0.483899
17532,2016-05-29,8204,loss,Jessica Eye,430.717,392.4483,-0.092821
17532,2016-05-29,8221,win,Sara McMann,334.1132,307.8966,-0.081462
17560,2016-06-04,310,loss,Tom Breese,124.1887,103.7586,-0.178163
17560,2016-06-04,500,win,Sean Strickland,100.7736,119.5172,0.169042
17553,2016-06-04,3846,win,Max Holloway,820.2075,1442.5517,0.564086
17553,2016-06-04,8341,loss,Ricardo Lamas,367.717,363.7586,-0.010794
17552,2016-06-04,8145,win,Dominick Cruz,2704.3019,2054.9655,-0.274468
17552,2016-06-04,8381,loss,Urijah Faber,2404.3585,1726.2414,-0.331173
17559,2016-06-04,7977,win,Alex Caceres,193.8679,601.6552,1.129023
17559,2016-06-04,8703,loss,Cole Miller,452.7358,205.4828,-0.787298
17543,2016-06-18,6535,loss,Leandro Silva (fighter),62.6226,44.6207,-0.332608
17543,2016-06-18,8618,win,Jason Saggo,47.8302,49.9655,0.042801
17538,2016-06-18,775,win,Stephen Thompson (fighter),2041.1698,2600.2414,0.241976
17538,2016-06-18,8816,loss,Rory MacDonald (fighter),1806.4528,1881.4483,0.040655
17547,2016-06-18,8149,loss,Sam Alvey,174.1509,600.1034,1.233119
17547,2016-06-18,8444,win,Elias Theodorou,282.7547,253.9655,-0.106982
17515,2016-07-07,21,win,Derrick Lewis,540.7736,867.1724,0.471542
17515,2016-07-07,8671,loss,Roy Nelson,2181.283,1716.9655,-0.239231
17634,2016-07-08,44,loss,Anthony Smith (fighter),54.717,56.7241,0.03539
17634,2016-07-08,8421,win,Cezar Ferreira,142.4717,106.8276,-0.285604
17625,2016-07-08,8179,win,Joanna Jędrzejczyk,2162.7547,3214.9655,0.396283
17625,2016-07-08,8325,loss,Cláudia Gadelha,1494.5094,874.931,-0.534935
17628,2016-07-08,8456,loss,Ross Pearson,390.0377,1546.7586,1.375759
17628,2016-07-08,8624,win,Will Brooks,1124.0189,719.1034,-0.44616
17765,2016-07-09,527,win,Kelvin Gastelum,739.0566,1459.8621,0.680055
17765,2016-07-09,8621,loss,Johny Hendricks,1529.8113,2212.1379,0.368614
17764,2016-07-09,5816,win,Julianna Peña,644.0377,1460.1724,0.817686
17764,2016-07-09,8478,loss,Cat Zingano,1231.1509,1757.8966,0.355925
17762,2016-07-09,5855,win,José Aldo,2109.8491,2844.8621,0.298776
17762,2016-07-09,8123,loss,Frankie Edgar,1686.3396,1404.9655,-0.182429
17761,2016-07-09,8321,loss,Anderson Silva,4256.9434,4744.3103,0.108371
17761,2016-07-09,8367,win,Daniel Cormier,2603.3396,2927.1034,0.117176
17766,2016-07-09,8082,loss,Raphael Assunção,884.7547,264.3103,-1.20554
17766,2016-07-09,8178,win,T.J. Dillashaw,1848.566,1204.1034,-0.428386
17481,2016-07-13,8134,loss,Aleksei Oleinik,7.5283,7.4138,-0.013518
17481,2016-07-13,8647,win,Daniel Omielańczuk,81.1698,198.1724,0.885383
17487,2016-07-13,8112,win,Scott Holtzman,33.9245,45.6552,0.289594
17487,2016-07-13,8812,loss,Cody Pfister,96.1887,90.4138,-0.061258
17504,2016-07-23,1153,win,Edson Barboza,734.717,1022.2069,0.329851
17504,2016-07-23,8429,loss,Gilbert Melendez,625.3396,814.0345,0.263338
17508,2016-07-23,1436,win,Darren Elkins,85.0943,124.0345,0.373146
17508,2016-07-23,8568,loss,Godofredo Pepey,77.0189,96.5517,0.223432
17503,2016-07-23,4922,win,Valentina Shevchenko,1458.2075,2247.2759,0.43227
17503,2016-07-23,7991,loss,Holly Holm,3423.7736,3176.5172,-0.074935
17511,2016-07-23,8216,win,Alex Oliveira,227.1509,304.6207,0.292337
17511,2016-07-23,8704,loss,James Moontasri,82.1887,69.0345,-0.172124
17457,2016-07-30,2316,win,Karolina Kowalkiewicz,436.7547,775.7586,0.573471
17457,2016-07-30,4455,loss,Rose Namajunas,1029.6038,1395.0,0.303466
17459,2016-07-30,8804,win,Erik Pérez,128.3585,201.5862,0.448578
17459,2016-07-30,8805,loss,Francisco Rivera (fighter),186.0566,267.9655,0.363172
17460,2016-07-30,8262,win,Ryan Benoit,69.0,212.069,1.113121
17460,2016-07-30,8706,loss,Fredy Serrano,34.566,96.931,1.012872
17462,2016-07-30,8077,win,Jorge Masvidal,374.5283,417.2069,0.107642
17462,2016-07-30,8456,loss,Ross Pearson,920.9245,417.7241,-0.789251
17417,2016-08-06,810,win,Court McGee,190.7736,170.3103,-0.112839
17417,2016-08-06,8661,loss,Dominique Steele,65.5472,65.0345,-0.007734
17414,2016-08-06,834,win,Santiago Ponzinibbio,111.6038,191.9655,0.538636
17414,2016-08-06,8074,loss,Zak Cummings,99.566,141.6207,0.349374
17411,2016-08-06,2451,win,Yair Rodríguez,535.5094,947.7586,0.57007
17411,2016-08-06,7977,loss,Alex Caceres,596.5283,721.5517,0.189987
17412,2016-08-06,8465,win,Dennis Bermudez,296.2075,428.0,0.367026
17412,2016-08-06,8690,loss,Rony Jason,124.2453,118.8276,-0.04422
17421,2016-08-06,4211,win,Cub Swanson,451.4151,590.6897,0.268382
17421,2016-08-06,8797,loss,Tatsuya Kawajiri,204.9434,171.3793,-0.177904
17423,2016-08-20,872,loss,Nate Diaz,7398.0377,10200.5172,0.321187
17423,2016-08-20,909,win,Conor McGregor,13133.6415,21298.2414,0.483418
17429,2016-08-20,6623,win,Raquel Pennington,421.1509,594.4138,0.343894
17429,2016-08-20,8799,loss,Elizabeth Phillips (martial artist),0.0,0.0,0.0
17404,2016-08-27,1051,win,Jim Miller (fighter),928.7358,545.6897,-0.531019
17404,2016-08-27,8393,loss,Joe Lauzon,1652.283,813.1379,-0.708388
17468,2016-09-03,260,loss,Jan Błachowicz,471.2642,345.6552,-0.309208
17468,2016-09-03,8163,win,Alexander Gustafsson,1633.0377,1463.4828,-0.109552
17474,2016-09-03,1524,win,Taylor Lapilus,53.0566,47.5862,-0.106692
17474,2016-09-03,8808,loss,Leandro Issa,38.434,46.069,0.176986
17477,2016-09-03,6535,loss,Leandro Silva (fighter),57.1698,59.6207,0.04127
17477,2016-09-03,8376,win,Rustam Khabilov,334.8491,276.4828,-0.190903
17470,2016-09-03,8438,win,Nick Hein,76.9245,117.3448,0.417862
17470,2016-09-03,8807,loss,Tae Hyun Bang,71.8679,63.3103,-0.124928
17472,2016-09-03,793,loss,Nicolas Dalby,59.4717,59.8276,0.005868
17472,2016-09-03,8350,win,Peter Sobotta,58.3962,64.0345,0.090687
17441,2016-09-10,564,win,Brad Tavares,137.3396,200.1724,0.374451
17441,2016-09-10,8802,loss,Caio Magalhães,70.3019,109.9655,0.442297
17436,2016-09-10,8349,win,Fabrício Werdum,1613.5094,2257.4828,0.335662
17436,2016-09-10,8648,loss,Travis Browne,1675.3585,2356.1724,0.340839
17438,2016-09-10,8306,win,Jimmie Rivera,476.566,730.1724,0.425947
17438,2016-09-10,8381,loss,Urijah Faber,1677.5472,1987.5172,0.169461
17440,2016-09-10,8204,loss,Jessica Eye,370.8113,496.2414,0.290689
17440,2016-09-10,8259,win,Bethe Correia,499.9811,512.0,0.023707
17393,2016-09-17,750,win,Islam Makhachev,85.434,153.3448,0.579809
17393,2016-09-17,8645,loss,Chris Wade (fighter),81.3962,117.3448,0.362063
17392,2016-09-17,8696,win,Roan Carneiro,87.2642,108.8276,0.218578
17392,2016-09-17,8790,loss,Kenny Robertson,61.2453,68.069,0.104023
17382,2016-09-24,790,loss,Gilbert Burns,71.1321,129.3103,0.59142
17382,2016-09-24,5708,win,Michel Prazeres,65.1132,100.0,0.423752
17386,2016-09-24,6638,loss,Stevie Ray (fighter),78.4717,59.5517,-0.271903
17386,2016-09-24,8212,win,Alan Patrick (fighter),64.0189,48.1034,-0.280748
17377,2016-09-24,8387,win,Renan Barão,631.5094,754.7241,0.177981
17377,2016-09-24,8695,loss,Phillipe Nover,342.4151,216.1379,-0.458407
17383,2016-09-24,7985,win,Rani Yahya,88.717,83.0345,-0.065433
17383,2016-09-24,8697,loss,Michinori Tanaka,63.5283,43.3103,-0.375886
17384,2016-09-24,8365,win,Jussier Formiga,96.6226,91.1724,-0.057449
17384,2016-09-24,8464,loss,Dustin Ortiz,78.1321,51.2414,-0.415243
17320,2016-10-01,1145,loss,Hacran Dias,139.1698,82.8276,-0.514092
17320,2016-10-01,1319,win,Andre Fili,234.8491,209.4138,-0.114116
17315,2016-10-01,6026,loss,John Dodson (fighter),561.6415,712.7241,0.237854
17315,2016-10-01,8448,win,John Lineker,408.8491,692.1379,0.52544
17321,2016-10-01,8100,win,Shamil Abdurakhimov,111.7547,378.7241,1.21423
17321,2016-10-01,8276,loss,Walt Harris (fighter),86.8302,74.3103,-0.153788
17276,2016-10-08,8611,win,Michael Bisping,4004.3774,4064.5172,0.014903
17276,2016-10-08,8730,loss,Dan Henderson,3273.6981,2840.931,-0.141742
17286,2016-10-08,8142,win,Leonardo Santos (fighter),137.9811,105.4483,-0.266679
17286,2016-10-08,8642,loss,Adriano Martins,185.4528,75.3793,-0.892466
17494,2016-11-05,1015,win,Beneil Dariush,333.3585,407.7586,0.200911
17494,2016-11-05,8672,loss,Rashid Magomedov,261.0566,174.1379,-0.402987
17491,2016-11-05,1124,loss,Marcin Held,324.9811,258.6897,-0.227352
17491,2016-11-05,8344,win,Diego Sanchez,684.1321,969.4138,0.348111
17495,2016-11-05,3650,win,Alexa Grasso,238.3585,322.0345,0.299797
17495,2016-11-05,8813,loss,Heather Clark (fighter),144.4151,164.931,0.13198
17490,2016-11-05,3481,loss,Rafael dos Anjos,2636.9623,4729.5862,0.584042
17490,2016-11-05,7975,win,Tony Ferguson,1833.434,6296.069,1.233348
17496,2016-11-05,8516,loss,Felipe Arantes,69.2453,34.6552,-0.678099
17496,2016-11-05,8804,win,Erik Pérez,133.2642,110.1034,-0.189347
17454,2016-11-12,1051,win,Jim Miller (fighter),473.5849,448.5517,-0.05419
17454,2016-11-12,8384,loss,Thiago Alves (fighter),713.0566,454.5172,-0.449529
17449,2016-11-12,5877,loss,Miesha Tate,2586.1321,4180.7931,0.48019
17449,2016-11-12,6623,win,Raquel Pennington,963.4151,1212.9655,0.230126
17447,2016-11-12,2316,loss,Karolina Kowalkiewicz,2045.9245,1165.4483,-0.562375
17447,2016-11-12,8179,win,Joanna Jędrzejczyk,2697.5094,2137.2414,-0.232716
17450,2016-11-12,3782,loss,Jeremy Stephens,4087.6792,1676.2759,-0.891051
17450,2016-11-12,8123,win,Frankie Edgar,1605.5094,2482.1724,0.435473
17254,2016-11-19,525,win,Krzysztof Jotko,165.8302,211.8621,0.243668
17254,2016-11-19,8504,loss,Thales Leites,262.1132,209.2069,-0.224492
17255,2016-11-19,3090,win,Kamaru Usman,161.2642,349.0,0.768708
17255,2016-11-19,7979,loss,Warlley Alves,117.0189,284.4483,0.883216
17265,2016-11-19,2,win,Alexander Volkov (fighter),376.9434,305.4138,-0.209808
17265,2016-11-19,46,loss,Timothy Johnson (fighter),171.3962,218.6552,0.242263
17268,2016-11-19,1752,win,Kyoji Horiguchi,188.9434,355.8966,0.63072
17268,2016-11-19,8727,loss,Ali Bagautinov,244.9057,347.0345,0.347354
17264,2016-11-19,6638,win,Stevie Ray (fighter),237.8679,202.1379,-0.162026
17264,2016-11-19,8456,loss,Ross Pearson,368.0943,527.6897,0.359349
17266,2016-11-19,8468,loss,Teruto Ishihara,265.1887,458.1724,0.54522
17266,2016-11-19,8499,win,Artem Lobov,463.2075,1438.2759,1.131564
17240,2016-11-26,8272,win,Omari Akhmedov,67.7547,115.3793,0.526309
17240,2016-11-26,8716,loss,Kyle Noke,105.8113,221.4483,0.733631
17244,2016-11-26,8537,win,Dan Kelly (fighter),102.1698,185.3793,0.591408
17244,2016-11-26,8664,loss,Chris Camozzi,159.6981,163.6207,0.024116
17247,2016-11-26,8485,win,Ben Nguyen,249.6415,335.3793,0.294216
17247,2016-11-26,8721,loss,Geane Herrera,41.6792,54.1724,0.25675
17226,2016-12-03,1761,loss,Tim Elliott,600.3774,1030.6552,0.539697
17226,2016-12-03,8528,win,Demetrious Johnson,2602.3396,4130.7586,0.461908
17227,2016-12-03,4925,loss,Henry Cejudo,509.2453,526.0345,0.032374
17227,2016-12-03,8303,win,Joseph Benavidez,660.3774,1043.6207,0.457085
17232,2016-12-03,8237,win,Ryan Hall (fighter),625.1698,853.6897,0.311117
17232,2016-12-03,8502,loss,Gray Maynard,487.0189,570.931,0.158664
17235,2016-12-03,8553,win,Jamie Moyle,65.7358,79.1034,0.182577
17235,2016-12-03,8614,loss,Kailin Curran,134.9623,255.2759,0.633877
17204,2016-12-10,1283,loss,Choi Doo-ho,1009.1698,1961.0,0.663846
17204,2016-12-10,4211,win,Cub Swanson,736.4906,2333.8966,1.15247
17212,2016-12-10,8376,win,Rustam Khabilov,262.6604,266.2414,0.01349
17212,2016-12-10,8618,loss,Jason Saggo,79.7736,50.0345,-0.459148
17213,2016-12-10,8464,win,Dustin Ortiz,94.0189,133.2414,0.345564
17213,2016-12-10,8709,loss,Zach Makovsky,201.434,78.8621,-0.930113
17196,2016-12-17,822,win,Alex Morono,39.3208,86.6552,0.776544
17196,2016-12-17,8704,loss,James Moontasri,61.3019,89.6552,0.375071
17195,2016-12-17,6460,win,Colby Covington,129.434,209.5862,0.479028
17195,2016-12-17,7994,loss,Bryan Barberena,434.1698,337.9655,-0.249838
17198,2016-12-17,6653,loss,Irene Aldana,117.4151,139.9655,0.174319
17198,2016-12-17,8660,win,Leslie Smith (fighter),202.1887,383.3448,0.637405
17192,2016-12-17,6656,loss,Mike Perry (fighter),505.3774,606.5172,0.182098
17192,2016-12-17,8326,win,Alan Jouban,483.0189,1090.7241,0.81339
17191,2016-12-17,8381,win,Urijah Faber,2014.4717,5340.1034,0.974579
17191,2016-12-17,8689,loss,Brad Pickett,591.1132,801.2069,0.303669
17194,2016-12-17,8487,win,Mizuto Hirota,102.3774,101.931,-0.004327
17194,2016-12-17,8703,loss,Cole Miller,296.1509,282.8966,-0.04563
17184,2016-12-30,774,win,Neil Magny,673.5849,856.2414,0.239622
17184,2016-12-30,8621,loss,Johny Hendricks,1403.3774,1910.4483,0.308267
17180,2016-12-30,1561,win,Cody Garbrandt,3000.7736,8078.5517,0.990133
17180,2016-12-30,8145,loss,Dominick Cruz,3780.1698,3904.6552,0.032392
17181,2016-12-30,8178,win,T.J. Dillashaw,1547.8868,2641.7931,0.5343
17181,2016-12-30,8448,loss,John Lineker,751.3962,837.2069,0.108002
17182,2016-12-30,8667,win,Dong Hyun Kim,892.9434,799.1034,-0.110901
17182,2016-12-30,8668,loss,Tarec Saffiedine,341.1321,373.6207,0.090717
17183,2016-12-30,8210,loss,Louis Smolka,269.3208,259.7241,-0.036146
17183,2016-12-30,8357,win,Ray Borg,135.2642,278.1724,0.717234
17169,2017-01-15,810,loss,Court McGee,272.0755,213.5517,-0.241197
17169,2017-01-15,8382,win,Ben Saunders (fighter),245.3396,292.0345,0.173579
17168,2017-01-15,1124,loss,Marcin Held,268.4528,398.4483,0.393691
17168,2017-01-15,8393,win,Joe Lauzon,702.7925,912.4828,0.260781
17170,2017-01-15,1510,win,Sergio Pettis,433.4528,401.3448,-0.076778
17170,2017-01-15,8523,loss,John Moraga,148.7358,122.4483,-0.19305
17174,2017-01-15,8363,win,Anthony Rocco Martin,61.9057,53.3448,-0.146287
17174,2017-01-15,8391,loss,Alex White (fighter),122.0566,59.0,-0.7183
17160,2017-01-28,1249,loss,Aljamain Sterling,252.0189,204.6552,-0.207263
17160,2017-01-28,8082,win,Raphael Assunção,375.8679,241.8966,-0.439259
17159,2017-01-28,8149,win,Sam Alvey,329.6981,623.4483,0.635663
17159,2017-01-28,8590,loss,Nate Marquardt,727.2264,567.7931,-0.247095
17152,2017-02-04,2263,win,Tecia Pennington,554.2642,357.8966,-0.43641
17152,2017-02-04,8555,loss,Bec Rawlings,351.1509,267.7241,-0.270375
17148,2017-02-04,2264,loss,Angela Hill,371.4151,451.1034,0.193902
17148,2017-02-04,2266,win,Jéssica Andrade,431.3585,1137.3103,0.968045
17144,2017-02-04,3650,loss,Alexa Grasso,481.1698,383.8966,-0.225322
17144,2017-02-04,8182,win,Felice Herrig,543.1509,607.9655,0.112535
17136,2017-02-11,514,loss,Jared Cannonier,509.5472,194.6207,-0.959306
17136,2017-02-11,8097,win,Glover Teixeira,658.1321,828.8966,0.230377
17140,2017-02-11,750,win,Islam Makhachev,192.7547,229.5172,0.173733
17140,2017-02-11,8310,loss,Nik Lentz,162.1698,124.1379,-0.265375
17138,2017-02-11,759,win,Belal Muhammad,131.7358,218.5517,0.503227
17138,2017-02-11,786,loss,Randy Brown (fighter),153.717,82.5517,-0.616132
17137,2017-02-11,1051,loss,Jim Miller (fighter),526.9245,409.5172,-0.251535
17137,2017-02-11,5493,win,Dustin Poirier,827.2264,1144.4138,0.324235
17139,2017-02-11,1476,win,Wilson Reis,144.9057,708.4138,1.581479
17139,2017-02-11,8493,loss,Ulka Sasaki,136.3019,112.2414,-0.19266
17133,2017-02-11,7990,win,Germaine de Randamie,2888.1887,1690.8966,-0.535126
17133,2017-02-11,7991,loss,Holly Holm,8933.7736,2502.9655,-1.272075
17134,2017-02-11,8091,loss,Derek Brunson,1086.7736,826.2759,-0.27375
17134,2017-02-11,8321,win,Anderson Silva,5043.4528,4833.3793,-0.042536
17142,2017-02-11,8503,win,Ryan LaFlare,152.0755,175.6207,0.143073
17142,2017-02-11,8696,loss,Roan Carneiro,115.0943,81.1034,-0.346423
17128,2017-02-19,834,win,Santiago Ponzinibbio,163.8679,194.6897,0.171385
17128,2017-02-19,8426,loss,Nordine Taleb,151.1321,136.0,-0.104768
17129,2017-02-19,6625,loss,Carla Esparza,520.7736,334.2414,-0.442383
17129,2017-02-19,8247,win,Randa Markos,238.1321,259.4138,0.085256
17123,2017-02-19,8505,loss,Héctor Lombard,738.6415,864.7586,0.157441
17123,2017-02-19,8621,win,Johny Hendricks,3055.3774,2049.069,-0.399357
17125,2017-02-19,8421,loss,Cezar Ferreira,159.3774,213.1379,0.289091
17125,2017-02-19,8444,win,Elias Theodorou,241.9434,613.6897,0.928289
17111,2017-03-04,775,loss,Stephen Thompson (fighter),2586.9811,1534.3793,-0.522101
17111,2017-03-04,8293,win,Tyron Woodley,3641.4151,2595.2414,-0.338582
17113,2017-03-04,8537,win,Dan Kelly (fighter),637.9434,850.2069,0.286839
17113,2017-03-04,8545,loss,Rashad Evans,1671.566,1405.0345,-0.173586
17102,2017-03-11,8357,win,Ray Borg,117.5094,343.7931,1.067952
17102,2017-03-11,8365,loss,Jussier Formiga,105.283,163.1034,0.434391
17107,2017-03-11,7985,loss,Rani Yahya,79.3585,75.6207,-0.047631
17107,2017-03-11,8573,win,Joe Soto,146.7925,195.6897,0.285818
17094,2017-03-18,46,win,Timothy Johnson (fighter),129.0189,212.8966,0.497813
17094,2017-03-18,8647,loss,Daniel Omielańczuk,197.6604,135.6552,-0.374136
17095,2017-03-18,530,loss,Vicente Luque,177.7736,80.9655,-0.779821
17095,2017-03-18,758,win,Leon Edwards,171.4528,150.8621,-0.127151
17091,2017-03-18,1241,loss,Makwan Amirkhani,299.9434,264.1724,-0.126542
17091,2017-03-18,1255,win,Arnold Allen,191.6792,205.6897,0.070192
17097,2017-03-18,6619,loss,Scott Askham,60.4906,52.1034,-0.146642
17097,2017-03-18,8538,win,Brad Scott (fighter),62.6981,76.3793,0.194564
17092,2017-03-18,8353,win,Joseph Duffy (fighter),826.8491,945.4828,0.133922
17092,2017-03-18,8665,loss,Reza Madadi,204.3774,228.1034,0.109325
17068,2017-04-08,260,loss,Jan Błachowicz,387.1321,231.0345,-0.51446
17068,2017-04-08,8441,win,Patrick Cummins (fighter),373.7358,361.0345,-0.034482
17066,2017-04-08,500,loss,Sean Strickland,205.4906,92.7586,-0.789531
17066,2017-04-08,3090,win,Kamaru Usman,340.5472,310.4483,-0.092253
17063,2017-04-08,8384,win,Thiago Alves (fighter),547.7358,399.3793,-0.315205
17063,2017-04-08,8680,loss,Patrick Côté (fighter),414.9623,433.0,0.04245
17014,2017-04-15,2,win,Alexander Volkov (fighter),386.9434,521.2069,0.297204
17014,2017-04-15,8671,loss,Roy Nelson,1332.8113,1326.069,-0.005068
17017,2017-04-15,1761,win,Tim Elliott,355.3774,597.931,0.519156
17017,2017-04-15,8210,loss,Louis Smolka,198.434,273.8966,0.320912
17016,2017-04-15,3781,loss,King Green,193.4717,220.2069,0.128812
17016,2017-04-15,8672,win,Rashid Magomedov,195.8113,190.5172,-0.027268
17026,2017-04-22,6026,win,John Dodson (fighter),401.6792,704.0,0.560057
17026,2017-04-22,8174,loss,Eddie Wineland,162.9434,166.1724,0.019504
17027,2017-04-22,6638,win,Stevie Ray (fighter),173.4906,316.4138,0.598336
17027,2017-04-22,8393,loss,Joe Lauzon,459.7736,659.4828,0.360064
17023,2017-04-22,4211,win,Cub Swanson,842.7358,1662.8621,0.679057
17023,2017-04-22,8499,loss,Artem Lobov,1359.7925,983.069,-0.324127
17029,2017-04-22,8149,loss,Sam Alvey,441.0755,263.5862,-0.513313
17029,2017-04-22,8504,win,Thales Leites,231.9057,232.7931,0.003803
17033,2017-04-22,8230,win,Alexis Davis (fighter),191.9057,244.5172,0.241166
17033,2017-04-22,8676,loss,Cindy Dandois,199.0566,278.1034,0.332982
17052,2017-05-13,525,loss,Krzysztof Jotko,301.9811,191.4483,-0.453843
17052,2017-05-13,8454,win,David Branch (fighter),343.4528,301.7931,-0.128907
17049,2017-05-13,2266,loss,Jéssica Andrade,1040.4717,862.931,-0.186897
17049,2017-05-13,8179,win,Joanna Jędrzejczyk,2034.5094,4136.4828,0.709341
17050,2017-05-13,8077,loss,Jorge Masvidal,1799.3396,1384.8966,-0.261628
17050,2017-05-13,8280,win,Demian Maia,1577.5094,1999.9655,0.237149
16982,2017-05-28,1078,win,Joaquim Silva (fighter),82.3585,47.2069,-0.547648
16982,2017-05-28,8665,loss,Reza Madadi,122.7736,169.7241,0.321595
16980,2017-05-28,5579,loss,Damian Stasiak,50.0377,29.8966,-0.501921
16980,2017-05-28,6501,win,Pedro Munhoz,82.5849,85.4828,0.034082
16977,2017-05-28,6320,loss,Abdul Razak Alhassan,142.8868,89.8966,-0.459305
16977,2017-05-28,8272,win,Omari Akhmedov,115.2453,117.931,0.022841
16981,2017-05-28,8385,win,Trevor Smith (fighter),72.1887,59.6897,-0.187267
16981,2017-05-28,8664,loss,Chris Camozzi,147.7736,203.3448,0.317383
17000,2017-06-03,8548,win,Vitor Belfort,1482.4528,1444.931,-0.025619
17000,2017-06-03,8590,loss,Nate Marquardt,692.3208,575.2759,-0.184906
17003,2017-06-03,8082,win,Raphael Assunção,299.4528,262.8621,-0.129864
17003,2017-06-03,8218,loss,Marlon Moraes,301.9245,176.3103,-0.535582
16987,2017-06-17,29,win,Marcin Tybura,254.5283,262.6552,0.031309
16987,2017-06-17,7983,loss,Andrei Arlovski,1043.3396,1213.2759,0.150763
16988,2017-06-17,6460,win,Colby Covington,244.1887,558.7586,0.825478
16988,2017-06-17,8667,loss,Dong Hyun Kim,550.9623,487.7931,-0.12154
16989,2017-06-17,3481,win,Rafael dos Anjos,963.0377,1187.7931,0.209563
16989,2017-06-17,8668,loss,Tarec Saffiedine,280.1132,256.7241,-0.086868
16921,2017-06-25,6557,win,Clay Guida,496.6792,690.3793,0.328733
16921,2017-06-25,8418,loss,Erik Koch,133.3962,176.0345,0.275552
16923,2017-06-25,6625,win,Carla Esparza,532.283,367.8276,-0.368723
16923,2017-06-25,8003,loss,Maryna Moroz,118.2642,120.2069,0.016158
16919,2017-06-25,6626,win,Tim Means,134.0,237.5862,0.569456
16919,2017-06-25,8500,loss,Alex Garcia (fighter),98.7547,100.7931,0.020228
16917,2017-06-25,8182,win,Felice Herrig,311.283,1134.4138,1.290843
16917,2017-06-25,8289,loss,Justine Kish,106.6981,887.2414,2.109911
16920,2017-06-25,8442,loss,B.J. Penn,1356.9245,1734.6552,0.245428
16920,2017-06-25,8651,win,Dennis Siver,384.5094,680.0,0.568997
16926,2017-06-25,3749,loss,Johnny Case,52.5094,43.2759,-0.189418
16926,2017-06-25,8363,win,Anthony Rocco Martin,38.5472,44.8621,0.148144
16908,2017-07-07,564,win,Brad Tavares,179.8302,289.0345,0.472441
16908,2017-07-07,8444,loss,Elias Theodorou,208.6226,261.1034,0.22343
16909,2017-07-07,8512,win,Jordan Johnson (fighter),90.3585,77.1379,-0.156316
16909,2017-07-07,8592,loss,Marcel Fortuna,85.7736,59.1034,-0.367235
16912,2017-07-07,8075,loss,Ed Herman,200.5283,169.5862,-0.166689
16912,2017-07-07,8510,win,C. B. Dollaway,290.717,295.8621,0.017484
16914,2017-07-07,8468,loss,Teruto Ishihara,185.7925,218.8966,0.163159
16914,2017-07-07,8502,win,Gray Maynard,561.0377,467.4138,-0.182217
16895,2017-07-08,11,win,Curtis Blaydes,150.0755,215.1724,0.358297
16895,2017-07-08,8647,loss,Daniel Omielańczuk,203.9811,270.4828,0.280981
16893,2017-07-08,257,win,Robert Whittaker (fighter),1762.5472,3438.2414,0.667924
16893,2017-07-08,8369,loss,Yoel Romero,2234.5849,2807.069,0.227994
16901,2017-07-08,759,win,Belal Muhammad,182.3585,198.8621,0.086184
16901,2017-07-08,8531,loss,Jordan Mein,182.7736,153.9655,-0.170502
16896,2017-07-08,1051,loss,Jim Miller (fighter),496.6038,398.069,-0.22067
16896,2017-07-08,8314,win,Anthony Pettis,1255.4906,1771.2414,0.343922
16894,2017-07-08,8308,win,Alistair Overeem,2354.9245,2945.4138,0.223656
16894,2017-07-08,8349,loss,Fabrício Werdum,1780.8868,1547.2414,-0.140553
16961,2017-07-16,1438,win,Brett Johns,48.1132,72.1379,0.398219
16961,2017-07-16,6658,loss,Albert Morales,56.0943,141.0345,0.911365
16952,2017-07-16,8002,loss,Joanne Wood,410.9623,326.5172,-0.229391
16952,2017-07-16,8078,win,Cynthia Calvillo,296.6981,424.3793,0.356901
16887,2017-07-22,119,win,Chase Sherman,130.1321,148.6897,0.132359
16887,2017-07-22,8644,loss,Damian Grabowski,91.7736,64.7931,-0.343647
16881,2017-07-22,1436,win,Darren Elkins,216.0189,318.3103,0.386179
16881,2017-07-22,8465,loss,Dennis Bermudez,443.4528,344.2414,-0.2526
16882,2017-07-22,8245,loss,Gian Villante,210.9245,282.2414,0.290069
16882,2017-07-22,8441,win,Patrick Cummins (fighter),221.1321,520.3103,0.853073
16883,2017-07-22,8294,loss,Thomas Almeida,291.3774,280.2759,-0.038709
16883,2017-07-22,8306,win,Jimmie Rivera,274.6792,577.9655,0.742005
16891,2017-07-22,8166,win,Shane Burgos,56.3019,193.931,1.224312
16891,2017-07-22,8568,loss,Godofredo Pepey,69.9434,86.3103,0.207587
17042,2017-07-29,1249,win,Aljamain Sterling,307.7547,488.5517,0.460943
17042,2017-07-29,8387,loss,Renan Barão,619.7358,534.6207,-0.147479
17037,2017-07-29,8280,loss,Demian Maia,1636.4717,1215.2759,-0.29736
17037,2017-07-29,8293,win,Tyron Woodley,2325.6604,3937.4138,0.526344
17039,2017-07-29,8061,win,Robbie Lawler,1469.6226,1712.8276,0.153043
17039,2017-07-29,8202,loss,Donald Cerrone,1650.6792,1662.7931,0.007308
17045,2017-07-29,8392,win,Aleksandra Albu,4.0755,16.3103,1.226885
17045,2017-07-29,8614,loss,Kailin Curran,293.3208,291.1034,-0.007562
16857,2017-08-05,1510,win,Sergio Pettis,354.4906,695.6207,0.672742
16857,2017-08-05,1753,loss,Brandon Moreno,254.9245,273.2414,0.069126
16858,2017-08-05,3650,win,Alexa Grasso,262.0943,323.3103,0.209188
16858,2017-08-05,8247,loss,Randa Markos,226.2264,251.8621,0.106897
16861,2017-08-05,8149,win,Sam Alvey,308.8868,490.2759,0.460799
16861,2017-08-05,8545,loss,Rashad Evans,1062.8491,1525.5172,0.361095
16862,2017-08-05,8224,win,Alejandro Pérez (fighter),47.0566,61.5172,0.263063
16862,2017-08-05,8413,loss,Andre Soukhamthath,56.566,114.7931,0.698872
16943,2017-09-02,873,loss,Bojan Veličković,95.7358,217.4138,0.814407
16943,2017-09-02,8120,win,Darren Till,94.4906,1933.8621,3.008764
16942,2017-09-02,758,win,Leon Edwards,160.7925,186.5172,0.147556
16942,2017-09-02,7994,loss,Bryan Barberena,220.9434,223.6207,0.011991
16946,2017-09-02,8376,win,Rustam Khabilov,223.3019,197.5172,-0.122117
16946,2017-09-02,8440,loss,Desmond Green,144.2642,74.6207,-0.652824
16869,2017-09-09,4922,loss,Valentina Shevchenko,1136.0943,1199.069,0.053903
16869,2017-09-09,8057,win,Amanda Nunes,2439.2642,1813.8621,-0.296097
16878,2017-09-09,5401,loss,Luis Henrique (fighter),146.717,182.3448,0.216071
16878,2017-09-09,8445,win,Arjan Bhullar,271.717,500.0,0.608172
16872,2017-09-09,385,loss,Tyson Pedro,326.0189,243.3103,-0.291579
16872,2017-09-09,8063,win,Ilir Latifi,334.4151,500.8966,0.403025
16873,2017-09-09,3782,win,Jeremy Stephens,1054.9245,1186.5862,0.117506
16873,2017-09-09,8429,loss,Gilbert Melendez,574.9057,765.069,0.285328
16762,2017-09-16,8363,loss,Anthony Rocco Martin,46.8679,56.1724,0.177626
16762,2017-09-16,8416,win,Olivier Aubin-Mercier,97.3962,119.4828,0.202504
16853,2017-09-22,822,loss,Alex Morono,89.3019,47.069,-0.630522
16853,2017-09-22,8452,win,Keita Nakamura,59.9245,73.2414,0.197686
16848,2017-09-22,2266,win,Jéssica Andrade,351.8113,997.5517,1.040373
16848,2017-09-22,8325,loss,Cláudia Gadelha,562.0377,899.4483,0.469546
16834,2017-10-07,564,win,Brad Tavares,138.283,201.4828,0.374147
16834,2017-10-07,8504,loss,Thales Leites,187.8679,237.6552,0.233972
16829,2017-10-07,6485,win,Cody Stamann,104.2264,155.1034,0.394405
16829,2017-10-07,8561,loss,Tom Duquesnoy,166.3208,149.6897,-0.10469
16938,2017-10-21,1272,win,Josh Emmett,51.566,52.8966,0.024996
16938,2017-10-21,8516,loss,Felipe Arantes,72.9057,31.7931,-0.812571
16935,2017-10-21,1319,win,Andre Fili,200.9811,687.931,1.226967
16935,2017-10-21,8499,loss,Artem Lobov,739.4717,1324.0345,0.581906
16929,2017-10-21,2316,win,Karolina Kowalkiewicz,698.6604,1939.2414,1.019973
16929,2017-10-21,8428,loss,Jodie Esquibel,251.6038,194.8276,-0.254588
16747,2017-10-28,1051,loss,Jim Miller (fighter),273.7925,509.3793,0.619138
16747,2017-10-28,8133,win,Francisco Trinaldo,207.9623,154.7586,-0.293846
16752,2017-10-28,1072,win,Jared Gordon,39.7925,61.2414,0.422523
16752,2017-10-28,1145,loss,Hacran Dias,53.1321,105.2414,0.674287
16749,2017-10-28,1511,loss,Marlon Vera,144.0,148.3103,0.029293
16749,2017-10-28,8448,win,John Lineker,282.6981,745.6897,0.967739
16745,2017-10-28,6460,win,Colby Covington,572.6604,4062.5517,1.957775
16745,2017-10-28,8280,loss,Demian Maia,710.8113,1441.3793,0.706236
16797,2017-11-04,786,win,Randy Brown (fighter),744.6038,894.069,0.182706
16797,2017-11-04,3589,loss,Mickey Gall,1628.6792,1693.2414,0.038852
16792,2017-11-04,775,win,Stephen Thompson (fighter),1168.2075,2206.7931,0.635667
16792,2017-11-04,8077,loss,Jorge Masvidal,1159.2453,1121.0,-0.033519
16691,2017-11-11,500,win,Sean Strickland,80.5849,95.4828,0.16772
16691,2017-11-11,810,loss,Court McGee,144.434,172.931,0.178937
16688,2017-11-11,2253,win,Tatiana Suarez,92.5094,199.2414,0.761461
16688,2017-11-11,8519,loss,Viviane Pereira,95.5283,82.8621,-0.140663
16690,2017-11-11,2264,loss,Angela Hill,182.5283,244.3793,0.290436
16690,2017-11-11,8146,win,Nina Nunes,213.6038,314.1379,0.384217
16687,2017-11-11,6026,loss,John Dodson (fighter),465.3208,617.1034,0.281782
16687,2017-11-11,8218,win,Marlon Moraes,140.6415,1730.1379,2.503235
16684,2017-11-11,8421,win,Cezar Ferreira,141.3019,178.5172,0.23232
16684,2017-11-11,8590,loss,Nate Marquardt,399.2453,544.2069,0.309088
16692,2017-11-11,8023,win,Jake Collier,34.7547,46.6207,0.286585
16692,2017-11-11,8592,loss,Marcel Fortuna,53.6981,48.1379,-0.107198
16811,2017-11-18,29,loss,Marcin Tybura,555.4528,467.7931,-0.171421
16811,2017-11-18,8349,win,Fabrício Werdum,2465.3396,2306.7931,-0.066443
16813,2017-11-18,759,win,Belal Muhammad,337.0943,349.069,0.034805
16813,2017-11-18,6626,loss,Tim Means,148.4528,208.5172,0.337825
16814,2017-11-18,787,win,Jake Matthews (fighter),234.0566,137.4483,-0.52933
16814,2017-11-18,873,loss,Bojan Veličković,400.6604,190.5862,-0.740269
16815,2017-11-18,8444,win,Elias Theodorou,195.6226,243.2414,0.216871
16815,2017-11-18,8537,loss,Dan Kelly (fighter),232.8679,192.6897,-0.188499
16820,2017-11-18,8211,win,Frank Camacho,1.5472,3.3793,0.541908
16820,2017-11-18,8572,loss,Damien Brown (fighter),36.1509,57.2069,0.449015
16821,2017-11-18,8403,win,Nadia Kassem,63.3585,108.7586,0.533815
16821,2017-11-18,8506,loss,Alex Chambers,84.0943,95.8966,0.129883
16802,2017-12-01,5578,win,Lauren Murphy,203.0755,169.9655,-0.177028
16802,2017-12-01,8539,loss,Barb Honchak,230.0943,178.0,-0.25544
16783,2017-12-02,1049,loss,Drakkar Klose,234.1698,456.3448,0.66513
16783,2017-12-02,8463,win,David Teymur,352.717,389.1379,0.098003
16778,2017-12-02,1510,loss,Sergio Pettis,454.7358,283.8276,-0.470029
16778,2017-12-02,4925,win,Henry Cejudo,513.2264,466.7586,-0.094711
16780,2017-12-02,2263,win,Tecia Pennington,584.3208,768.931,0.274141
16780,2017-12-02,7982,loss,Michelle Waterson-Gomez,1115.0566,1203.3103,0.076105
16784,2017-12-02,8169,loss,Cortney Casey,124.9623,155.8621,0.219385
16784,2017-12-02,8182,win,Felice Herrig,409.1698,485.7586,0.171197
16700,2017-12-09,3052,loss,Liz Carmouche,180.0189,255.7586,0.349535
16700,2017-12-09,8230,win,Alexis Davis (fighter),148.6038,296.069,0.685974
16695,2017-12-09,7988,win,Gabriel Benítez,69.5283,135.7931,0.662456
16695,2017-12-09,8497,loss,Jason Knight (fighter),189.1509,283.3448,0.402369
16697,2017-12-09,8112,win,Scott Holtzman,41.5094,150.6897,1.272111
16697,2017-12-09,8490,loss,Darrell Horcher,114.434,354.8966,1.125941
16704,2017-12-09,8224,win,Alejandro Pérez (fighter),42.3396,63.5517,0.3984
16704,2017-12-09,8525,loss,Iuri Alcântara,105.8491,138.2759,0.265039
16711,2017-12-16,260,win,Jan Błachowicz,460.3774,357.3448,-0.252721
16711,2017-12-16,514,loss,Jared Cannonier,125.6415,107.2414,-0.156997
16709,2017-12-16,834,win,Santiago Ponzinibbio,803.6226,782.931,-0.026052
16709,2017-12-16,6656,loss,Mike Perry (fighter),1978.9434,1072.7586,-0.611903
16707,2017-12-16,3481,win,Rafael dos Anjos,1274.0189,2680.7931,0.743525
16707,2017-12-16,8061,loss,Robbie Lawler,1637.9434,1895.5517,0.145986
16715,2017-12-16,8026,win,John Makdessi,111.8491,149.069,0.285044
16715,2017-12-16,8596,loss,Abel Trujillo,180.0566,406.2414,0.810596
16717,2017-12-16,8531,win,Jordan Mein,198.3019,325.2414,0.492817
16717,2017-12-16,8598,loss,Erick Silva,288.3585,284.3103,-0.014089
16770,2017-12-30,774,win,Neil Magny,618.9434,559.8966,-0.100092
16770,2017-12-30,8271,loss,Carlos Condit,1170.7925,976.4483,-0.181344
16767,2017-12-30,1153,loss,Edson Barboza,1872.3962,1812.8621,-0.032295
16767,2017-12-30,8333,win,Khabib Nurmagomedov,3234.0755,9719.6207,1.100197
16766,2017-12-30,2633,win,Cris Cyborg,2965.8491,5712.2759,0.655292
16766,2017-12-30,7991,loss,Holly Holm,2639.0566,3284.0,0.218566
16774,2017-12-30,6533,win,Matheus Nicolau,82.7736,89.4828,0.077042
16774,2017-12-30,8210,loss,Louis Smolka,180.8113,184.3448,0.019249
16769,2017-12-30,6625,win,Carla Esparza,810.1132,608.3793,-0.285967
16769,2017-12-30,8078,loss,Cynthia Calvillo,448.4906,383.2759,-0.156754
16772,2017-12-30,7969,loss,Ricky Glenn,116.6981,77.931,-0.399548
16772,2017-12-30,8462,win,Myles Jury,281.9434,223.5517,-0.231141
16652,2018-01-14,8069,win,Jessica-Rose Clark,723.2264,539.5517,-0.292514
16652,2018-01-14,8354,loss,Paige VanZant,1683.0,2627.4828,0.445235
16653,2018-01-14,3090,win,Kamaru Usman,1051.4528,882.0345,-0.175514
16653,2018-01-14,8372,loss,Emil Weber Meek,767.0943,403.8621,-0.640366
16655,2018-01-14,8327,win,James Krause (fighter),240.4528,216.931,-0.102495
16655,2018-01-14,8391,loss,Alex White (fighter),79.9245,57.8966,-0.317734
16662,2018-01-20,5,loss,Francis Ngannou,11810.6792,3735.9655,-1.150815
16662,2018-01-20,6479,win,Stipe Miocic,6776.5472,9016.0,0.285496
16665,2018-01-20,90,loss,Francimar Barroso,114.8679,81.5862,-0.338608
16665,2018-01-20,8245,win,Gian Villante,255.7925,387.3793,0.413714
16671,2018-01-20,1341,win,Enrique Barzola,77.2264,72.2759,-0.065376
16671,2018-01-20,8540,loss,Matt Bessette,22.6604,54.1034,0.84541
16669,2018-01-20,1748,loss,Alexandre Pantoja,89.1509,48.9655,-0.590152
16669,2018-01-20,8464,win,Dustin Ortiz,141.3019,125.3103,-0.119209
16607,2018-01-27,1046,win,Drew Dober,71.3396,156.7931,0.779913
16607,2018-01-27,8211,loss,Frank Camacho,13.2264,154.6207,2.392321
16613,2018-01-27,1078,loss,Joaquim Silva (fighter),45.1132,29.8276,-0.402689
16613,2018-01-27,6177,win,Vinc Pichel,55.283,67.069,0.190129
16605,2018-01-27,1319,win,Andre Fili,281.3208,386.4138,0.31645
16605,2018-01-27,8465,loss,Dennis Bermudez,462.2264,323.7586,-0.355134
16608,2018-01-27,3781,win,King Green,219.9623,383.2069,0.553189
16608,2018-01-27,8418,loss,Erik Koch,133.8868,138.5517,0.033999
16611,2018-01-27,8247,win,Randa Markos,203.3208,198.7241,-0.022754
16611,2018-01-27,8569,loss,Juliana Lima,132.9057,95.7241,-0.325273
16612,2018-01-27,8068,win,Ji Yeon Kim (fighter),16.1698,5.4828,-0.974007
16612,2018-01-27,8289,loss,Justine Kish,107.8868,83.2414,-0.256622
16640,2018-02-03,542,loss,Eryk Anders,1126.4528,500.8966,-0.809322
16640,2018-02-03,8547,win,Lyoto Machida,1295.7547,1974.7586,0.421088
16644,2018-02-03,1511,loss,Marlon Vera,110.6604,190.6552,0.540236
16644,2018-02-03,4405,win,Douglas Silva de Andrade,44.9245,100.2069,0.790168
16642,2018-02-03,5708,win,Michel Prazeres,103.7925,214.931,0.722977
16642,2018-02-03,8440,loss,Desmond Green,339.3396,421.2414,0.215633
16647,2018-02-03,6236,loss,Damir Hadžović,77.8868,68.0345,-0.133408
16647,2018-02-03,8212,win,Alan Patrick (fighter),57.2642,67.1034,0.156041
16646,2018-02-03,6626,loss,Tim Means,168.5849,215.8621,0.245908
16646,2018-02-03,8386,win,Sérgio Moraes,229.9811,106.5517,-0.764364
16629,2018-02-10,11,win,Curtis Blaydes,1382.9057,1109.8621,-0.219773
16629,2018-02-10,8483,loss,Mark Hunt,1916.2264,1871.9655,-0.023357
16633,2018-02-10,8380,win,Dong Hyun Ma,279.9434,152.2759,-0.605914
16633,2018-02-10,8572,loss,Damien Brown (fighter),127.9623,70.6207,-0.588136
16637,2018-02-10,8456,win,Ross Pearson,338.7925,352.069,0.038328
16637,2018-02-10,8487,loss,Mizuto Hirota,99.2453,77.5517,-0.243863
16638,2018-02-10,8317,win,José Alberto Quiñónez,63.4528,71.5862,0.118841
16638,2018-02-10,8468,loss,Teruto Ishihara,175.7925,201.069,0.133633
16639,2018-02-10,8402,win,Luke Jumeau,50.9434,41.7586,-0.194584
16639,2018-02-10,8515,loss,Daichi Abe,6.566,4.7586,-0.272972
16601,2018-02-18,4003,win,Lucie Pudilová,52.6226,74.1034,0.336895
16601,2018-02-18,8312,loss,Sarah Moras,80.1321,87.5172,0.087119
16594,2018-02-18,8133,loss,Francisco Trinaldo,218.9623,178.7241,-0.202033
16594,2018-02-18,8398,win,James Vick,412.8113,582.5517,0.343723
16597,2018-02-18,8501,loss,Thibault Gouti,276.7736,246.4828,-0.115465
16597,2018-02-18,8535,win,Sage Northcutt,1520.1132,1788.0,0.162214
16583,2018-02-24,803,win,Max Griffin,364.9434,478.3103,0.26987
16583,2018-02-24,6656,loss,Mike Perry (fighter),656.283,1178.4828,0.584717
16590,2018-02-24,1602,loss,Eric Shelton (fighter),31.3962,34.2759,0.085157
16590,2018-02-24,1769,win,Alex Perez (fighter),1.717,3.8276,0.574825
16581,2018-02-24,2263,loss,Tecia Pennington,568.2453,520.2069,-0.088164
16581,2018-02-24,2266,win,Jéssica Andrade,454.3774,610.6897,0.295099
16586,2018-02-24,2264,win,Angela Hill,179.3019,269.6897,0.40634
16586,2018-02-24,8003,loss,Maryna Moroz,182.4717,87.4138,-0.730032
16584,2018-02-24,7952,win,Brian Kelleher,166.8868,324.7241,0.662761
16584,2018-02-24,8387,loss,Renan Barão,501.4528,546.8966,0.086585
16621,2018-03-03,2251,win,Mackenzie Dern,951.7358,1798.7586,0.63607
16621,2018-03-03,2319,loss,Ashley Yoder,267.9245,334.2759,0.220523
16620,2018-03-03,2634,win,Ketlen Vieira,250.7925,262.5862,0.045775
16620,2018-03-03,8478,loss,Cat Zingano,886.1321,821.2414,-0.07596
16618,2018-03-03,3747,win,Sean O'Malley (fighter),612.1887,2145.7931,1.253058
16618,2018-03-03,8413,loss,Andre Soukhamthath,281.0943,601.2759,0.758474
16623,2018-03-03,6026,win,John Dodson (fighter),709.6226,390.9655,-0.594968
16623,2018-03-03,6501,loss,Pedro Munhoz,347.6415,78.6207,-1.47677
16626,2018-03-03,6485,win,Cody Stamann,114.6981,234.069,0.708895
16626,2018-03-03,8489,loss,Bryan Caraway,437.4151,256.6207,-0.531678
16619,2018-03-03,7983,win,Andrei Arlovski,1476.2642,1422.6207,-0.036988
16619,2018-03-03,8335,loss,Stefan Struve,1552.0,1056.069,-0.384689
16627,2018-03-03,8479,loss,Adam Milstead,101.8113,44.2759,-0.820121
16627,2018-03-03,8512,win,Jordan Johnson (fighter),62.6415,61.5172,-0.017824
16571,2018-03-17,260,win,Jan Błachowicz,423.2642,484.5172,0.134859
16571,2018-03-17,8435,loss,Jimi Manuwa,863.9434,535.7586,-0.477116
16578,2018-03-17,6638,loss,Stevie Ray (fighter),196.6226,197.7586,0.005732
16578,2018-03-17,8511,win,Kajan Johnson,160.1698,174.1724,0.083312
16572,2018-03-17,8514,loss,Terrion Ware,217.3019,45.1034,-1.554991
16572,2018-03-17,8561,win,Tom Duquesnoy,204.3396,173.3103,-0.163828
16548,2018-04-07,4455,win,Rose Namajunas,2838.5472,4091.2069,0.36544
16548,2018-04-07,8179,loss,Joanna Jędrzejczyk,1664.7547,1794.8276,0.075188
16547,2018-04-07,8243,loss,Al Iaquinta,603.1132,3022.7241,1.610483
16547,2018-04-07,8333,win,Khabib Nurmagomedov,5359.1321,9526.931,0.575239
16550,2018-04-07,8375,win,Zabit Magomedsharipov,617.1132,3252.6207,1.660852
16550,2018-04-07,8395,loss,Kyle Bochniak,255.2075,1510.4138,1.774813
16552,2018-04-07,2316,win,Karolina Kowalkiewicz,793.1321,928.4138,0.157304
16552,2018-04-07,8182,loss,Felice Herrig,491.8868,508.1034,0.032372
16554,2018-04-07,8042,win,Ashlee Evans-Smith,371.283,265.7931,-0.333181
16554,2018-04-07,8555,loss,Bec Rawlings,248.717,256.2414,0.029687
16535,2018-04-14,512,win,Israel Adesanya,1991.1132,1190.8276,-0.513708
16535,2018-04-14,528,loss,Marvin Vettori,300.2642,312.6552,0.040307
16539,2018-04-14,1476,loss,Wilson Reis,107.4717,103.7931,-0.034501
16539,2018-04-14,8523,win,John Moraga,86.5094,130.1034,0.40424
16536,2018-04-14,7982,win,Michelle Waterson-Gomez,535.3208,770.6552,0.363805
16536,2018-04-14,8169,loss,Cortney Casey,134.4528,163.2069,0.192504
16543,2018-04-14,8277,loss,Dhiego Lima,181.3208,155.8276,-0.15062
16543,2018-04-14,8484,win,Yushin Okami,318.4717,404.1379,0.237559
16546,2018-04-14,8287,win,Luke Sanders,474.7358,535.7241,0.120621
16546,2018-04-14,8554,loss,Patrick Williams (fighter),46.1887,34.7586,-0.277363
16515,2018-04-21,1249,win,Aljamain Sterling,255.2453,320.3448,0.22638
16515,2018-04-21,1438,loss,Brett Johns,222.3962,151.1034,-0.384386
16512,2018-04-21,4211,loss,Cub Swanson,969.5094,552.0,-0.562463
16512,2018-04-21,8123,win,Frankie Edgar,4206.2453,1301.0345,-1.17288
16517,2018-04-21,8500,loss,Alex Garcia (fighter),121.0943,86.3448,-0.33493
16517,2018-04-21,8503,win,Ryan LaFlare,104.4717,113.5862,0.082885
16520,2018-04-21,254,win,Corey Anderson (fighter),242.4151,211.931,-0.1338
16520,2018-04-21,8441,loss,Patrick Cummins (fighter),219.7358,190.5862,-0.141629
16521,2018-04-21,8363,win,Anthony Rocco Martin,60.8302,46.7586,-0.258232
16521,2018-04-21,8452,loss,Keita Nakamura,67.0,60.8966,-0.094043
16499,2018-05-12,527,win,Kelvin Gastelum,1173.3774,2289.1034,0.667859
16499,2018-05-12,8282,loss,Ronaldo Souza,819.7736,1043.7931,0.241327
16509,2018-05-12,544,win,Ramazan Emeev,110.8868,101.3103,-0.089477
16509,2018-05-12,8549,loss,Alberto Mina,103.9623,55.4138,-0.620887
16467,2018-05-19,1748,win,Alexandre Pantoja,48.1509,86.7586,0.579694
16467,2018-05-19,1753,loss,Brandon Moreno,276.0377,115.2069,-0.868782
16466,2018-05-19,5708,win,Michel Prazeres,130.0377,148.931,0.13469
16466,2018-05-19,8074,loss,Zak Cummings,101.5283,110.8966,0.087436
16460,2018-05-19,3090,win,Kamaru Usman,1821.6792,1618.4138,-0.118243
16460,2018-05-19,8280,loss,Demian Maia,888.0566,1351.1034,0.419256
16463,2018-05-19,8081,win,Guido Cannetti,61.2075,79.1034,0.252843
16463,2018-05-19,8541,loss,Diego Rivas (fighter),53.1509,54.3448,0.021808
16440,2018-05-27,1241,win,Makwan Amirkhani,257.8113,360.4138,0.333924
16440,2018-05-27,8497,loss,Jason Knight (fighter),231.6226,231.1724,-0.001937
16437,2018-05-27,775,loss,Stephen Thompson (fighter),1865.9811,1832.3448,-0.018181
16437,2018-05-27,8120,win,Darren Till,2147.5094,2343.6897,0.087379
16447,2018-05-27,8385,loss,Trevor Smith (fighter),86.434,54.4483,-0.455433
16447,2018-05-27,8444,win,Elias Theodorou,531.5849,272.5172,-0.666378
16482,2018-06-01,852,loss,Gleison Tibau,336.0377,158.931,-0.745452
16482,2018-06-01,8440,win,Desmond Green,86.1132,95.1379,0.098575
16479,2018-06-01,5578,loss,Lauren Murphy,90.3585,87.069,-0.036671
16479,2018-06-01,8234,win,Sijara Eubanks,120.2075,120.5517,0.002836
16478,2018-06-01,8149,win,Sam Alvey,230.0189,400.2069,0.551978
16478,2018-06-01,8245,loss,Gian Villante,178.3962,216.3793,0.192047
16480,2018-06-01,8310,loss,Nik Lentz,153.566,119.4483,-0.249401
16480,2018-06-01,8463,win,David Teymur,256.5472,310.5517,0.190362
16488,2018-06-09,28,win,Tai Tuivasa,559.9057,860.8621,0.429543
16488,2018-06-09,7983,loss,Andrei Arlovski,1001.2075,1201.1379,0.181896
16485,2018-06-09,257,win,Robert Whittaker (fighter),2215.6038,2504.4828,0.122505
16485,2018-06-09,8369,loss,Yoel Romero,1944.6038,2157.9655,0.104057
16495,2018-06-09,1510,win,Sergio Pettis,272.6038,497.6897,0.600303
16495,2018-06-09,8303,loss,Joseph Benavidez,543.8868,480.7931,-0.123063
16486,2018-06-09,3481,loss,Rafael dos Anjos,1685.5472,980.4138,-0.541444
16486,2018-06-09,6460,win,Colby Covington,3112.9434,2878.2759,-0.078351
16491,2018-06-09,6625,loss,Carla Esparza,383.2264,307.4483,-0.219678
16491,2018-06-09,8325,win,Cláudia Gadelha,561.7925,426.5862,-0.274755
16487,2018-06-09,7991,win,Holly Holm,1925.4906,1887.2759,-0.020036
16487,2018-06-09,8302,loss,Megan Anderson (fighter),1082.3208,585.8621,-0.612997
16492,2018-06-09,8337,win,Mirsad Bektić,268.434,338.069,0.22988
16492,2018-06-09,8341,loss,Ricardo Lamas,344.3585,296.6207,-0.148763
16370,2018-06-23,1533,loss,Naoki Inoue,59.1509,21.5862,-0.979518
16370,2018-06-23,3733,win,Matt Schnell,62.1321,46.9655,-0.274747
16369,2018-06-23,2258,win,Yan Xiaonan,0.3585,0.1724,-0.14731
16369,2018-06-23,8519,loss,Viviane Pereira,108.7736,66.1379,-0.491671
16360,2018-06-23,758,win,Leon Edwards,693.0943,491.5172,-0.343078
16360,2018-06-23,8202,loss,Donald Cerrone,1577.283,1426.6552,-0.100304
16362,2018-06-23,8069,loss,Jessica-Rose Clark,278.2264,186.6207,-0.397601
16362,2018-06-23,8204,win,Jessica Eye,212.566,221.5172,0.041058
16448,2018-07-06,512,win,Israel Adesanya,715.3585,5170.5517,1.976747
16448,2018-07-06,564,loss,Brad Tavares,481.8868,690.8966,0.359654
16453,2018-07-06,6189,loss,Julian Marquez,0.7736,2.931,0.7959
16453,2018-07-06,8151,win,Alessio Di Chirico,93.9434,78.5172,-0.177307
16451,2018-07-06,7977,win,Alex Caceres,206.4151,226.2069,0.091139
16451,2018-07-06,8406,loss,Martin Bravo,68.9623,41.5172,-0.498046
16458,2018-07-06,8080,win,Steven Peterson,0.0566,0.0,-0.05506
16458,2018-07-06,8540,loss,Matt Bessette,63.717,29.0,-0.768826
16523,2018-07-07,5,loss,Francis Ngannou,1701.5283,1564.8966,-0.083656
16523,2018-07-07,21,win,Derrick Lewis,988.9057,1222.8276,0.212129
16524,2018-07-07,6656,win,Mike Perry (fighter),672.9245,1027.9655,0.423191
16524,2018-07-07,8319,loss,Paul Felder,355.5283,471.8276,0.282317
16528,2018-07-07,1522,loss,Rob Font,209.8113,197.1724,-0.061826
16528,2018-07-07,8082,win,Raphael Assunção,457.2264,772.2069,0.523183
16529,2018-07-07,1049,win,Drakkar Klose,163.5472,202.1724,0.210858
16529,2018-07-07,4111,loss,Lando Vannata,267.6415,239.2759,-0.11159
16530,2018-07-07,731,win,Curtis Millender,158.1132,129.7586,-0.196263
16530,2018-07-07,803,loss,Max Griffin,334.0377,163.6897,-0.71018
16532,2018-07-07,8256,win,Emily Whitmire,1.0189,3.1724,0.725958
16532,2018-07-07,8553,loss,Jamie Moyle,69.3019,79.1034,0.13052
16431,2018-07-14,1248,win,Alexander Volkanovski,172.1321,309.9655,0.585627
16431,2018-07-14,1436,loss,Darren Elkins,378.283,364.8621,-0.036026
16434,2018-07-14,3052,win,Liz Carmouche,173.2453,228.0,0.273258
16434,2018-07-14,8014,loss,Jennifer Maia,114.3019,77.8621,-0.379853
16424,2018-07-14,70,win,Junior dos Santos,1065.6415,1194.2414,0.113833
16424,2018-07-14,8044,loss,Blagoy Ivanov,657.8302,490.3793,-0.293249
16426,2018-07-14,7969,win,Ricky Glenn,68.0943,101.8966,0.398251
16426,2018-07-14,8465,loss,Dennis Bermudez,229.0,364.5172,0.463234
16429,2018-07-14,8270,loss,Marion Reneau,167.4906,150.0345,-0.109372
16429,2018-07-14,8478,win,Cat Zingano,2229.283,817.3103,-1.002642
16430,2018-07-14,8174,loss,Eddie Wineland,108.717,138.8276,0.242506
16430,2018-07-14,8224,win,Alejandro Pérez (fighter),69.8113,152.4138,0.77312
16436,2018-07-14,8428,loss,Jodie Esquibel,116.2453,75.0,-0.433535
16436,2018-07-14,8455,win,Jessica Aguilar,157.5283,94.2414,-0.509519
16414,2018-07-22,29,win,Marcin Tybura,262.1132,189.5862,-0.32248
16414,2018-07-22,8335,loss,Stefan Struve,837.717,439.3103,-0.644394
16417,2018-07-22,6236,win,Damir Hadžović,61.1132,78.1724,0.242669
16417,2018-07-22,8438,loss,Nick Hein,82.9057,91.5172,0.097702
16412,2018-07-22,254,win,Corey Anderson (fighter),230.0755,589.1034,0.937553
16412,2018-07-22,8097,loss,Glover Teixeira,405.8868,596.6207,0.384421
16420,2018-07-22,24,win,Aleksandar Rakić,45.5283,73.6552,0.472819
16420,2018-07-22,8324,loss,Justin Ledet,50.7925,46.1034,-0.094898
16402,2018-07-28,822,loss,Alex Morono,53.9245,43.3103,-0.214742
16402,2018-07-28,8531,win,Jordan Mein,114.8868,130.3793,0.125475
16400,2018-07-28,2263,loss,Tecia Pennington,428.3208,505.6207,0.165558
16400,2018-07-28,8179,win,Joanna Jędrzejczyk,1006.7358,1404.3103,0.332552
16407,2018-07-28,3562,win,Katlyn Cerminara,84.434,120.3793,0.351177
16407,2018-07-28,8230,loss,Alexis Davis (fighter),186.2642,182.4483,-0.020587
16406,2018-07-28,8026,win,John Makdessi,100.3208,127.2069,0.235354
16406,2018-07-28,8456,loss,Ross Pearson,211.283,265.6897,0.228165
16409,2018-07-28,8146,win,Nina Nunes,220.9245,327.8276,0.393196
16409,2018-07-28,8247,loss,Randa Markos,111.5472,129.931,0.151298
16391,2018-08-04,1438,loss,Brett Johns,105.6792,164.931,0.441746
16391,2018-08-04,6501,win,Pedro Munhoz,108.0,136.069,0.229136
16387,2018-08-04,4925,win,Henry Cejudo,912.7925,2753.6207,1.103432
16387,2018-08-04,8528,loss,Demetrious Johnson,2164.3585,2760.1034,0.243044
16393,2018-08-04,1468,win,Ricardo Ramos (fighter),96.5849,89.8621,-0.07138
16393,2018-08-04,7984,loss,Kang Kyung-ho,91.3208,76.7931,-0.171216
16381,2018-08-25,643,win,Andrew Sanchez,172.7925,73.3448,-0.849148
16381,2018-08-25,8300,loss,Markus Perez,2.0755,1.3793,-0.256648
16384,2018-08-25,1046,win,Drew Dober,96.1698,88.0,-0.087824
16384,2018-08-25,8527,loss,Jon Tuck,99.0755,66.7586,-0.389973
16374,2018-08-25,1099,win,Michael Johnson (fighter),1249.4528,1495.4828,0.179612
16374,2018-08-25,1319,loss,Andre Fili,356.5472,341.069,-0.044255
16375,2018-08-25,2264,loss,Angela Hill,202.2642,196.3448,-0.029554
16375,2018-08-25,8169,win,Cortney Casey,155.0943,150.6897,-0.028624
16346,2018-09-08,4003,loss,Lucie Pudilová,67.2642,93.0,0.31991
16346,2018-09-08,6653,win,Irene Aldana,153.9434,107.1724,-0.359333
16338,2018-09-08,6026,loss,John Dodson (fighter),820.9245,341.5517,-0.875226
16338,2018-09-08,8306,win,Jimmie Rivera,453.9811,281.069,-0.478104
16359,2018-09-15,1499,win,Merab Dvalishvili,73.283,3.2759,-2.854897
16359,2018-09-15,8514,loss,Terrion Ware,79.1509,38.9655,-0.695895
16350,2018-09-15,7983,loss,Andrei Arlovski,711.3774,962.0345,0.301481
16350,2018-09-15,8100,win,Shamil Abdurakhimov,162.4717,347.4828,0.756949
16354,2018-09-15,8376,win,Rustam Khabilov,179.2453,391.7241,0.778789
16354,2018-09-15,8511,loss,Kajan Johnson,455.2453,294.3103,-0.435004
16355,2018-09-15,8424,win,Mairbek Taisumov,239.2453,424.4138,0.571402
16355,2018-09-15,8440,loss,Desmond Green,222.2075,112.6897,-0.67463
16332,2018-09-22,8504,win,Thales Leites,148.9623,200.5517,0.295662
16332,2018-09-22,8505,loss,Héctor Lombard,407.5094,510.6897,0.225203
16318,2018-10-06,3471,win,Yana Santos,398.8868,453.7586,0.128585
16318,2018-10-06,8087,loss,Lina Länsberg,265.9811,165.8276,-0.470217
16311,2018-10-06,261,win,Dominick Reyes,518.5094,1098.8621,0.750055
16311,2018-10-06,6624,loss,Ovince Saint Preux,643.5094,1107.1034,0.541916
16313,2018-10-06,7982,win,Michelle Waterson-Gomez,782.5849,1373.5862,0.562029
16313,2018-10-06,8182,loss,Felice Herrig,522.1132,465.9655,-0.113542
16314,2018-10-06,1510,loss,Sergio Pettis,498.2075,571.3103,0.136659
16314,2018-10-06,8365,win,Jussier Formiga,221.6038,241.2069,0.084399
16301,2018-10-27,810,win,Court McGee,186.3774,277.6897,0.396974
16301,2018-10-27,8500,loss,Alex Garcia (fighter),112.0377,86.1724,-0.259834
16308,2018-10-27,926,loss,Jessin Ayari,108.8302,38.5517,-1.021326
16308,2018-10-27,6638,win,Stevie Ray (fighter),125.3962,103.2759,-0.192382
16297,2018-10-27,1099,win,Michael Johnson (fighter),2899.717,1006.0,-1.057982
16297,2018-10-27,8499,loss,Artem Lobov,3722.5849,1439.4138,-0.949756
16300,2018-10-27,8075,loss,Ed Herman,161.2642,163.1034,0.011271
16300,2018-10-27,8245,win,Gian Villante,168.434,281.4828,0.511154
16287,2018-11-03,8170,win,Karl Roberson,148.4906,137.8966,-0.073504
16287,2018-11-03,8322,loss,Jack Marshman,153.9623,110.6207,-0.328075
16289,2018-11-03,8458,win,Jordan Rinaldi,94.5094,93.3448,-0.012269
16289,2018-11-03,8497,loss,Jason Knight (fighter),174.8679,197.3793,0.120448
16290,2018-11-03,8228,loss,Roxanne Modafferi,338.0566,226.3103,-0.399851
16290,2018-11-03,8234,win,Sijara Eubanks,1174.0377,336.8966,-1.246316
16274,2018-11-10,6623,loss,Raquel Pennington,416.3774,510.2759,0.202919
16274,2018-11-10,7990,win,Germaine de Randamie,337.6604,524.5862,0.439516
16257,2018-11-24,2258,win,Yan Xiaonan,0.283,41.2759,3.495
16257,2018-11-24,8432,loss,Syuri,68.5472,57.6552,-0.170329
16235,2018-11-30,3090,win,Kamaru Usman,759.9434,1913.6207,0.922716
16235,2018-11-30,3481,loss,Rafael dos Anjos,2183.8302,1131.6897,-0.656943
16240,2018-11-30,8068,loss,Ji Yeon Kim (fighter),55.4906,91.0,0.487715
16240,2018-11-30,8168,win,Antonina Shevchenko,205.1321,912.5172,1.488785
16230,2018-12-01,1476,win,Wilson Reis,97.3774,100.6552,0.032776
16230,2018-12-01,8485,loss,Ben Nguyen,213.1321,246.0345,0.142935
16225,2018-12-01,8457,win,Justin Willis,246.1321,444.5172,0.589313
16225,2018-12-01,8483,loss,Mark Hunt,2041.3585,1584.6552,-0.253108
16233,2018-12-01,7989,win,Christos Giagos,39.1321,59.2069,0.405611
16233,2018-12-01,8487,loss,Mizuto Hirota,46.8302,68.4828,0.373422
16218,2018-12-08,542,loss,Eryk Anders,296.0943,317.2069,0.068652
16218,2018-12-08,8444,win,Elias Theodorou,299.9434,392.0,0.266887
16217,2018-12-08,3562,loss,Katlyn Cerminara,174.6604,172.6897,-0.011282
16217,2018-12-08,8204,win,Jessica Eye,213.8113,598.6897,1.026652
16211,2018-12-08,4922,win,Valentina Shevchenko,1301.2075,3598.2069,1.016653
16211,2018-12-08,8179,loss,Joanna Jędrzejczyk,1539.5472,2220.1724,0.365898
16213,2018-12-08,1390,win,Hakeem Dawodu,112.9623,178.5172,0.454404
16213,2018-12-08,8395,loss,Kyle Bochniak,238.2264,251.1724,0.052703
16215,2018-12-08,8146,win,Nina Nunes,381.4151,3264.4138,2.144635
16215,2018-12-08,8325,loss,Cláudia Gadelha,478.283,711.7241,0.396803
16216,2018-12-08,790,win,Gilbert Burns,117.9623,233.5172,0.678723
16216,2018-12-08,8416,loss,Olivier Aubin-Mercier,182.5849,226.3448,0.213791
16200,2018-12-15,1510,loss,Sergio Pettis,323.3019,359.8276,0.106725
16200,2018-12-15,1522,win,Rob Font,114.1887,285.5172,0.911227
16198,2018-12-15,1130,loss,Kevin Lee,1402.0755,1703.0,0.194312
16198,2018-12-15,8243,win,Al Iaquinta,1219.0377,2791.4138,0.828025
16203,2018-12-15,1049,win,Drakkar Klose,125.8868,127.069,0.009274
16203,2018-12-15,3781,loss,King Green,143.4528,271.3448,0.634116
16206,2018-12-15,8074,win,Zak Cummings,77.5849,71.3103,-0.083212
16206,2018-12-15,8385,loss,Trevor Smith (fighter),53.0566,45.9655,-0.140618
16188,2018-12-29,254,win,Corey Anderson (fighter),410.3962,1156.1034,1.034118
16188,2018-12-29,8063,loss,Ilir Latifi,627.1321,576.1034,-0.084729
16196,2018-12-29,731,win,Curtis Millender,207.0377,203.2414,-0.018417
16196,2018-12-29,8404,loss,Siyar Bahadurzada,225.4906,162.0345,-0.328742
16153,2019-01-19,8303,win,Joseph Benavidez,740.9811,880.6552,0.172477
16153,2019-01-19,8464,loss,Dustin Ortiz,150.8679,210.7586,0.332436
16145,2019-02-02,803,loss,Max Griffin,187.283,175.2759,-0.065896
16145,2019-02-02,8384,win,Thiago Alves (fighter),312.1132,371.5172,0.173719
16163,2019-02-09,512,win,Israel Adesanya,3445.6415,5845.3793,0.528422
16163,2019-02-09,8321,loss,Anderson Silva,3967.5094,4763.0345,0.182704
16131,2019-02-17,1249,win,Aljamain Sterling,354.9057,594.7931,0.515228
16131,2019-02-17,8306,loss,Jimmie Rivera,381.434,360.5172,-0.056246
16130,2019-02-17,1319,win,Andre Fili,186.3585,239.4828,0.249625
16130,2019-02-17,8462,loss,Myles Jury,228.9811,175.1034,-0.266926
16133,2019-02-17,6190,win,Andrea Lee (fighter),183.6604,195.2759,0.061003
16133,2019-02-17,8042,loss,Ashlee Evans-Smith,278.1509,366.7586,0.275674
16126,2019-02-17,8319,win,Paul Felder,357.3585,765.8621,0.760773
16126,2019-02-17,8398,loss,James Vick,380.2642,498.3448,0.269804
16127,2019-02-17,8078,win,Cynthia Calvillo,214.5094,238.6552,0.106196
16127,2019-02-17,8169,loss,Cortney Casey,128.1132,125.7931,-0.018133
16134,2019-02-17,8112,loss,Scott Holtzman,58.7925,68.2069,0.146221
16134,2019-02-17,8310,win,Nik Lentz,149.2642,143.9655,-0.035899
16053,2019-02-23,3052,win,Liz Carmouche,282.5472,254.6897,-0.103414
16053,2019-02-23,4003,loss,Lucie Pudilová,86.7358,68.1379,-0.238227
16054,2019-02-23,1498,win,Petr Yan,719.6981,387.4138,-0.618149
16054,2019-02-23,6026,loss,John Dodson (fighter),679.6415,531.7586,-0.244967
16061,2019-02-23,1041,win,Carlos Diego Ferreira,62.6226,107.931,0.537746
16061,2019-02-23,8376,loss,Rustam Khabilov,170.9245,302.6207,0.568724
16113,2019-03-02,44,loss,Anthony Smith (fighter),6467.3962,1861.931,-1.244777
16113,2019-03-02,6478,win,Jon Jones,7662.1698,7373.5862,-0.038386
16120,2019-03-02,6485,win,Cody Stamann,108.0755,139.9655,0.256475
16120,2019-03-02,8224,loss,Alejandro Pérez (fighter),108.8302,96.5862,-0.118199
16114,2019-03-02,3090,win,Kamaru Usman,4053.8302,9500.6207,0.851554
16114,2019-03-02,8293,loss,Tyron Woodley,4422.1132,4766.931,0.075069
16118,2019-03-02,3782,loss,Jeremy Stephens,1039.5849,1093.6897,0.050688
16118,2019-03-02,8375,win,Zabit Magomedsharipov,1646.5849,1531.1724,-0.072624
16107,2019-03-09,3471,win,Yana Santos,160.8491,179.1724,0.10725
16107,2019-03-09,8270,loss,Marion Reneau,100.8679,108.3793,0.071145
16105,2019-03-09,8272,win,Omari Akhmedov,137.9811,145.7586,0.054451
16105,2019-03-09,8459,loss,Tim Boetsch,189.7358,161.3103,-0.161379
16103,2019-03-09,8044,win,Blagoy Ivanov,221.8491,474.7241,0.758343
16103,2019-03-09,8239,loss,Ben Rothwell,434.434,403.7586,-0.073052
16106,2019-03-09,8363,win,Anthony Rocco Martin,127.1132,164.4483,0.255744
16106,2019-03-09,8386,loss,Sérgio Moraes,348.3208,174.7586,-0.686879
16090,2019-03-16,261,win,Dominick Reyes,725.2264,666.4138,-0.084452
16090,2019-03-16,263,loss,Volkan Oezdemir,1058.0755,569.2759,-0.619031
16089,2019-03-16,758,win,Leon Edwards,1300.566,1709.2069,0.273046
16089,2019-03-16,6184,loss,Gunnar Nelson (fighter),677.8868,747.7931,0.098008
16094,2019-03-16,1255,win,Arnold Allen,129.8302,176.5862,0.305556
16094,2019-03-16,8458,loss,Jordan Rinaldi,96.4151,102.8966,0.064415
16093,2019-03-16,8322,win,Jack Marshman,125.9811,257.2759,0.70999
16093,2019-03-16,8328,loss,John Phillips (fighter),2.8491,0.2069,-1.159776
16095,2019-03-16,4460,win,Marc Diakiese,239.566,284.1724,0.170099
16095,2019-03-16,8353,loss,Joseph Duffy (fighter),545.1509,618.5517,0.126101
16077,2019-03-23,11,win,Curtis Blaydes,785.6792,830.5862,0.055514
16077,2019-03-23,8457,loss,Justin Willis,375.9434,407.7241,0.080945
16079,2019-03-23,1506,loss,Deiveson Figueiredo,128.3019,94.7241,-0.300679
16079,2019-03-23,8365,win,Jussier Formiga,154.1509,258.9655,0.516151
16080,2019-03-23,8080,loss,Steven Peterson,41.0377,50.3448,0.199997
16080,2019-03-23,8290,win,Luis Peña (fighter),0.2453,0.0,-0.219363
16084,2019-03-23,8014,win,Jennifer Maia,120.7547,93.3448,-0.255052
16084,2019-03-23,8230,loss,Alexis Davis (fighter),189.2264,153.3448,-0.209026
16075,2019-03-30,1769,win,Alex Perez (fighter),47.2642,43.9655,-0.070793
16075,2019-03-30,8362,loss,Mark De La Rosa,54.7736,45.8276,-0.174828
16066,2019-03-30,2316,loss,Karolina Kowalkiewicz,448.2264,639.3448,0.35448
16066,2019-03-30,7982,win,Michelle Waterson-Gomez,682.1321,1351.8276,0.683264
16037,2019-04-13,3846,loss,Max Holloway,4943.6226,3067.7931,-0.477016
16037,2019-04-13,5493,win,Dustin Poirier,3784.3585,4809.8966,0.239743
16038,2019-04-13,512,win,Israel Adesanya,3944.6038,6117.069,0.438645
16038,2019-04-13,527,loss,Kelvin Gastelum,1987.3962,2051.7931,0.031873
16039,2019-04-13,259,win,Khalil Rountree Jr.,677.9434,2993.6207,1.484035
16039,2019-04-13,542,loss,Eryk Anders,451.4906,810.2069,0.583756
16042,2019-04-13,1022,loss,Jalin Turner,0.0,78.3448,4.373803
16042,2019-04-13,1142,win,Matt Frevola,49.0755,111.4828,0.809269
16046,2019-04-13,731,loss,Curtis Millender,784.8679,139.6897,-1.720232
16046,2019-04-13,759,win,Belal Muhammad,212.9245,211.6552,-0.005951
16029,2019-04-20,8168,loss,Antonina Shevchenko,229.5283,265.1034,0.143511
16029,2019-04-20,8228,win,Roxanne Modafferi,170.4906,354.2759,0.728366
16032,2019-04-20,8451,win,Sultan Aliev,82.0377,95.7586,0.152924
16032,2019-04-20,8452,loss,Keita Nakamura,68.4528,44.7241,-0.418021
16017,2019-04-27,1504,win,Cory Sandhagen,104.566,248.5862,0.860468
16017,2019-04-27,8448,loss,John Lineker,214.4151,218.7931,0.02012
16015,2019-04-27,6656,win,Mike Perry (fighter),699.5094,1248.6897,0.578843
16015,2019-04-27,8216,loss,Alex Oliveira,344.6792,448.7241,0.263123
16013,2019-04-27,857,win,Jack Hermansson,1602.1132,1234.2759,-0.260653
16013,2019-04-27,8282,loss,Ronaldo Souza,1521.9623,898.0,-0.52713
16020,2019-04-27,62,win,Augusto Sakai,152.717,159.4828,0.043073
16020,2019-04-27,7983,loss,Andrei Arlovski,789.8679,868.931,0.095283
16021,2019-04-27,2252,loss,Virna Jandiroba,46.7547,49.8621,0.06304
16021,2019-04-27,6625,win,Carla Esparza,284.1132,443.4138,0.44387
16024,2019-04-27,2264,win,Angela Hill,391.566,264.7586,-0.390116
16024,2019-04-27,8428,loss,Jodie Esquibel,72.7736,74.3793,0.021532
16025,2019-04-27,810,loss,Court McGee,174.3208,118.8966,-0.379988
16025,2019-04-27,8277,win,Dhiego Lima,143.6038,367.1724,0.934554
16001,2019-05-04,8202,win,Donald Cerrone,3003.6415,5128.9655,0.534941
16001,2019-05-04,8243,loss,Al Iaquinta,1515.5472,1195.8621,-0.236733
16002,2019-05-04,8091,win,Derek Brunson,541.0377,411.6897,-0.27264
16002,2019-05-04,8444,loss,Elias Theodorou,426.9811,1044.4483,0.893122
16003,2019-05-04,4211,loss,Cub Swanson,555.7358,561.1034,0.009595
16003,2019-05-04,8166,win,Shane Burgos,142.2264,227.8966,0.468843
15991,2019-05-11,1248,win,Alexander Volkanovski,802.0,1374.3448,0.538105
15991,2019-05-11,5855,loss,José Aldo,1968.8868,1429.0,-0.320302
15997,2019-05-11,6557,win,Clay Guida,496.0,986.7931,0.686883
15997,2019-05-11,8442,loss,B.J. Penn,1455.8491,2426.6897,0.510664
15982,2019-05-18,8214,win,Aspen Ladd,243.7925,595.8276,0.891218
15982,2019-05-18,8234,loss,Sijara Eubanks,186.3396,176.6207,-0.053273
15967,2019-06-01,6236,loss,Damir Hadžović,112.0566,96.7586,-0.145387
15967,2019-06-01,7989,win,Christos Giagos,74.6415,79.7586,0.06546
15970,2019-06-01,8087,win,Lina Länsberg,126.9434,121.8276,-0.040806
15970,2019-06-01,8437,loss,Tonya Evinger,159.6981,132.2069,-0.187624
15955,2019-06-08,28,loss,Tai Tuivasa,452.717,554.5862,0.20255
15955,2019-06-08,8044,win,Blagoy Ivanov,289.8302,476.5172,0.495861
15957,2019-06-08,1249,win,Aljamain Sterling,352.6226,719.4828,0.711691
15957,2019-06-08,6501,loss,Pedro Munhoz,820.1698,407.7586,-0.697605
15954,2019-06-08,1498,win,Petr Yan,289.9057,455.4483,0.450476
15954,2019-06-08,8306,loss,Jimmie Rivera,274.3585,288.5862,0.050379
15956,2019-06-08,2253,win,Tatiana Suarez,800.1698,624.6552,-0.247274
15956,2019-06-08,8146,loss,Nina Nunes,524.7925,2203.8966,1.433529
15960,2019-06-08,2258,win,Yan Xiaonan,150.1698,143.8621,-0.042622
15960,2019-06-08,2264,loss,Angela Hill,341.5094,212.2414,-0.473874
15958,2019-06-08,2316,loss,Karolina Kowalkiewicz,839.0,601.6207,-0.332114
15958,2019-06-08,3650,win,Alexa Grasso,191.6792,316.5517,0.499614
15963,2019-06-08,3562,win,Katlyn Cerminara,170.283,247.6207,0.372611
15963,2019-06-08,8002,loss,Joanne Wood,220.566,226.8966,0.028171
15944,2019-06-22,770,win,Kevin Holland,74.2075,201.3103,0.989551
15944,2019-06-22,8151,loss,Alessio Di Chirico,79.6792,90.6552,0.127552
15946,2019-06-22,2319,win,Ashley Yoder,97.8302,121.069,0.211183
15946,2019-06-22,8432,loss,Syuri,101.8302,67.9655,-0.399472
15943,2019-06-22,2790,loss,Montana De La Rosa,141.4717,156.931,0.103015
15943,2019-06-22,6190,win,Andrea Lee (fighter),195.7358,390.6207,0.688432
15930,2019-06-29,8280,win,Demian Maia,524.5849,1597.1379,1.112083
15930,2019-06-29,8363,loss,Anthony Rocco Martin,238.8302,188.931,-0.23327
15916,2019-07-06,60,loss,Thiago Santos,2924.4717,2344.0345,-0.221156
15916,2019-07-06,6478,win,Jon Jones,6267.0,7713.8621,0.207691
15921,2019-07-06,1255,win,Arnold Allen,270.0189,549.069,0.707855
15921,2019-07-06,8429,loss,Gilbert Melendez,463.1321,601.4483,0.260833
15920,2019-07-06,4368,win,Michael Chiesa,505.4717,1216.2759,0.876902
15920,2019-07-06,8344,loss,Diego Sanchez,1066.1321,1290.0345,0.190469
15923,2019-07-06,8247,loss,Randa Markos,167.0,153.4138,-0.084328
15923,2019-07-06,8325,win,Cláudia Gadelha,531.5094,531.069,-0.000827
15883,2019-07-13,528,win,Marvin Vettori,112.3585,258.3793,0.827736
15883,2019-07-13,8421,loss,Cezar Ferreira,180.8113,141.6897,-0.242297
15887,2019-07-13,1436,loss,Darren Elkins,244.4717,330.5172,0.300498
15887,2019-07-13,8237,win,Ryan Hall (fighter),504.9811,1815.2414,1.278025
15870,2019-07-20,1039,win,Alexander Hernandez,263.4717,307.2069,0.153037
15870,2019-07-20,8133,loss,Francisco Trinaldo,95.7925,158.7931,0.501311
15873,2019-07-20,6623,win,Raquel Pennington,538.9623,524.9655,-0.026264
15873,2019-07-20,6653,loss,Irene Aldana,132.5094,136.6552,0.03058
15866,2019-07-20,758,win,Leon Edwards,987.7358,2210.1379,0.804835
15866,2019-07-20,3481,loss,Rafael dos Anjos,1542.3208,2249.3103,0.377132
15871,2019-07-20,7983,win,Andrei Arlovski,965.3962,1183.4828,0.203488
15871,2019-07-20,8239,loss,Ben Rothwell,429.5283,448.8276,0.043851
15872,2019-07-20,7977,win,Alex Caceres,209.0566,267.3448,0.244896
15872,2019-07-20,8080,loss,Steven Peterson,53.6038,60.1034,0.112465
15875,2019-07-20,8014,win,Jennifer Maia,118.7736,284.1034,0.867249
15875,2019-07-20,8228,loss,Roxanne Modafferi,273.4528,340.069,0.217305
15863,2019-07-27,1506,win,Deiveson Figueiredo,104.7358,156.9655,0.401433
15863,2019-07-27,1748,loss,Alexandre Pantoja,104.3585,84.5172,-0.208651
15856,2019-07-27,2633,win,Cris Cyborg,3065.8113,5133.3448,0.515314
15856,2019-07-27,8240,loss,Felicia Spencer,862.6981,674.6552,-0.24554
15855,2019-07-27,3846,win,Max Holloway,3159.9245,4072.1379,0.253549
15855,2019-07-27,8123,loss,Frankie Edgar,1554.6981,1723.8966,0.103243
15858,2019-07-27,1002,win,Arman Tsarukyan,0.0,0.0,0.0
15858,2019-07-27,8416,loss,Olivier Aubin-Mercier,222.5094,198.3793,-0.114245
15843,2019-08-03,6460,win,Colby Covington,2342.2453,6365.1379,0.999456
15843,2019-08-03,8061,loss,Robbie Lawler,2309.4151,1942.0,-0.173194
15831,2019-08-10,530,win,Vicente Luque,571.0943,881.069,0.432966
15831,2019-08-10,6656,loss,Mike Perry (fighter),681.8113,2245.1724,1.190764
15830,2019-08-10,3052,loss,Liz Carmouche,1066.8679,542.7241,-0.674977
15830,2019-08-10,4922,win,Valentina Shevchenko,3455.6604,3001.2069,-0.140955
15905,2019-08-17,872,win,Nate Diaz,3783.5472,10982.1724,1.065438
15905,2019-08-17,8314,loss,Anthony Pettis,2405.8679,3116.4138,0.258677
15911,2019-08-17,1049,win,Drakkar Klose,163.9057,176.6897,0.074665
15911,2019-08-17,7989,loss,Christos Giagos,81.1698,86.1724,0.0591
15910,2019-08-17,1504,win,Cory Sandhagen,219.1321,425.4483,0.661263
15910,2019-08-17,8082,loss,Raphael Assunção,411.3396,290.4138,-0.347103
15914,2019-08-17,2865,loss,Brandon Davis,194.9057,136.3793,-0.354887
15914,2019-08-17,7984,win,Kang Kyung-ho,102.6792,90.7586,-0.122141
15906,2019-08-17,255,win,Paulo Costa,1005.7925,2171.6207,0.769165
15906,2019-08-17,8369,loss,Yoel Romero,2369.1887,2382.2759,0.005506
15821,2019-08-31,1756,win,Kai Kara-France,33.6792,164.3448,1.561892
15821,2019-08-31,8362,loss,Mark De La Rosa,90.1132,69.3103,-0.259184
15822,2019-08-31,6463,win,Song Kenan,111.9434,85.7241,-0.264155
15822,2019-08-31,8412,loss,Derrick Krantz,132.2264,76.8966,-0.536668
15893,2019-09-07,750,win,Islam Makhachev,1259.2075,1783.6897,0.347968
15893,2019-09-07,1127,loss,Davi Ramos,360.7925,351.0,-0.02744
15895,2019-09-07,1041,win,Carlos Diego Ferreira,204.9623,240.2069,0.157962
15895,2019-09-07,8424,loss,Mairbek Taisumov,325.6604,239.7241,-0.305269
15892,2019-09-07,1153,loss,Edson Barboza,1131.0755,1795.2069,0.461625
15892,2019-09-07,8319,win,Paul Felder,792.4717,987.7586,0.220032
15896,2019-09-07,6190,loss,Andrea Lee (fighter),276.4528,219.1034,-0.231553
15896,2019-09-07,8002,win,Joanne Wood,228.6038,319.1724,0.332505
15902,2019-09-07,8074,loss,Zak Cummings,103.6038,80.0,-0.25573
15902,2019-09-07,8272,win,Omari Akhmedov,174.4906,180.7931,0.035284
15811,2019-09-14,269,loss,Antônio Carlos Jr.,169.5283,212.2759,0.223685
15811,2019-09-14,8203,win,Uriah Hall,852.7547,1054.7241,0.212338
15808,2019-09-14,275,loss,Nikita Krylov,270.3208,294.3793,0.084959
15808,2019-09-14,8097,win,Glover Teixeira,373.5283,592.7241,0.460747
15803,2019-09-21,1510,win,Sergio Pettis,514.2453,370.8966,-0.326027
15803,2019-09-21,8039,loss,Tyson Nam,82.9811,63.1724,-0.269019
15796,2019-09-21,3650,loss,Alexa Grasso,227.3962,302.931,0.285719
15796,2019-09-21,6625,win,Carla Esparza,292.6792,387.8621,0.280737
15805,2019-09-21,8234,loss,Sijara Eubanks,113.3019,102.3103,-0.101106
15805,2019-09-21,8259,win,Bethe Correia,225.3962,216.0345,-0.04223
15692,2019-09-28,790,win,Gilbert Burns,434.2264,520.3793,0.180611
15692,2019-09-28,6184,loss,Gunnar Nelson (fighter),514.2453,511.0,-0.006318
15701,2019-09-28,4111,loss,Lando Vannata,289.7547,224.7931,-0.252861
15701,2019-09-28,4460,win,Marc Diakiese,298.0566,251.0,-0.171204
15700,2019-09-28,4403,loss,Macy Chiasson,99.4717,74.2414,-0.289175
15700,2019-09-28,8087,win,Lina Länsberg,102.1509,91.6552,-0.107309
15695,2019-09-28,793,win,Nicolas Dalby,274.5283,225.4828,-0.196022
15695,2019-09-28,8216,loss,Alex Oliveira,308.0,194.0345,-0.460165
15680,2019-10-05,1013,win,Dan Hooker,794.9057,1511.4138,0.641982
15680,2019-10-05,8243,loss,Al Iaquinta,2293.0,1235.9655,-0.617636
15682,2019-10-05,8277,win,Dhiego Lima,247.8868,357.8621,0.36594
15682,2019-10-05,8402,loss,Luke Jumeau,127.2453,74.8621,-0.525028
15677,2019-10-12,528,win,Marvin Vettori,296.4906,252.9655,-0.158184
15677,2019-10-12,643,loss,Andrew Sanchez,144.0566,74.8621,-0.648207
15670,2019-10-12,542,win,Eryk Anders,310.5472,266.931,-0.150821
15670,2019-10-12,3530,loss,Gerald Meerschaert,108.3962,105.2069,-0.029587
15673,2019-10-12,803,loss,Max Griffin,157.4528,156.0,-0.009211
15673,2019-10-12,822,win,Alex Morono,76.3962,64.6552,-0.164522
15666,2019-10-12,4211,win,Cub Swanson,648.3585,1137.4138,0.561406
15666,2019-10-12,6555,loss,Kron Gracie,1568.6226,1538.9655,-0.019075
15665,2019-10-12,7982,loss,Michelle Waterson-Gomez,910.8491,1003.5517,0.096822
15665,2019-10-12,8179,win,Joanna Jędrzejczyk,1306.8679,1511.8966,0.145628
15669,2019-10-12,1142,win,Matt Frevola,68.3019,105.9655,0.434034
15669,2019-10-12,8290,loss,Luis Peña (fighter),136.1132,302.7241,0.795313
15653,2019-10-18,2451,win,Yair Rodríguez,2143.5849,973.2414,-0.789042
15653,2019-10-18,3782,loss,Jeremy Stephens,2545.434,1107.3793,-0.831795
15642,2019-10-26,1099,loss,Michael Johnson (fighter),2393.1698,954.7241,-0.918323
15642,2019-10-26,6638,win,Stevie Ray (fighter),236.5849,214.1724,-0.099085
15646,2019-10-26,2319,loss,Ashley Yoder,96.0,58.5862,-0.487287
15646,2019-10-26,8247,win,Randa Markos,129.3208,109.2069,-0.167639
15632,2019-11-02,21,win,Derrick Lewis,1160.8113,2328.6552,0.69574
15632,2019-11-02,8044,loss,Blagoy Ivanov,615.8302,651.5862,0.056349
15630,2019-11-02,527,loss,Kelvin Gastelum,2503.0755,1541.4483,-0.484549
15630,2019-11-02,8120,win,Darren Till,1999.3774,3209.1034,0.472967
15631,2019-11-02,530,loss,Vicente Luque,755.9434,563.8621,-0.292707
15631,2019-11-02,775,win,Stephen Thompson (fighter),1653.283,2295.8276,0.328161
15640,2019-11-02,1317,loss,Julio Arce,113.5472,66.2759,-0.532185
15640,2019-11-02,1390,win,Hakeem Dawodu,190.3774,178.7241,-0.062824
15638,2019-11-02,3562,win,Katlyn Cerminara,239.6226,584.4828,0.889207
15638,2019-11-02,8014,loss,Jennifer Maia,311.5283,176.6552,-0.564851
15567,2019-11-09,2,win,Alexander Volkov (fighter),1143.3208,768.6897,-0.396579
15567,2019-11-09,116,loss,Greg Hardy,4018.7358,1001.2759,-1.388943
15577,2019-11-09,2039,win,Pannie Kianzad,98.4151,69.8621,-0.338569
15577,2019-11-09,8069,loss,Jessica-Rose Clark,144.6226,126.7586,-0.130876
15566,2019-11-09,1305,loss,Calvin Kattar,668.5283,436.9655,-0.424433
15566,2019-11-09,8375,win,Zabit Magomedsharipov,1545.434,1472.3103,-0.04844
15570,2019-11-09,544,loss,Ramazan Emeev,73.2264,57.7241,-0.234269
15570,2019-11-09,8363,win,Anthony Rocco Martin,217.4906,219.8621,0.010796
15617,2019-11-16,260,win,Jan Błachowicz,863.717,1066.4138,0.210592
15617,2019-11-16,8282,loss,Ronaldo Souza,1275.434,673.4483,-0.637931
15624,2019-11-16,3781,loss,King Green,132.5283,120.3448,-0.095677
15624,2019-11-16,8133,win,Francisco Trinaldo,112.0,112.4828,0.004263
15626,2019-11-16,4405,win,Douglas Silva de Andrade,92.2642,178.1034,0.652528
15626,2019-11-16,8387,loss,Renan Barão,375.4151,888.5862,0.860064
15610,2019-12-07,1522,win,Rob Font,140.0,200.6897,0.35797
15610,2019-12-07,1540,loss,Ricky Simón,191.0566,332.5172,0.551904
15593,2019-12-14,1248,win,Alexander Volkanovski,1862.3396,3584.6207,0.654561
15593,2019-12-14,3846,loss,Max Holloway,2741.3962,4615.5862,0.520823
15602,2019-12-14,1753,win,Brandon Moreno,125.5472,202.6207,0.475644
15602,2019-12-14,1756,loss,Kai Kara-France,198.6038,228.1379,0.13799
15595,2019-12-14,5855,loss,José Aldo,2222.8679,2553.1724,0.13848
15595,2019-12-14,8218,win,Marlon Moraes,591.7358,765.7931,0.257468
15599,2019-12-14,8269,loss,Ian Heinisch,133.4906,145.7241,0.08706
15599,2019-12-14,8272,win,Omari Akhmedov,143.9434,180.0,0.222154
15594,2019-12-14,7990,loss,Germaine de Randamie,1237.8868,743.1034,-0.509788
15594,2019-12-14,8057,win,Amanda Nunes,2985.1132,3289.7931,0.097156
15580,2019-12-21,24,loss,Aleksandar Rakić,613.2642,439.931,-0.331537
15580,2019-12-21,263,win,Volkan Oezdemir,658.4528,656.5862,-0.002835
15584,2019-12-21,7984,win,Kang Kyung-ho,68.9057,72.0345,0.043785
15584,2019-12-21,8378,loss,Liu Pingyuan,35.8679,31.9655,-0.11188
15549,2020-01-18,1319,loss,Andre Fili,444.2642,247.7241,-0.582323
15549,2020-01-18,5796,win,Sodiq Yusuff,399.7736,309.6897,-0.254602
15544,2020-01-18,6623,loss,Raquel Pennington,751.2075,708.0,-0.059157
15544,2020-01-18,7991,win,Holly Holm,2008.7358,2665.3793,0.282718
15548,2020-01-18,4367,loss,Maycee Barber,602.8679,1114.8966,0.614058
15548,2020-01-18,8228,win,Roxanne Modafferi,406.2642,1391.7241,1.229555
15560,2020-01-25,1255,win,Arnold Allen,241.8679,344.5862,0.352724
15560,2020-01-25,8310,loss,Nik Lentz,128.2264,200.3793,0.443624
15555,2020-01-25,3481,loss,Rafael dos Anjos,1669.2642,1199.4828,-0.330258
15555,2020-01-25,4368,win,Michael Chiesa,639.6226,1551.069,0.884904
15561,2020-01-25,4003,loss,Lucie Pudilová,69.434,103.4828,0.394347
15561,2020-01-25,8289,win,Justine Kish,69.3019,71.8621,0.03577
15563,2020-01-25,8087,loss,Lina Länsberg,117.1509,145.4483,0.214709
15563,2020-01-25,8221,win,Sara McMann,213.3585,219.6207,0.028795
15535,2020-02-08,21,win,Derrick Lewis,1732.717,1441.4483,-0.183926
15535,2020-02-08,8063,loss,Ilir Latifi,826.2264,669.0345,-0.210749
15531,2020-02-08,261,loss,Dominick Reyes,4716.2453,3182.1379,-0.393358
15531,2020-02-08,6478,win,Jon Jones,10373.9245,8724.0345,-0.173195
15534,2020-02-08,3652,win,Dan Ige,239.9811,269.9655,0.117273
15534,2020-02-08,8337,loss,Mirsad Bektić,362.4151,201.4483,-0.585061
15537,2020-02-08,5578,win,Lauren Murphy,139.3774,171.3448,0.205163
15537,2020-02-08,6190,loss,Andrea Lee (fighter),249.2642,369.3103,0.391824
15541,2020-02-08,6480,loss,Jonathan Martinez,50.9623,53.2759,0.043562
15541,2020-02-08,8235,win,Andre Ewell,65.9623,88.1379,0.286056
15536,2020-02-08,6500,win,Trevin Giles,51.8302,237.2414,1.506202
15536,2020-02-08,8327,loss,James Krause (fighter),208.6792,624.2069,1.092504
15514,2020-02-15,1051,loss,Jim Miller (fighter),340.4528,404.8276,0.172719
15514,2020-02-15,8112,win,Scott Holtzman,81.3962,97.3103,0.17659
15508,2020-02-15,2790,win,Montana De La Rosa,122.2642,215.4483,0.563022
15508,2020-02-15,8338,loss,Mara Romero Borella,66.6792,82.6552,0.211924
15511,2020-02-15,4111,win,Lando Vannata,343.1321,446.6552,0.262998
15511,2020-02-15,8275,loss,Yancy Medeiros,201.0755,204.4138,0.016385
15501,2020-02-23,787,win,Jake Matthews (fighter),181.0566,212.0,0.156975
15501,2020-02-23,8372,loss,Emil Weber Meek,213.1321,134.3793,-0.458512
15494,2020-02-23,1013,win,Dan Hooker,830.9623,1754.3103,0.746614
15494,2020-02-23,8319,loss,Paul Felder,1127.4151,1226.6207,0.084264
15503,2020-02-23,1756,win,Kai Kara-France,183.4151,316.1724,0.542256
15503,2020-02-23,8039,loss,Tyson Nam,91.6226,71.9655,-0.238547
15496,2020-02-23,2258,win,Yan Xiaonan,157.8868,408.5862,0.946955
15496,2020-02-23,2316,loss,Karolina Kowalkiewicz,507.1698,984.8276,0.662666
15504,2020-02-23,2264,win,Angela Hill,596.0755,635.5172,0.063968
15504,2020-02-23,2307,loss,Loma Lookboonmee,85.1321,70.069,-0.192231
15478,2020-02-29,14,loss,Serghei Spivac,0.0,146.7241,4.995347
15478,2020-02-29,29,win,Marcin Tybura,126.8302,118.0,-0.071579
15479,2020-02-29,1261,loss,Steve Garcia,7.7547,30.931,1.293986
15479,2020-02-29,8290,win,Luis Peña (fighter),146.1509,267.7931,0.602483
15487,2020-03-07,803,loss,Max Griffin,152.2264,152.7241,0.003243
15487,2020-03-07,8216,win,Alex Oliveira,347.3774,543.7586,0.447057
15484,2020-03-07,4923,win,Zhang Weili,2401.9623,4271.2759,0.575444
15484,2020-03-07,8179,loss,Joanna Jędrzejczyk,2207.8868,5069.1379,0.830879
15483,2020-03-07,512,win,Israel Adesanya,7811.2075,6868.4483,-0.128604
15483,2020-03-07,8369,loss,Yoel Romero,6299.4906,4182.4138,-0.4095
15522,2020-03-14,275,win,Nikita Krylov,360.2453,520.7586,0.367648
15522,2020-03-14,3479,loss,Johnny Walker (fighter),1240.8868,1000.5172,-0.215116
15526,2020-03-14,813,win,Elizeu Zaleski dos Santos,146.1321,120.5862,-0.190707
15526,2020-03-14,832,loss,Alexey Kunchenko,85.8491,78.069,-0.093851
15524,2020-03-14,1753,win,Brandon Moreno,169.6226,175.5172,0.033964
15524,2020-03-14,8365,loss,Jussier Formiga,568.7925,157.6897,-1.278322
15523,2020-03-14,8026,loss,John Makdessi,116.1887,156.6897,0.296844
15523,2020-03-14,8133,win,Francisco Trinaldo,225.0189,243.8966,0.080217
15470,2020-05-09,32,win,Ryan Spann,195.3962,244.1724,0.221828
15470,2020-05-09,8149,loss,Sam Alvey,262.7736,301.2069,0.136021
15469,2020-05-09,1513,win,Bryce Mitchell,252.283,1312.7586,1.64614
15469,2020-05-09,8164,loss,Charles Rosa,155.6415,351.2414,0.810357
15467,2020-05-09,6625,win,Carla Esparza,339.2075,728.9655,0.763441
15467,2020-05-09,7982,loss,Michelle Waterson-Gomez,842.2264,1071.8966,0.240882
15465,2020-05-09,8202,loss,Donald Cerrone,4329.0566,4819.8276,0.107365
15465,2020-05-09,8314,win,Anthony Pettis,2094.6226,2024.0345,-0.034264
15466,2020-05-09,8134,win,Aleksei Oleinik,624.566,1452.2414,0.842895
15466,2020-05-09,8349,loss,Fabrício Werdum,1184.2642,1659.3103,0.337039
15388,2020-05-13,75,loss,Philipe Lins,92.6038,216.2759,0.842097
15388,2020-05-13,7983,win,Andrei Arlovski,1065.2642,1931.5172,0.594662
15387,2020-05-13,1540,win,Ricky Simón,154.2075,404.8621,0.96125
15387,2020-05-13,8357,loss,Ray Borg,249.2264,645.5172,0.949234
15385,2020-05-13,6624,loss,Ovince Saint Preux,477.0189,728.5517,0.42278
15385,2020-05-13,8239,win,Ben Rothwell,399.7736,844.6207,0.746674
15390,2020-05-13,8234,win,Sijara Eubanks,157.3962,188.8276,0.181017
15390,2020-05-13,8312,loss,Sarah Moras,110.2264,103.4828,-0.062546
15441,2020-05-16,525,win,Krzysztof Jotko,110.3962,230.2069,0.73022
15441,2020-05-16,542,loss,Eryk Anders,193.1887,283.1724,0.380751
15440,2020-05-16,1153,loss,Edson Barboza,1270.0566,1251.5862,-0.014638
15440,2020-05-16,3652,win,Dan Ige,190.9434,517.1379,0.993041
15442,2020-05-16,1501,win,Song Yadong,197.0377,1017.5517,1.637679
15442,2020-05-16,1511,loss,Marlon Vera,332.8302,616.7931,0.615521
15439,2020-05-16,2264,loss,Angela Hill,334.566,752.6897,0.809162
15439,2020-05-16,8325,win,Cláudia Gadelha,462.6981,1337.5172,1.060084
15374,2020-05-30,62,win,Augusto Sakai,288.7547,289.9655,0.00417
15374,2020-05-30,8044,loss,Blagoy Ivanov,397.6226,394.7241,-0.007298
15378,2020-05-30,3562,win,Katlyn Cerminara,230.4906,721.5172,1.138202
15378,2020-05-30,8168,loss,Antonina Shevchenko,284.3208,602.6552,0.749389
15373,2020-05-30,790,win,Gilbert Burns,1387.1698,6918.6897,1.606385
15373,2020-05-30,8293,loss,Tyron Woodley,2555.4906,3283.8966,0.2507
15429,2020-06-06,774,win,Neil Magny,311.0189,582.6552,0.626247
15429,2020-06-06,8363,loss,Anthony Rocco Martin,136.0566,155.1379,0.130346
15431,2020-06-06,3091,loss,Chase Hooper,8.9057,0.0,-2.293106
15431,2020-06-06,7977,win,Alex Caceres,283.8868,515.8621,0.595684
15433,2020-06-06,6485,win,Cody Stamann,260.9434,537.4138,0.720499
15433,2020-06-06,7952,loss,Brian Kelleher,571.2264,223.7931,-0.934354
15426,2020-06-06,8057,win,Amanda Nunes,3861.3396,6306.3448,0.490442
15426,2020-06-06,8240,loss,Felicia Spencer,1327.3019,1096.5172,-0.190851
15406,2020-06-13,8078,win,Cynthia Calvillo,237.9434,673.1379,1.037208
15406,2020-06-13,8204,loss,Jessica Eye,483.5283,750.4483,0.438827
15408,2020-06-13,8164,win,Charles Rosa,930.4151,195.5517,-1.555779
15408,2020-06-13,8283,loss,Kevin Aguilar (mixed martial artist),0.0,0.0,0.0
15394,2020-06-20,2,loss,Alexander Volkov (fighter),1182.8113,786.3448,-0.407828
15394,2020-06-20,11,win,Curtis Blaydes,1401.434,1480.5517,0.054881
15397,2020-06-20,759,win,Belal Muhammad,218.0755,504.2759,0.835688
15397,2020-06-20,8358,loss,Lyman Good,214.9811,199.1379,-0.076184
15395,2020-06-20,1272,win,Josh Emmett,332.3396,1033.0345,1.132062
15395,2020-06-20,8166,loss,Shane Burgos,316.6981,775.069,0.89314
15400,2020-06-20,2263,win,Tecia Pennington,356.566,538.6552,0.41161
15400,2020-06-20,8359,loss,Brianna Fortino,70.9434,90.7586,0.243282
15399,2020-06-20,3781,win,King Green,161.7736,849.0345,1.652917
15399,2020-06-20,6557,loss,Clay Guida,784.0755,876.0345,0.110766
15404,2020-06-20,5578,win,Lauren Murphy,147.6226,187.069,0.235398
15404,2020-06-20,8228,loss,Roxanne Modafferi,513.0,399.1379,-0.250414
15396,2020-06-20,6623,win,Raquel Pennington,575.4528,565.8276,-0.016838
15396,2020-06-20,8270,loss,Marion Reneau,99.283,124.3103,0.222797
15416,2020-06-27,1013,loss,Dan Hooker,2364.6604,2462.3448,0.040463
15416,2020-06-27,5493,win,Dustin Poirier,4920.0377,5728.7931,0.15216
15417,2020-06-27,3589,loss,Mickey Gall,979.3208,1462.1034,0.400435
15417,2020-06-27,6656,win,Mike Perry (fighter),1748.9811,7003.931,1.387009
15369,2020-07-11,29,win,Marcin Tybura,240.3962,264.9655,0.096927
15369,2020-07-11,316,loss,Maxim Grishin,0.0,0.0,0.0
15366,2020-07-11,785,win,Muslim Salikhov,216.9057,312.7931,0.364672
15366,2020-07-11,813,loss,Elizeu Zaleski dos Santos,251.1887,235.8621,-0.0627
15361,2020-07-11,1248,win,Alexander Volkanovski,3801.2075,2722.8276,-0.333544
15361,2020-07-11,3846,loss,Max Holloway,4221.9434,3601.7241,-0.158842
15363,2020-07-11,2266,loss,Jéssica Andrade,1382.6038,927.6552,-0.398709
15363,2020-07-11,4455,win,Rose Namajunas,2793.1698,2816.6552,0.00837
15360,2020-07-11,3090,win,Kamaru Usman,6165.0189,6256.069,0.014658
15360,2020-07-11,8077,loss,Jorge Masvidal,6275.4906,6880.6552,0.092048
15330,2020-07-15,1072,win,Jared Gordon,95.2075,124.2414,0.263735
15330,2020-07-15,8347,loss,Chris Fishgold,87.6415,67.3793,-0.25953
15322,2020-07-15,1305,win,Calvin Kattar,1118.8679,1479.6552,0.279274
15322,2020-07-15,3652,loss,Dan Ige,1534.3396,509.4483,-1.101218
15323,2020-07-15,1761,win,Tim Elliott,655.1698,453.4138,-0.367411
15323,2020-07-15,8262,loss,Ryan Benoit,149.5094,141.4483,-0.055047
15324,2020-07-15,6485,loss,Cody Stamann,1872.6981,328.1379,-1.739192
15324,2020-07-15,8306,win,Jimmie Rivera,550.1509,409.8621,-0.293751
15358,2020-07-18,1002,win,Arman Tsarukyan,0.0,332.1034,5.808453
15358,2020-07-18,1127,loss,Davi Ramos,139.9623,169.5862,0.190749
15350,2020-07-18,1009,win,Rafael Fiziev,0.0,663.4828,6.499009
15350,2020-07-18,4460,loss,Marc Diakiese,342.9623,422.6207,0.208307
15354,2020-07-18,1019,win,Grant Dawson,59.6604,87.5172,0.377907
15354,2020-07-18,8352,loss,Nad Narimani,50.8113,100.2069,0.669558
15356,2020-07-18,1438,win,Brett Johns,139.9245,132.5172,-0.053994
15356,2020-07-18,1520,loss,Montel Jackson,86.0755,57.0345,-0.405738
15352,2020-07-18,1748,loss,Alexandre Pantoja,153.3774,201.2759,0.270232
15352,2020-07-18,8220,win,Askar Askarov,1.5283,348.0345,4.927623
15333,2020-07-25,257,win,Robert Whittaker (fighter),1939.283,2989.8276,0.432716
15333,2020-07-25,8120,loss,Darren Till,3945.2075,2517.4828,-0.449098
15345,2020-07-25,2039,win,Pannie Kianzad,156.9623,162.8966,0.036879
15345,2020-07-25,8259,loss,Bethe Correia,362.7736,543.3448,0.403051
15336,2020-07-25,5878,loss,Marina Rodriguez,295.7925,119.0,-0.905541
15336,2020-07-25,6625,win,Carla Esparza,534.2453,512.069,-0.042315
15334,2020-07-25,8098,win,Maurício Rua,1054.8113,1293.3103,0.203669
15334,2020-07-25,8348,loss,Antônio Rogério Nogueira,589.2453,740.1379,0.227649
15338,2020-07-25,8216,win,Alex Oliveira,624.4151,337.6552,-0.613433
15338,2020-07-25,8350,loss,Peter Sobotta,152.5094,155.3448,0.018302
15317,2020-08-01,3781,win,King Green,1157.7547,424.1034,-1.002769
15317,2020-08-01,4111,loss,Lando Vannata,235.434,252.931,0.071394
15287,2020-08-08,864,loss,Laureano Staropoli,110.3208,52.3103,-0.736285
15287,2020-08-08,6626,win,Tim Means,170.7736,155.9655,-0.090151
15285,2020-08-08,3471,win,Yana Santos,319.1887,294.0,-0.081935
15285,2020-08-08,5409,loss,Julija Stoliarenko,54.6415,90.9655,0.502484
15283,2020-08-08,6556,win,Chris Weidman,1985.9434,2335.069,0.161872
15283,2020-08-08,8272,loss,Omari Akhmedov,688.1887,472.1724,-0.376055
15454,2020-08-15,1051,loss,Jim Miller (fighter),1229.566,375.3448,-1.184724
15454,2020-08-15,6177,win,Vinc Pichel,89.3962,147.7586,0.498122
15453,2020-08-15,1499,win,Merab Dvalishvili,340.3208,390.4828,0.137119
15453,2020-08-15,6026,loss,John Dodson (fighter),692.5472,409.6207,-0.524149
15457,2020-08-15,2319,loss,Ashley Yoder,114.3774,145.3448,0.237758
15457,2020-08-15,8248,win,Lívia Renata Souza,88.9623,82.8966,-0.069806
15449,2020-08-15,6479,win,Stipe Miocic,5233.3585,8094.4828,0.436062
15449,2020-08-15,8367,loss,Daniel Cormier,4867.9623,5509.6207,0.123796
15294,2020-08-22,6501,loss,Pedro Munhoz,681.7736,482.4828,-0.345148
15294,2020-08-22,8123,win,Frankie Edgar,1535.0,1327.0345,-0.145482
15272,2020-08-29,24,win,Aleksandar Rakić,738.4151,1270.931,0.542432
15272,2020-08-29,44,loss,Anthony Smith (fighter),1142.3774,1344.0345,0.162433
15273,2020-08-29,774,win,Neil Magny,485.0943,1071.4138,0.791265
15273,2020-08-29,8061,loss,Robbie Lawler,1597.3962,2182.8276,0.312078
15274,2020-08-29,3650,win,Alexa Grasso,198.7736,230.7241,0.148363
15274,2020-08-29,8068,loss,Ji Yeon Kim (fighter),131.3396,167.8621,0.243711
15277,2020-08-29,8074,win,Zak Cummings,112.8868,113.5172,0.00552
15277,2020-08-29,8151,loss,Alessio Di Chirico,78.0566,99.7931,0.242906
15232,2020-09-05,2790,loss,Montana De La Rosa,123.5283,147.0,0.172679
15232,2020-09-05,3053,win,Viviane Araújo (fighter),55.0189,63.5862,0.142312
15260,2020-09-12,2264,loss,Angela Hill,572.5094,765.4138,0.289948
15260,2020-09-12,7982,win,Michelle Waterson-Gomez,737.7547,1127.2069,0.423419
15264,2020-09-12,3781,win,King Green,994.0,556.7241,-0.578878
15264,2020-09-12,8212,loss,Alan Patrick (fighter),45.9245,51.5172,0.112601
15266,2020-09-12,6188,loss,Julia Avila,131.2075,137.8621,0.049108
15266,2020-09-12,8234,win,Sijara Eubanks,202.0566,1429.6207,1.952379
15262,2020-09-12,6190,loss,Andrea Lee (fighter),209.6792,205.9655,-0.017785
15262,2020-09-12,8228,win,Roxanne Modafferi,366.0377,486.069,0.282941
15251,2020-09-19,770,win,Kevin Holland,1150.9245,1132.2759,-0.016322
15251,2020-09-19,8261,loss,Darren Stewart,916.0,255.6552,-1.273374
15252,2020-09-19,1816,win,David Dvořák,0.0,0.0,0.0
15252,2020-09-19,8304,loss,Jordan Espinosa,59.7736,55.4483,-0.07383
15309,2020-09-26,787,win,Jake Matthews (fighter),303.9057,358.069,0.163512
15309,2020-09-26,8344,loss,Diego Sanchez,1213.9245,1935.7586,0.466334
15307,2020-09-26,1390,win,Hakeem Dawodu,380.5283,768.931,0.702116
15307,2020-09-26,8094,loss,Zubaira Tukhugov,550.717,1050.3793,0.644823
15306,2020-09-26,2634,win,Ketlen Vieira,123.0755,360.2759,1.068752
15306,2020-09-26,8234,loss,Sijara Eubanks,392.0189,242.5862,-0.478387
15221,2020-10-03,810,loss,Court McGee,244.1887,366.8276,0.405586
15221,2020-10-03,8271,win,Carlos Condit,891.1321,1127.931,0.235412
15224,2020-10-03,2307,win,Loma Lookboonmee,91.6604,123.2414,0.293285
15224,2020-10-03,8060,loss,Jinh Yu Frey,83.1321,106.8276,0.248146
15216,2020-10-03,6653,loss,Irene Aldana,304.6226,381.4828,0.224332
15216,2020-10-03,7991,win,Holly Holm,1539.3019,2702.8621,0.562703
15194,2020-10-10,29,win,Marcin Tybura,217.8302,311.8276,0.357356
15194,2020-10-10,8239,loss,Ben Rothwell,518.7736,439.2759,-0.165992
15193,2020-10-10,1153,win,Edson Barboza,701.5472,1909.6897,1.000507
15193,2020-10-10,1241,loss,Makwan Amirkhani,259.0189,396.4483,0.424311
15212,2020-10-17,535,win,Jun Yong Park,0.0,130.2414,4.877038
15212,2020-10-17,8328,loss,John Phillips (fighter),363.566,597.2414,0.495287
15211,2020-10-17,2255,win,Gillian Robertson,124.4528,172.931,0.326729
15211,2020-10-17,8180,loss,Poliana Botelho,62.6792,59.3793,-0.053212
15205,2020-10-17,3644,win,Brian Ortega,1421.4151,1933.6897,0.307591
15205,2020-10-17,8017,loss,The Korean Zombie,1890.0566,1766.4828,-0.067579
15209,2020-10-17,6480,win,Jonathan Martinez,35.3585,93.9655,0.960086
15209,2020-10-17,8294,loss,Thomas Almeida,183.283,127.5172,-0.36041
15208,2020-10-17,8165,loss,Cláudio Silva,164.6792,296.5172,0.585419
15208,2020-10-17,8327,win,James Krause (fighter),170.1321,779.2069,1.517124
15235,2020-10-24,257,win,Robert Whittaker (fighter),3256.2264,3044.7586,-0.067126
15235,2020-10-24,514,loss,Jared Cannonier,4292.0566,1383.4138,-1.131722
15241,2020-10-24,1270,loss,Nathaniel Wood (fighter),110.0189,119.6207,0.082951
15241,2020-10-24,8265,win,Casey Kenney,268.3208,154.9655,-0.546268
15166,2020-10-31,500,win,Sean Strickland,85.566,1345.1724,2.744113
15166,2020-10-31,8322,loss,Jack Marshman,90.6226,155.7241,0.536809
15163,2020-10-31,1110,win,Thiago Moisés,200.1132,126.7241,-0.453995
15163,2020-10-31,3781,loss,King Green,978.8491,250.3793,-1.360436
15160,2020-10-31,1319,loss,Andre Fili,232.6415,340.9655,0.380922
15160,2020-10-31,1513,win,Bryce Mitchell,446.6226,951.3103,0.75494
15171,2020-11-07,87,loss,Tanner Boser,305.7358,273.8276,-0.109843
15171,2020-11-07,7983,win,Andrei Arlovski,778.566,1222.1724,0.450466
15172,2020-11-07,1451,loss,Khalid Taha,88.9623,167.1034,0.625189
15172,2020-11-07,1517,win,Raoni Barcelos,108.4528,294.4828,0.993117
15174,2020-11-07,2258,win,Yan Xiaonan,167.5472,295.8621,0.566052
15174,2020-11-07,8325,loss,Cláudia Gadelha,527.283,530.1724,0.005455
15145,2020-11-14,2315,win,Kanako Murata,54.1887,67.7586,0.219844
15145,2020-11-14,8247,loss,Randa Markos,739.717,249.1724,-1.085468
15142,2020-11-14,2319,win,Ashley Yoder,76.3396,167.7241,0.780059
15142,2020-11-14,8150,loss,Miranda Granger,0.0,39.2759,3.695752
15140,2020-11-14,3481,win,Rafael dos Anjos,1996.8491,1875.3103,-0.062764
15140,2020-11-14,8319,loss,Paul Felder,894.9057,1677.8966,0.628057
15188,2020-11-21,771,loss,Daniel Rodriguez (fighter),99.1698,93.6207,-0.056991
15188,2020-11-21,793,win,Nicolas Dalby,148.5094,154.1724,0.037177
15183,2020-11-21,3562,win,Katlyn Cerminara,1104.2453,449.2069,-0.898115
15183,2020-11-21,8078,loss,Cynthia Calvillo,333.6415,207.0,-0.475522
15181,2020-11-21,4922,win,Valentina Shevchenko,2475.8868,2455.5517,-0.008244
15181,2020-11-21,8014,loss,Jennifer Maia,728.1132,308.4138,-0.857149
15182,2020-11-21,6626,win,Tim Means,285.2264,573.1724,0.696147
15182,2020-11-21,6656,loss,Mike Perry (fighter),1931.5283,1702.069,-0.126397
15125,2020-12-05,264,win,Roman Dolidze,0.0,0.0,0.0
15125,2020-12-05,6107,loss,John Allan (fighter),0.0,0.0,0.0
15122,2020-12-05,528,win,Marvin Vettori,617.0,2107.8276,1.227399
15122,2020-12-05,857,loss,Jack Hermansson,1321.5472,780.1034,-0.526607
15129,2020-12-05,8023,win,Jake Collier,64.0377,70.7931,0.098821
15129,2020-12-05,8245,loss,Gian Villante,198.566,165.2069,-0.182912
15132,2020-12-12,2251,win,Mackenzie Dern,546.3396,871.1379,0.465878
15132,2020-12-12,2252,loss,Virna Jandiroba,150.6415,263.9655,0.55808
15131,2020-12-12,4374,win,Charles Oliveira,2569.0377,4705.8621,0.605101
15131,2020-12-12,7975,loss,Tony Ferguson,5380.7736,3735.4483,-0.364882
15137,2020-12-12,2858,loss,Billy Quarantillo,112.7358,71.0,-0.457213
15137,2020-12-12,8029,win,Gavin Tucker,116.6038,162.6552,0.33044
15110,2020-12-19,772,loss,Geoff Neal,940.6415,585.6552,-0.473187
15110,2020-12-19,775,win,Stephen Thompson (fighter),1776.7547,2955.069,0.508509
15115,2020-12-19,822,loss,Alex Morono,389.3208,228.7931,-0.529789
15115,2020-12-19,8314,win,Anthony Pettis,1406.9057,2825.6207,0.696979
15111,2020-12-19,1511,loss,Marlon Vera,929.2642,835.1724,-0.106634
15111,2020-12-19,5855,win,José Aldo,2064.4906,2838.7241,0.318339
15116,2020-12-19,2039,win,Pannie Kianzad,97.6415,109.6207,0.114615
15116,2020-12-19,8234,loss,Sijara Eubanks,157.6981,120.4483,-0.267515
15118,2020-12-19,2255,loss,Gillian Robertson,195.5472,161.0,-0.193306
15118,2020-12-19,2637,win,Taila Santos,1.1321,62.1034,3.38768
15106,2021-01-16,69,win,Carlos Felipe,0.0,69.4138,4.254389
15106,2021-01-16,6251,loss,Justin Tafa,0.0,100.1724,4.616826
15107,2021-01-16,544,win,Ramazan Emeev,115.4151,81.4483,-0.344991
15107,2021-01-16,4004,loss,David Zawada,142.434,140.6552,-0.012479
15100,2021-01-16,1305,loss,Calvin Kattar,1587.4151,1807.8621,0.129961
15100,2021-01-16,3846,win,Max Holloway,3070.1887,10458.9655,1.22549
15101,2021-01-16,8066,loss,Matt Brown (fighter),555.5472,679.6207,0.201253
15101,2021-01-16,8271,win,Carlos Condit,551.7736,1040.2759,0.633254
15108,2021-01-16,8311,win,Vanessa Melo,24.8302,96.7586,1.330957
15108,2021-01-16,8312,loss,Sarah Moras,48.2453,150.1724,1.121607
15017,2021-01-20,774,loss,Neil Magny,698.7736,621.4483,-0.117096
15017,2021-01-20,4368,win,Michael Chiesa,830.4906,1457.9655,0.562263
15025,2021-01-20,1766,win,Su Mudaerji,89.6226,104.4138,0.151189
15025,2021-01-20,4934,loss,Zarrukh Adashev,53.0943,49.6897,-0.065008
15020,2021-01-20,3053,win,Viviane Araújo (fighter),97.3019,179.6552,0.608547
15020,2021-01-20,8228,loss,Roxanne Modafferi,435.6415,951.5172,0.779996
15021,2021-01-20,3733,win,Matt Schnell,112.1509,135.931,0.190755
15021,2021-01-20,8039,loss,Tyson Nam,151.9811,117.3448,-0.256712
15026,2021-01-20,8122,win,Dalcha Lungiambula,0.0,110.2414,4.711702
15026,2021-01-20,8300,loss,Markus Perez,93.3208,397.6897,1.441482
15087,2021-01-23,259,loss,Khalil Rountree Jr.,436.0189,412.0,-0.056529
15087,2021-01-23,335,win,Marcin Prachnio,200.2453,133.1034,-0.405913
15085,2021-01-23,269,loss,Antônio Carlos Jr.,346.9623,389.6552,0.115731
15085,2021-01-23,564,win,Brad Tavares,276.7358,375.8966,0.3053
15088,2021-01-23,1251,win,Movsar Evloev,288.3208,234.1034,-0.20751
15088,2021-01-23,8310,loss,Nik Lentz,321.717,587.3793,0.600596
15089,2021-01-23,1626,loss,Zhalgas Zhumagulov,0.0,0.0,0.0
15089,2021-01-23,1772,win,Amir Albazi,0.0,0.0,0.0
15081,2021-01-23,8002,win,Joanne Wood,286.6226,528.069,0.609469
15081,2021-01-23,8204,loss,Jessica Eye,340.4528,416.069,0.200042
15084,2021-01-23,1002,win,Arman Tsarukyan,256.434,378.5172,0.388137
15084,2021-01-23,1142,loss,Matt Frevola,149.6604,140.2069,-0.064802
15071,2021-02-06,1015,win,Beneil Dariush,770.8302,1663.5517,0.768547
15071,2021-02-06,1041,loss,Carlos Diego Ferreira,671.5094,393.931,-0.532305
15069,2021-02-06,1099,loss,Michael Johnson (fighter),1857.9245,1473.1724,-0.231901
15069,2021-02-06,6557,win,Clay Guida,592.4151,1142.6207,0.65606
15076,2021-02-06,1259,loss,Youssef Zalal,56.6226,60.1034,0.058653
15076,2021-02-06,6179,win,Seung Woo Choi,106.7547,68.3793,-0.440269
15070,2021-02-06,1748,win,Alexandre Pantoja,281.9434,283.6552,0.006032
15070,2021-02-06,1749,loss,Manel Kape,0.0,0.0,0.0
15077,2021-02-06,1490,win,Timur Valiev,56.1132,81.8966,0.372558
15077,2021-02-06,8309,loss,Martin Day (fighter),14.0566,31.3793,0.765703
15092,2021-02-13,527,win,Kelvin Gastelum,1106.434,2281.7931,0.723354
15092,2021-02-13,8269,loss,Ian Heinisch,307.4528,489.2069,0.463259
15096,2021-02-13,759,win,Belal Muhammad,346.8113,9601.4483,3.318113
15096,2021-02-13,8277,loss,Dhiego Lima,226.3396,681.9655,1.099999
15093,2021-02-13,1540,win,Ricky Simón,455.566,364.1379,-0.223458
15093,2021-02-13,7952,loss,Brian Kelleher,143.5849,150.8621,0.049106
15091,2021-02-13,3650,win,Alexa Grasso,282.3585,591.5862,0.737784
15091,2021-02-13,4367,loss,Maycee Barber,521.434,612.6207,0.160878
15098,2021-02-13,1530,win,Chris Gutierrez,14.8302,15.931,0.06723
15098,2021-02-13,8235,loss,Andre Ewell,165.9623,105.1724,-0.452704
15032,2021-02-20,2634,loss,Ketlen Vieira,95.0377,178.0,0.622645
15032,2021-02-20,3471,win,Yana Santos,181.8302,982.1724,1.682227
15058,2021-02-27,1,win,Ciryl Gane,946.566,2195.7586,0.840842
15058,2021-02-27,6235,loss,Jairzinho Rozenstruik,1306.5094,2108.1724,0.478172
15059,2021-02-27,251,win,Magomed Ankalaev,562.5094,838.2759,0.398355
15059,2021-02-27,275,loss,Nikita Krylov,354.3774,593.0345,0.513757
15066,2021-02-27,286,win,Dustin Jacoby,52.7925,82.5172,0.43992
15066,2021-02-27,316,loss,Maxim Grishin,0.0189,136.5172,4.905057
15063,2021-02-27,1039,loss,Alexander Hernandez,597.0377,759.2414,0.239982
15063,2021-02-27,1110,win,Thiago Moisés,205.8679,193.5862,-0.061205
15061,2021-02-27,6501,win,Pedro Munhoz,633.4906,643.5517,0.015733
15061,2021-02-27,8306,loss,Jimmie Rivera,412.3774,588.1034,0.354241
15064,2021-02-27,8219,loss,Sabina Mazo,65.0,86.2414,0.279024
15064,2021-02-27,8230,win,Alexis Davis (fighter),211.9245,690.1724,1.177452
15047,2021-03-06,24,win,Aleksandar Rakić,1034.0377,1244.7931,0.185334
15047,2021-03-06,60,loss,Thiago Santos,1855.566,2711.8621,0.379276
15043,2021-03-06,260,win,Jan Błachowicz,5099.5283,7535.0345,0.390352
15043,2021-03-06,512,loss,Israel Adesanya,10511.6981,9359.069,-0.116131
15052,2021-03-06,1761,win,Tim Elliott,182.2264,382.7241,0.739201
15052,2021-03-06,8304,loss,Jordan Espinosa,56.5472,283.4138,1.597825
15048,2021-03-06,8145,win,Dominick Cruz,1989.4151,2579.6552,0.2597
15048,2021-03-06,8265,loss,Casey Kenney,849.3962,513.3103,-0.502876
15050,2021-03-06,8220,win,Askar Askarov,460.4151,638.7931,0.326847
15050,2021-03-06,8303,loss,Joseph Benavidez,718.2642,998.9655,0.329492
14998,2021-03-13,1749,loss,Manel Kape,0.0,207.3448,5.339195
14998,2021-03-13,6533,win,Matheus Nicolau,61.4906,87.4828,0.347792
15000,2021-03-13,2264,win,Angela Hill,610.3208,408.7931,-0.399969
15000,2021-03-13,2319,loss,Ashley Yoder,260.5094,132.6207,-0.671465
15014,2021-03-20,264,loss,Roman Dolidze,0.0,122.1379,4.813305
15014,2021-03-20,6500,win,Trevin Giles,126.8679,119.1034,-0.062644
15007,2021-03-20,770,loss,Kevin Holland,3185.8868,7818.5862,0.897587
15007,2021-03-20,8091,win,Derek Brunson,932.9623,2211.2069,0.86231
15012,2021-03-20,4403,win,Macy Chiasson,213.9057,195.4138,-0.089976
15012,2021-03-20,8270,loss,Marion Reneau,214.4528,516.7586,0.876767
14978,2021-03-27,284,loss,Modestas Bukauskas,0.0,244.3103,5.502524
14978,2021-03-27,537,win,Michał Oleksiejczuk,126.0,194.069,0.429166
14974,2021-03-27,2255,loss,Gillian Robertson,417.283,196.7931,-0.748937
14974,2021-03-27,5640,win,Miranda Maverick,330.8113,436.8966,0.277416
14979,2021-03-27,8028,loss,Shane Young,177.3585,238.1379,0.293245
14979,2021-03-27,8079,win,Omar Morales (fighter),78.2642,130.5172,0.506352
14981,2021-04-10,528,win,Marvin Vettori,2260.1321,4556.2069,0.700844
14981,2021-04-10,770,loss,Kevin Holland,8161.0943,2486.1724,-1.188354
14985,2021-04-10,771,win,Daniel Rodriguez (fighter),342.717,474.5517,0.324657
14985,2021-04-10,6656,loss,Mike Perry (fighter),1363.8302,2854.2069,0.738114
14982,2021-04-10,1255,win,Arnold Allen,392.9434,912.1034,0.840642
14982,2021-04-10,5796,loss,Sodiq Yusuff,394.3962,316.7931,-0.218488
14990,2021-04-10,6502,win,Jack Shore,4.2075,99.3448,2.958504
14990,2021-04-10,8297,loss,Hunter Azure,92.8113,48.8276,-0.632717
14962,2021-04-17,119,loss,Chase Sherman,130.0755,208.6897,0.469855
14962,2021-04-17,7983,win,Andrei Arlovski,2277.8868,1281.7586,-0.574674
14961,2021-04-17,257,win,Robert Whittaker (fighter),3437.3774,4782.6552,0.330205
14961,2021-04-17,527,loss,Kelvin Gastelum,2303.6792,2023.7241,-0.129508
14964,2021-04-17,3849,win,Tracy Cortez,139.3774,493.8276,1.259875
14964,2021-04-17,8289,loss,Justine Kish,81.8868,180.069,0.781402
14940,2021-05-01,500,win,Sean Strickland,337.9623,624.8276,0.613186
14940,2021-05-01,525,loss,Krzysztof Jotko,190.5849,166.8621,-0.132188
14943,2021-05-01,1157,win,T.J. Brown,0.0943,50.4138,3.849755
14943,2021-05-01,1311,loss,Kai Kamaka III,0.0,54.5517,4.017315
14941,2021-05-01,1499,win,Merab Dvalishvili,387.4717,373.6207,-0.036306
14941,2021-05-01,6485,loss,Cody Stamann,220.1321,156.5862,-0.338787
14947,2021-05-01,8201,win,Felipe Colares,14.6792,24.0345,0.467916
14947,2021-05-01,8287,loss,Luke Sanders,52.5849,134.8966,0.930627
14931,2021-05-08,49,win,Marcos Rogério de Lima,118.8868,151.8276,0.242762
14931,2021-05-08,8189,loss,Maurice Greene (fighter),210.3962,434.3103,0.722325
14930,2021-05-08,772,loss,Geoff Neal,744.3019,422.4138,-0.565439
14930,2021-05-08,774,win,Neil Magny,544.6415,899.0,0.500433
14928,2021-05-08,5878,win,Marina Rodriguez,308.5849,584.1724,0.636674
14928,2021-05-08,7982,loss,Michelle Waterson-Gomez,911.2453,1031.1034,0.123445
14917,2021-05-15,1015,win,Beneil Dariush,2194.1321,3722.9655,0.528547
14917,2021-05-15,7975,loss,Tony Ferguson,3889.8113,4455.1379,0.135665
14919,2021-05-15,3053,loss,Viviane Araújo (fighter),188.1321,144.4483,-0.262625
14919,2021-05-15,3562,win,Katlyn Cerminara,666.7736,498.4138,-0.290514
14922,2021-05-15,4111,win,Lando Vannata,268.0377,515.0345,0.651322
14922,2021-05-15,8223,loss,Mike Grundy,95.0377,168.2759,0.566789
14909,2021-05-22,529,loss,Edmen Shahbazyan,680.5094,469.8276,-0.369818
14909,2021-05-22,857,win,Jack Hermansson,1130.6792,995.8621,-0.126845
14911,2021-05-22,810,win,Court McGee,262.283,303.1034,0.144138
14911,2021-05-22,8165,loss,Cláudio Silva,107.3774,264.1034,0.894501
14904,2021-05-22,1522,win,Rob Font,913.3396,1412.7586,0.435805
14904,2021-05-22,1561,loss,Cody Garbrandt,1897.2642,2375.3103,0.224609
14907,2021-05-22,3583,win,Norma Dumont,0.0,159.6552,5.07926
14907,2021-05-22,8240,loss,Felicia Spencer,321.7925,220.6897,-0.375731
14908,2021-05-22,1468,win,Ricardo Ramos (fighter),108.8491,69.1034,-0.449135
14908,2021-05-22,7951,loss,Bill Algeo,0.0,44.931,3.827141
14871,2021-06-05,87,loss,Tanner Boser,224.6415,1705.6897,2.023363
14871,2021-06-05,8063,win,Ilir Latifi,431.0189,457.4483,0.059378
14867,2021-06-05,264,win,Roman Dolidze,161.8868,105.069,-0.428966
14867,2021-06-05,864,loss,Laureano Staropoli,93.8113,104.6897,0.108618
14872,2021-06-05,785,win,Muslim Salikhov,211.3396,256.2414,0.191828
14872,2021-06-05,8133,loss,Francisco Trinaldo,224.7736,116.3103,-0.65471
14868,2021-06-05,834,win,Santiago Ponzinibbio,509.4717,483.4138,-0.052396
14868,2021-06-05,7970,loss,Miguel Baeza,284.6604,242.4483,-0.159899
14876,2021-06-05,1259,loss,Youssef Zalal,64.8113,91.7241,0.342837
14876,2021-06-05,1296,win,Sean Woodson,0.0,65.8621,4.202632
14903,2021-06-12,69,win,Carlos Felipe,132.2642,126.0345,-0.047875
14903,2021-06-12,8023,loss,Jake Collier,83.9623,68.0345,-0.207601
14890,2021-06-12,512,win,Israel Adesanya,9252.2453,8973.1379,-0.030627
14890,2021-06-12,528,loss,Marvin Vettori,3997.2264,1639.0345,-0.891134
14896,2021-06-12,542,win,Eryk Anders,223.4528,184.1034,-0.192751
14896,2021-06-12,8261,loss,Darren Stewart,180.5283,136.6552,-0.27666
14892,2021-06-12,758,win,Leon Edwards,2341.9245,2857.4138,0.198867
14892,2021-06-12,872,loss,Nate Diaz,6110.3585,7169.7931,0.159867
14893,2021-06-12,759,win,Belal Muhammad,954.9811,1198.9655,0.22731
14893,2021-06-12,8280,loss,Demian Maia,1831.7925,1298.4483,-0.343901
14902,2021-06-12,1044,win,Farès Ziam,0.0,70.6207,4.271384
14902,2021-06-12,8252,loss,Luigi Vendramini,0.0,127.1034,4.852838
14895,2021-06-12,1046,loss,Drew Dober,777.2642,549.1379,-0.346897
14895,2021-06-12,8124,win,Brad Riddell,314.2264,492.0,0.447218
14898,2021-06-12,1251,win,Movsar Evloev,301.6415,711.931,0.856836
14898,2021-06-12,1390,loss,Hakeem Dawodu,310.1887,402.0,0.258537
14899,2021-06-12,2039,win,Pannie Kianzad,133.8679,165.6207,0.211424
14899,2021-06-12,8230,loss,Alexis Davis (fighter),292.5283,204.5517,-0.356276
14901,2021-06-12,3091,loss,Chase Hooper,660.7925,630.1724,-0.047373
14901,2021-06-12,8080,win,Steven Peterson,134.0,151.6552,0.122907
14897,2021-06-12,5578,win,Lauren Murphy,381.2642,288.1379,-0.279208
14897,2021-06-12,8002,loss,Joanne Wood,435.5472,293.8276,-0.392506
14879,2021-06-19,14,win,Serghei Spivac,165.8491,447.1724,0.988088
14879,2021-06-19,8134,loss,Aleksei Oleinik,604.9623,595.8966,-0.015074
14880,2021-06-19,1511,win,Marlon Vera,855.9434,2639.4483,1.125332
14880,2021-06-19,1539,loss,Davey Grant,282.1509,246.6207,-0.134082
14878,2021-06-19,3652,loss,Dan Ige,646.4906,554.6552,-0.152956
14878,2021-06-19,8017,win,The Korean Zombie,1388.0189,2591.7241,0.624111
14884,2021-06-19,8030,loss,Aleksa Camur,0.0,33.7586,3.548428
14884,2021-06-19,8127,win,Nicolae Negumereanu,0.0,0.0,0.0
14852,2021-06-26,1,win,Ciryl Gane,1329.9623,3373.2759,0.930279
14852,2021-06-26,2,loss,Alexander Volkov (fighter),1124.8679,1397.5862,0.216908
14856,2021-06-26,793,loss,Nicolas Dalby,138.7547,188.1034,0.302405
14856,2021-06-26,6626,win,Tim Means,208.4906,240.6897,0.142976
14854,2021-06-26,1490,win,Timur Valiev,46.2264,153.2414,1.183565
14854,2021-06-26,1517,loss,Raoni Barcelos,72.1887,132.5517,0.601448
14864,2021-06-26,6236,win,Damir Hadžović,214.8679,73.4138,-1.065025
14864,2021-06-26,8275,loss,Yancy Medeiros,286.7547,137.3793,-0.73211
14863,2021-06-26,8164,win,Charles Rosa,84.1132,167.7586,0.684487
14863,2021-06-26,8274,loss,Justin Jaynes,40.7358,178.6207,1.459487
14850,2021-07-10,564,win,Brad Tavares,363.4717,327.6552,-0.10344
14850,2021-07-10,8272,loss,Omari Akhmedov,380.0189,376.8621,-0.00832
14846,2021-07-10,569,win,Michel Pereira,1169.9057,826.8621,-0.346686
14846,2021-07-10,4369,loss,Niko Price,495.0943,470.0,-0.051908
14845,2021-07-10,803,win,Max Griffin,304.3019,307.3103,0.009806
14845,2021-07-10,8271,loss,Carlos Condit,988.1321,874.3103,-0.122249
14841,2021-07-10,775,loss,Stephen Thompson (fighter),3121.434,2398.5172,-0.263345
14841,2021-07-10,790,win,Gilbert Burns,1175.2453,1526.0345,0.261
14849,2021-07-10,8014,win,Jennifer Maia,257.717,208.5172,-0.210929
14849,2021-07-10,8204,loss,Jessica Eye,359.0377,447.9655,0.220737
14824,2021-07-24,506,win,Brendan Allen,175.8868,487.8621,1.01657
14824,2021-07-24,794,loss,Punahele Soriano,0.0,84.3793,4.447104
14819,2021-07-24,1504,loss,Cory Sandhagen,778.3396,1135.8276,0.37755
14819,2021-07-24,8178,win,T.J. Dillashaw,1829.3585,2793.7931,0.423246
14820,2021-07-24,1525,loss,Kyler Phillips,171.1132,324.8966,0.638428
14820,2021-07-24,8177,win,Raulian Paiva,55.9245,196.4828,1.243925
14822,2021-07-24,4367,win,Maycee Barber,283.0,407.6552,0.363897
14822,2021-07-24,5640,loss,Miranda Maverick,147.8491,206.7586,0.333444
14783,2021-07-31,500,win,Sean Strickland,1074.3774,2202.3448,0.717305
14783,2021-07-31,8203,loss,Uriah Hall,1177.0755,1126.9655,-0.043467
14790,2021-07-31,2319,loss,Ashley Yoder,75.9434,114.7931,0.408735
14790,2021-07-31,8060,win,Jinh Yu Frey,81.8113,86.7586,0.058025
14791,2021-07-31,4934,win,Zarrukh Adashev,38.2642,45.6552,0.172472
14791,2021-07-31,8262,loss,Ryan Benoit,68.8868,111.5172,0.47623
14787,2021-07-31,7994,loss,Bryan Barberena,135.0943,153.7931,0.128741
14787,2021-07-31,8148,win,Jason Witt,33.283,77.8621,0.83305
14813,2021-08-07,277,win,Alonzo Menifield,223.3208,132.2069,-0.521173
14813,2021-08-07,8075,loss,Ed Herman,227.8679,245.5517,0.074427
14811,2021-08-07,1009,win,Rafael Fiziev,430.7925,1270.1034,1.079696
14811,2021-08-07,3781,loss,King Green,335.0189,786.1034,0.851192
14810,2021-08-07,1501,win,Song Yadong,443.5283,373.6552,-0.171008
14810,2021-08-07,8265,loss,Casey Kenney,347.6415,243.4138,-0.355182
14809,2021-08-07,2263,win,Tecia Pennington,322.8113,400.2759,0.214488
14809,2021-08-07,2264,loss,Angela Hill,296.5472,303.0,0.021455
14807,2021-08-07,5855,win,José Aldo,3265.2642,3847.931,0.164149
14807,2021-08-07,6501,loss,Pedro Munhoz,544.6981,558.2759,0.024577
14749,2021-08-21,119,loss,Chase Sherman,175.8868,132.3448,-0.282571
14749,2021-08-21,8018,win,Parker Porter,73.9811,105.1379,0.347503
14747,2021-08-21,514,win,Jared Cannonier,709.1132,1578.069,0.799166
14747,2021-08-21,527,loss,Kelvin Gastelum,1174.9245,1957.069,0.509904
14751,2021-08-21,5346,loss,Austin Hubbard,97.6792,73.3103,-0.283624
14751,2021-08-21,6177,win,Vinc Pichel,71.8679,153.8621,0.753886
14748,2021-08-21,6557,loss,Clay Guida,834.0189,1024.0,0.204994
14748,2021-08-21,8015,win,Mark Madsen (fighter),256.6415,419.2414,0.48926
14754,2021-08-21,7952,win,Brian Kelleher,118.5094,249.3793,0.739582
14754,2021-08-21,8257,loss,Domingo Pilarte (fighter),0.0,32.0,3.496508
14774,2021-08-28,771,win,Daniel Rodriguez (fighter),704.1321,596.3103,-0.165948
14774,2021-08-28,1130,loss,Kevin Lee,1268.3962,1301.3103,0.025599
14778,2021-08-28,6694,win,Wellington Turman,59.6792,65.6552,0.093931
14778,2021-08-28,8149,loss,Sam Alvey,304.283,440.9655,0.369993
14732,2021-09-04,545,win,Marc-André Barriault,53.6604,75.1724,0.33186
14732,2021-09-04,8122,loss,Dalcha Lungiambula,72.7358,67.0345,-0.080474
14726,2021-09-04,822,win,Alex Morono,252.9623,242.5172,-0.041998
14726,2021-09-04,4004,loss,David Zawada,96.6415,100.3793,0.037566
14729,2021-09-04,6185,win,Molly McCann,111.0,769.8276,1.928966
14729,2021-09-04,8068,loss,Ji Yeon Kim (fighter),74.9434,147.9655,0.673727
14734,2021-09-18,135,loss,Devin Clark (fighter),156.434,291.4483,0.619282
14734,2021-09-18,288,win,Ion Cutelaba,503.7358,690.0,0.314105
14740,2021-09-18,2039,loss,Pannie Kianzad,129.4528,128.4138,-0.007997
14740,2021-09-18,6623,win,Raquel Pennington,431.6981,317.3448,-0.306905
14739,2021-09-18,8032,win,Tafon Nchukwi,0.0,57.8621,4.075197
14739,2021-09-18,8253,loss,Mike Rodríguez (fighter),90.566,104.1034,0.137885
14796,2021-09-25,11,win,Curtis Blaydes,821.8679,594.2414,-0.323829
14796,2021-09-25,6235,loss,Jairzinho Rozenstruik,1018.4528,602.7586,-0.523847
14799,2021-09-25,1013,win,Dan Hooker,1163.0943,3800.2069,1.183375
14799,2021-09-25,1083,loss,Nasrat Haqparast,686.4528,661.6552,-0.036738
14793,2021-09-25,1248,win,Alexander Volkanovski,2719.3396,5193.8621,0.646913
14793,2021-09-25,3644,loss,Brian Ortega,2122.2075,2876.0,0.30382
14801,2021-09-25,2637,win,Taila Santos,90.1698,132.5517,0.381765
14801,2021-09-25,8228,loss,Roxanne Modafferi,298.566,333.0,0.108806
14759,2021-10-02,60,win,Thiago Santos,1151.9245,1931.2069,0.516361
14759,2021-10-02,3479,loss,Johnny Walker (fighter),989.8679,1508.2069,0.420758
14762,2021-10-02,525,win,Krzysztof Jotko,145.8868,154.4828,0.056873
14762,2021-10-02,8128,loss,Misha Cirkunov,348.8113,252.6552,-0.321418
14764,2021-10-02,1072,win,Jared Gordon,67.6226,160.069,0.85321
14764,2021-10-02,6326,loss,Joe Solecki,57.5849,75.0345,0.26071
14766,2021-10-02,3370,win,Karol Rosa,29.8679,51.8966,0.538621
14766,2021-10-02,8259,loss,Bethe Correia,151.0377,211.5862,0.335219
14761,2021-10-02,4369,win,Niko Price,313.3962,287.6897,-0.085302
14761,2021-10-02,8216,loss,Alex Oliveira,250.5472,271.069,0.078425
14716,2021-10-09,713,loss,Jared Gooden,43.2453,65.3103,0.404597
14716,2021-10-09,786,win,Randy Brown (fighter),105.3396,176.5517,0.512624
14717,2021-10-09,1761,loss,Tim Elliott,156.7547,136.9655,-0.134038
14717,2021-10-09,6533,win,Matheus Nicolau,47.8113,67.4828,0.33862
14715,2021-10-09,2251,loss,Mackenzie Dern,509.2264,823.7586,0.480236
14715,2021-10-09,5878,win,Marina Rodriguez,272.3774,694.4483,0.933704
14721,2021-10-09,6481,win,Damon Jackson,46.5283,75.5172,0.476191
14721,2021-10-09,8164,loss,Charles Rosa,52.3585,69.0345,0.271955
14719,2021-10-09,1530,win,Chris Gutierrez,33.5849,19.2414,-0.535688
14719,2021-10-09,8201,loss,Felipe Colares,18.3208,16.5172,-0.097994
14692,2021-10-16,69,loss,Carlos Felipe,124.6415,142.5517,0.133263
14692,2021-10-16,7983,win,Andrei Arlovski,932.5283,1810.1724,0.662758
14697,2021-10-16,544,loss,Ramazan Emeev,72.3962,64.0345,-0.120955
14697,2021-10-16,5410,win,Danny Roberts (fighter),77.3208,92.0,0.171787
14691,2021-10-16,3583,win,Norma Dumont,285.1887,407.069,0.354785
14691,2021-10-16,8214,loss,Aspen Ladd,842.2642,666.7241,-0.233405
14694,2021-10-16,3649,win,Manon Fiorot,0.0,122.3103,4.814704
14694,2021-10-16,3962,loss,Mayra Bueno Silva,83.1698,43.1724,-0.644736
14686,2021-10-23,864,loss,Laureano Staropoli,59.1509,91.1724,0.426804
14686,2021-10-23,8009,win,Jamie Pickett,0.0,38.8621,3.685425
14677,2021-10-23,255,loss,Paulo Costa,983.2642,1595.4828,0.483664
14677,2021-10-23,528,win,Marvin Vettori,1055.6604,1904.3103,0.589532
14679,2021-10-23,3960,loss,Joselyne Edwards,0.0,38.069,3.665328
14679,2021-10-23,8069,win,Jessica-Rose Clark,177.0755,332.4138,0.627177
14681,2021-10-23,8133,win,Francisco Trinaldo,91.2264,154.7241,0.52384
14681,2021-10-23,8167,loss,Dwight Grant,56.1887,58.8966,0.046263
14689,2021-10-23,8247,win,Randa Markos,132.2642,306.0345,0.834627
14689,2021-10-23,8248,loss,Lívia Renata Souza,42.2642,85.9655,0.698187
14704,2021-10-30,2,win,Alexander Volkov (fighter),711.283,742.2759,0.042592
14704,2021-10-30,29,loss,Marcin Tybura,397.3396,241.4828,-0.496374
14706,2021-10-30,251,win,Magomed Ankalaev,953.5283,1046.5517,0.092994
14706,2021-10-30,263,loss,Volkan Oezdemir,789.0377,640.3448,-0.208513
14702,2021-10-30,1498,win,Petr Yan,1609.3962,2867.2414,0.577219
14702,2021-10-30,1504,loss,Cory Sandhagen,1164.5849,1160.6207,-0.003407
14707,2021-10-30,2252,loss,Virna Jandiroba,151.0,126.1379,-0.178608
14707,2021-10-30,2269,win,Amanda Ribas,528.8302,266.5517,-0.683244
14708,2021-10-30,1468,loss,Ricardo Ramos (fighter),101.1132,105.5172,0.042225
14708,2021-10-30,8094,win,Zubaira Tukhugov,313.8113,544.1034,0.549002
14663,2021-11-06,3090,win,Kamaru Usman,4505.0755,7368.4483,0.491916
14663,2021-11-06,6460,loss,Colby Covington,3101.3019,3483.3448,0.116136
14664,2021-11-06,4455,win,Rose Namajunas,2086.1132,3656.4483,0.560984
14664,2021-11-06,4923,loss,Zhang Weili,1082.717,1006.4483,-0.072976
14666,2021-11-06,2858,loss,Billy Quarantillo,153.9245,185.5172,0.185586
14666,2021-11-06,8166,win,Shane Burgos,225.9245,384.8621,0.530862
14667,2021-11-06,1000,win,Justin Gaethje,2217.8491,5753.7931,0.953044
14667,2021-11-06,1030,loss,Michael Chandler,1560.2264,3323.3448,0.755801
14674,2021-11-06,286,win,Dustin Jacoby,145.2075,143.6207,-0.010913
14674,2021-11-06,6107,loss,John Allan (fighter),0.0,61.7931,4.139845
14652,2021-11-13,2451,loss,Yair Rodríguez,989.2264,1006.8276,0.017619
14652,2021-11-13,3846,win,Max Holloway,3562.0943,5123.5172,0.363407
14660,2021-11-13,8169,win,Cortney Casey,61.8679,103.8621,0.51161
14660,2021-11-13,8242,loss,Liana Jojua,98.6038,312.6552,1.147094
14642,2021-11-20,753,win,Sean Brady (fighter),304.9434,1065.3103,1.24856
14642,2021-11-20,4368,loss,Michael Chiesa,792.1321,1355.1034,0.536381
14645,2021-11-20,1535,win,Adrian Yañez,96.5472,376.0,1.351909
14645,2021-11-20,1539,loss,Davey Grant,168.6604,276.1379,0.490717
14641,2021-11-20,2634,win,Ketlen Vieira,210.1321,431.2414,0.7165
14641,2021-11-20,5877,loss,Miesha Tate,1110.0189,2219.6207,0.692509
14644,2021-11-20,7984,loss,Kang Kyung-ho,54.3774,60.3103,0.101778
14644,2021-11-20,7985,win,Rani Yahya,57.8679,138.4138,0.86215
14606,2021-12-04,822,win,Alex Morono,229.6415,306.4828,0.287554
14606,2021-12-04,3589,loss,Mickey Gall,383.434,428.8966,0.111773
14601,2021-12-04,1522,loss,Rob Font,829.3585,1089.5862,0.272613
14601,2021-12-04,5855,win,José Aldo,2222.5849,3863.6207,0.552743
14610,2021-12-04,6261,loss,Mallory Martin,68.4528,56.5172,-0.188563
14610,2021-12-04,8110,win,Cheyanne Vlismas,182.8679,339.5172,0.616248
14611,2021-12-04,277,loss,Alonzo Menifield,88.0566,79.3793,-0.102515
14611,2021-12-04,8086,win,William Knight (fighter),120.3019,157.5862,0.268016
14629,2021-12-11,772,win,Geoff Neal,518.5283,596.4828,0.139804
14629,2021-12-11,834,loss,Santiago Ponzinibbio,933.434,411.6552,-0.817329
14632,2021-12-11,1272,win,Josh Emmett,390.0755,630.2414,0.478788
14632,2021-12-11,3652,loss,Dan Ige,347.566,429.5517,0.21124
14637,2021-12-11,3558,win,Erin Blanchfield,110.1321,188.2069,0.532122
14637,2021-12-11,5640,loss,Miranda Maverick,153.1698,158.7586,0.035609
14633,2021-12-11,6501,loss,Pedro Munhoz,518.6604,573.9655,0.101135
14633,2021-12-11,8145,win,Dominick Cruz,1178.4906,2537.7931,0.766606
14638,2021-12-11,8115,loss,Darrick Minner,151.4717,163.2414,0.074358
14638,2021-12-11,8237,win,Ryan Hall (fighter),578.0755,1215.6552,0.742428
14615,2021-12-18,759,win,Belal Muhammad,1099.6604,2826.7241,0.943562
14615,2021-12-18,775,loss,Stephen Thompson (fighter),1397.3962,1850.0345,0.280419
14623,2021-12-18,1512,win,Charles Jourdain,99.7547,481.7586,1.566828
14623,2021-12-18,8235,loss,Andre Ewell,64.8302,88.2069,0.30388
14616,2021-12-18,2260,win,Amanda Lemos,89.1321,131.5172,0.385437
14616,2021-12-18,2264,loss,Angela Hill,273.566,320.2759,0.157108
14598,2022-01-15,810,win,Court McGee,226.9245,313.5862,0.322244
14598,2022-01-15,849,loss,Ramiz Brahimaj,0.0,52.5862,3.981292
14600,2022-01-15,1157,win,T.J. Brown,53.7925,46.6552,-0.139561
14600,2022-01-15,8164,loss,Charles Rosa,63.1132,70.1379,0.10397
14591,2022-01-15,1305,win,Calvin Kattar,757.9245,1367.069,0.589253
14591,2022-01-15,1308,loss,Giga Chikadze,1075.7358,987.2414,-0.085762
14594,2022-01-15,3562,win,Katlyn Cerminara,231.1887,356.5172,0.431633
14594,2022-01-15,8014,loss,Jennifer Maia,175.1887,141.7931,-0.210159
14599,2022-01-15,7952,win,Brian Kelleher,127.4906,206.7241,0.480355
14599,2022-01-15,8213,loss,Kevin Croom,34.5094,53.4483,0.427453
14581,2022-01-22,1506,win,Deiveson Figueiredo,872.7925,1291.4828,0.391477
14581,2022-01-22,1753,loss,Brandon Moreno,2032.4528,1486.2069,-0.312835
14585,2022-01-22,1517,loss,Raoni Barcelos,131.8868,222.2069,0.518602
14585,2022-01-22,6045,win,Victor Henry (fighter),0.0,0.0,0.0
14580,2022-01-22,1,loss,Ciryl Gane,4878.434,2996.3103,-0.487314
14580,2022-01-22,5,win,Francis Ngannou,6269.283,8609.931,0.317211
14574,2022-02-05,1390,win,Hakeem Dawodu,239.1698,252.0,0.052043
14574,2022-02-05,8126,loss,Michael Trizano,117.4906,87.9655,-0.286584
14576,2022-02-05,5409,loss,Julija Stoliarenko,67.8113,45.931,-0.382689
14576,2022-02-05,8230,win,Alexis Davis (fighter),242.3962,185.2759,-0.267462
14567,2022-02-05,500,win,Sean Strickland,1905.1698,1944.1379,0.020237
14567,2022-02-05,857,loss,Jack Hermansson,732.283,900.5862,0.206624
14572,2022-02-05,1364,win,Julian Erosa,134.3019,159.8276,0.172824
14572,2022-02-05,8080,loss,Steven Peterson,76.6415,77.5172,0.011216
14557,2022-02-12,1083,loss,Nasrat Haqparast,466.7925,1125.5517,0.878892
14557,2022-02-12,3781,win,King Green,448.6604,10993.3103,3.196641
14558,2022-02-12,7983,win,Andrei Arlovski,992.2453,1803.2414,0.596918
14558,2022-02-12,8114,loss,Jared Vanderaa,154.8679,191.5517,0.211356
14559,2022-02-12,3646,win,Casey O'Neill,321.5849,396.931,0.209912
14559,2022-02-12,8228,loss,Roxanne Modafferi,374.6038,859.3793,0.828839
14561,2022-02-12,252,win,Carlos Ulberg,156.4717,230.1724,0.383918
14561,2022-02-12,8229,loss,Fabio Cherant,0.0,95.5172,4.569722
14566,2022-02-12,316,win,Maxim Grishin,118.1321,191.0,0.477263
14566,2022-02-12,8086,loss,William Knight (fighter),114.3774,234.0345,0.711524
14553,2022-02-12,257,loss,Robert Whittaker (fighter),2743.8113,2425.1379,-0.123412
14553,2022-02-12,512,win,Israel Adesanya,6288.0377,8771.6207,0.332828
14549,2022-02-19,6043,loss,Diana Belbiță,81.6604,154.069,0.62913
14549,2022-02-19,8173,win,Gloria de Paula,0.0,38.6552,3.680221
14545,2022-02-19,760,win,Joaquin Buckley,320.8491,451.2759,0.34021
14545,2022-02-19,6320,loss,Abdul Razak Alhassan,211.1887,200.7931,-0.050233
14532,2022-02-26,3734,win,Priscila Cachoeira,111.2642,258.2069,0.836772
14532,2022-02-26,8068,loss,Ji Yeon Kim (fighter),137.3019,363.6897,0.969608
14538,2022-02-26,6480,win,Jonathan Martinez,40.6415,43.6207,0.0691
14538,2022-02-26,8224,loss,Alejandro Pérez (fighter),49.7358,53.1724,0.065539
14490,2022-03-05,1053,win,Ľudovít Klein,49.1887,68.0345,0.318817
14490,2022-03-05,8217,loss,Devonte Smith,111.9623,68.7241,-0.482507
14481,2022-03-05,1153,loss,Edson Barboza,976.3774,1046.931,0.0697
14481,2022-03-05,1513,win,Bryce Mitchell,978.6038,4103.6207,1.43272
14489,2022-03-05,1761,win,Tim Elliott,185.9245,660.5172,1.263831
14489,2022-03-05,1762,loss,Tagir Ulanbekov,0.0,378.6552,5.939263
14485,2022-03-05,2258,loss,Yan Xiaonan,224.4906,208.5172,-0.073472
14485,2022-03-05,5878,win,Marina Rodriguez,281.8491,362.931,0.252051
14479,2022-03-05,6460,win,Colby Covington,3075.4717,7486.7931,0.889491
14479,2022-03-05,8077,loss,Jorge Masvidal,3795.5472,6516.4138,0.540386
14486,2022-03-05,73,loss,Kennedy Nzechukwu,262.0943,163.1034,-0.472016
14486,2022-03-05,8127,win,Nicolae Negumereanu,103.566,111.7241,0.075125
14491,2022-03-05,286,win,Dustin Jacoby,165.566,253.1724,0.422621
14491,2022-03-05,537,loss,Michał Oleksiejczuk,111.6792,115.2414,0.031124
14500,2022-03-12,1585,win,Javid Basharat,27.4906,0.0,-3.349573
14500,2022-03-12,8090,loss,Trevin Jones,62.5472,82.2759,0.270376
14497,2022-03-12,3746,win,Alex Pereira,1670.283,2080.8966,0.219688
14497,2022-03-12,5856,loss,Bruno Silva (fighter),362.3585,419.2414,0.145439
14494,2022-03-12,5796,win,Sodiq Yusuff,218.1887,544.1034,0.911043
14494,2022-03-12,7977,loss,Alex Caceres,261.8679,266.7241,0.018305
14492,2022-03-12,60,loss,Thiago Santos,1042.6226,870.5172,-0.180218
14492,2022-03-12,251,win,Magomed Ankalaev,1066.0,1601.3448,0.406617
14527,2022-03-19,1490,loss,Timur Valiev,229.9245,134.1724,-0.53554
14527,2022-03-19,6502,win,Jack Shore,253.2075,358.9655,0.347857
14521,2022-03-19,6184,win,Gunnar Nelson (fighter),517.0189,761.8276,0.38702
14521,2022-03-19,8065,loss,Takashi Sato,78.4906,199.8966,0.927152
14509,2022-03-26,1756,win,Kai Kara-France,531.8868,1501.5862,1.036634
14509,2022-03-26,8220,loss,Askar Askarov,391.6415,649.5862,0.504977
14516,2022-03-26,1816,loss,David Dvořák,53.3585,58.2414,0.086019
14516,2022-03-26,6533,win,Matheus Nicolau,60.7358,91.3448,0.402665
14512,2022-03-26,3370,loss,Karol Rosa,32.6604,45.7931,0.329414
14512,2022-03-26,8221,win,Sara McMann,154.6415,260.1034,0.517361
14515,2022-03-26,3649,win,Manon Fiorot,172.9811,205.8966,0.173272
14515,2022-03-26,8014,loss,Jennifer Maia,121.7925,163.5862,0.292939
14508,2022-03-26,7994,win,Bryan Barberena,143.7358,360.2759,0.914731
14508,2022-03-26,8066,loss,Matt Brown (fighter),407.8491,598.8966,0.383411
14510,2022-03-26,774,win,Neil Magny,376.1132,926.4828,0.899929
14510,2022-03-26,803,loss,Max Griffin,234.3396,210.0345,-0.109008
14455,2022-04-09,501,win,Khamzat Chimaev,9339.9434,7250.2069,-0.253239
14455,2022-04-09,790,loss,Gilbert Burns,3489.3774,3585.1379,0.027066
14454,2022-04-09,1249,win,Aljamain Sterling,1670.2453,2456.2414,0.38547
14454,2022-04-09,1498,loss,Petr Yan,2384.1132,1644.8621,-0.370982
14456,2022-04-09,2251,win,Mackenzie Dern,637.4717,839.3448,0.274735
14456,2022-04-09,2263,loss,Tecia Pennington,402.9245,771.069,0.647846
14457,2022-04-09,6177,loss,Vinc Pichel,207.6792,217.1034,0.044171
14457,2022-04-09,8015,win,Mark Madsen (fighter),304.6415,434.1034,0.353171
14460,2022-04-09,6623,win,Raquel Pennington,234.1698,1671.8276,1.961963
14460,2022-04-09,8214,loss,Aspen Ladd,331.8868,547.5172,0.499416
14439,2022-04-16,530,loss,Vicente Luque,1181.2453,855.1379,-0.322739
14439,2022-04-16,759,win,Belal Muhammad,1183.4906,2603.3793,0.787882
14446,2022-04-16,2039,win,Pannie Kianzad,82.5094,135.4138,0.490733
14446,2022-04-16,8087,loss,Lina Länsberg,64.9623,90.1379,0.323291
14426,2022-04-23,75,win,Philipe Lins,35.7925,57.7241,0.467558
14426,2022-04-23,335,loss,Marcin Prachnio,95.6604,81.3793,-0.159869
14419,2022-04-23,2790,loss,Montana De La Rosa,110.7358,149.2759,0.296335
14419,2022-04-23,4367,win,Maycee Barber,288.566,395.7241,0.314858
14411,2022-04-30,525,win,Krzysztof Jotko,132.8113,173.7241,0.266778
14411,2022-04-30,3530,loss,Gerald Meerschaert,1110.4717,295.5172,-1.321335
14410,2022-04-30,1436,win,Darren Elkins,185.6038,261.0,0.339357
14410,2022-04-30,8205,loss,Tristan Connelly,0.0,172.3103,5.155084
14406,2022-04-30,1511,win,Marlon Vera,1122.4717,2485.0,0.794251
14406,2022-04-30,1522,loss,Rob Font,661.2453,743.4138,0.116961
14407,2022-04-30,7983,win,Andrei Arlovski,1133.2642,1159.7241,0.02306
14407,2022-04-30,8023,loss,Jake Collier,187.9057,179.6207,-0.044849
14466,2022-05-07,4455,loss,Rose Namajunas,3130.0566,3822.5517,0.199809
14466,2022-05-07,6625,win,Carla Esparza,1014.3208,1792.6552,0.569051
14468,2022-05-07,6624,win,Ovince Saint Preux,598.9245,486.6552,-0.207195
14468,2022-05-07,8098,loss,Maurício Rua,1238.0943,885.1034,-0.335302
14469,2022-05-07,786,win,Randy Brown (fighter),243.1132,230.8966,-0.051341
14469,2022-05-07,809,loss,Khaos Williams,297.7547,214.7241,-0.325622
14470,2022-05-07,5410,loss,Danny Roberts (fighter),102.8302,140.7241,0.311126
14470,2022-05-07,8133,win,Francisco Trinaldo,178.6226,207.0345,0.146846
14471,2022-05-07,3583,loss,Norma Dumont,192.0755,144.4138,-0.283498
14471,2022-05-07,4403,win,Macy Chiasson,140.9811,118.8966,-0.169065
14473,2022-05-07,49,loss,Marcos Rogério de Lima,192.7736,94.9655,-0.702701
14473,2022-05-07,8044,win,Blagoy Ivanov,282.1698,220.6207,-0.245079
14475,2022-05-07,3536,loss,Melissa Gatto,0.4528,82.5862,4.052365
14475,2022-05-07,3849,win,Tracy Cortez,268.6604,758.6897,1.035747
14477,2022-05-07,2262,win,Loopy Godinez,78.1132,107.6207,0.316982
14477,2022-05-07,2339,loss,Ariane Carnelossi,50.283,44.8621,-0.111721
14436,2022-05-14,2252,win,Virna Jandiroba,84.5283,129.4483,0.422129
14436,2022-05-14,2264,loss,Angela Hill,289.3774,237.2759,-0.197752
14431,2022-05-14,2269,loss,Amanda Ribas,307.8679,238.0,-0.25645
14431,2022-05-14,3562,win,Katlyn Cerminara,282.6981,457.2759,0.479561
14434,2022-05-14,3053,win,Viviane Araújo (fighter),70.0943,136.5862,0.660243
14434,2022-05-14,6190,loss,Andrea Lee (fighter),156.5283,255.1724,0.486246
14387,2022-05-21,535,win,Jun Yong Park,125.1698,144.5172,0.142666
14387,2022-05-21,542,loss,Eryk Anders,141.8868,143.4138,0.01063
14384,2022-05-21,569,win,Michel Pereira,589.6792,1178.4828,0.691558
14384,2022-05-21,834,loss,Santiago Ponzinibbio,428.4151,391.7586,-0.089229
14391,2022-05-21,1678,loss,Vince Morales,42.6415,33.931,-0.222633
14391,2022-05-21,6480,win,Jonathan Martinez,40.8679,48.1379,0.160111
14386,2022-05-21,2259,win,Tabatha Ricci,0.0,145.0,4.983607
14386,2022-05-21,2363,loss,Polyana Viana,272.0189,336.5862,0.21228
14383,2022-05-21,2634,win,Ketlen Vieira,200.9434,445.0,0.792332
14383,2022-05-21,7991,loss,Holly Holm,1328.2642,1771.5517,0.287795
14346,2022-06-04,1251,win,Movsar Evloev,311.6038,602.069,0.657095
14346,2022-06-04,3652,loss,Dan Ige,497.7736,487.6552,-0.020495
14356,2022-06-04,1626,loss,Zhalgas Zhumagulov,104.8491,135.3103,0.25292
14356,2022-06-04,8183,win,Jeff Molina,0.0,241.7586,5.492068
14352,2022-06-04,3813,loss,Alex da Silva Coelho,58.3774,96.7931,0.498941
14352,2022-06-04,6326,win,Joe Solecki,58.8113,124.7931,0.743444
14341,2022-06-12,506,win,Brendan Allen,235.6226,481.9655,0.713479
14341,2022-06-12,3844,loss,Jacob Malkoun,101.1132,76.5172,-0.275582
14335,2022-06-12,2637,loss,Taila Santos,925.6038,472.4483,-0.671483
14335,2022-06-12,4922,win,Valentina Shevchenko,2648.3585,2368.5172,-0.111631
14339,2022-06-12,6179,loss,Seung Woo Choi,169.3019,74.6897,-0.810931
14339,2022-06-12,7966,win,Joshua Culibao,79.6604,139.8966,0.557778
14284,2022-06-18,1272,win,Josh Emmett,588.717,1708.4138,1.064263
14284,2022-06-18,1305,loss,Calvin Kattar,605.434,968.6897,0.46938
14302,2022-06-25,578,loss,Rodolfo Vieira,111.8491,296.8966,0.970695
14302,2022-06-25,782,win,Chris Curtis (fighter),0.0,3102.7241,8.040358
14297,2022-06-25,1002,loss,Arman Tsarukyan,997.434,1098.4483,0.096376
14297,2022-06-25,1011,win,Mateusz Gamrot,603.717,1657.4138,1.008856
14308,2022-06-25,2332,win,Vanessa Demopoulos,0.0,166.6207,5.121704
14308,2022-06-25,8060,loss,Jinh Yu Frey,57.6981,69.2759,0.180021
14305,2022-06-25,8111,win,Sergey Morozov (fighter),66.4906,153.9655,0.831215
14305,2022-06-25,8177,loss,Raulian Paiva,293.4528,433.2069,0.388402
14402,2022-07-02,502,win,Dricus du Plessis,0.0,594.3103,6.389083
14402,2022-07-02,564,loss,Brad Tavares,240.1321,271.1724,0.121091
14394,2022-07-02,512,win,Israel Adesanya,4863.9623,9884.6207,0.709022
14394,2022-07-02,514,loss,Jared Cannonier,2480.8679,1250.8621,-0.684379
14401,2022-07-02,754,win,Ian Machado Garry,0.0,897.9655,6.801245
14401,2022-07-02,5797,loss,Gabriel Green (fighter),102.2264,190.931,0.620211
14395,2022-07-02,1248,win,Alexander Volkanovski,2679.566,6014.7241,0.808349
14395,2022-07-02,3846,loss,Max Holloway,2997.3396,3503.7586,0.156063
14403,2022-07-02,549,win,André Muniz,276.9245,327.8966,0.168394
14403,2022-07-02,8203,loss,Uriah Hall,822.7736,792.0,-0.038072
14404,2022-07-02,4367,win,Maycee Barber,258.2453,432.9655,0.51519
14404,2022-07-02,8204,loss,Jessica Eye,280.3396,484.0345,0.544657
14278,2022-07-09,1099,loss,Michael Johnson (fighter),1925.5094,782.3448,-0.899892
14278,2022-07-09,1137,win,Jamie Mullarkey,132.717,225.8276,0.528465
14275,2022-07-09,1546,win,Said Nurmagomedov,349.4717,492.7241,0.342697
14275,2022-07-09,4405,loss,Douglas Silva de Andrade,104.2642,112.1034,0.07183
14280,2022-07-09,8168,win,Antonina Shevchenko,424.8302,401.931,-0.055275
14280,2022-07-09,8169,loss,Cortney Casey,68.3774,198.4483,1.055994
14271,2022-07-16,552,win,Dustin Stoltzfus,55.1698,135.8276,0.890342
14271,2022-07-16,8167,loss,Dwight Grant,43.6792,112.7586,0.93457
14265,2022-07-16,1512,loss,Charles Jourdain,261.2642,346.2414,0.280668
14265,2022-07-16,8166,win,Shane Burgos,324.6981,728.6897,0.806648
14266,2022-07-16,5578,win,Lauren Murphy,434.5283,399.6552,-0.083459
14266,2022-07-16,5877,loss,Miesha Tate,1408.2075,1595.5862,0.12484
14272,2022-07-16,6534,loss,Jessica Penne,150.0189,103.8276,-0.365088
14272,2022-07-16,7981,win,Emily Ducote,68.3396,80.5172,0.161798
14252,2022-07-23,263,win,Volkan Oezdemir,735.9057,1082.3448,0.385349
14252,2022-07-23,5263,loss,Paul Craig,919.6981,2062.4138,0.806985
14253,2022-07-23,1053,win,Ľudovít Klein,83.4717,171.2759,0.71268
14253,2022-07-23,1073,loss,Mason Jones (fighter),50.3585,113.6552,0.803099
14258,2022-07-23,1068,win,Jai Herbert,171.3962,175.3103,0.02245
14258,2022-07-23,1081,loss,Kyle Nelson (fighter),58.4717,42.3448,-0.316313
14255,2022-07-23,1270,win,Nathaniel Wood (fighter),76.717,260.5172,1.213426
14255,2022-07-23,8164,loss,Charles Rosa,76.5094,94.4483,0.208185
14254,2022-07-23,4460,win,Marc Diakiese,177.9623,172.1724,-0.032887
14254,2022-07-23,6236,loss,Damir Hadžović,98.3019,70.931,-0.322457
14248,2022-07-23,782,loss,Chris Curtis (fighter),513.7925,495.5517,-0.036076
14248,2022-07-23,857,win,Jack Hermansson,767.6038,634.8966,-0.18954
14260,2022-07-23,793,win,Nicolas Dalby,145.7358,128.7241,-0.123224
14260,2022-07-23,8165,loss,Cláudio Silva,117.2642,770.5862,1.875528
14314,2022-07-30,822,win,Alex Morono,247.1509,214.931,-0.139078
14314,2022-07-30,6484,loss,Matthew Semelsberger,64.8679,116.2069,0.576289
14317,2022-07-30,1023,loss,Rafa García (fighter),28.7736,52.6552,0.588956
14317,2022-07-30,1049,win,Drakkar Klose,127.283,195.7586,0.427739
14319,2022-07-30,3960,win,Joselyne Edwards,192.4906,71.6207,-0.979979
14319,2022-07-30,8068,loss,Ji Yeon Kim (fighter),135.1698,153.1724,0.124169
14309,2022-07-30,5816,loss,Julianna Peña,2001.0943,2260.9655,0.12204
14309,2022-07-30,8057,win,Amanda Nunes,2526.0377,4427.8966,0.561103
14200,2022-08-13,2262,loss,Loopy Godinez,78.8113,76.1034,-0.034517
14200,2022-08-13,2264,win,Angela Hill,287.5283,306.9655,0.065195
14202,2022-08-13,8078,loss,Cynthia Calvillo,236.3962,128.4483,-0.606449
14202,2022-08-13,8146,win,Nina Nunes,1358.2264,582.6207,-0.84542
14188,2022-08-20,1072,win,Jared Gordon,147.7736,144.5172,-0.022131
14188,2022-08-20,8142,loss,Leonardo Santos (fighter),164.9623,197.4828,0.178942
14184,2022-08-20,1499,win,Merab Dvalishvili,760.6226,1216.8966,0.469429
14184,2022-08-20,5855,loss,José Aldo,2627.9434,4163.2414,0.459952
14183,2022-08-20,255,win,Paulo Costa,1442.3585,4142.5862,1.054589
14183,2022-08-20,8139,loss,Luke Rockhold,1796.283,4881.4138,0.999364
14187,2022-08-20,18,loss,Alexander Romanov (fighter),498.3774,245.1034,-0.70761
14187,2022-08-20,29,win,Marcin Tybura,301.7358,302.8276,0.0036
14224,2022-09-03,1083,win,Nasrat Haqparast,292.6604,306.5862,0.046331
14224,2022-09-03,8026,loss,John Makdessi,180.0943,103.7931,-0.54703
14222,2022-09-03,1270,win,Nathaniel Wood (fighter),607.7358,186.5862,-1.177146
14222,2022-09-03,1512,loss,Charles Jourdain,877.4717,243.5862,-1.278616
14218,2022-09-03,257,win,Robert Whittaker (fighter),1313.7358,2864.3103,0.779041
14218,2022-09-03,528,loss,Marvin Vettori,1383.434,1666.8966,0.186272
14219,2022-09-03,503,win,Nassourdine Imavov,375.6415,569.0,0.414343
14219,2022-09-03,760,loss,Joaquin Buckley,391.9434,657.0345,0.515592
14174,2022-09-10,1364,win,Julian Erosa,365.3585,213.5517,-0.535061
14174,2022-09-10,1390,loss,Hakeem Dawodu,204.6604,180.0,-0.127729
14178,2022-09-10,3583,win,Norma Dumont,157.1132,288.9655,0.606451
14178,2022-09-10,8137,loss,Danyelle Wolf,195.3585,116.6552,-0.512184
14147,2022-09-17,1319,win,Andre Fili,130.0755,337.3103,0.94819
14147,2022-09-17,7951,loss,Bill Algeo,84.0566,99.3103,0.164952
14156,2022-09-17,1585,win,Javid Basharat,0.0,0.0,0.0
14156,2022-09-17,8083,loss,Tony Gravely,34.9811,32.7931,-0.062738
14149,2022-09-17,42,win,Rodrigo Nascimento,63.8679,65.3448,0.022513
14149,2022-09-17,87,loss,Tanner Boser,154.6792,126.5172,-0.199546
14160,2022-10-01,1517,win,Raoni Barcelos,90.8679,99.2759,0.087573
14160,2022-10-01,8090,loss,Trevin Jones,66.4151,44.2069,-0.399619
14158,2022-10-01,2251,loss,Mackenzie Dern,1126.8302,1077.6552,-0.044581
14158,2022-10-01,2258,win,Yan Xiaonan,380.9623,415.4483,0.08644
14159,2022-10-01,786,win,Randy Brown (fighter),189.2264,152.6552,-0.213504
14159,2022-10-01,8133,loss,Francisco Trinaldo,185.3208,140.4828,-0.275292
14164,2022-10-01,8063,win,Ilir Latifi,318.6226,463.7931,0.374451
14164,2022-10-01,8134,loss,Aleksei Oleinik,342.5094,627.931,0.604807
14134,2022-10-15,3053,loss,Viviane Araújo (fighter),212.3774,133.8276,-0.459065
14134,2022-10-15,3650,win,Alexa Grasso,334.4717,394.9655,0.16579
14140,2022-10-15,3428,loss,Nick Maximov,135.8679,421.4828,1.127132
14140,2022-10-15,3844,win,Jacob Malkoun,75.2642,100.2759,0.283645
14137,2022-10-15,6045,loss,Victor Henry (fighter),0.0,0.0,0.0
14137,2022-10-15,8082,win,Raphael Assunção,251.3962,360.069,0.358069
14329,2022-10-22,263,loss,Volkan Oezdemir,533.5094,611.8966,0.136847
14329,2022-10-22,275,win,Nikita Krylov,462.4717,566.8621,0.203133
14325,2022-10-22,1011,loss,Mateusz Gamrot,1377.717,1109.2759,-0.216545
14325,2022-10-22,1015,win,Beneil Dariush,1766.8491,3337.069,0.635629
14324,2022-10-22,1498,loss,Petr Yan,2103.283,2466.4138,0.159196
14324,2022-10-22,3747,win,Sean O'Malley (fighter),3309.6038,4888.4828,0.389956
14333,2022-10-22,3370,win,Karol Rosa,60.7925,55.069,-0.097199
14333,2022-10-22,8087,loss,Lina Länsberg,103.8491,71.4138,-0.370125
14326,2022-10-22,3562,loss,Katlyn Cerminara,527.0377,311.1724,-0.525612
14326,2022-10-22,3649,win,Manon Fiorot,455.1698,396.3793,-0.137974
14090,2022-10-29,259,win,Khalil Rountree Jr.,383.2075,499.931,0.265286
14090,2022-10-29,286,loss,Dustin Jacoby,184.7925,412.0345,0.798901
14087,2022-10-29,803,win,Max Griffin,111.9057,177.7241,0.459291
14087,2022-10-29,6626,loss,Tim Means,333.8679,163.1724,-0.712819
14102,2022-11-05,3986,loss,Shanna Young,23.5472,74.7586,1.126956
14102,2022-11-05,5640,win,Miranda Maverick,77.1509,222.2414,1.049611
14132,2022-11-12,1317,loss,Julio Arce,75.2642,40.2069,-0.615597
14132,2022-11-12,1520,win,Montel Jackson,43.4151,56.7241,0.262096
14128,2022-11-12,594,win,Andre Petroski,177.3396,197.7241,0.108228
14128,2022-11-12,6694,loss,Wellington Turman,101.3208,74.6207,-0.302383
14130,2022-11-12,2316,win,Karolina Kowalkiewicz,366.717,355.2759,-0.031608
14130,2022-11-12,8125,loss,Silvana Gómez Juárez,73.4717,140.8966,0.644679
14081,2022-11-19,1331,win,Miles Johns,27.5094,42.5517,0.423714
14081,2022-11-19,1678,loss,Vince Morales,48.0,30.1724,-0.452287
14080,2022-11-19,8003,loss,Maryna Moroz,206.9623,66.0345,-1.132149
14080,2022-11-19,8014,win,Jennifer Maia,135.3208,91.6552,-0.386126
14070,2022-12-03,1099,win,Michael Johnson (fighter),747.8679,945.5517,0.234263
14070,2022-12-03,4460,loss,Marc Diakiese,161.4151,217.2759,0.295604
14071,2022-12-03,1436,loss,Darren Elkins,183.1887,211.5172,0.143062
14071,2022-12-03,6551,win,Jonathan Pearce (fighter),63.7547,160.0345,0.911012
14068,2022-12-03,2264,win,Angela Hill,216.1887,210.7241,-0.025482
14068,2022-12-03,7981,loss,Emily Ducote,73.9811,61.7241,-0.17849
14069,2022-12-03,6557,win,Clay Guida,583.8491,1191.2069,0.712208
14069,2022-12-03,8112,loss,Scott Holtzman,142.7547,235.3448,0.497183
14109,2022-12-10,1005,win,Paddy Pimblett,5896.6981,7860.5172,0.287417
14109,2022-12-10,1072,loss,Jared Gordon,1755.9434,1724.2414,-0.018209
14048,2022-12-17,500,loss,Sean Strickland,1866.5849,4475.2069,0.87413
14048,2022-12-17,514,win,Jared Cannonier,869.7547,930.5517,0.067491
14055,2022-12-17,787,loss,Jake Matthews (fighter),326.0943,194.8621,-0.512838
14055,2022-12-17,6484,win,Matthew Semelsberger,88.7736,101.1379,0.129033
14059,2022-12-17,1749,win,Manel Kape,139.3585,223.0345,0.4676
14059,2022-12-17,1816,loss,David Dvořák,79.283,58.2069,-0.30452
14054,2022-12-17,6552,win,Cory McKenna,0.0,72.1034,4.291876
14054,2022-12-17,8110,loss,Cheyanne Vlismas,107.4151,114.6552,0.064646
14049,2022-12-17,1002,win,Arman Tsarukyan,1106.9434,1079.4138,-0.025161
14049,2022-12-17,8043,loss,Damir Ismagulov,458.6604,794.0,0.547854
14060,2022-12-17,8072,loss,Journey Newson,24.6981,21.6897,-0.124508
14060,2022-12-17,8111,win,Sergey Morozov (fighter),77.3774,97.3103,0.226594
14001,2023-01-14,500,win,Sean Strickland,2373.6226,1913.9655,-0.215139
14001,2023-01-14,503,loss,Nassourdine Imavov,805.4528,545.4828,-0.389143
14004,2023-01-14,2634,loss,Ketlen Vieira,177.3585,187.1379,0.05338
14004,2023-01-14,6623,win,Raquel Pennington,229.7547,374.5862,0.487133
14024,2023-01-21,2266,win,Jéssica Andrade,426.5094,2491.5517,1.763086
14024,2023-01-21,5578,loss,Lauren Murphy,222.434,530.069,0.865776
14021,2023-01-21,273,win,Jamahal Hill,3152.8679,4897.1379,0.440226
14021,2023-01-21,8097,loss,Glover Teixeira,2267.566,2760.4138,0.196595
14033,2023-01-21,793,win,Nicolas Dalby,122.2075,104.5172,-0.154996
14033,2023-01-21,7979,loss,Warlley Alves,176.9434,176.9655,0.000124
13979,2023-02-04,29,win,Marcin Tybura,223.7547,401.5862,0.5829
13979,2023-02-04,8044,loss,Blagoy Ivanov,283.0943,290.1379,0.024491
13978,2023-02-04,135,win,Devin Clark (fighter),138.4151,271.3448,0.669613
13978,2023-02-04,6635,loss,Da Woon Jung,180.1132,171.1379,-0.050826
13993,2023-02-11,284,win,Modestas Bukauskas,182.0189,268.6552,0.387555
13993,2023-02-11,385,loss,Tyson Pedro,311.4151,298.5172,-0.042161
13988,2023-02-11,750,win,Islam Makhachev,5095.3208,9013.4828,0.570314
13988,2023-02-11,1248,loss,Alexander Volkanovski,5118.4906,8243.931,0.476544
13955,2023-02-18,335,win,Marcin Prachnio,46.0755,248.1034,1.666116
13955,2023-02-18,8086,loss,William Knight (fighter),105.6981,908.6552,2.143062
13956,2023-02-18,1039,win,Alexander Hernandez,257.3396,436.8621,0.527629
13956,2023-02-18,1051,loss,Jim Miller (fighter),340.4528,788.1379,0.837732
13943,2023-02-25,62,win,Augusto Sakai,219.3585,288.7241,0.273673
13943,2023-02-25,5879,loss,Don'Tale Mayes,114.0943,148.7586,0.263273
13966,2023-03-04,1011,win,Mateusz Gamrot,741.7925,863.2069,0.151396
13966,2023-03-04,1022,loss,Jalin Turner,964.2642,537.8276,-0.583006
13968,2023-03-04,1561,win,Cody Garbrandt,1204.4528,2004.6552,0.509115
13968,2023-03-04,8090,loss,Trevin Jones,253.6038,314.2414,0.21363
13970,2023-03-04,2269,win,Amanda Ribas,228.9434,232.4828,0.015275
13970,2023-03-04,3053,loss,Viviane Araújo (fighter),171.8113,171.8276,9.4e-05
13929,2023-03-11,1498,loss,Petr Yan,1132.6604,2702.069,0.868936
13929,2023-03-11,1499,win,Merab Dvalishvili,768.1132,3169.1724,1.416303
13932,2023-03-11,1546,loss,Said Nurmagomedov,563.717,558.8276,-0.008696
13932,2023-03-11,6480,win,Jonathan Martinez,108.8679,297.1724,0.998393
13938,2023-03-11,6045,win,Victor Henry (fighter),0.0,0.0,0.0
13938,2023-03-11,8083,loss,Tony Gravely,24.8113,30.6552,0.204088
13941,2023-03-11,713,loss,Jared Gooden,68.2264,64.4483,-0.056122
13941,2023-03-11,882,win,Carlston Harris,120.1132,98.6897,-0.194664
13908,2023-03-18,264,loss,Roman Dolidze,590.3396,564.0,-0.045565
13908,2023-03-18,528,win,Marvin Vettori,664.6038,1843.9655,1.019521
13905,2023-03-18,1000,win,Justin Gaethje,2252.3962,5338.3103,0.862658
13905,2023-03-18,1009,loss,Rafael Fiziev,1739.8868,1537.8966,-0.123329
13904,2023-03-18,758,win,Leon Edwards,3017.3208,7971.5862,0.971308
13904,2023-03-18,3090,loss,Kamaru Usman,3501.8868,7041.069,0.698315
13907,2023-03-18,3646,loss,Casey O'Neill,201.3585,205.931,0.022345
13907,2023-03-18,8014,win,Jennifer Maia,162.8302,183.7586,0.12022
13916,2023-03-18,5109,loss,Luana Carolina,134.8868,57.6897,-0.839559
13916,2023-03-18,8002,win,Joanne Wood,455.3962,211.1379,-0.766125
13919,2023-03-25,1504,win,Cory Sandhagen,716.8491,2114.4483,1.080763
13919,2023-03-25,1511,loss,Marlon Vera,1254.1509,1580.4483,0.231085
13920,2023-03-25,3471,loss,Yana Santos,278.5849,357.0,0.247227
13920,2023-03-25,7991,win,Holly Holm,1145.3962,1971.2069,0.54253
13922,2023-03-25,4367,win,Maycee Barber,454.6981,418.5862,-0.082562
13922,2023-03-25,6190,loss,Andrea Lee (fighter),184.9811,194.7241,0.051061
13897,2023-04-08,527,win,Kelvin Gastelum,877.3585,1801.7241,0.718999
13897,2023-04-08,782,loss,Chris Curtis (fighter),571.3585,883.2759,0.435004
13900,2023-04-08,2262,win,Loopy Godinez,118.5094,97.8966,-0.189321
13900,2023-04-08,8078,loss,Cynthia Calvillo,181.6792,331.069,0.597611
13898,2023-04-08,5800,win,Luana Pinheiro,0.0,105.2414,4.665714
13898,2023-04-08,7982,loss,Michelle Waterson-Gomez,434.9811,457.5862,0.050549
13893,2023-04-08,790,win,Gilbert Burns,2315.4906,6116.5172,0.971103
13893,2023-04-08,8077,loss,Jorge Masvidal,4975.9057,5414.4828,0.084454
13880,2023-04-15,270,win,Azamat Murzakanov,31.5283,127.7241,1.375561
13880,2023-04-15,286,loss,Dustin Jacoby,170.0377,204.2069,0.182135
13883,2023-04-15,1023,win,Rafa García (fighter),63.3962,114.069,0.580477
13883,2023-04-15,6557,loss,Clay Guida,462.566,938.8276,0.706748
13878,2023-04-15,1255,loss,Arnold Allen,1128.566,979.8621,-0.141157
13878,2023-04-15,3846,win,Max Holloway,2266.1132,4017.4138,0.57238
13882,2023-04-15,1530,loss,Chris Gutierrez,44.5094,49.4138,0.102345
13882,2023-04-15,6501,win,Pedro Munhoz,405.3019,433.3793,0.066822
13891,2023-04-15,3960,win,Joselyne Edwards,30.6038,78.7241,0.925296
13891,2023-04-15,4003,loss,Lucie Pudilová,42.1698,54.1034,0.244071
13871,2023-04-22,773,win,Jeremiah Wells,54.7358,109.3448,0.682987
13871,2023-04-22,6484,loss,Matthew Semelsberger,80.1132,117.7241,0.380957
13874,2023-04-22,3370,loss,Karol Rosa,46.2264,41.2414,-0.111553
13874,2023-04-22,3583,win,Norma Dumont,86.9434,172.1724,0.677594
13845,2023-05-06,759,win,Belal Muhammad,4101.566,2529.5517,-0.483175
13845,2023-05-06,790,loss,Gilbert Burns,6257.3962,1383.2759,-1.508747
13844,2023-05-06,1249,win,Aljamain Sterling,2948.8868,3518.6897,0.176606
13844,2023-05-06,4925,loss,Henry Cejudo,4705.8868,2879.4483,-0.491081
13848,2023-05-06,1512,win,Charles Jourdain,373.7358,425.7931,0.130078
13848,2023-05-06,6555,loss,Kron Gracie,1498.1887,1571.4828,0.047732
13852,2023-05-06,2252,win,Virna Jandiroba,93.5849,244.3448,0.953167
13852,2023-05-06,5878,loss,Marina Rodriguez,181.6981,327.7931,0.587594
13834,2023-05-13,44,loss,Anthony Smith (fighter),678.3585,1052.4138,0.438642
13834,2023-05-13,3479,win,Johnny Walker (fighter),830.283,1678.3103,0.703168
13840,2023-05-13,4405,win,Douglas Silva de Andrade,74.5283,71.7241,-0.037834
13840,2023-05-13,6485,loss,Cody Stamann,124.7547,90.3793,-0.319314
13821,2023-05-20,2251,win,Mackenzie Dern,548.7925,1629.0,1.086794
13821,2023-05-20,2264,loss,Angela Hill,306.9245,563.2759,0.605689
13823,2023-05-20,2262,win,Loopy Godinez,360.9434,97.069,-1.305817
13823,2023-05-20,7981,loss,Emily Ducote,83.7547,60.7586,-0.316528
13827,2023-05-20,2316,win,Karolina Kowalkiewicz,264.2642,357.2069,0.300385
13827,2023-05-20,2332,loss,Vanessa Demopoulos,101.566,129.4138,0.240206
13829,2023-05-20,42,win,Rodrigo Nascimento,119.8302,74.4828,-0.470482
13829,2023-05-20,8063,loss,Ilir Latifi,237.2075,376.7241,0.461022
13800,2023-06-03,813,win,Elizeu Zaleski dos Santos,156.1321,501.7931,1.163092
13800,2023-06-03,6693,loss,Abubakar Nurmagomedov,485.2075,593.2069,0.200592
13795,2023-06-03,1756,loss,Kai Kara-France,811.3585,915.9655,0.121128
13795,2023-06-03,1772,win,Amir Albazi,488.4151,649.8966,0.28514
13805,2023-06-03,2353,win,Elise Reed,43.3585,29.3793,-0.378542
13805,2023-06-03,8060,loss,Jinh Yu Frey,79.5283,60.8276,-0.264259
13796,2023-06-03,6532,loss,Daniel Pineda (fighter),138.6604,139.6897,0.007343
13796,2023-06-03,7977,win,Alex Caceres,387.1509,432.7931,0.111173
13807,2023-06-03,75,win,Philipe Lins,196.2075,91.6207,-0.755744
13807,2023-06-03,316,loss,Maxim Grishin,75.8302,81.1379,0.066802
13775,2023-06-10,542,loss,Eryk Anders,174.6604,192.3448,0.095923
13775,2023-06-10,545,win,Marc-André Barriault,153.3396,132.3793,-0.145958
13774,2023-06-10,3560,loss,Nate Landwehr,260.6038,225.9655,-0.142033
13774,2023-06-10,3652,win,Dan Ige,313.1132,427.3448,0.310175
13771,2023-06-10,6653,loss,Irene Aldana,1222.4717,701.4483,-0.554876
13771,2023-06-10,8057,win,Amanda Nunes,2328.0566,5909.1034,0.9312
13759,2023-06-17,514,win,Jared Cannonier,527.4717,2132.2069,1.395392
13759,2023-06-17,528,loss,Marvin Vettori,695.5094,1593.4483,0.828202
13764,2023-06-17,785,loss,Muslim Salikhov,204.2453,176.6897,-0.144167
13764,2023-06-17,793,win,Nicolas Dalby,118.4906,179.1724,0.410677
13751,2023-06-24,774,win,Neil Magny,510.9057,435.7586,-0.15876
13751,2023-06-24,818,loss,Philip Rowe,134.3208,168.2069,0.223474
13752,2023-06-24,786,win,Randy Brown (fighter),156.8491,310.5517,0.679926
13752,2023-06-24,6694,loss,Wellington Turman,63.5283,66.5862,0.0463
13746,2023-06-24,1001,win,Ilia Topuria,1059.6792,4937.6207,1.538177
13746,2023-06-24,1272,loss,Josh Emmett,464.3774,1395.2759,1.098715
13754,2023-06-24,2255,loss,Gillian Robertson,739.1132,223.1379,-1.194542
13754,2023-06-24,2259,win,Tabatha Ricci,154.2075,172.931,0.113896
13710,2023-07-01,18,win,Alexander Romanov (fighter),194.5472,414.6897,0.754137
13710,2023-07-01,8044,loss,Blagoy Ivanov,175.8302,455.1724,0.947681
13700,2023-07-01,1019,win,Grant Dawson,231.8113,583.931,0.921266
13700,2023-07-01,8043,loss,Damir Ismagulov,315.4151,446.1379,0.345812
13702,2023-07-01,3056,win,Ariane Lipski da Silva,120.6981,176.3103,0.376358
13702,2023-07-01,3536,loss,Melissa Gatto,49.5472,64.2069,0.254658
13707,2023-07-01,3370,win,Karol Rosa,38.4151,80.0345,0.720726
13707,2023-07-01,3471,loss,Yana Santos,239.5849,267.1724,0.108557
13811,2023-07-08,1013,win,Dan Hooker,768.6604,2086.4138,0.997732
13811,2023-07-08,1022,loss,Jalin Turner,771.8491,781.8966,0.012917
13809,2023-07-08,1748,win,Alexandre Pantoja,829.6415,2782.3793,1.209223
13809,2023-07-08,1753,loss,Brandon Moreno,1521.566,1776.2414,0.154665
13679,2023-07-15,3564,loss,Chelsea Chandler,89.9245,359.8276,1.37837
13679,2023-07-15,3583,win,Norma Dumont,137.0943,271.6207,0.680144
13741,2023-07-22,278,win,Makhmud Muradov,159.0,167.0345,0.048995
13741,2023-07-22,7994,loss,Bryan Barberena,288.6604,274.931,-0.048558
13735,2023-07-22,1044,win,Farès Ziam,88.283,131.3448,0.3936
13735,2023-07-22,1068,loss,Jai Herbert,298.4528,157.3103,-0.6374
13736,2023-07-22,1254,win,Lerone Murphy,108.8491,152.6897,0.335828
13736,2023-07-22,7966,loss,Joshua Culibao,115.0377,104.6552,-0.093735
13733,2023-07-22,1270,win,Nathaniel Wood (fighter),135.1509,199.5172,0.387136
13733,2023-07-22,1319,loss,Andre Fili,155.9057,186.4483,0.177858
13742,2023-07-22,2039,loss,Pannie Kianzad,102.3208,69.931,-0.37613
13742,2023-07-22,2634,win,Ketlen Vieira,252.0943,96.8621,-0.950203
13689,2023-07-29,260,loss,Jan Błachowicz,1814.566,2016.4138,0.105419
13689,2023-07-29,3746,win,Alex Pereira,2729.9245,4520.4138,0.504185
13642,2023-08-05,87,win,Tanner Boser,124.0755,244.1379,0.672904
13642,2023-08-05,8030,loss,Aleksa Camur,62.7925,106.5517,0.522337
13643,2023-08-05,1053,win,Ľudovít Klein,109.3396,95.2414,-0.136704
13643,2023-08-05,3653,loss,Ignacio Bahamondes,104.283,94.6897,-0.095542
13638,2023-08-05,1504,win,Cory Sandhagen,914.0377,2753.7931,1.102132
13638,2023-08-05,1522,loss,Rob Font,452.0943,630.1034,0.331369
13644,2023-08-05,1517,loss,Raoni Barcelos,132.0,135.069,0.022813
13644,2023-08-05,1525,win,Kyler Phillips,95.434,135.8621,0.350115
13646,2023-08-05,2858,win,Billy Quarantillo,131.9057,117.931,-0.111096
13646,2023-08-05,6481,loss,Damon Jackson,242.0566,78.0345,-1.12341
13650,2023-08-12,530,win,Vicente Luque,560.0377,699.8621,0.222523
13650,2023-08-12,3481,loss,Rafael dos Anjos,874.9057,902.7586,0.031304
13651,2023-08-12,1390,loss,Hakeem Dawodu,149.3774,186.931,0.222927
13651,2023-08-12,4211,win,Cub Swanson,363.5849,543.5172,0.40114
13665,2023-08-19,754,win,Ian Machado Garry,1355.8679,3046.3448,0.809092
13665,2023-08-19,774,loss,Neil Magny,856.7547,890.6552,0.038761
13664,2023-08-19,2260,loss,Amanda Lemos,461.5094,461.7241,0.000464
13664,2023-08-19,4923,win,Zhang Weili,1090.0189,2497.069,0.828406
13667,2023-08-19,1511,win,Marlon Vera,1184.6415,3538.1724,1.093609
13667,2023-08-19,6501,loss,Pedro Munhoz,433.5283,670.5517,0.43533
13668,2023-08-19,564,win,Brad Tavares,409.9811,563.9655,0.318217
13668,2023-08-19,6556,loss,Chris Weidman,1184.3774,2162.5517,0.60169
13671,2023-08-19,1671,loss,Cody Gibson,164.9434,447.931,0.995223
13671,2023-08-19,5857,win,Brad Katona,1214.6604,801.1724,-0.415719
13672,2023-08-19,594,win,Andre Petroski,154.9245,200.8621,0.258213
13672,2023-08-19,3530,loss,Gerald Meerschaert,316.8679,274.8276,-0.14186
13535,2023-08-26,32,loss,Ryan Spann,380.0189,494.7586,0.26324
13535,2023-08-26,44,win,Anthony Smith (fighter),780.5472,1262.4483,0.480324
13536,2023-08-26,1308,win,Giga Chikadze,436.2642,360.5862,-0.190037
13536,2023-08-26,7977,loss,Alex Caceres,315.8491,245.8966,-0.249456
13538,2023-08-26,2637,loss,Taila Santos,239.0943,292.2069,0.199847
13538,2023-08-26,3558,win,Erin Blanchfield,651.1132,782.3103,0.183311
13548,2023-09-02,3649,win,Manon Fiorot,487.9245,723.1379,0.392774
13548,2023-09-02,4455,loss,Rose Namajunas,2327.3962,2441.8966,0.048005
13626,2023-09-09,500,win,Sean Strickland,5549.3962,15517.3448,1.028154
13626,2023-09-09,512,loss,Israel Adesanya,8117.0943,9476.8276,0.15486
13633,2023-09-09,1137,win,Jamie Mullarkey,196.8491,150.2759,-0.268399
13633,2023-09-09,8026,loss,John Makdessi,155.5094,216.1724,0.327575
13604,2023-09-16,756,win,Jack Della Maddalena,545.1509,564.7241,0.035211
13604,2023-09-16,770,loss,Kevin Holland,3450.3396,1361.3103,-0.92958
13593,2023-09-23,1513,win,Bryce Mitchell,630.6792,1161.7931,0.610198
13593,2023-09-23,3652,loss,Dan Ige,344.434,310.0345,-0.104898
13601,2023-09-23,2275,win,Mizuki Inoue,80.5849,76.7241,-0.048478
13601,2023-09-23,8024,loss,Hannah Goldy,101.7358,249.7241,0.892192
13584,2023-10-07,760,win,Joaquin Buckley,317.6226,304.6897,-0.041437
13584,2023-10-07,822,loss,Alex Morono,169.3962,110.8966,-0.420552
13586,2023-10-07,1039,loss,Alexander Hernandez,260.566,223.069,-0.154733
13586,2023-10-07,7951,win,Bill Algeo,85.5283,89.069,0.040104
13590,2023-10-07,1669,win,Aori Qileng,53.6038,48.2759,-0.102669
13590,2023-10-07,1694,loss,Johnny Muñoz Jr.,32.4151,17.6897,-0.581038
13589,2023-10-07,2315,loss,Kanako Murata,50.9057,29.8276,-0.521018
13589,2023-10-07,2332,win,Vanessa Demopoulos,181.566,155.5517,-0.153725
13587,2023-10-07,2316,win,Karolina Kowalkiewicz,387.9623,311.2069,-0.219816
13587,2023-10-07,6043,loss,Diana Belbiță,125.9245,169.2069,0.293422
13511,2023-10-14,2319,loss,Ashley Yoder,49.6792,107.0345,0.756934
13511,2023-10-14,7981,win,Emily Ducote,42.7358,53.4828,0.219716
13502,2023-10-14,3053,win,Viviane Araújo (fighter),110.3019,85.6552,-0.25031
13502,2023-10-14,8014,loss,Jennifer Maia,173.6981,197.3793,0.127121
13501,2023-10-14,1153,win,Edson Barboza,691.2453,1015.1034,0.38379
13501,2023-10-14,5796,loss,Sodiq Yusuff,338.6981,309.1724,-0.090929
13510,2023-10-14,1530,win,Chris Gutierrez,57.6226,74.7241,0.255976
13510,2023-10-14,3588,loss,Alateng Heili,46.2075,47.3103,0.023092
13783,2023-10-21,501,win,Khamzat Chimaev,6355.3208,10131.069,0.466256
13783,2023-10-21,3090,loss,Kamaru Usman,3959.0,4353.8621,0.095049
13558,2023-11-04,10,win,Jailton Almeida,806.0377,1021.7241,0.236855
13558,2023-11-04,21,loss,Derrick Lewis,1725.3019,1791.8966,0.037851
13560,2023-11-04,42,win,Rodrigo Nascimento,102.7736,135.7586,0.276006
13560,2023-11-04,5879,loss,Don'Tale Mayes,111.5472,106.0,-0.050544
13518,2023-11-11,2259,loss,Tabatha Ricci,190.5283,188.3103,-0.011648
13518,2023-11-11,2262,win,Loopy Godinez,486.2264,257.8621,-0.632434
13522,2023-11-11,3587,win,John Castañeda,48.6604,42.931,-0.122586
13522,2023-11-11,7984,loss,Kang Kyung-ho,60.5849,40.6552,-0.390991
13491,2023-12-02,1506,win,Deiveson Figueiredo,430.0943,952.6897,0.794011
13491,2023-12-02,1522,loss,Rob Font,308.0377,454.3103,0.387516
13493,2023-12-02,1078,win,Joaquim Silva (fighter),141.0,165.0345,0.156368
13493,2023-12-02,6557,loss,Clay Guida,501.1132,1093.3793,0.779117
13478,2023-12-09,1501,win,Song Yadong,416.1698,925.069,0.797455
13478,2023-12-09,1530,loss,Chris Gutierrez,67.0,800.6207,2.467128
13488,2023-12-09,2271,win,Talita Alencar,22.6604,27.8966,0.19992
13488,2023-12-09,5875,loss,Rayanne dos Santos,38.8679,22.3103,-0.536675
13482,2023-12-09,535,loss,Jun Yong Park,149.2453,211.7241,0.347727
13482,2023-12-09,549,win,André Muniz,252.4528,122.1034,-0.722153
13619,2023-12-16,277,win,Alonzo Menifield,172.6981,244.3793,0.345486
13619,2023-12-16,286,loss,Dustin Jacoby,241.5849,200.3793,-0.186162
13614,2023-12-16,758,win,Leon Edwards,3795.4717,7189.7586,0.638725
13614,2023-12-16,6460,loss,Colby Covington,3037.6415,5079.069,0.513914
13617,2023-12-16,1005,win,Paddy Pimblett,3516.4906,5242.7586,0.399291
13617,2023-12-16,7975,loss,Tony Ferguson,3886.7925,5992.4483,0.432825
13615,2023-12-16,1748,win,Alexandre Pantoja,1396.2075,1342.8276,-0.038954
13615,2023-12-16,1751,loss,Brandon Royval,591.566,624.2414,0.053675
13620,2023-12-16,3370,loss,Karol Rosa,90.1698,108.8621,0.186502
13620,2023-12-16,6653,win,Irene Aldana,256.3774,344.7931,0.295297
13469,2024-01-13,1503,win,Mario Bautista,232.1698,198.931,-0.153795
13469,2024-01-13,1540,loss,Ricky Simón,264.6604,220.2759,-0.182809
13455,2024-01-20,500,loss,Sean Strickland,10410.3208,11379.2759,0.088988
13455,2024-01-20,502,win,Dricus du Plessis,6058.6038,6995.7931,0.143808
13458,2024-01-20,545,loss,Marc-André Barriault,175.3019,233.1379,0.283713
13458,2024-01-20,782,win,Chris Curtis (fighter),534.5849,1403.4483,0.96404
13459,2024-01-20,1251,win,Movsar Evloev,572.0189,1527.1379,0.980887
13459,2024-01-20,1255,loss,Arnold Allen,667.2264,826.8966,0.214261
13461,2024-01-20,1296,win,Sean Woodson,110.7547,285.7586,0.942334
13461,2024-01-20,1512,loss,Charles Jourdain,205.1132,224.8621,0.091499
13456,2024-01-20,3962,loss,Mayra Bueno Silva,450.0189,527.1034,0.157783
13456,2024-01-20,6623,win,Raquel Pennington,519.3019,1340.8966,0.94743
13431,2024-02-03,264,loss,Roman Dolidze,568.2075,653.4138,0.139495
13431,2024-02-03,503,win,Nassourdine Imavov,859.6981,770.1379,-0.109877
13434,2024-02-03,3053,loss,Viviane Araújo (fighter),90.6038,88.2414,-0.026128
13434,2024-02-03,4454,win,Natália Silva (fighter),83.6038,131.8966,0.451592
13400,2024-02-10,135,loss,Devin Clark (fighter),73.0189,135.7241,0.613645
13400,2024-02-10,335,win,Marcin Prachnio,72.6415,74.6897,0.027433
13401,2024-02-10,773,loss,Jeremiah Wells,51.7925,32.3103,-0.4605
13401,2024-02-10,803,win,Max Griffin,120.1698,92.0345,-0.264223
13420,2024-02-17,255,loss,Paulo Costa,1275.3774,1392.3448,0.087681
13420,2024-02-17,257,win,Robert Whittaker (fighter),2075.8113,1881.4828,-0.098242
13421,2024-02-17,754,win,Ian Machado Garry,2099.283,2874.4828,0.314148
13421,2024-02-17,772,loss,Geoff Neal,1107.8679,740.7931,-0.402025
13422,2024-02-17,1499,win,Merab Dvalishvili,1149.6792,6402.1379,1.716436
13422,2024-02-17,4925,loss,Henry Cejudo,1353.7925,3071.6552,0.818894
13424,2024-02-17,2251,loss,Mackenzie Dern,571.566,1715.6552,1.098005
13424,2024-02-17,2260,win,Amanda Lemos,268.717,359.931,0.291314
13430,2024-02-17,5640,win,Miranda Maverick,135.8491,167.5862,0.208569
13430,2024-02-17,6190,loss,Andrea Lee (fighter),212.1698,175.8966,-0.186524
13387,2024-02-24,1044,win,Farès Ziam,90.8679,141.1379,0.436446
13387,2024-02-24,1111,loss,Claudio Puelles,92.6415,99.8276,0.073938
13379,2024-02-24,1751,win,Brandon Royval,406.3962,1089.0,0.984147
13379,2024-02-24,1753,loss,Brandon Moreno,767.6792,1282.6552,0.512793
13449,2024-03-02,542,win,Eryk Anders,270.1509,159.4828,-0.524489
13449,2024-03-02,8009,loss,Jamie Pickett,139.1132,321.069,0.832315
13451,2024-03-02,1505,win,Aiemann Zahabi,133.2642,176.2069,0.277509
13451,2024-03-02,1585,loss,Javid Basharat,285.8868,151.069,-0.634754
13446,2024-03-02,1769,loss,Alex Perez (fighter),188.1509,231.4828,0.206271
13446,2024-03-02,4848,win,Muhammad Mokaev,458.9057,812.3793,0.570176
13414,2024-03-09,75,win,Philipe Lins,82.3208,310.4828,1.318646
13414,2024-03-09,288,loss,Ion Cutelaba,323.3774,339.4828,0.048457
13407,2024-03-09,761,win,Michael Page,3012.4717,4340.2759,0.365075
13407,2024-03-09,770,loss,Kevin Holland,1090.1132,1519.9655,0.332147
13412,2024-03-09,1011,win,Mateusz Gamrot,755.9057,1197.2069,0.459343
13412,2024-03-09,3481,loss,Rafael dos Anjos,758.1321,840.2759,0.102744
13409,2024-03-09,1498,win,Petr Yan,1339.3019,1737.5862,0.260177
13409,2024-03-09,1501,loss,Song Yadong,665.1132,686.7586,0.031978
13405,2024-03-09,1511,loss,Marlon Vera,2183.1321,2811.1379,0.252726
13405,2024-03-09,3747,win,Sean O'Malley (fighter),4129.4717,7546.2759,0.602795
13413,2024-03-09,1525,win,Kyler Phillips,143.5094,239.6552,0.51002
13413,2024-03-09,6501,loss,Pedro Munhoz,320.3019,399.6897,0.220806
13411,2024-03-09,3562,loss,Katlyn Cerminara,287.0189,428.4483,0.399475
13411,2024-03-09,4367,win,Maycee Barber,372.4151,961.9655,0.947327
13418,2024-03-09,8002,win,Joanne Wood,180.8113,385.6207,0.754475
13418,2024-03-09,8003,loss,Maryna Moroz,112.8302,95.8621,-0.16142
13355,2024-03-16,73,loss,Kennedy Nzechukwu,135.2642,139.6207,0.031471
13355,2024-03-16,6624,win,Ovince Saint Preux,375.6981,624.1379,0.506528
13360,2024-03-16,3564,win,Chelsea Chandler,66.717,86.6897,0.258467
13360,2024-03-16,6182,loss,Josiane Nunes,42.1887,44.4138,0.050237
13348,2024-03-23,1331,win,Miles Johns,26.9245,43.7241,0.471008
13348,2024-03-23,1671,loss,Cody Gibson,70.717,73.9655,0.044301
13340,2024-03-23,2269,loss,Amanda Ribas,369.0943,457.6207,0.214466
13340,2024-03-23,4455,win,Rose Namajunas,1242.0566,2651.6552,0.757988
13366,2024-03-30,3558,loss,Erin Blanchfield,493.9057,432.6552,-0.132117
13366,2024-03-30,3649,win,Manon Fiorot,462.1321,703.2759,0.419158
13368,2024-03-30,5856,loss,Bruno Silva (fighter),292.3585,714.6897,0.891851
13368,2024-03-30,6556,win,Chris Weidman,882.3774,1689.8276,0.649221
13373,2024-03-30,2252,win,Virna Jandiroba,75.4906,182.4138,0.874577
13373,2024-03-30,2262,loss,Loopy Godinez,112.9245,125.7931,0.10702
13312,2024-04-06,506,win,Brendan Allen,726.8113,729.4828,0.003664
13312,2024-04-06,782,loss,Chris Curtis (fighter),778.9057,543.7931,-0.358767
13317,2024-04-06,810,loss,Court McGee,144.4717,166.4483,0.140693
13317,2024-04-06,822,win,Alex Morono,105.3019,148.2069,0.339051
13313,2024-04-06,1039,loss,Alexander Hernandez,273.1132,428.2069,0.448398
13313,2024-04-06,6481,win,Damon Jackson,214.7736,157.9655,-0.305542
13319,2024-04-06,3583,win,Norma Dumont,136.4717,152.5862,0.110844
13319,2024-04-06,7990,loss,Germaine de Randamie,218.4906,314.2414,0.362029
13327,2024-04-13,1002,win,Arman Tsarukyan,2558.1698,4981.6207,0.666273
13327,2024-04-13,4374,loss,Charles Oliveira,3731.4906,3695.9655,-0.009563
13335,2024-04-13,1051,loss,Jim Miller (fighter),1146.7547,1020.5862,-0.116451
13335,2024-04-13,3781,win,King Green,911.7925,1164.5862,0.244471
13330,2024-04-13,1249,win,Aljamain Sterling,2088.5283,1321.0345,-0.457767
13330,2024-04-13,1305,loss,Calvin Kattar,666.4151,614.7241,-0.080613
13325,2024-04-13,2258,loss,Yan Xiaonan,687.8302,467.8276,-0.38476
13325,2024-04-13,4923,win,Zhang Weili,1560.8302,1472.6897,-0.058089
13334,2024-04-13,2266,win,Jéssica Andrade,645.5472,420.2414,-0.42844
13334,2024-04-13,5878,loss,Marina Rodriguez,275.1321,148.8966,-0.610934
13301,2024-04-27,3056,loss,Ariane Lipski da Silva,142.5472,129.1379,-0.098069
13301,2024-04-27,3475,win,Karine Silva,69.3208,66.7931,-0.036607
13294,2024-05-04,1049,win,Drakkar Klose,112.0566,160.4483,0.356296
13294,2024-05-04,1078,loss,Joaquim Silva (fighter),190.0,74.8621,-0.923357
13286,2024-05-04,1748,win,Alexandre Pantoja,1480.3962,1111.6552,-0.286236
13286,2024-05-04,1757,loss,Steve Erceg,2080.5472,654.1034,-1.156074
13287,2024-05-04,5855,win,José Aldo,2900.8868,2222.5862,-0.26624
13287,2024-05-04,6480,loss,Jonathan Martinez,689.6226,436.1724,-0.457266
13239,2024-05-11,539,loss,Nursulton Ruziboev,72.3585,357.0345,1.585271
13239,2024-05-11,760,win,Joaquin Buckley,1565.2075,1428.2414,-0.091513
13242,2024-05-11,1296,win,Sean Woodson,153.1698,216.7241,0.345174
13242,2024-05-11,7977,loss,Alex Caceres,231.9434,204.069,-0.127449
13246,2024-05-11,2259,win,Tabatha Ricci,195.8302,123.2414,-0.460115
13246,2024-05-11,2263,loss,Tecia Pennington,246.6792,191.4828,-0.252128
13261,2024-05-18,2332,win,Vanessa Demopoulos,91.4528,101.8966,0.107026
13261,2024-05-18,7981,loss,Emily Ducote,32.7358,31.5172,-0.036791
13250,2024-05-18,1153,loss,Edson Barboza,741.1321,703.1379,-0.052553
13250,2024-05-18,1254,win,Lerone Murphy,313.2264,524.0,0.513284
13230,2024-06-01,786,win,Randy Brown (fighter),261.6792,265.2414,0.01347
13230,2024-06-01,813,loss,Elizeu Zaleski dos Santos,403.0755,392.069,-0.027617
13234,2024-06-01,787,win,Jake Matthews (fighter),213.4717,218.5517,0.02341
13234,2024-06-01,818,loss,Philip Rowe,109.4151,86.5517,-0.232017
13229,2024-06-01,822,loss,Alex Morono,295.8868,153.931,-0.650371
13229,2024-06-01,4369,win,Niko Price,259.7736,257.5172,-0.00869
13233,2024-06-01,1019,win,Grant Dawson,243.0377,129.7586,-0.62397
13233,2024-06-01,6326,loss,Joe Solecki,118.8491,45.1034,-0.955345
13227,2024-06-01,255,loss,Paulo Costa,1522.4528,1988.7241,0.267017
13227,2024-06-01,500,win,Sean Strickland,4472.4906,7238.5517,0.48139
13231,2024-06-01,523,win,Roman Kopylov,410.6981,272.2414,-0.409935
13231,2024-06-01,593,loss,César Almeida (fighter),513.4528,192.8621,-0.975957
13193,2024-06-08,794,win,Punahele Soriano,66.6038,86.1379,0.253828
13193,2024-06-08,7970,loss,Miguel Baeza,84.0943,55.1034,-0.416563
13194,2024-06-08,1053,win,Ľudovít Klein,66.4717,120.0345,0.584367
13194,2024-06-08,1110,loss,Thiago Moisés,143.2075,96.8276,-0.388047
13198,2024-06-08,1516,win,Daniel Marcos,38.7547,37.4483,-0.033415
13198,2024-06-08,3587,loss,John Castañeda,25.6981,45.2414,0.549282
13200,2024-06-08,1524,win,Taylor Lapilus,37.2075,52.5172,0.336971
13200,2024-06-08,6485,loss,Cody Stamann,70.6792,78.4138,0.102471
13197,2024-06-08,2790,win,Montana De La Rosa,85.5094,88.5862,0.034948
13197,2024-06-08,6190,loss,Andrea Lee (fighter),101.4717,113.931,0.114746
13203,2024-06-15,1331,win,Miles Johns,36.0,59.2414,0.487442
13203,2024-06-15,4405,loss,Douglas Silva de Andrade,65.6981,45.1724,-0.367794
13276,2024-06-22,2,win,Alexander Volkov (fighter),909.7358,1898.8276,0.735266
13276,2024-06-22,4,loss,Sergei Pavlovich,976.4151,1295.1724,0.282259
13277,2024-06-22,527,win,Kelvin Gastelum,535.4151,806.931,0.409568
13277,2024-06-22,771,loss,Daniel Rodriguez (fighter),255.0943,457.4138,0.582226
13280,2024-06-22,1072,loss,Jared Gordon,215.3396,309.3103,0.360723
13280,2024-06-22,1083,win,Nasrat Haqparast,167.6038,189.5172,0.122191
13282,2024-06-22,768,win,Rinat Fakhretdinov,287.566,185.5172,-0.4364
13282,2024-06-22,793,loss,Nicolas Dalby,144.6604,144.0345,-0.004306
13268,2024-06-29,1319,win,Andre Fili,181.1887,278.6552,0.428514
13268,2024-06-29,4211,loss,Cub Swanson,692.0189,387.931,-0.577655
13271,2024-06-29,2255,win,Gillian Robertson,181.9623,234.6552,0.25309
13271,2024-06-29,7982,loss,Michelle Waterson-Gomez,431.5283,894.3793,0.7276
13263,2024-06-29,1250,win,Diego Lopes (fighter),764.283,1116.8966,0.378958
13263,2024-06-29,3652,loss,Dan Ige,173.7358,933.069,1.676275
13264,2024-06-29,44,loss,Anthony Smith (fighter),2070.9245,1096.1034,-0.635804
13264,2024-06-29,264,win,Roman Dolidze,414.3019,417.8276,0.008454
13266,2024-06-29,754,win,Ian Machado Garry,1111.2075,1584.4138,0.354499
13266,2024-06-29,761,loss,Michael Page,1881.2075,1516.0,-0.215711
13165,2024-07-13,785,win,Muslim Salikhov,257.7736,199.1379,-0.256947
13165,2024-07-13,834,loss,Santiago Ponzinibbio,278.9245,199.3103,-0.334652
13164,2024-07-13,3849,loss,Tracy Cortez,806.4717,1118.6207,0.326837
13164,2024-07-13,4455,win,Rose Namajunas,1209.5094,1682.8966,0.330069
13120,2024-07-20,4003,loss,Lucie Pudilová,38.6415,59.4483,0.421911
13120,2024-07-20,5109,win,Luana Carolina,32.3962,57.2759,0.556745
13122,2024-07-27,758,loss,Leon Edwards,3304.0377,2551.3103,-0.258449
13122,2024-07-27,759,win,Belal Muhammad,2164.3019,6724.5517,1.133354
13126,2024-07-27,1255,win,Arnold Allen,505.0755,829.7931,0.495695
13126,2024-07-27,1308,loss,Giga Chikadze,369.6604,319.7931,-0.14449
13127,2024-07-27,1270,win,Nathaniel Wood (fighter),149.4528,142.2414,-0.049118
13127,2024-07-27,6532,loss,Daniel Pineda (fighter),96.3585,80.4828,-0.178008
13130,2024-07-27,1749,loss,Manel Kape,581.283,671.9655,0.144737
13130,2024-07-27,4848,win,Muhammad Mokaev,622.0566,2823.0345,1.511284
13213,2024-08-03,1502,win,Umar Nurmagomedov,1378.9057,1661.4483,0.186276
13213,2024-08-03,1504,loss,Cory Sandhagen,649.6415,781.0345,0.18394
13215,2024-08-03,1506,win,Deiveson Figueiredo,402.5849,804.069,0.690541
13215,2024-08-03,1511,loss,Marlon Vera,730.8679,996.6552,0.309808
13217,2024-08-03,2251,win,Mackenzie Dern,694.717,1833.6897,0.969688
13217,2024-08-03,2262,loss,Loopy Godinez,171.6415,288.0,0.515209
13214,2024-08-03,521,win,Sharabutdin Magomedov,3133.3019,1227.6207,-0.936514
13214,2024-08-03,537,loss,Michał Oleksiejczuk,291.434,443.0345,0.417663
13142,2024-08-10,2039,loss,Pannie Kianzad,69.6981,83.7586,0.181389
13142,2024-08-10,3370,win,Karol Rosa,42.2453,50.8276,0.181034
13140,2024-08-10,3471,win,Yana Santos,112.8491,141.4483,0.224105
13140,2024-08-10,3564,loss,Chelsea Chandler,60.7736,92.1724,0.410976
13179,2024-08-17,28,loss,Tai Tuivasa,911.8302,1281.1724,0.339761
13179,2024-08-17,6235,win,Jairzinho Rozenstruik,565.9811,502.0345,-0.119667
13178,2024-08-17,1011,loss,Mateusz Gamrot,782.8302,831.2069,0.059889
13178,2024-08-17,1013,win,Dan Hooker,818.4151,2715.8276,1.198629
13186,2024-08-17,6463,win,Song Kenan,113.8491,70.5862,-0.472716
13186,2024-08-17,7969,loss,Ricky Glenn,77.0377,49.2414,-0.440354
13182,2024-08-17,1468,win,Ricardo Ramos (fighter),64.0755,70.7241,0.09728
13182,2024-08-17,7966,loss,Joshua Culibao,81.3585,84.7586,0.040455
13088,2024-08-24,507,win,Caio Borralho,382.8868,1175.069,1.119585
13088,2024-08-24,514,loss,Jared Cannonier,556.4528,752.3103,0.301099
13089,2024-08-24,2259,win,Tabatha Ricci,129.6226,309.1724,0.864816
13089,2024-08-24,2264,loss,Angela Hill,273.0,255.6207,-0.065529
13099,2024-09-07,753,win,Sean Brady (fighter),797.8302,592.8621,-0.296501
13099,2024-09-07,790,loss,Gilbert Burns,1158.9245,715.6897,-0.481467
13100,2024-09-07,2266,loss,Jéssica Andrade,430.5472,417.7586,-0.030082
13100,2024-09-07,4454,win,Natália Silva (fighter),153.0755,277.1034,0.590551
5863,2024-09-14,1250,win,Diego Lopes (fighter),663.1321,2240.0,1.216196
5863,2024-09-14,3644,loss,Brian Ortega,847.7736,1244.2759,0.38332
5861,2024-09-14,1499,win,Merab Dvalishvili,2535.5283,5080.5517,0.69482
5861,2024-09-14,3747,loss,Sean O'Malley (fighter),3676.5283,4082.5172,0.104718
5866,2024-09-14,3583,win,Norma Dumont,178.9623,497.6897,1.019237
5866,2024-09-14,6653,loss,Irene Aldana,250.3396,738.2759,1.078866
5862,2024-09-14,3650,loss,Alexa Grasso,1441.0943,1153.8966,-0.222086
5862,2024-09-14,4922,win,Valentina Shevchenko,1684.4528,2745.2069,0.488186
5815,2024-09-28,503,win,Nassourdine Imavov,911.434,882.4483,-0.032283
5815,2024-09-28,506,loss,Brendan Allen,831.4528,526.1034,-0.45698
5822,2024-09-28,1053,win,Ľudovít Klein,131.3396,94.8276,-0.322821
5822,2024-09-28,6636,loss,Roosevelt Roberts,58.6604,37.2414,-0.44475
5823,2024-09-28,1524,win,Taylor Lapilus,48.1321,58.9655,0.199258
5823,2024-09-28,1678,loss,Vince Morales,40.0755,28.4138,-0.333947
5773,2024-10-05,1039,win,Alexander Hernandez,144.283,198.5172,0.317217
5773,2024-10-05,5346,loss,Austin Hubbard,43.717,60.1379,0.312779
5768,2024-10-05,1503,win,Mario Bautista,330.8113,554.2069,0.514774
5768,2024-10-05,5855,loss,José Aldo,1650.9434,1706.1034,0.032846
5776,2024-10-05,2263,win,Tecia Pennington,320.1321,279.1034,-0.136693
5776,2024-10-05,6625,loss,Carla Esparza,432.4717,408.5172,-0.056848
5770,2024-10-05,2634,loss,Ketlen Vieira,261.8679,194.5862,-0.29565
5770,2024-10-05,5815,win,Kayla Harrison,824.9245,1593.4828,0.657801
5767,2024-10-05,5816,win,Julianna Peña,763.4717,1229.931,0.476341
5767,2024-10-05,6623,loss,Raquel Pennington,856.6792,597.8621,-0.359199
5645,2024-10-12,1750,loss,Tatsuro Taira,416.2264,434.8966,0.043776
5645,2024-10-12,1751,win,Brandon Royval,431.9057,862.7586,0.690774
5646,2024-10-12,535,win,Jun Yong Park,82.7547,189.3448,0.820945
5646,2024-10-12,564,loss,Brad Tavares,178.1887,196.5862,0.097736
5649,2024-10-12,771,win,Daniel Rodriguez (fighter),157.5849,189.5517,0.183634
5649,2024-10-12,822,loss,Alex Morono,77.7736,135.5517,0.550126
5652,2024-10-12,826,win,Themba Gorimbo,123.9245,203.4828,0.492774
5652,2024-10-12,4369,loss,Niko Price,111.3774,147.4483,0.278374
5647,2024-10-12,713,loss,Jared Gooden,34.8113,95.931,0.995736
5647,2024-10-12,777,win,Chidi Njokuani,47.3774,102.7931,0.763368
5586,2024-10-19,1522,win,Rob Font,196.2075,250.0,0.241196
5586,2024-10-19,1525,loss,Kyler Phillips,117.8679,125.0345,0.058543
5590,2024-10-19,1758,win,Asu Almabayev,111.2264,183.3448,0.49629
5590,2024-10-19,6533,loss,Matheus Nicolau,90.1698,229.7241,0.928499
5595,2024-10-19,57,loss,Robelis Despaigne,113.6604,735.069,1.859349
5595,2024-10-19,418,win,Austen Lane,88.0943,322.2759,1.28881
5593,2024-10-19,2353,win,Elise Reed,22.7925,37.1034,0.470936
5593,2024-10-19,6534,loss,Jessica Penne,98.6604,168.8276,0.533016
5589,2024-10-19,1436,win,Darren Elkins,91.5283,180.2069,0.672125
5589,2024-10-19,6532,loss,Daniel Pineda (fighter),59.5849,222.7241,1.306368
5793,2024-10-26,1254,win,Lerone Murphy,328.1321,392.1034,0.177614
5793,2024-10-26,3652,loss,Dan Ige,465.8113,376.2759,-0.212949
5801,2024-10-26,554,win,Ismail Naurdiev,156.2075,430.8621,1.010539
5801,2024-10-26,5856,loss,Bruno Silva (fighter),324.5094,436.7586,0.296276
5792,2024-10-26,24,loss,Aleksandar Rakić,813.1887,768.2414,-0.056787
5792,2024-10-26,251,win,Magomed Ankalaev,2351.0755,3199.2414,0.307928
5538,2024-11-02,1753,win,Brandon Moreno,756.4151,1388.1379,0.606527
5538,2024-11-02,1772,loss,Amir Albazi,359.8868,426.7241,0.169914
5539,2024-11-02,3558,win,Erin Blanchfield,262.5094,449.7586,0.536843
5539,2024-11-02,4455,loss,Rose Namajunas,912.6792,1337.3103,0.381684
5543,2024-11-02,767,win,Mike Malott,92.7736,204.0345,0.782295
5543,2024-11-02,6500,loss,Trevin Giles,75.1132,101.4138,0.2968
5544,2024-11-02,1505,win,Aiemann Zahabi,124.5849,275.6897,0.789914
5544,2024-11-02,6501,loss,Pedro Munhoz,231.5283,180.1034,-0.249944
5547,2024-11-02,18,win,Alexander Romanov (fighter),127.8679,584.2069,1.513177
5547,2024-11-02,42,loss,Rodrigo Nascimento,94.0189,194.8621,0.723335
5488,2024-11-09,2255,win,Gillian Robertson,98.0,216.069,0.785095
5488,2024-11-09,5800,loss,Luana Pinheiro,52.4151,143.1034,0.992438
5490,2024-11-09,2254,win,Denise Gomes,62.0,40.5517,-0.416196
5490,2024-11-09,2316,loss,Karolina Kowalkiewicz,198.2264,235.7586,0.172599
5474,2024-11-16,1030,loss,Michael Chandler,1382.5849,2972.6552,0.765114
5474,2024-11-16,4374,win,Charles Oliveira,2215.8302,5045.7931,0.822675
5475,2024-11-16,519,win,Bo Nickal,1412.1509,1747.8966,0.213163
5475,2024-11-16,5263,loss,Paul Craig,1501.6981,1486.3793,-0.010247
5476,2024-11-16,3053,win,Viviane Araújo (fighter),134.7736,103.7586,-0.25933
5476,2024-11-16,3475,loss,Karine Silva,124.3396,87.4483,-0.348609
5439,2024-11-23,1498,win,Petr Yan,820.7736,1689.9655,0.72159
5439,2024-11-23,1506,loss,Deiveson Figueiredo,718.2453,1154.0345,0.473683
5440,2024-11-23,2258,win,Yan Xiaonan,215.8491,250.6897,0.148995
5440,2024-11-23,2259,loss,Tabatha Ricci,227.2264,179.5172,-0.234512
5443,2024-11-23,252,win,Carlos Ulberg,372.9057,660.1379,0.569959
5443,2024-11-23,263,loss,Volkan Oezdemir,756.5283,529.5862,-0.356078
5658,2024-12-07,754,loss,Ian Machado Garry,1884.7736,1870.6207,-0.007533
5658,2024-12-07,6554,win,Shavkat Rakhmonov,3689.9811,2685.5172,-0.317647
5659,2024-12-07,1,win,Ciryl Gane,3525.0566,1285.069,-1.00859
5659,2024-12-07,2,loss,Alexander Volkov (fighter),1988.6038,1551.7241,-0.247925
5664,2024-12-07,1249,loss,Aljamain Sterling,979.283,1134.069,0.146607
5664,2024-12-07,1251,win,Movsar Evloev,1212.5849,1900.7241,0.449182
5430,2024-12-14,1516,win,Daniel Marcos,85.6604,115.3793,0.294858
5430,2024-12-14,1535,loss,Adrian Yañez,138.434,101.5172,-0.30756
5188,2025-01-18,1499,win,Merab Dvalishvili,3792.4151,7416.2759,0.670545
5188,2025-01-18,1502,loss,Umar Nurmagomedov,4344.1887,5536.1034,0.242402
5192,2025-01-18,1507,loss,Payton Talbott,553.6792,1233.3793,0.799934
5192,2025-01-18,1517,win,Raoni Barcelos,240.3774,530.0,0.788401
5195,2025-01-18,1019,win,Grant Dawson,312.5849,298.7586,-0.045093
5195,2025-01-18,1041,loss,Carlos Diego Ferreira,232.566,132.5517,-0.558976
5048,2025-02-01,521,loss,Sharabutdin Magomedov,3452.9245,3623.3103,0.048153
5048,2025-02-01,761,win,Michael Page,1726.3585,3591.3448,0.732212
5049,2025-02-01,4,win,Sergei Pavlovich,970.4906,752.1724,-0.254537
5049,2025-02-01,6235,loss,Jairzinho Rozenstruik,434.3396,1504.1724,1.240536
5051,2025-02-01,1044,win,Farès Ziam,146.3774,267.7241,0.600689
5051,2025-02-01,1160,loss,Mike Davis (fighter),120.5849,179.2414,0.393684
5055,2025-02-01,3559,win,Jasmine Jasudavicius,167.4528,254.6207,0.417039
5055,2025-02-01,3962,loss,Mayra Bueno Silva,149.8868,138.8276,-0.07612
5092,2025-02-08,500,loss,Sean Strickland,4446.1321,3873.4138,-0.137865
5092,2025-02-08,502,win,Dricus du Plessis,4055.3396,5512.9655,0.307003
5093,2025-02-08,2253,loss,Tatiana Suarez,795.8302,812.3103,0.020471
5093,2025-02-08,4923,win,Zhang Weili,911.4528,1964.0,0.767111
4926,2025-02-15,1259,win,Youssef Zalal,495.7547,592.6897,0.17826
4926,2025-02-15,1305,loss,Calvin Kattar,329.3585,398.6552,0.190424
4929,2025-02-15,578,loss,Rodolfo Vieira,120.717,162.8621,0.297327
4929,2025-02-15,594,win,Andre Petroski,93.717,185.4138,0.677076
4931,2025-02-15,2264,win,Angela Hill,208.8113,240.0345,0.138731
4931,2025-02-15,2268,loss,Ketlen Souza,38.6038,35.8966,-0.070806
4936,2025-02-15,3903,win,Jacqueline Cavalcanti,51.5472,79.4828,0.426332
4936,2025-02-15,6188,loss,Julia Avila,44.5472,88.7241,0.677991
4937,2025-02-22,1501,win,Song Yadong,561.9811,680.3103,0.190772
4937,2025-02-22,4925,loss,Henry Cejudo,1563.0755,1554.2069,-0.005686
4938,2025-02-22,506,loss,Brendan Allen,683.3019,460.0345,-0.394926
4938,2025-02-22,511,win,Anthony Hernandez,509.0566,549.5172,0.076337
4900,2025-03-08,251,win,Magomed Ankalaev,5182.4906,5643.3103,0.085169
4900,2025-03-08,3746,loss,Alex Pereira,8415.7736,6741.4483,-0.221803
4901,2025-03-08,1000,win,Justin Gaethje,2799.6038,2985.6207,0.064308
4901,2025-03-08,1009,loss,Rafael Fiziev,1609.5472,1246.7931,-0.255198
4887,2025-03-15,264,win,Roman Dolidze,748.1509,581.5517,-0.251523
4887,2025-03-15,528,loss,Marvin Vettori,1005.3019,601.6552,-0.512692
4889,2025-03-15,1039,win,Alexander Hernandez,210.4528,226.4483,0.072921
4889,2025-03-15,1177,loss,Kurt Holobaugh,60.0377,72.8276,0.19024
4912,2025-03-22,770,win,Kevin Holland,1528.6038,1181.8966,-0.257043
4912,2025-03-22,6184,loss,Gunnar Nelson (fighter),503.0189,460.3448,-0.088468
4918,2025-03-22,29,win,Marcin Tybura,246.0943,241.9655,-0.016851
4918,2025-03-22,3480,loss,Mick Parkin,221.3019,139.1034,-0.461655
4911,2025-03-22,252,win,Carlos Ulberg,655.9245,679.1724,0.034777
4911,2025-03-22,260,loss,Jan Błachowicz,2292.0755,759.4138,-1.103786
4875,2025-03-29,1753,win,Brandon Moreno,746.717,877.3103,0.160975
4875,2025-03-29,1757,loss,Steve Erceg,387.1321,416.2759,0.072402
4878,2025-03-29,1519,win,Raul Rosas Jr.,593.7925,1231.0345,0.72821
4878,2025-03-29,1678,loss,Vince Morales,166.0755,158.5517,-0.046077
4884,2025-03-29,1023,win,Rafa García (fighter),57.4151,50.4483,-0.126997
4884,2025-03-29,6177,loss,Vinc Pichel,54.7358,83.069,0.411014
4664,2025-04-05,1254,win,Lerone Murphy,398.8491,689.6897,0.546603
4664,2025-04-05,1272,loss,Josh Emmett,883.8113,1067.931,0.18904
4667,2025-04-05,564,win,Brad Tavares,208.2075,259.7586,0.220268
4667,2025-04-05,3530,loss,Gerald Meerschaert,271.0,386.4483,0.35378
4675,2025-04-05,2271,win,Talita Alencar,24.2075,28.3793,0.153147
4675,2025-04-05,2332,loss,Vanessa Demopoulos,66.0755,100.5862,0.415089
4249,2025-04-12,1248,win,Alexander Volkanovski,3182.0566,5831.9655,0.605684
4249,2025-04-12,1250,loss,Diego Lopes (fighter),2243.1132,2318.1724,0.0329
4255,2025-04-12,2252,win,Virna Jandiroba,180.6415,254.0,0.339229
4255,2025-04-12,2258,loss,Yan Xiaonan,242.2453,200.9655,-0.185973
4256,2025-04-12,1051,loss,Jim Miller (fighter),620.9434,573.1379,-0.079979
4256,2025-04-12,3091,win,Chase Hooper,365.5472,595.2069,0.486461
4251,2025-04-12,1265,loss,Patrício Pitbull,1685.3585,797.2414,-0.747916
4251,2025-04-12,2451,win,Yair Rodríguez,835.7925,1160.5517,0.327936
4065,2025-04-26,752,loss,Carlos Prates,2093.3208,870.0345,-0.877303
4065,2025-04-26,754,win,Ian Machado Garry,1244.4528,2522.8276,0.706277
4073,2025-04-26,1530,win,Chris Gutierrez,32.0943,28.2414,-0.123777
4073,2025-04-26,3587,loss,John Castañeda,106.8491,31.0,-1.214997
4032,2025-05-03,1516,loss,Daniel Marcos,93.717,58.0,-0.473356
4032,2025-05-03,1520,win,Montel Jackson,90.3774,98.3103,0.083252
4034,2025-05-03,1073,win,Mason Jones (fighter),172.8679,170.1724,-0.015625
4034,2025-05-03,3782,loss,Jeremy Stephens,796.4906,606.8621,-0.271522
4035,2025-05-03,3471,win,Yana Santos,127.6415,171.4138,0.292868
4035,2025-05-03,5877,loss,Miesha Tate,575.1132,771.3448,0.293127
3993,2025-05-10,756,win,Jack Della Maddalena,2050.8868,5714.9655,1.024503
3993,2025-05-10,759,loss,Belal Muhammad,3889.2453,2944.4483,-0.278211
3994,2025-05-10,3649,loss,Manon Fiorot,547.7925,690.8966,0.231716
3994,2025-05-10,4922,win,Valentina Shevchenko,1477.3585,2403.5517,0.486431
3995,2025-05-10,1505,win,Aiemann Zahabi,380.0377,635.3793,0.512896
3995,2025-05-10,5855,loss,José Aldo,1926.3585,2122.069,0.096712
3996,2025-05-10,3650,loss,Alexa Grasso,628.2264,840.3793,0.290551
3996,2025-05-10,4454,win,Natália Silva (fighter),238.5472,614.3793,0.943488
4000,2025-05-10,284,win,Modestas Bukauskas,149.3019,137.6897,-0.080407
4000,2025-05-10,288,loss,Ion Cutelaba,261.0755,248.931,-0.047448
3910,2025-05-17,539,win,Nursulton Ruziboev,117.566,276.1034,0.848921
3910,2025-05-17,552,loss,Dustin Stoltzfus,96.6226,171.8276,0.571185
3918,2025-05-17,2263,win,Tecia Pennington,124.4717,211.931,0.528888
3918,2025-05-17,5800,loss,Luana Pinheiro,45.0,38.3793,-0.155401
4020,2025-05-31,1011,win,Mateusz Gamrot,889.8679,1032.8276,0.148827
4020,2025-05-31,1053,loss,Ľudovít Klein,416.2453,284.3793,-0.379855
4023,2025-05-31,2634,win,Ketlen Vieira,148.9434,385.3448,0.946472
4023,2025-05-31,4403,loss,Macy Chiasson,87.8491,126.931,0.364552
3930,2025-06-07,504,win,Joe Pyfer,343.4717,598.8966,0.554745
3930,2025-06-07,527,loss,Kelvin Gastelum,493.8302,968.7931,0.672868
3931,2025-06-07,1503,win,Mario Bautista,489.9434,667.6897,0.308991
3931,2025-06-07,3063,loss,Patchy Mix,1231.3585,1036.8276,-0.1718
3935,2025-06-07,9,win,Waldo Cortes-Acosta,172.5283,541.5172,1.139879
3935,2025-06-07,14,loss,Serghei Spivac,267.0189,480.5862,0.586028
3937,2025-06-07,3056,loss,Ariane Lipski da Silva,156.7925,224.4483,0.35681
3937,2025-06-07,3848,win,Wang Cong,121.6415,122.9655,0.010738
3679,2025-06-14,760,loss,Joaquin Buckley,1364.5283,1290.3448,-0.055857
3679,2025-06-14,3090,win,Kamaru Usman,2080.0943,3223.3103,0.437825
3680,2025-06-14,4455,win,Rose Namajunas,1143.1698,1971.1034,0.544421
3680,2025-06-14,5640,loss,Miranda Maverick,200.9434,200.5172,-0.002112
3681,2025-06-14,529,win,Edmen Shahbazyan,158.7736,222.069,0.333723
3681,2025-06-14,594,loss,Andre Petroski,87.0377,164.3448,0.630268
3682,2025-06-14,1517,win,Raoni Barcelos,155.717,605.069,1.352552
3682,2025-06-14,1561,loss,Cody Garbrandt,756.4528,1712.0345,0.81606
3686,2025-06-14,810,loss,Court McGee,169.1887,187.2759,0.101001
3686,2025-06-14,4368,win,Michael Chiesa,311.1509,459.6552,0.389163
3704,2025-06-21,259,win,Khalil Rountree Jr.,579.8868,1358.3793,0.850228
3704,2025-06-21,273,loss,Jamahal Hill,504.6415,1198.5172,0.863847
3705,2025-06-21,1009,win,Rafael Fiziev,506.3585,1127.4138,0.79935
3705,2025-06-21,3653,loss,Ignacio Bahamondes,372.434,328.4828,-0.125217
3711,2025-06-21,535,win,Jun Yong Park,98.3585,141.6552,0.361696
3711,2025-06-21,554,loss,Ismail Naurdiev,106.6792,112.1379,0.049451
3819,2025-06-28,1747,win,Joshua Van,1726.717,3388.3793,0.673846
3819,2025-06-28,1751,loss,Brandon Royval,468.1321,948.1034,0.704633
3824,2025-06-28,3053,loss,Viviane Araújo (fighter),148.1132,163.069,0.095581
3824,2025-06-28,3849,win,Tracy Cortez,687.566,921.6552,0.292644
3560,2025-07-12,1261,win,Steve Garcia,156.6981,229.1379,0.377996
3560,2025-07-12,1305,loss,Calvin Kattar,310.434,443.7931,0.356422
3564,2025-07-12,782,win,Chris Curtis (fighter),414.1132,456.1379,0.096434
3564,2025-07-12,803,loss,Max Griffin,166.9434,137.1379,-0.195374
3456,2025-07-19,3846,win,Max Holloway,4260.0755,6349.5172,0.399015
3456,2025-07-19,5493,loss,Dustin Poirier,3975.5094,5685.7241,0.35773
3457,2025-07-19,255,win,Paulo Costa,903.1132,1771.8621,0.673396
3457,2025-07-19,523,loss,Roman Kopylov,434.3396,752.7931,0.548991
3458,2025-07-19,770,loss,Kevin Holland,2580.8868,2008.5862,-0.250592
3458,2025-07-19,771,win,Daniel Rodriguez (fighter),212.0377,723.6552,1.224227
3460,2025-07-19,1099,win,Michael Johnson (fighter),519.434,832.7241,0.47124
3460,2025-07-19,1108,loss,Daniel Zellhuber,177.4717,239.4138,0.297932
3462,2025-07-19,506,win,Brendan Allen,309.7358,861.2069,1.020552
3462,2025-07-19,528,loss,Marvin Vettori,422.8491,910.6897,0.765922
3459,2025-07-19,1265,win,Patrício Pitbull,516.1698,749.8966,0.372897
3459,2025-07-19,3652,loss,Dan Ige,319.8679,496.1724,0.437907
3692,2025-07-26,257,loss,Robert Whittaker (fighter),1358.0189,3243.3448,0.87015
3692,2025-07-26,258,win,Reinier de Ridder,1201.6415,4914.6552,1.407905
3694,2025-07-26,521,win,Sharabutdin Magomedov,1070.3774,3247.931,1.109381
3694,2025-07-26,545,loss,Marc-André Barriault,229.1321,403.5517,0.564126
3697,2025-07-26,1513,win,Bryce Mitchell,1187.9623,1448.069,0.19784
3697,2025-07-26,1546,loss,Said Nurmagomedov,390.8868,852.2759,0.77811
3349,2025-08-02,3370,win,Karol Rosa,45.2264,64.5517,0.349288
3349,2025-08-02,3689,loss,Nora Cornolle,34.9623,45.7241,0.261791
3335,2025-08-09,1757,win,Steve Erceg,546.0755,302.931,-0.587786
3335,2025-08-09,1811,loss,Ode' Osbourne,67.3585,128.1379,0.636115
3300,2025-08-16,501,win,Khamzat Chimaev,6828.8491,12678.6897,0.618699
3300,2025-08-16,502,loss,Dricus du Plessis,5737.8679,3861.5862,-0.395925
3303,2025-08-16,514,loss,Jared Cannonier,817.4528,964.069,0.164784
3303,2025-08-16,761,win,Michael Page,2161.6226,2842.931,0.273866
3309,2025-08-16,1049,win,Drakkar Klose,172.5849,157.069,-0.093635
3309,2025-08-16,1153,loss,Edson Barboza,681.7736,486.8276,-0.336201
3307,2025-08-16,2262,win,Loopy Godinez,127.1887,194.6897,0.423027
3307,2025-08-16,2266,loss,Jéssica Andrade,269.4717,302.4828,0.115157
3229,2025-08-23,1249,win,Aljamain Sterling,956.3019,1071.8276,0.113934
3229,2025-08-23,3644,loss,Brian Ortega,1068.2642,1033.2069,-0.033336
3230,2025-08-23,4,win,Sergei Pavlovich,1033.8302,661.4828,-0.445998
3230,2025-08-23,9,loss,Waldo Cortes-Acosta,527.3585,337.9655,-0.443877
3235,2025-08-23,3266,win,Rong Zhu,48.6792,54.5517,0.111727
3235,2025-08-23,5346,loss,Austin Hubbard,49.0943,86.8276,0.561468
3126,2025-09-06,503,win,Nassourdine Imavov,3221.4151,1784.069,-0.590674
3126,2025-09-06,507,loss,Caio Borralho,2016.4151,1083.069,-0.621096
3582,2025-09-13,527,win,Kelvin Gastelum,520.2642,647.1379,0.217847
3582,2025-09-13,552,loss,Dustin Stoltzfus,148.6038,195.3103,0.271707
3586,2025-09-13,1078,win,Joaquim Silva (fighter),129.0,68.6897,-0.623483
3586,2025-09-13,1111,loss,Claudio Puelles,94.7736,57.4138,-0.494435
3587,2025-09-13,2253,win,Tatiana Suarez,304.5283,337.4828,0.102431
3587,2025-09-13,2260,loss,Amanda Lemos,168.5472,102.1724,-0.49673
3072,2025-10-04,1499,win,Merab Dvalishvili,2646.9623,5359.7241,0.705309
3072,2025-10-04,1504,loss,Cory Sandhagen,847.434,960.4483,0.125049
3082,2025-10-04,1518,win,Farid Basharat,104.4151,151.3103,0.368014
3082,2025-10-04,1530,loss,Chris Gutierrez,22.0566,17.7241,-0.208139
3084,2025-10-04,5251,win,Veronica Hardy,186.9623,312.8276,0.512603
3084,2025-10-04,5252,loss,Brogan Walker,83.4906,90.1379,0.075734
3081,2025-10-04,3471,win,Yana Santos,111.7736,232.0345,0.725804
3081,2025-10-04,4403,loss,Macy Chiasson,83.1321,117.2069,0.340049
2731,2025-10-11,1506,win,Deiveson Figueiredo,413.2264,547.6552,0.281057
2731,2025-10-11,1520,loss,Montel Jackson,171.1887,158.8621,-0.074279
2732,2025-10-11,530,loss,Vicente Luque,231.3962,287.069,0.214756
2732,2025-10-11,788,win,Joel Álvarez,236.4528,229.1379,-0.03129
3059,2025-10-18,767,win,Mike Malott,316.3962,302.3793,-0.045167
3059,2025-10-18,770,loss,Kevin Holland,901.1887,921.9655,0.022768
3060,2025-10-18,1505,win,Aiemann Zahabi,247.4528,471.931,0.643697
3060,2025-10-18,1511,loss,Marlon Vera,443.283,562.7241,0.238103
3063,2025-10-18,1081,win,Kyle Nelson (fighter),45.9434,112.8621,0.886045
3063,2025-10-18,1142,loss,Matt Frevola,109.3396,108.5517,-0.007166
2876,2025-10-25,2251,win,Mackenzie Dern,1165.9245,3089.1034,0.973833
2876,2025-10-25,2252,loss,Virna Jandiroba,665.3208,557.2414,-0.17698
2877,2025-10-25,1502,win,Umar Nurmagomedov,1692.1132,2259.5172,0.289025
2877,2025-10-25,1503,loss,Mario Bautista,697.2453,372.931,-0.624499
2878,2025-10-25,2,win,Alexander Volkov (fighter),910.717,978.8966,0.072117
2878,2025-10-25,10,loss,Jailton Almeida,350.7358,429.2414,0.201466
2881,2025-10-25,515,win,Ikram Aliskerov,340.6038,370.069,0.082736
2881,2025-10-25,535,loss,Jun Yong Park,142.5472,147.5862,0.034502
2604,2025-11-01,773,win,Jeremiah Wells,30.8868,57.6897,0.610072
2604,2025-11-01,826,loss,Themba Gorimbo,111.6981,164.2414,0.382695
2611,2025-11-01,2634,loss,Ketlen Vieira,76.8491,102.1724,0.28163
2611,2025-11-01,3583,win,Norma Dumont,125.3585,205.7586,0.492429
2540,2025-11-08,1293,win,Jamall Emmers,55.0943,42.1379,-0.262632
2540,2025-11-08,1373,loss,Hyder Amil,35.3585,41.5517,0.157293
2541,2025-11-08,1517,win,Raoni Barcelos,146.5849,647.5517,1.480338
2541,2025-11-08,1540,loss,Ricky Simón,345.7358,409.2414,0.168182
2542,2025-11-08,3903,win,Jacqueline Cavalcanti,45.8679,80.2414,0.550091
2542,2025-11-08,3962,loss,Mayra Bueno Silva,74.8302,106.3103,0.347229
2544,2025-11-08,2254,win,Denise Gomes,46.5472,38.931,-0.174568
2544,2025-11-08,2263,loss,Tecia Pennington,128.8491,137.9655,0.067853
2547,2025-11-15,750,win,Islam Makhachev,4802.3585,14063.5862,1.074345
2547,2025-11-15,756,loss,Jack Della Maddalena,3258.8679,3146.6207,-0.03504
2548,2025-11-15,4922,win,Valentina Shevchenko,1411.0189,2654.1034,0.631463
2548,2025-11-15,4923,loss,Zhang Weili,1307.9623,981.1724,-0.287223
2553,2025-11-15,508,win,Gregory Rodrigues,187.5283,339.6552,0.591623
2553,2025-11-15,523,loss,Roman Kopylov,238.1321,230.4138,-0.032809
2811,2025-11-22,754,win,Ian Machado Garry,1105.3396,3382.6552,1.1179
2811,2025-11-22,759,loss,Belal Muhammad,1717.9623,1342.1379,-0.246712
2564,2025-12-06,1507,win,Payton Talbott,636.1509,1274.8621,0.694371
2564,2025-12-06,4925,loss,Henry Cejudo,1392.7925,1640.2069,0.163403
2568,2025-12-06,3475,loss,Karine Silva,107.3396,70.2069,-0.419681
2568,2025-12-06,4367,win,Maycee Barber,299.3585,375.2414,0.225254
2561,2025-12-06,1498,win,Petr Yan,1936.2642,5243.8276,0.995966
2561,2025-12-06,1499,loss,Merab Dvalishvili,4494.4906,2820.7586,-0.465714
1986,2026-01-24,1000,win,Justin Gaethje,3447.1132,6749.3448,0.671766
1986,2026-01-24,1005,loss,Paddy Pimblett,5793.3208,5674.6552,-0.020692
1987,2026-01-24,1501,loss,Song Yadong,1291.434,609.7931,-0.749524
1987,2026-01-24,3747,win,Sean O'Malley (fighter),2645.566,2011.7241,-0.273774
1990,2026-01-24,1255,loss,Arnold Allen,658.0566,637.6897,-0.031391
1990,2026-01-24,1256,win,Jean Silva,652.6226,1493.3448,0.826913
1991,2026-01-24,1502,win,Umar Nurmagomedov,1758.0943,1538.3793,-0.13342
1991,2026-01-24,1506,loss,Deiveson Figueiredo,899.434,410.3103,-0.783529
1989,2026-01-24,4454,win,Natália Silva (fighter),397.7547,486.1034,0.20013
1989,2026-01-24,4455,loss,Rose Namajunas,903.0943,1315.931,0.376126
1932,2026-01-31,1248,win,Alexander Volkanovski,3029.1321,4871.7586,0.475054
1932,2026-01-31,1250,loss,Diego Lopes (fighter),941.434,1274.4138,0.30256
1935,2026-01-31,22,win,Tallison Teixeira,282.5849,317.2069,0.11519
1935,2026-01-31,28,loss,Tai Tuivasa,442.434,854.6897,0.657359
1907,2026-02-07,1752,win,Kyoji Horiguchi,412.3585,808.4138,0.671995
1907,2026-02-07,1772,loss,Amir Albazi,188.6226,235.4138,0.220548
1908,2026-02-07,7,win,Rizvan Kuniev,124.7358,453.3103,1.284597
1908,2026-02-07,10,loss,Jailton Almeida,214.2264,1073.6207,1.608032
1909,2026-02-07,537,win,Michał Oleksiejczuk,170.6981,199.8621,0.156881
1909,2026-02-07,545,loss,Marc-André Barriault,129.5094,146.8621,0.124834
1823,2026-02-21,14,win,Serghei Spivac,262.434,229.0,-0.135723
1823,2026-02-21,20,loss,Ante Delija,276.5472,191.5172,-0.365805
1825,2026-02-21,569,win,Michel Pereira,257.4906,295.5862,0.137479
1825,2026-02-21,639,loss,Zachary Reese,66.8302,49.8621,-0.28789
1830,2026-02-21,794,win,Punahele Soriano,56.434,142.5172,0.915819
1830,2026-02-21,849,loss,Ramiz Brahimaj,90.1887,75.4138,-0.176768
1920,2026-02-28,1511,loss,Marlon Vera,458.3396,501.3448,0.089497
1920,2026-02-28,3651,win,David Martínez (fighter),164.9811,282.6552,0.535885
1847,2026-03-07,3846,loss,Max Holloway,3929.7547,2718.0,-0.368567
1847,2026-03-07,4374,win,Charles Oliveira,2967.9434,3187.8621,0.071458
1848,2026-03-07,258,loss,Reinier de Ridder,785.3208,712.2414,-0.097545
1848,2026-03-07,507,win,Caio Borralho,542.3208,650.8621,0.182133
1849,2026-03-07,1519,win,Raul Rosas Jr.,627.6792,789.1379,0.228586
1849,2026-03-07,1522,loss,Rob Font,243.7358,201.1379,-0.191229
1807,2026-03-14,2255,win,Gillian Robertson,96.0943,211.4828,0.783178
1807,2026-03-14,2260,loss,Amanda Lemos,68.3019,116.3793,0.526939
1811,2026-03-14,1792,loss,Bruno Gustavo da Silva,78.2453,79.8966,0.020623
1811,2026-03-14,3187,win,Charles Johnson (fighter),1262.0943,277.1034,-1.513327
1812,2026-03-14,778,win,Myktybek Orolbai,283.1132,546.3448,0.655706
1812,2026-03-14,782,loss,Chris Curtis (fighter),288.8302,199.7931,-0.36702
1816,2026-03-14,542,win,Eryk Anders,88.0755,203.1034,0.829143
1816,2026-03-14,564,loss,Brad Tavares,83.9434,116.7586,0.326652
1834,2026-03-21,1251,win,Movsar Evloev,1661.0566,1261.6552,-0.274839
1834,2026-03-21,1254,loss,Lerone Murphy,936.717,615.3448,-0.419642
1838,2026-03-21,264,loss,Roman Dolidze,327.3774,191.4138,-0.534515
1838,2026-03-21,510,win,Christian Leroy Duncan,113.8491,187.7586,0.49685
1841,2026-03-21,1270,win,Nathaniel Wood (fighter),148.2075,183.4138,0.211844
1841,2026-03-21,1281,loss,Losene Keita,190.8679,125.8966,-0.413435
1799,2026-03-28,1020,win,Tofiq Musayev,108.1509,200.5517,0.613314
1799,2026-03-28,3653,loss,Ignacio Bahamondes,239.9623,199.3793,-0.184428
1524,2026-04-04,2252,win,Virna Jandiroba,116.0943,161.6207,0.328441
1524,2026-04-04,2259,loss,Tabatha Ricci,102.6792,113.3448,0.097917
1652,2026-04-11,8,win,Josh Hokit,501.6792,8586.3103,2.838089
1652,2026-04-11,11,loss,Curtis Blaydes,440.6038,1214.5862,1.012569
1653,2026-04-11,261,win,Dominick Reyes,634.8868,625.8276,-0.014349
1653,2026-04-11,3479,loss,Johnny Walker (fighter),603.7358,564.931,-0.06632
1656,2026-04-11,770,win,Kevin Holland,656.3774,779.069,0.171124
1656,2026-04-11,786,loss,Randy Brown (fighter),155.3208,160.069,0.029923
1655,2026-04-11,1260,win,Aaron Pico,583.7925,618.7241,0.058017
1655,2026-04-11,1265,loss,Patrício Pitbull,390.6226,355.0,-0.095368
1363,2026-04-18,1512,win,Charles Jourdain,123.717,241.2069,0.663745
1363,2026-04-18,1525,loss,Kyler Phillips,86.717,81.2414,-0.064457
1365,2026-04-18,3475,loss,Karine Silva,100.283,50.4483,-0.677342
1365,2026-04-18,3559,win,Jasmine Jasudavicius,110.3585,145.6897,0.275565
1344,2026-04-25,1249,win,Aljamain Sterling,797.7736,902.3448,0.123027
1344,2026-04-25,1259,loss,Youssef Zalal,505.0943,396.7241,-0.240964
1345,2026-04-25,3583,loss,Norma Dumont,115.717,164.0345,0.346402
1345,2026-04-25,3960,win,Joselyne Edwards,89.6792,177.0345,0.674649
1346,2026-04-25,1023,win,Rafa García (fighter),55.8113,107.2069,0.644309
1346,2026-04-25,1039,loss,Alexander Hernandez,247.5849,176.0,-0.339635
1348,2026-04-25,1517,win,Raoni Barcelos,153.5283,177.5517,0.144501
1348,2026-04-25,1520,loss,Montel Jackson,81.8679,62.3448,-0.268655
1198,2026-05-02,1757,win,Steve Erceg,154.3396,241.2414,0.444321
1198,2026-05-02,1761,loss,Tim Elliott,162.8491,300.6207,0.610225
1204,2026-05-02,3530,loss,Gerald Meerschaert,224.283,270.5862,0.186922
1204,2026-05-02,3844,win,Jacob Malkoun,49.6226,50.7586,0.022192
1134,2026-05-09,500,win,Sean Strickland,3311.4906,9603.4483,1.064526
1134,2026-05-09,501,loss,Khamzat Chimaev,4239.6604,5439.5517,0.249161
1136,2026-05-09,2,win,Alexander Volkov (fighter),616.2642,1197.2414,0.663313
1136,2026-05-09,9,loss,Waldo Cortes-Acosta,654.6038,813.7931,0.217378
1137,2026-05-09,753,win,Sean Brady (fighter),492.7358,805.9655,0.49128
1137,2026-05-09,760,loss,Joaquin Buckley,455.0943,640.7241,0.341459
1269,2026-05-16,2634,win,Ketlen Vieira,64.9623,149.931,0.82774
1269,2026-05-16,3903,loss,Jacqueline Cavalcanti,46.1887,46.8276,0.013449
1405,2026-05-30,787,win,Jake Matthews (fighter),151.0,126.7241,-0.174008
1405,2026-05-30,882,loss,Carlston Harris,32.434,61.8966,0.631919
1082,2026-06-06,757,win,Gabriel Bonfim,408.9245,631.5517,0.433789
1082,2026-06-06,759,loss,Belal Muhammad,1202.0377,1484.1724,0.210681
1083,2026-06-06,506,win,Brendan Allen,603.3774,528.5862,-0.132103
1083,2026-06-06,529,loss,Edmen Shahbazyan,241.6792,227.3103,-0.061035
696,2026-06-27,521,win,Sharabutdin Magomedov,1114.4717,1391.0,0.221464
696,2026-06-27,569,loss,Michel Pereira,367.8113,748.2759,0.708822
1211,2026-07-11,1503,win,Mario Bautista,354.8113,475.3103,0.291669
1211,2026-07-11,1504,loss,Cory Sandhagen,492.3962,497.8276,0.010948
1218,2026-07-11,3848,win,Wang Cong,214.4528,216.2069,0.008108
1218,2026-07-11,3849,loss,Tracy Cortez,881.8491,662.4483,-0.285703
481,2026-07-18,502,win,Dricus du Plessis,1483.9245,2130.4828,0.361454
481,2026-07-18,3090,loss,Kamaru Usman,1769.1509,1942.7241,0.093541
482,2026-07-18,510,win,Christian Leroy Duncan,154.8113,277.2759,0.579967
482,2026-07-18,514,loss,Jared Cannonier,344.7547,391.8621,0.127729
484,2026-07-18,2256,win,Fatima Kline,54.5094,459.9655,2.11677
484,2026-07-18,2259,loss,Tabatha Ricci,89.6038,274.6207,1.11253
429,2026-08-01,24,win,Aleksandar Rakić,268.1132,304.3448,0.12631
429,2026-08-01,29,loss,Marcin Tybura,152.7547,167.5517,0.091884
292,2026-08-08,1041,win,Carlos Diego Ferreira,81.8868,105.7931,0.253418
292,2026-08-08,2858,loss,Billy Quarantillo,61.9811,94.0,0.411042
546,2026-08-15,2251,win,Mackenzie Dern,1121.6415,1764.5172,0.452759
546,2026-08-15,2255,loss,Gillian Robertson,500.0189,643.3448,0.25159
545,2026-08-15,750,win,Islam Makhachev,7318.3208,8292.3793,0.12494
545,2026-08-15,754,loss,Ian Machado Garry,5602.6226,3335.1379,-0.518599
550,2026-08-15,777,win,Chidi Njokuani,122.0377,139.1034,0.12989
550,2026-08-15,788,loss,Joel Álvarez,204.0943,182.1724,-0.113042
